tweet_id,classification,classification_score
muc2tp,normal,0.7611749768257141
mvis7m,normal,0.7683082818984985
mwoxxp,normal,0.7959970235824585
mwoyll,normal,0.8269068002700806
llgsan,normal,0.735548198223114
m6x5h4,normal,0.7922203540802002
kyl2sd,normal,0.7232979536056519
ju0ksz,normal,0.7395754456520081
kmrocq,normal,0.78602534532547
jbrz6g,normal,0.7341669201850891
jbsa3o,normal,0.7806748151779175
juh5sh,normal,0.807169497013092
6nmir1,normal,0.8281351923942566
heddn8,normal,0.7440251708030701
ix94un,normal,0.7685270309448242
geg80j,normal,0.7698870897293091
la2pl1,normal,0.691197395324707
hx66zz,normal,0.7773027420043945
mky4ic,normal,0.7425816655158997
mb3z8b,normal,0.7467894554138184
luo6jm,normal,0.7481189966201782
j6nbla,normal,0.7816447615623474
m885tt,normal,0.7790733575820923
mbo077,normal,0.737463653087616
l1jua1,normal,0.802251398563385
lunrst,normal,0.7726309895515442
ktcqe5,normal,0.6978976130485535
cozx49,normal,0.7609367370605469
acaquv,normal,0.7525748014450073
lztp8o,normal,0.8056527972221375
8ua6er,normal,0.7168879508972168
lah3xm,normal,0.7581011056900024
i6ged6,normal,0.7679736614227295
gkiyj3,normal,0.7509192824363708
mnhjb0,normal,0.5603859424591064
mck0ex,normal,0.7997516989707947
mi4z7l,normal,0.6890907287597656
i76oyx,normal,0.6486575603485107
fwt94g,normal,0.804612934589386
gti587,normal,0.7563515305519104
lk5mmu,normal,0.7869856357574463
gajg5h,normal,0.718623161315918
mewv89,normal,0.70448899269104
mjugno,normal,0.7503722310066223
9q2g49,normal,0.777385413646698
m1fxop,normal,0.7290434241294861
lrepur,normal,0.7969962358474731
ktpbn3,normal,0.8104591965675354
mpx509,normal,0.7428657412528992
mbygwe,normal,0.7354877591133118
jo4hez,normal,0.7317731976509094
hjxkf8,normal,0.6476513147354126
kd9nv3,normal,0.7916398048400879
idhi55,normal,0.7444117665290833
hgrt9t,normal,0.8135480880737305
j0ssvh,normal,0.8168969750404358
ms5vpx,normal,0.7533893585205078
meosl1,normal,0.7589374780654907
m6bqmu,normal,0.7902724146842957
hrdkup,normal,0.781652569770813
jdqsy1,normal,0.6832605600357056
9k88gh,normal,0.7445985078811646
jpv5j9,normal,0.6955041885375977
15gidt,normal,0.8112319707870483
rcnj0,normal,0.7795868515968323
k29ozr,normal,0.811003565788269
1gbl9n,normal,0.6495006680488586
k06itv,normal,0.6982086300849915
wir9o,normal,0.6999794244766235
k9hhwq,normal,0.7491204142570496
zivuc,normal,0.7764411568641663
tdo0k,normal,0.7596448659896851
w5agv,normal,0.7369282841682434
j36hcz,normal,0.7710669636726379
munwwg,normal,0.767905592918396
mtq0e6,normal,0.7069621086120605
mmxexl,normal,0.8269430994987488
mng8lv,normal,0.8202894330024719
mk4c83,normal,0.7989283204078674
mjbt8z,normal,0.6402474045753479
m9utwb,normal,0.6755316853523254
m8vou2,normal,0.7729750275611877
m7tdmn,normal,0.7830402255058289
m2xse1,normal,0.8187248110771179
lzzeju,normal,0.806880533695221
lsuld1,normal,0.7567765116691589
lno6gi,normal,0.8097160458564758
lizumj,normal,0.7895861864089966
mbktlc,normal,0.800345242023468
m29rya,normal,0.7761234641075134
maix82,normal,0.7911866903305054
kzbrbt,normal,0.756737232208252
lpmv2w,normal,0.779242992401123
hqq04y,normal,0.7845551371574402
fi6rxx,normal,0.8367978930473328
f4spl6,normal,0.792129397392273
lbja5n,normal,0.7131023406982422
kvoapv,normal,0.7506109476089478
61pd7e,normal,0.7438792586326599
hyonkh,normal,0.7259346842765808
kmnylq,normal,0.6920142769813538
int5f6,normal,0.7554041743278503
iutbfk,normal,0.6539616584777832
mpaej9,normal,0.8215835690498352
98azsf,normal,0.5725202560424805
iwmm8c,normal,0.6795507073402405
ezbbmz,offensive,0.4311586320400238
kd5uz8,normal,0.7246935963630676
kt0nd9,normal,0.8007896542549133
lqpssl,normal,0.7807716131210327
l0iy7r,normal,0.7404072880744934
ld6331,normal,0.6926125288009644
kdeqpj,normal,0.7512853145599365
jdygqh,normal,0.7725452780723572
gmpce9,normal,0.7927617430686951
fiinxd,normal,0.7989198565483093
idnfb1,normal,0.7005800008773804
ff7oo1,normal,0.6188992261886597
6nmirt,normal,0.8281351923942566
eyo3cz,normal,0.7288726568222046
dpwvq5,normal,0.7790389060974121
csd5hp,normal,0.7655165195465088
6o2xxk,normal,0.7993830442428589
kysxw9,normal,0.7246779799461365
mrxdgq,normal,0.748436450958252
m46tj7,normal,0.7624934315681458
m1qri2,normal,0.7585455775260925
lp2h9w,normal,0.6349710822105408
luluvy,normal,0.8099945187568665
mkzpjc,normal,0.761745274066925
mjboc8,normal,0.7845533490180969
mt1gax,normal,0.7653902173042297
kpqylg,normal,0.8029698133468628
jd7b5i,normal,0.7852402925491333
kn4ysg,normal,0.7822749614715576
iy71jr,normal,0.7613148093223572
kqhg8k,normal,0.8093729615211487
kbldv0,normal,0.6288684010505676
kip9hj,normal,0.804624617099762
kg838d,normal,0.7598356604576111
hikm8f,normal,0.8054540753364563
jzuy50,normal,0.7707599401473999
jftoqy,normal,0.8201764225959778
jwmx5m,normal,0.8189763426780701
j4sdcr,normal,0.8194327354431152
jlkek0,normal,0.6027182936668396
k9i4il,normal,0.800521969795227
j2253l,normal,0.6961747407913208
j4w41u,normal,0.7720825672149658
jjxb87,normal,0.7628909945487976
heiet7,normal,0.7899891138076782
j31h0z,normal,0.7429713606834412
j78e3y,normal,0.8173558712005615
jy5xh9,normal,0.6770986318588257
iaydj8,normal,0.7404540777206421
h8708p,normal,0.6514793038368225
fdzk13,normal,0.748481273651123
io1nzi,normal,0.7716141939163208
ep6pa1,normal,0.7313540577888489
j17c22,normal,0.7561663389205933
gapdjm,normal,0.7295246720314026
f7c0jk,normal,0.7582089304924011
g7dl29,normal,0.6965553164482117
g4g9tt,normal,0.7645329236984253
fb9t4d,normal,0.7479108572006226
hlwkzt,normal,0.6356784105300903
fegv5u,normal,0.7967362403869629
mx6gdm,normal,0.8053128719329834
m884p2,normal,0.7788918018341064
mnr52u,normal,0.7711642980575562
m5ufwc,normal,0.6573614478111267
me9l1h,normal,0.7203559875488281
l8tcpu,normal,0.823387622833252
msuwzg,normal,0.8025021553039551
lqrhio,normal,0.7092573642730713
knnvp3,normal,0.7611976861953735
kw5dij,normal,0.7965351939201355
lnuvpg,normal,0.7625957727432251
lpb3e1,normal,0.7968790531158447
lfcaw0,normal,0.5795531868934631
jxqyng,normal,0.7085116505622864
l1ebs9,normal,0.7611265778541565
kfjru8,normal,0.7246394753456116
iz2bj4,normal,0.7646994590759277
fkocjb,normal,0.5716416239738464
b8zu3h,normal,0.7815530896186829
c2y7gv,normal,0.7725673913955688
40r8ak,normal,0.8343967795372009
1drdjo,normal,0.7095611691474915
bq57rb,normal,0.7191332578659058
3bjh25,normal,0.5973761677742004
3nydyl,normal,0.7693010568618774
1tjz86,normal,0.7182728052139282
2gc3fj,normal,0.779053807258606
2gv49m,normal,0.7143100500106812
lwyhg7,normal,0.8180825114250183
mvhxar,normal,0.7718796730041504
mdprmf,normal,0.8022795915603638
lx0nz6,normal,0.8278188109397888
gh3c38,normal,0.7519431114196777
m4t7fq,normal,0.7914824485778809
l4shjf,normal,0.760587215423584
m8avn1,normal,0.8082464337348938
ksvykn,normal,0.7129637598991394
lt1rwv,normal,0.7652226686477661
lzo7wc,normal,0.7419309020042419
loj4ju,normal,0.5827821493148804
lo7jcg,normal,0.7054221630096436
lvu77k,normal,0.7484975457191467
mtb0gm,normal,0.7714658975601196
msyqt7,normal,0.7652482390403748
mmuzw8,normal,0.7361446619033813
mkvkas,normal,0.6930158138275146
mj8wul,normal,0.7718868851661682
m8efrq,normal,0.7877916097640991
m49hgi,normal,0.7537028789520264
lzpqbd,normal,0.7100432515144348
lz10tq,normal,0.788185179233551
lu95d5,normal,0.7535573840141296
lul9s4,normal,0.8367030620574951
lt1l0j,normal,0.7798202037811279
lqji6n,normal,0.768229067325592
lepgm2,normal,0.7749014496803284
l9e144,normal,0.7264102697372437
mcn1g2,normal,0.7747397422790527
mdn5ca,normal,0.7314969301223755
mm2zs3,normal,0.6962191462516785
lafva4,normal,0.8096268177032471
lpjxnb,normal,0.7352172136306763
jwktnb,normal,0.5838636159896851
it3dud,normal,0.8263806700706482
jll2xu,normal,0.7493295073509216
hgiv62,normal,0.7710257172584534
ez1vym,normal,0.7790642976760864
fjnhel,normal,0.7980464100837708
fk2vyl,normal,0.8071646094322205
eo5w8d,normal,0.7790006399154663
fdd9yc,normal,0.8116186857223511
mtes7u,normal,0.6916902661323547
m4ftwb,normal,0.8169578313827515
mhkunm,normal,0.8145190477371216
ix1l16,normal,0.5414944291114807
mkp2an,normal,0.7058247923851013
kq4zl0,normal,0.7404559850692749
ljyyha,normal,0.7569565773010254
lelilw,normal,0.7043624520301819
kpx050,normal,0.811981737613678
lmifau,normal,0.7642998099327087
irzrq5,normal,0.7734656929969788
mx7139,normal,0.8049778342247009
m18qsp,normal,0.7806077003479004
mlc8vo,normal,0.7208022475242615
m8si17,normal,0.7884617447853088
lv7m0e,normal,0.7131762504577637
me7oq8,normal,0.7952179312705994
lm0fod,normal,0.7375301718711853
