tweet_id,classification,classification_score
ksmdkw,normal,0.7866581082344055
jrudqc,normal,0.7328974008560181
ijc8zd,normal,0.7303799986839294
etyl6t,normal,0.7346137762069702
ewgxhq,normal,0.7868645191192627
dk1drt,normal,0.7283192873001099
dhrh0g,normal,0.7966155409812927
e13m26,normal,0.8196039199829102
a0qsz1,normal,0.6627320647239685
c3wnf0,normal,0.7061848640441895
aidj7y,normal,0.768837034702301
mdn5yi,normal,0.7137472033500671
meosl1,normal,0.7589374780654907
md7sak,normal,0.8125292658805847
mcmho8,normal,0.8071756958961487
mmq3ur,normal,0.7291375398635864
m615wo,normal,0.6967905163764954
mczaea,normal,0.8112314343452454
lqvp03,normal,0.8023476004600525
llmmvf,normal,0.7105149626731873
lztp8o,normal,0.8056527972221375
kqdoxu,normal,0.8200585246086121
gy6vwy,normal,0.7680431604385376
kfxofz,normal,0.7359599471092224
epdnqc,normal,0.7632974982261658
el7lhn,normal,0.7858102321624756
idz8ih,normal,0.8233126401901245
c8txuj,normal,0.7823089957237244
mlldi6,normal,0.7826077342033386
mn2r5e,normal,0.7927010655403137
mfdosz,normal,0.8072831630706787
ma8g55,normal,0.8104570508003235
m6n722,normal,0.7569912075996399
m5nw30,normal,0.7960303425788879
l4ahxu,normal,0.780795156955719
l08bse,normal,0.8182145953178406
ky0zgd,normal,0.7949302196502686
kw04sn,normal,0.7389453649520874
kszoj2,normal,0.8134695887565613
k88uns,normal,0.7396190762519836
k9onr1,normal,0.7768340706825256
kzt9pa,normal,0.8146082758903503
ffhdi1,normal,0.7785835862159729
mb7ddi,normal,0.7768788933753967
hpqpni,normal,0.7528102993965149
kwzrvt,normal,0.8031485676765442
v3fky,normal,0.7947077751159668
10ivev,normal,0.7971472144126892
jjq68b,normal,0.6629636287689209
xgezw,normal,0.8033997416496277
iad39l,normal,0.7651970386505127
2li4uq,normal,0.8173241019248962
i7x127,normal,0.7233366966247559
k416hc,normal,0.7974639534950256
j5787i,normal,0.8100986480712891
mxjlcs,normal,0.83183753490448
mxfei4,normal,0.7613211870193481
munwwg,normal,0.767905592918396
mu305q,normal,0.7638595104217529
mu9arb,normal,0.8221902847290039
mwoxxp,normal,0.7959970235824585
mtu91w,normal,0.8068020939826965
mwjj9i,normal,0.8218330144882202
mw1ohh,normal,0.7921389937400818
mw61ah,normal,0.7594472169876099
mvwcq1,normal,0.7773219347000122
mvq1w4,normal,0.57441645860672
mufqme,normal,0.7852339744567871
mro5ca,normal,0.7775081396102905
mtohlw,normal,0.8505603671073914
mtq0e6,normal,0.7069621086120605
mmxexl,normal,0.8269430994987488
mng8lv,normal,0.8202894330024719
mk4c83,normal,0.7989283204078674
mjugno,normal,0.7503722310066223
mjbt8z,normal,0.6402474045753479
m9utwb,normal,0.6755316853523254
m8vou2,normal,0.7729750275611877
m7tdmn,normal,0.7830402255058289
m2xse1,normal,0.8187248110771179
lzzeju,normal,0.806880533695221
lsuld1,normal,0.7567765116691589
lno6gi,normal,0.8097160458564758
lizumj,normal,0.7895861864089966
lwugzg,normal,0.7556435465812683
lao6t3,normal,0.7759804129600525
kp4vd1,normal,0.8015609979629517
6lr3ue,normal,0.787484347820282
kx5vf4,normal,0.7023932933807373
kmv1ni,normal,0.7848108410835266
kj32kw,normal,0.7764773368835449
8uysbs,normal,0.7351024150848389
hpuvtt,normal,0.733108639717102
k4whal,normal,0.6605175137519836
ke63bw,normal,0.7762179970741272
k2jxrw,normal,0.7817411422729492
karadd,normal,0.7744927406311035
k431j0,normal,0.7795230746269226
mixgq1,normal,0.6001900434494019
m94l6v,normal,0.768103301525116
lwe7pz,normal,0.6991317868232727
kuneme,normal,0.7686601877212524
mpzvbt,normal,0.7094132900238037
mh6fo5,normal,0.7659287452697754
ls5q3g,normal,0.7463428378105164
iee8n5,normal,0.7033398747444153
lbp4ia,normal,0.8108119368553162
gppzpr,normal,0.7606871128082275
m75wvl,normal,0.6909002661705017
mw2tnq,normal,0.7634899020195007
6thg38,normal,0.7767993211746216
f1xs6j,normal,0.8313533663749695
lqr9wj,normal,0.8191598057746887
mewv89,normal,0.70448899269104
jip6xg,normal,0.741947591304779
ix94un,normal,0.7685270309448242
hlg3a2,normal,0.7941679954528809
hc6odi,normal,0.7659875154495239
fbn3f1,normal,0.7626019716262817
eelms4,normal,0.7664008140563965
ebuwcq,normal,0.7739712595939636
gz2zfp,normal,0.74541175365448
gx4h1f,normal,0.7664006352424622
fyymcd,normal,0.786672830581665
lv4bms,normal,0.7130537629127502
ln2r25,normal,0.7369616031646729
km4y0a,normal,0.7623155117034912
jqedt0,normal,0.7407150268554688
kfwh2u,normal,0.7789339423179626
jzuy50,normal,0.7707599401473999
hk4gfx,normal,0.7652880549430847
gs1wmo,normal,0.7789008617401123
h8708p,normal,0.6514793038368225
f8z5r6,normal,0.7431978583335876
fdzk13,normal,0.748481273651123
flvgpi,normal,0.7754670977592468
mxp5bs,normal,0.7411150336265564
6o70zt,normal,0.7007051706314087
mey4j2,normal,0.8027544021606445
fdbvfe,normal,0.8163220882415771
i3lvz7,normal,0.7561405301094055
fe2zdj,normal,0.7812619805335999
ep6pa1,normal,0.7313540577888489
e4u6gz,normal,0.7439305186271667
cxxmlg,normal,0.7973430156707764
gbxurz,normal,0.6841683983802795
c5vduy,normal,0.8072952628135681
fkm198,normal,0.7978756427764893
9ecqos,normal,0.7483898401260376
9ccg1c,normal,0.770548939704895
3w5oqm,normal,0.7587824463844299
3jz6gz,normal,0.8314434885978699
34rp5h,normal,0.8423435091972351
jmatk3,normal,0.7117364406585693
kfjru8,normal,0.7246394753456116
jwktnb,normal,0.5838636159896851
dv9buz,normal,0.8011202216148376
9xgsap,normal,0.8087795972824097
b1kqk2,normal,0.7626957297325134
aa9njm,normal,0.7849923372268677
474se3,normal,0.6427425146102905
6jtgw1,normal,0.7946717143058777
2y20sb,normal,0.791126012802124
3a6qyq,normal,0.7369582056999207
22xx0m,normal,0.6681244969367981
3y5lv0,normal,0.6601485013961792
6eum61,normal,0.7551761865615845
mpmrg3,normal,0.7166392207145691
mdprmf,normal,0.8022795915603638
mf6ibo,normal,0.7684059739112854
l0iy7r,normal,0.7404072880744934
kn4ysg,normal,0.7822749614715576
l1l1ly,normal,0.6920536756515503
j9tnbx,normal,0.7000635266304016
i5wsrd,normal,0.776782751083374
k7exz4,normal,0.8018860220909119
vw43j,normal,0.7404507994651794
i59eu0,normal,0.7243320345878601
iele61,normal,0.6886802315711975
dbgjet,normal,0.7120417952537537
gbl3kh,normal,0.6780633330345154
alsrj2,normal,0.7473074197769165
mx6gdm,normal,0.8053128719329834
m884p2,normal,0.7788918018341064
mnr52u,normal,0.7711642980575562
m5ufwc,normal,0.6573614478111267
me9l1h,normal,0.7203559875488281
l8tcpu,normal,0.823387622833252
msuwzg,normal,0.8025021553039551
mt1gax,normal,0.7653902173042297
lqrhio,normal,0.7092573642730713
knnvp3,normal,0.7611976861953735
kw5dij,normal,0.7965351939201355
lnuvpg,normal,0.7625957727432251
lpb3e1,normal,0.7968790531158447
lfcaw0,normal,0.5795531868934631
jxqyng,normal,0.7085116505622864
lx0nz6,normal,0.8278188109397888
ljyyha,normal,0.7569565773010254
l9e144,normal,0.7264102697372437
m9bq5f,normal,0.7782342433929443
ksd5jn,normal,0.774614691734314
kynf5s,normal,0.8245912194252014
ku33jp,normal,0.8384732007980347
lin05f,normal,0.776118814945221
kl88oq,normal,0.7220924496650696
j8vegc,normal,0.6900205612182617
kb0nl8,normal,0.7531071305274963
jyahee,normal,0.7016881704330444
j3poz7,normal,0.5410289764404297
kwpq70,normal,0.6293858289718628
mperco,normal,0.7619543075561523
m46tj7,normal,0.7624934315681458
mcbczo,normal,0.724313497543335
jak191,normal,0.7131724953651428
mg868d,normal,0.8019641637802124
mcn1g2,normal,0.7747397422790527
lmk1oe,normal,0.6360390782356262
lt1l0j,normal,0.7798202037811279
lib6fr,normal,0.8008774518966675
lvg8yj,normal,0.789585530757904
m18qsp,normal,0.7806077003479004
lihvj6,normal,0.6980898380279541
mtes7u,normal,0.6916902661323547
m4ftwb,normal,0.8169578313827515
mhkunm,normal,0.8145190477371216
ix1l16,normal,0.5414944291114807
mkp2an,normal,0.7058247923851013
kq4zl0,normal,0.7404559850692749
mjboc8,normal,0.7845533490180969
lelilw,normal,0.7043624520301819
kpx050,normal,0.811981737613678
loj4ju,normal,0.5827821493148804
lmifau,normal,0.7642998099327087
g4g9tt,normal,0.7645329236984253
lutrv3,normal,0.7353129982948303
liws40,normal,0.7249911427497864
kszyt0,normal,0.7868850827217102
k58jvh,normal,0.8120792508125305
k48u4s,normal,0.7755998969078064
kt54ym,normal,0.6516643762588501
is1axx,normal,0.7268118858337402
ig1elm,normal,0.5293682217597961
hxlff2,normal,0.796851396560669
