tweet_id,classification,classification_score
47z9nl,normal,0.7054319977760315
3nbax5,normal,0.7907626628875732
1vqcxe,normal,0.7540697455406189
3vlqyl,normal,0.7205184102058411
ev5zhd,normal,0.759314775466919
hhrl5l,normal,0.6199095249176025
6afv7d,normal,0.7370758652687073
2w5i7u,normal,0.7615508437156677
1sj9ur,normal,0.7346243262290955
1vg2ub,normal,0.7197425961494446
1n3hhb,normal,0.8080620765686035
2m11vd,normal,0.6787610054016113
5t2hv4,normal,0.7634176015853882
22ycj2,normal,0.8223069906234741
2o0g9q,normal,0.6537017822265625
2rpc6q,normal,0.7842891812324524
1ojbpw,normal,0.7780620455741882
1ni8ud,normal,0.7628828287124634
2fte25,normal,0.7618093490600586
2lir3a,normal,0.825064480304718
2itsar,normal,0.6774991154670715
2xbv8j,normal,0.7732401490211487
3hgph2,normal,0.6123392581939697
2h5k7y,normal,0.8030905723571777
3n5xwb,normal,0.7671064734458923
1ny5ko,normal,0.7423152923583984
4egtlq,normal,0.777646541595459
3pv85u,normal,0.7535189986228943
3oooot,normal,0.7753996849060059
2lvmb8,normal,0.7682181000709534
46np07,normal,0.766528844833374
3optos,normal,0.6521281599998474
2xgoac,normal,0.7820329666137695
2wypxt,normal,0.6209366917610168
1rh4kd,normal,0.7562692761421204
1oxoed,normal,0.7804727554321289
2vhwfo,normal,0.7827132940292358
1ni1ae,normal,0.7964866161346436
1v6x33,normal,0.6257192492485046
2jiyzb,normal,0.7322525382041931
1ryb47,normal,0.6944643259048462
3n78qx,normal,0.810364842414856
2ks3nv,normal,0.767187774181366
60ro7b,normal,0.7459233999252319
3n824t,normal,0.768783688545227
2w5ken,normal,0.7451911568641663
48dedt,normal,0.7826552987098694
4e0i6e,normal,0.8016462922096252
1mzqqq,normal,0.5800520777702332
2iqv75,normal,0.4905560612678528
4bftsc,normal,0.7750540971755981
3g6io4,normal,0.7854743003845215
4ehk37,normal,0.7620645761489868
3rp3h5,normal,0.7410686612129211
4cyr58,normal,0.7684553265571594
2j7qwl,normal,0.7890353798866272
1mmd8y,normal,0.7322213053703308
2mn8kw,normal,0.772796094417572
2ni5mj,normal,0.8090606927871704
1kqv4e,normal,0.6595622301101685
1kz59y,normal,0.8065407276153564
5p8trv,normal,0.7818213105201721
2mfgm0,normal,0.7463243007659912
1qmtcu,normal,0.7235970497131348
1moymx,normal,0.6619887948036194
1slxzy,normal,0.711579442024231
3lq5uk,normal,0.7882683873176575
1qka4i,normal,0.6496744751930237
21jhwg,normal,0.7812854051589966
1n1ige,normal,0.7569422125816345
56rlkx,normal,0.800236701965332
3qbtq4,normal,0.7282922863960266
1qxxhj,normal,0.720742404460907
