tweet_id,classification,classification_score
lkz20a,normal,0.8001124858856201
d38pwf,normal,0.47991928458213806
fy81r4,normal,0.7428861260414124
k73uuu,normal,0.729174017906189
7md52t,normal,0.7009777426719666
o8tx7,normal,0.7956708669662476
mv74ph,normal,0.8003612160682678
l6pm52,normal,0.7450861930847168
kuta97,normal,0.7886167168617249
kfaope,normal,0.7712110877037048
kerm0l,normal,0.755807638168335
kbvxi9,normal,0.6897673010826111
k4sviy,normal,0.7736901640892029
k08m5o,normal,0.7802742123603821
jyzjpl,normal,0.7743026614189148
jmaehl,normal,0.7707015872001648
jd9qom,normal,0.8343238234519958
j4rife,normal,0.7691376209259033
injrbx,normal,0.7960524559020996
iihwo3,normal,0.7504891157150269
hpms60,normal,0.7868117094039917
cw015b,normal,0.8176316022872925
14dug8,normal,0.7332579493522644
mo9rsg,normal,0.7370363473892212
mjy1h7,normal,0.6097955107688904
mje1hd,normal,0.8395156264305115
mhtwhd,normal,0.8043735027313232
mca7r1,normal,0.7587710618972778
madwx3,normal,0.8223496079444885
lw8onm,normal,0.812348484992981
lnq7gi,normal,0.7727219462394714
lmzcax,normal,0.7803378701210022
lkwf9s,normal,0.7573896050453186
lcahm5,normal,0.7906208038330078
lb7l9w,normal,0.8109151124954224
ld7pp8,normal,0.7935767769813538
l9ti8g,normal,0.8053380846977234
l3cplz,normal,0.7753782272338867
lrgib5,normal,0.7685711979866028
g47994,normal,0.6727513074874878
l0gxy8,normal,0.7578480839729309
ki0ktu,normal,0.7801951169967651
inexni,normal,0.779919445514679
jpqhn9,normal,0.6570051312446594
i3g4rl,normal,0.704444944858551
j0m4te,normal,0.8086389899253845
jkwmo6,normal,0.7969410419464111
jkizev,normal,0.6889941692352295
j7l4xd,normal,0.8211909532546997
i7otsd,normal,0.7863446474075317
jbu4z1,normal,0.7747122645378113
hi1e5k,normal,0.7941258549690247
he6uzo,normal,0.7634193301200867
kr5972,normal,0.6764389276504517
dc4mm0,normal,0.6551375389099121
mqcmjd,normal,0.7521328926086426
l41ubc,normal,0.7772214412689209
knxx4d,normal,0.803288996219635
l30ixs,normal,0.7893952131271362
k1vi3y,normal,0.7023741006851196
jy5zh8,normal,0.7775186896324158
k4hl1f,normal,0.6871373057365417
junn9r,normal,0.7166047692298889
iefbj9,normal,0.8065399527549744
iq4eva,normal,0.7570526003837585
i7p7y5,normal,0.7699727416038513
h86azj,normal,0.7414966821670532
ebkgia,normal,0.7401376366615295
gpy5iy,normal,0.8168451189994812
mnx0xi,normal,0.7256215214729309
m99i7i,normal,0.814498245716095
m759dc,normal,0.8187828660011292
l59frp,normal,0.7835180163383484
komvzb,normal,0.7875301241874695
i930rs,normal,0.7948302626609802
gy9hw6,normal,0.755284309387207
gwh9mv,normal,0.7956722974777222
fu42ie,normal,0.7445382475852966
fcw1pw,normal,0.7228211164474487
eqq2de,normal,0.7130841612815857
3kexto,normal,0.593938946723938
1kfk4j,normal,0.7474318742752075
ckq13,normal,0.7698764204978943
ckcl3,normal,0.7607381939888
139dsy,normal,0.7054405212402344
mchrwb,normal,0.812533974647522
mjbbqb,normal,0.684934139251709
mbleeb,normal,0.7508304715156555
m0r9yo,normal,0.7293407320976257
lvaxj2,normal,0.6700583100318909
lhqm9t,normal,0.7330874800682068
m47x7b,normal,0.8162552118301392
mrm0sm,normal,0.6125949621200562
mqtwu3,normal,0.6914210915565491
mwf720,normal,0.8228044509887695
mttq1q,normal,0.7454975843429565
mbtdmc,normal,0.7665948867797852
mp2x43,normal,0.7905471920967102
mrosx7,normal,0.8006495237350464
mi3p7f,normal,0.7997410893440247
mxbkfv,normal,0.7547930479049683
mwsk15,normal,0.6291323304176331
mw9dq6,normal,0.6291323304176331
mxa6du,normal,0.8011696934700012
mubc25,normal,0.7541854977607727
mwmmj7,normal,0.6914991140365601
mwko6f,normal,0.7237752079963684
mw8l16,normal,0.7692636251449585
mw4jz9,normal,0.7856866717338562
mvmura,normal,0.8176906704902649
mvjs9r,normal,0.4825006127357483
mvc5xw,normal,0.8226660490036011
mv38hc,normal,0.7110732197761536
mt33qo,normal,0.8002978563308716
msq34i,normal,0.7288130521774292
ly5v62,normal,0.7584035992622375
mcn7jr,normal,0.7975021600723267
mohsoa,normal,0.6338594555854797
lw2s8g,hate speech,0.37659135460853577
mqhehd,normal,0.7591670751571655
mgee5k,normal,0.6698710918426514
minuai,normal,0.7705371379852295
iy5ux4,normal,0.765738308429718
mmva38,normal,0.7374565005302429
l201xf,normal,0.8281320929527283
mefh9j,normal,0.7794113159179688
kh16yj,normal,0.7932875156402588
kj3mr8,normal,0.8084655404090881
me3cnl,normal,0.7913586497306824
an0u6t,normal,0.708922803401947
8106ll,normal,0.7819728851318359
6ul604,normal,0.7682551741600037
5hkwqt,normal,0.7758206129074097
kxo312,normal,0.6657109260559082
ljhhkh,normal,0.7434090971946716
l2ut7b,normal,0.6544629335403442
jqp909,normal,0.7726645469665527
kgckx8,offensive,0.47335296869277954
itl6w6,normal,0.7551476359367371
ityruw,normal,0.7552857995033264
6a0nyi,normal,0.805476188659668
i8yflh,normal,0.7098749876022339
hwmwen,normal,0.7625476717948914
8xozj3,normal,0.7971096038818359
mugb5i,normal,0.6645387411117554
mjs6v9,normal,0.7624236345291138
mrkbw4,normal,0.6756272912025452
lyedoc,normal,0.7476564049720764
mxwyrd,normal,0.8398633003234863
kt7980,normal,0.7495670318603516
lw2ve6,normal,0.7630817294120789
kxlbfg,normal,0.7767860889434814
msthg7,normal,0.8016883730888367
lijt0r,normal,0.7452462315559387
mq8e7s,normal,0.7881439328193665
lnx5bs,normal,0.8143642544746399
ltokou,normal,0.5743372440338135
7rw0ys,normal,0.8086332082748413
bskuu,normal,0.7823922038078308
lknipw,normal,0.7671594023704529
mxwgc3,normal,0.7841455936431885
jv7brh,normal,0.7937809824943542
lpcpmv,normal,0.6522864699363708
mwsab1,normal,0.5360288619995117
ky335j,normal,0.70186847448349
lk5y4z,normal,0.8167917728424072
llg79v,normal,0.7376850843429565
k8t285,normal,0.808796763420105
i3qmc0,normal,0.7424891591072083
i0x99m,normal,0.6166348457336426
fdj1it,normal,0.7384721636772156
m7sr1g,normal,0.7418203949928284
l4mop1,normal,0.7959022521972656
ho7bo6,normal,0.5924789905548096
hwo0al,normal,0.8101110458374023
kmympw,normal,0.8216392993927002
m5o22f,normal,0.7699816823005676
