tweet_id,classification,classification_score
jb4zpl,normal,0.78414386510849
g63ovr,normal,0.7852125763893127
2amcxi,normal,0.7828855514526367
mw1yrz,normal,0.8031203746795654
mx71x8,normal,0.7405298352241516
mwndyf,normal,0.8228123188018799
mw4nrj,normal,0.7189069986343384
mx3404,normal,0.7787371873855591
mwirzz,normal,0.7077990174293518
mwn1jg,normal,0.7836869359016418
mwk3im,normal,0.7214066982269287
mvrjvf,normal,0.7921214699745178
mvhplv,normal,0.7533732056617737
mv38hc,normal,0.7110732197761536
muxo6j,normal,0.8145010471343994
mrsmpz,normal,0.7954051494598389
mtq1xq,normal,0.8245481848716736
mu1hpo,normal,0.812362551689148
mwylkw,normal,0.7704626321792603
mxin93,normal,0.7025885581970215
mxwgc3,normal,0.7841455936431885
mtdm06,normal,0.757513165473938
mwjmlz,normal,0.7551305294036865
mw54a0,normal,0.6713283061981201
mwce3x,normal,0.7542584538459778
mvmshe,normal,0.7473308444023132
mvc5xw,normal,0.8226660490036011
mve6cs,normal,0.6903455257415771
mv5hzu,normal,0.7906895875930786
mv44n5,normal,0.746378481388092
mrf5l7,normal,0.6879317164421082
mupiw9,normal,0.6552844047546387
muo0ot,normal,0.6928576231002808
luhdwv,normal,0.7985498905181885
md1zrx,normal,0.6548587083816528
mtfxck,normal,0.7718340754508972
lpxwt3,normal,0.6661837100982666
m729wu,normal,0.6744384169578552
mccroh,normal,0.7877714037895203
mauq2f,normal,0.6441624760627747
mm8ohg,normal,0.7722122669219971
mbj08t,normal,0.8091561794281006
b7nvbn,normal,0.7181044816970825
ltagaf,normal,0.7932560443878174
md3vv9,normal,0.7794354557991028
mkcz5q,normal,0.6850957870483398
mvhkil,normal,0.7610021233558655
mcwl1f,normal,0.7622026801109314
mxooem,normal,0.7938832640647888
mxxg36,normal,0.7723296880722046
mxk9hw,normal,0.8200139403343201
mx3icg,normal,0.800972044467926
mwid0l,normal,0.7343693971633911
mx1u2y,normal,0.8009604811668396
mwvrg7,normal,0.7811694145202637
mwpogn,normal,0.7828873991966248
mvtbmj,normal,0.6707294583320618
mvjry8,normal,0.7903681993484497
mvn3sd,normal,0.7836542129516602
muqxq6,normal,0.7550423741340637
mvh0v8,normal,0.7617716193199158
mu5jo1,normal,0.7652009129524231
mxry0u,normal,0.7713003158569336
mwsy8b,normal,0.7631174921989441
mx0wld,normal,0.7970065474510193
mvwpl6,normal,0.7202794551849365
mxvci2,normal,0.8195500373840332
mxzh3v,normal,0.7332073450088501
mxv8hc,normal,0.8206166625022888
mxzxho,normal,0.7932946085929871
mxuwe1,normal,0.777620255947113
mxytad,normal,0.7876166105270386
mxsz4m,normal,0.7702414989471436
mxve8b,normal,0.8112972974777222
mxmnzu,normal,0.6663303375244141
mxpilt,normal,0.7207784652709961
mxc5nw,normal,0.7812885046005249
mxdqqv,normal,0.6785018444061279
mwl8kl,normal,0.8177796006202698
mxbobf,normal,0.8206926584243774
mx69ma,normal,0.6235973834991455
mwfolq,normal,0.7844467163085938
mwjvg1,normal,0.7975665330886841
mwa6ot,normal,0.7443860173225403
mxw9zs,normal,0.7888405323028564
mxmgky,normal,0.7779983282089233
mxqytd,normal,0.723651111125946
my01ho,normal,0.683242678642273
mdyrq4,normal,0.7863194942474365
mbk6nr,normal,0.7947989106178284
mg7rc8,normal,0.8035964965820312
mgee5k,normal,0.6698710918426514
l1qa93,normal,0.6925066709518433
mqztx8,normal,0.7231290340423584
m1bw0o,normal,0.8150377869606018
lh5y40,normal,0.6225230097770691
m4lb5o,normal,0.7451257705688477
jcjpdt,normal,0.807259202003479
2fhhpb,normal,0.7787520289421082
mwte3l,normal,0.7858134508132935
mjs61f,normal,0.5536647439002991
mj1nkb,normal,0.8048197627067566
meb6yr,normal,0.7685595750808716
mba4nx,normal,0.7728580832481384
ly5eli,normal,0.7916135191917419
lyle04,normal,0.7775543928146362
luyp0y,normal,0.770118772983551
lode57,normal,0.8197499513626099
le4533,normal,0.7421879768371582
l6o8z7,normal,0.7341122031211853
kzlwrn,normal,0.7375863790512085
kr3t9e,normal,0.766582190990448
kjt2ad,normal,0.7889351844787598
k7l60f,normal,0.832249641418457
jzss8z,normal,0.6909172534942627
mrv96v,normal,0.6901593804359436
m2haxi,normal,0.5155110955238342
lq3m2s,normal,0.7955148220062256
lc3hgy,normal,0.7824355363845825
kj7qef,normal,0.7850860357284546
kgy4ok,normal,0.7858500480651855
jzx2ig,normal,0.7501538395881653
miob5t,normal,0.45207634568214417
k2yhb2,normal,0.8095525503158569
ii0w21,normal,0.7529813647270203
j07qr1,normal,0.792198121547699
mueok8,normal,0.7675318121910095
kdq2pq,normal,0.806771993637085
huty7y,normal,0.7297938466072083
jm5exf,normal,0.7992514371871948
d213hb,normal,0.8217359185218811
9g2cs3,normal,0.8036863803863525
9l1jbd,normal,0.8104069828987122
6tj05c,normal,0.8119179010391235
6q6wl3,normal,0.804916501045227
50b0kv,normal,0.7910078763961792
10760c,normal,0.6161240935325623
1nung2,normal,0.8080056309700012
68z4ro,normal,0.8113384246826172
i4p5o,normal,0.7628040313720703
6jjr00,normal,0.6686620116233826
1umgok,normal,0.7935131788253784
1z75wi,normal,0.7606019973754883
mq97fi,normal,0.7186197638511658
kzv7mu,normal,0.7844266891479492
kz8yap,normal,0.8070109486579895
km4qoc,normal,0.7504922151565552
ll6qte,normal,0.8077839016914368
jmsi2g,normal,0.7688385844230652
kr5v1b,normal,0.7934545278549194
i251kq,normal,0.7762929797172546
i3vb8g,normal,0.7632147073745728
ijoa5s,normal,0.7277079820632935
hjfiun,normal,0.6394412517547607
i1l015,normal,0.7761442065238953
etyagy,normal,0.6000686883926392
caddmv,normal,0.7619585394859314
gm6tsy,normal,0.8106575012207031
mo2wn1,normal,0.8189412355422974
mboacv,normal,0.7260435223579407
m9xg0r,normal,0.5940952897071838
m6krvp,normal,0.7582873106002808
lzxbfq,normal,0.6723962426185608
lyffx3,normal,0.7689095139503479
ltyqbl,normal,0.7858979105949402
ls1xxt,normal,0.7880731821060181
lqv0a7,normal,0.7943172454833984
lo33kh,normal,0.42825010418891907
lmylhe,normal,0.6936920881271362
lmtmaw,normal,0.7816007733345032
mvyfe9,normal,0.6701185703277588
msrr68,normal,0.7905123829841614
mugnnh,normal,0.7106767296791077
mqoclr,normal,0.7593994736671448
mrw5ig,normal,0.7753967642784119
mp3awl,normal,0.754622220993042
mp3ued,normal,0.7612048387527466
mm7oi9,normal,0.8136585354804993
mkeac0,normal,0.8037137985229492
mmignp,normal,0.7446313500404358
mj8j1a,normal,0.617907702922821
mepzsz,normal,0.7247945666313171
md2nfd,normal,0.7929893732070923
mcy3g7,normal,0.7885736227035522
m9eesf,normal,0.7312242388725281
kyk30z,normal,0.7609021067619324
mmu2ur,normal,0.756641685962677
miatd9,normal,0.7856512069702148
m2xeri,normal,0.7898600101470947
kdopz9,normal,0.781951904296875
m8sl7k,normal,0.7766941785812378
lt1zyv,normal,0.7528640627861023
m84cv0,normal,0.8216906189918518
ltw8zk,normal,0.7838324308395386
