tweet_id,classification,classification_score
kg8tv8,normal,0.744650661945343
mx2rk4,normal,0.776305615901947
l01h60,normal,0.8106220364570618
dia2wx,normal,0.708145797252655
klbrox,normal,0.7624468207359314
ju6yfn,normal,0.7793462872505188
ik3fv3,normal,0.8154776096343994
ccxy51,normal,0.7972270250320435
k7x3fe,normal,0.7358197569847107
chdut6,normal,0.6637831926345825
icvqom,normal,0.7512261867523193
cnfixp,normal,0.8167185187339783
ihyatt,normal,0.6267763376235962
9yoiqd,normal,0.72411048412323
fbudkm,normal,0.6271858811378479
gf97l8,normal,0.6374799609184265
f3jtad,normal,0.7735131978988647
cb7xnt,normal,0.7796157598495483
ez7q1r,normal,0.7319419980049133
d69tu8,normal,0.8045055270195007
1smss3,normal,0.7551043629646301
ajcbde,normal,0.758391797542572
569z41,normal,0.8161497712135315
6er5im,normal,0.8006670475006104
5v24ab,normal,0.779757559299469
1piqnv,normal,0.7526106238365173
5v7t8i,normal,0.7456369996070862
6lm87t,normal,0.7221367359161377
5y5eh6,normal,0.749959409236908
1phcp3,normal,0.7790672183036804
4xnhik,normal,0.5930433869361877
8gkqir,normal,0.7811343669891357
3rk00j,normal,0.7233855724334717
4hl37j,normal,0.7437811493873596
58431a,normal,0.7835779190063477
2tqxde,normal,0.8286076188087463
1zlrm4,normal,0.7971270084381104
x4ijg,normal,0.7963929176330566
nd9rv,normal,0.7478691339492798
ms6x7n,normal,0.7579910159111023
j1oaxh,normal,0.7429366111755371
l9gujz,normal,0.7792441844940186
ms6qan,normal,0.6209404468536377
mraz1y,normal,0.8060066103935242
mkrmax,normal,0.7249797582626343
l6old1,normal,0.7286766171455383
mqtwu3,normal,0.6914210915565491
mijzig,normal,0.657429039478302
msszx9,normal,0.7965614199638367
m0u4gw,normal,0.7658450603485107
mwylkw,normal,0.7704626321792603
mkx2su,normal,0.8086692690849304
mim20z,normal,0.7330923676490784
mssjhr,normal,0.7128446698188782
kv1bq0,normal,0.7739620804786682
m70ks8,normal,0.7632826566696167
mgxpm4,normal,0.6640723943710327
lglfc3,normal,0.7882782816886902
mbjb3o,normal,0.6918995380401611
lk6627,normal,0.7147752642631531
mw6udo,normal,0.8278265595436096
kbz1ei,normal,0.653406023979187
kydma8,normal,0.7053377032279968
m3lteg,normal,0.6111063361167908
ms56f6,normal,0.7673681974411011
ealqf6,normal,0.7727575302124023
mpvsib,normal,0.6896314024925232
ckdrju,normal,0.8238022923469543
lx3tga,normal,0.7648892998695374
mrfpi2,normal,0.717868983745575
m5virs,normal,0.7632040977478027
mridka,normal,0.717868983745575
mo8z4l,normal,0.7404923439025879
mve6cs,normal,0.6903455257415771
labd9o,normal,0.7890099883079529
mkfasw,normal,0.739656925201416
mxz002,normal,0.7920069098472595
mucng8,normal,0.7795232534408569
ml3oc1,normal,0.7464340925216675
mkm97t,normal,0.7581204175949097
mmm5tu,normal,0.8262996077537537
m7r06b,normal,0.6737779378890991
m9xh2d,normal,0.761859118938446
mjgrxh,normal,0.6831120252609253
mwkbl4,normal,0.8040289282798767
k5jugg,normal,0.7993659973144531
jfnj8w,normal,0.7451223134994507
mhnwdf,normal,0.8135300874710083
lsbtv4,normal,0.7046590447425842
muyfby,normal,0.7631744742393494
luhndj,normal,0.8066051602363586
ddlgp3,normal,0.7341541647911072
ie1qrn,normal,0.7426860928535461
mxolql,normal,0.758987307548523
mit35g,normal,0.7470787167549133
moaq0t,normal,0.7681687474250793
m1ck8w,normal,0.689898669719696
mad6fz,normal,0.7969751358032227
mdyrq4,normal,0.7863194942474365
lxxl6k,normal,0.6004959344863892
mqpmyh,normal,0.6572940945625305
mrapca,normal,0.7368889451026917
m2tjbv,normal,0.6456236839294434
maatum,normal,0.8303490877151489
mfrc60,normal,0.7815747261047363
k4mr64,normal,0.7416474223136902
lm0lbn,normal,0.7332378625869751
mir60w,normal,0.7979761362075806
mrxn3m,normal,0.8265563249588013
mweq0o,normal,0.7095240950584412
mq68uq,normal,0.8161312937736511
mpjs7y,normal,0.7842626571655273
k11owk,normal,0.8072640299797058
jp85dh,normal,0.7501922249794006
kebi3c,normal,0.7352924346923828
kyw5p7,normal,0.7547096014022827
m7kc8f,normal,0.7152487635612488
mxqki7,normal,0.8014220595359802
mq8rg4,normal,0.8137903213500977
m8p63e,normal,0.7957810163497925
kr0hlv,normal,0.6660451889038086
mi6d20,normal,0.768649697303772
jjpd7g,normal,0.811690628528595
lvp7mk,normal,0.795561671257019
lyj55v,normal,0.7836310267448425
lnt0ko,normal,0.6965762972831726
m7yc25,normal,0.8086847066879272
mq8x3h,normal,0.6174429655075073
l7kcq3,normal,0.7568078637123108
l79ogf,normal,0.7568078637123108
jhe3l8,normal,0.6886860132217407
icll6g,normal,0.6930901408195496
ekfpsd,normal,0.8061316609382629
karc4q,normal,0.6476823687553406
i8cmfk,normal,0.7490440607070923
ea9j69,normal,0.7159970998764038
j16av7,normal,0.7997385859489441
mwte3l,normal,0.7858134508132935
mjs61f,normal,0.5536647439002991
mj1nkb,normal,0.8048197627067566
meb6yr,normal,0.7685595750808716
mba4nx,normal,0.7728580832481384
ly5eli,normal,0.7916135191917419
lyle04,normal,0.7775543928146362
luyp0y,normal,0.770118772983551
lode57,normal,0.8197499513626099
le4533,normal,0.7421879768371582
l6o8z7,normal,0.7341122031211853
kzlwrn,normal,0.7375863790512085
kr3t9e,normal,0.766582190990448
kjt2ad,normal,0.7889351844787598
k7l60f,normal,0.832249641418457
mueok8,normal,0.7675318121910095
mo2wn1,normal,0.8189412355422974
mboacv,normal,0.7260435223579407
m9xg0r,normal,0.5940952897071838
m6krvp,normal,0.7582873106002808
lzxbfq,normal,0.6723962426185608
lyffx3,normal,0.7689095139503479
ltyqbl,normal,0.7858979105949402
ls1xxt,normal,0.7880731821060181
lqv0a7,normal,0.7943172454833984
lo33kh,normal,0.42825010418891907
lmylhe,normal,0.6936920881271362
lmtmaw,normal,0.7816007733345032
mvyfe9,normal,0.6701185703277588
msrr68,normal,0.7905123829841614
mugnnh,normal,0.7106767296791077
mqoclr,normal,0.7593994736671448
mrw5ig,normal,0.7753967642784119
mp3awl,normal,0.754622220993042
mp3ued,normal,0.7612048387527466
mm7oi9,normal,0.8136585354804993
mkeac0,normal,0.8037137985229492
mmignp,normal,0.7446313500404358
mj8j1a,normal,0.617907702922821
mepzsz,normal,0.7247945666313171
md2nfd,normal,0.7929893732070923
mcy3g7,normal,0.7885736227035522
m9eesf,normal,0.7312242388725281
mx9dmq,normal,0.7662277817726135
mwzg6v,normal,0.7856484055519104
mxv22d,normal,0.7847827672958374
mvli7w,normal,0.7749091982841492
mwcp4y,normal,0.8098944425582886
mw9sdj,normal,0.5772081017494202
mvp2gm,normal,0.7995768785476685
mvmrml,normal,0.8239355087280273
mth0vv,normal,0.7885401844978333
mvdw0s,normal,0.7658838629722595
mtubqr,normal,0.7579962611198425
mcncf3,normal,0.5477255582809448
m1ksr5,normal,0.7986131906509399
lxllwp,normal,0.7674526572227478
l69v59,normal,0.7836905717849731
kg8pkb,normal,0.799130380153656
k7e8v2,normal,0.680598795413971
k3h5et,normal,0.7462955713272095
juj78a,normal,0.6908689141273499
jmedet,normal,0.5783722400665283
jm5exf,normal,0.7992514371871948
jkms73,normal,0.7820351719856262
k1suvo,normal,0.8108251690864563
irfmxl,normal,0.7374494075775146
k0coa6,normal,0.81585693359375
hkojqk,normal,0.7923997640609741
mm9cae,normal,0.8060383796691895
itbj9e,normal,0.8209743499755859
be88vm,normal,0.8059144616127014
iooxub,normal,0.7750053405761719
l9tvvo,normal,0.7842390537261963
hsyvni,normal,0.7667346000671387
fua4y5,normal,0.810056746006012
hm42a7,normal,0.8186320066452026
hacabh,normal,0.7790483832359314
mvzh7l,normal,0.769622266292572
mq80pq,normal,0.7213777303695679
msio5o,normal,0.6410999894142151
msia83,normal,0.7155582308769226
