tweet_id,classification,classification_score
mtqntz,normal,0.7725236415863037
m759dc,normal,0.8187828660011292
m6tljg,normal,0.8123425841331482
llm6hs,normal,0.7609634399414062
leuwi9,normal,0.7786204218864441
ks9857,normal,0.7361211776733398
kckik0,normal,0.780716061592102
kg0x8e,normal,0.7197923064231873
k9s5i5,normal,0.7595919370651245
j6yjr9,normal,0.7701854109764099
jtfmrz,normal,0.7642651796340942
ka2dms,normal,0.7879629731178284
jomt3w,normal,0.7751226425170898
jmjfcd,normal,0.7935904264450073
jjgyzh,normal,0.7946376204490662
mpyadt,normal,0.7765342593193054
mca7r1,normal,0.7587710618972778
ihknuk,normal,0.7585482001304626
jcil4t,normal,0.6920194625854492
hw964i,normal,0.7739456295967102
j8axix,normal,0.7793885469436646
ioddlp,normal,0.7727795839309692
jchwo1,normal,0.7918201088905334
i4wgvx,normal,0.772411584854126
gyyf8o,normal,0.7311313152313232
dyijyq,normal,0.6845080256462097
b3ytyo,normal,0.7983012199401855
a0zssj,normal,0.7957432270050049
mhmp34,normal,0.687807023525238
mmuyut,normal,0.7727153897285461
knxx4d,normal,0.803288996219635
l9ti8g,normal,0.8053380846977234
jxb7o8,normal,0.6965644955635071
holi14,normal,0.8253962993621826
hqkxo9,normal,0.7019298076629639
hqy4ls,normal,0.7053066492080688
e3rjrx,normal,0.7795910835266113
fu8rg2,normal,0.6639489531517029
amh7u9,normal,0.7571485042572021
msjuk3,normal,0.7043920755386353
lm46v8,normal,0.7757408022880554
lk2cs7,normal,0.4925067722797394
hspzdb,normal,0.6758182644844055
k28h0h,normal,0.5790401101112366
kvai9u,normal,0.7825269103050232
jfmhnv,normal,0.7531366944313049
ffxppb,normal,0.7027396559715271
i260to,normal,0.6405900716781616
gt3oiv,normal,0.6789889335632324
b4gqj9,normal,0.7510465383529663
3254ig,offensive,0.4956599175930023
awk1r5,normal,0.5279849171638489
989wqb,normal,0.652451753616333
landmd,normal,0.7751743793487549
lfvgbr,normal,0.8047367930412292
mbrfaa,normal,0.7686283588409424
mtngwi,normal,0.689215898513794
hmts0c,normal,0.8372028470039368
lzdw38,normal,0.7748663425445557
fg8syg,normal,0.674949586391449
jq93vm,normal,0.7741922736167908
c0lnab,normal,0.7985254526138306
jumd8p,normal,0.7684219479560852
juwwgh,normal,0.7099608182907104
kfmcu7,normal,0.7923640012741089
jwk9ig,normal,0.8138004541397095
ma9dwn,normal,0.6581525206565857
mc5ojx,normal,0.79354327917099
l3ex3r,normal,0.7189472913742065
l5by0s,normal,0.8175644278526306
khj8bz,normal,0.7702732682228088
mv74ph,normal,0.8003612160682678
mpv2bd,normal,0.7889706492424011
mu9vha,normal,0.805029034614563
j3hkon,normal,0.7717328071594238
mkcrmr,normal,0.7341671586036682
mnx0xi,normal,0.7256215214729309
mb96k3,normal,0.8097347021102905
lbyvqw,normal,0.7859231233596802
jc8n1e,normal,0.7709366083145142
kqwkt8,normal,0.7128233909606934
kq6dft,normal,0.7658951878547668
j10awz,normal,0.7973353266716003
jkizev,normal,0.6889941692352295
ick9as,normal,0.736383318901062
icuqdq,normal,0.751507580280304
gy7bcz,normal,0.7339109182357788
en1nko,normal,0.7175571322441101
eiasdo,normal,0.739496648311615
carvld,normal,0.7632825374603271
c029kc,normal,0.742748498916626
ca7rjk,normal,0.7610484957695007
5s8xnf,normal,0.7317140102386475
5qv8a7,normal,0.6986353993415833
maw1ae,normal,0.6492208242416382
ma7jtu,normal,0.8089207410812378
lqwc9a,normal,0.7655125260353088
lkkhuv,normal,0.7668372988700867
ld7pp8,normal,0.7935767769813538
l6jv64,normal,0.7696202993392944
l6ggm5,normal,0.7478774189949036
l5o5ns,normal,0.8135640025138855
l38ta4,normal,0.8013215065002441
l30ixs,normal,0.7893952131271362
kwnsdx,normal,0.7909170389175415
kxdqg8,normal,0.7697214484214783
mx0wld,normal,0.7970065474510193
lahzb1,normal,0.816126823425293
m7y4se,normal,0.5521009564399719
kiko41,normal,0.8235306739807129
m5o22f,normal,0.7699816823005676
is0jzc,normal,0.8072145581245422
g3gli8,normal,0.8097940683364868
fc48ht,normal,0.7793327569961548
mqknrd,normal,0.815245509147644
mpisuf,normal,0.7304709553718567
mazztm,normal,0.7795065641403198
m64ojr,normal,0.7696124911308289
ghl912,normal,0.6840663552284241
iqmtdf,normal,0.7085795998573303
ejj3i4,normal,0.7954766154289246
ldm1bl,normal,0.7828727960586548
lp8o1s,normal,0.7914682626724243
khjz11,normal,0.697306752204895
l6y31w,normal,0.7829609513282776
kgigtz,normal,0.8018906712532043
lkn4z4,normal,0.7277359366416931
leqip1,normal,0.7308380603790283
afezkj,normal,0.8204612731933594
6bbm7i,normal,0.7882172465324402
k4biil,normal,0.8224086165428162
kbhe8d,normal,0.7738420367240906
gtikpj,normal,0.7439190745353699
ktm2c7,normal,0.780672550201416
6bic8q,normal,0.7768162488937378
dxdkow,normal,0.7415667772293091
6arqcg,normal,0.6386982798576355
6ghkh7,normal,0.7919349670410156
6qqu5a,normal,0.8287935853004456
mosyh8,normal,0.6608477234840393
mpdybb,normal,0.7736213803291321
ljxed3,normal,0.7233476042747498
lq5e8u,normal,0.7068803310394287
mtv1cw,normal,0.8204731345176697
mgknas,normal,0.6909998655319214
m0l7uh,normal,0.7784163355827332
kpzkey,normal,0.742284893989563
lcalom,normal,0.763300359249115
mkqn5d,normal,0.7986096739768982
kyt056,normal,0.7777367830276489
loz1n8,normal,0.6427226662635803
idp08s,normal,0.7566471695899963
k7o49r,normal,0.7456973791122437
ks6fkn,normal,0.7723080515861511
ka6neo,normal,0.8335418105125427
mutold,normal,0.7240735292434692
m2d2sb,normal,0.793064296245575
iv5t0z,normal,0.8239197731018066
hup3ab,normal,0.794244647026062
hve7g5,normal,0.7930834889411926
islvrv,normal,0.841601550579071
ldlj6a,normal,0.846981942653656
mwp52o,normal,0.7671214938163757
jg6lq2,normal,0.7963751554489136
mgsrmb,normal,0.7867342829704285
mjyxp8,normal,0.7276375889778137
mxolql,normal,0.758987307548523
imoohy,normal,0.5996053218841553
m8500s,normal,0.7706613540649414
ms6x7n,normal,0.7579910159111023
j1oaxh,normal,0.7429366111755371
l9gujz,normal,0.7792441844940186
ms6qan,normal,0.6209404468536377
mraz1y,normal,0.8060066103935242
mkrmax,normal,0.7249797582626343
l6old1,normal,0.7286766171455383
mqtwu3,normal,0.6914210915565491
mijzig,normal,0.657429039478302
msszx9,normal,0.7965614199638367
m0u4gw,normal,0.7658450603485107
mwylkw,normal,0.7704626321792603
mkx2su,normal,0.8086692690849304
mim20z,normal,0.7330923676490784
mssjhr,normal,0.7128446698188782
kv1bq0,normal,0.7739620804786682
m70ks8,normal,0.7632826566696167
mgxpm4,normal,0.6640723943710327
lglfc3,normal,0.7882782816886902
mbjb3o,normal,0.6918995380401611
lk6627,normal,0.7147752642631531
mw6udo,normal,0.8278265595436096
kbz1ei,normal,0.653406023979187
kydma8,normal,0.7053377032279968
m3lteg,normal,0.6111063361167908
ms56f6,normal,0.7673681974411011
ealqf6,normal,0.7727575302124023
mpvsib,normal,0.6896314024925232
ckdrju,normal,0.8238022923469543
lx3tga,normal,0.7648892998695374
inh5h1,normal,0.8265356421470642
ih3l0w,normal,0.7612643241882324
eiaa06,normal,0.749985933303833
eiyjpq,normal,0.7651219964027405
aret3c,normal,0.7963916659355164
con1ky,normal,0.7996646761894226
dwxag2,normal,0.8139752149581909
czohi2,normal,0.8326154351234436
we7fn,normal,0.704868495464325
fowqr,normal,0.7845735549926758
1qsuis,normal,0.8006818294525146
62puby,normal,0.7963364124298096
41cgu6,normal,0.7577295899391174
4jf5fd,normal,0.6778594255447388
mrdu49,normal,0.748452365398407
lfcb6y,normal,0.734843373298645
kdu1ng,normal,0.7243185043334961
m7i7w9,normal,0.8019910454750061
khi7gl,normal,0.7904006838798523
mvjlc1,normal,0.822725236415863
mukk76,normal,0.7699679136276245
lk7b16,normal,0.780623733997345
mweq0o,normal,0.7095240950584412
laopl0,normal,0.7346368432044983
l25ixo,normal,0.7365161180496216
mjjp29,normal,0.7511967420578003
jabz2b,normal,0.7799105644226074
ls8q03,normal,0.7343816161155701
lfrdah,normal,0.7730441093444824
mhkpqb,normal,0.78060382604599
mxwgc3,normal,0.7841455936431885
mkwkjq,normal,0.8023392558097839
lifdtv,normal,0.6941962242126465
m588u7,normal,0.6517232060432434
mloyaj,normal,0.7806862592697144
mpqgk5,normal,0.7577790021896362
mn3fwn,normal,0.7899726629257202
mos0ma,normal,0.7825156450271606
lk42wh,normal,0.7426019310951233
