tweet_id,classification,classification_score
4ld20k,normal,0.7992176413536072
3348vu,normal,0.7784812450408936
52v55r,normal,0.7824797034263611
y196k,normal,0.812055766582489
mfa2bq,normal,0.7706159949302673
mwii0g,normal,0.8106724619865417
mhy4x9,normal,0.7636942267417908
ke63bw,normal,0.7762179970741272
iyry80,normal,0.7601276636123657
jmax07,normal,0.7117364406585693
ila1ko,normal,0.5344488024711609
iwvo5a,normal,0.7360454797744751
j3pplh,normal,0.5464824438095093
jvsoox,normal,0.7433890700340271
i1zenf,normal,0.7556501030921936
g5lxpt,normal,0.7647933959960938
gmom34,normal,0.7945008277893066
kafk5f,normal,0.7347382307052612
lg6vfe,normal,0.7591123580932617
kng2ka,normal,0.7012729644775391
m62nx8,normal,0.8045151233673096
monln2,normal,0.7338685989379883
mi4z7l,normal,0.6890907287597656
mb7ddi,normal,0.7768788933753967
mxiq47,normal,0.4620586931705475
ezur3x,normal,0.7422162294387817
mk6ujv,normal,0.6504663228988647
ld9x97,normal,0.641804039478302
kp8xpv,normal,0.7248307466506958
mfyi68,normal,0.6550102829933167
lfzayw,normal,0.8244253993034363
lfg5rg,normal,0.7247753739356995
mjq4zc,normal,0.7246202826499939
iv158p,normal,0.7989813089370728
en8i7l,normal,0.6595234274864197
gxh7sz,normal,0.7224993109703064
mjugno,normal,0.7503722310066223
c2kzan,normal,0.7533696293830872
99xpb3,normal,0.7015522122383118
77fast,normal,0.8026660680770874
af8rwj,normal,0.7027732133865356
9bxudp,normal,0.7943323254585266
ijmkcj,normal,0.7657674551010132
a74hk2,normal,0.789677083492279
680nt5,normal,0.7905817627906799
azxmww,normal,0.7195459008216858
jwava8,normal,0.7950371503829956
gvidkt,normal,0.8266040682792664
8neuop,normal,0.8142438530921936
22y7nj,normal,0.7896168231964111
2lqdgf,normal,0.7640642523765564
mf0xjg,normal,0.8131043910980225
mfgn3h,normal,0.7917435169219971
kguhak,normal,0.8023346066474915
j50wku,normal,0.782015860080719
k9d1rq,normal,0.7684272527694702
mw60mo,normal,0.7765315175056458
mk4c83,normal,0.7989283204078674
loxi5h,normal,0.7419643998146057
m885tt,normal,0.7790733575820923
mtfr9k,normal,0.7653902173042297
mizlxy,normal,0.7504482269287109
m6iws5,normal,0.7889601588249207
ct4rhw,normal,0.7499837875366211
lg5fmn,normal,0.73689204454422
ctdb7i,normal,0.758649468421936
m6v6xl,normal,0.791968822479248
m8r8a6,normal,0.7780947685241699
mt57dy,normal,0.7399675250053406
lg5a06,normal,0.703202486038208
ky5k40,normal,0.7123064398765564
k328r1,normal,0.7396854758262634
me25lr,normal,0.825796902179718
kln1em,normal,0.8162397742271423
kqcqde,normal,0.7142311930656433
kvoapv,normal,0.7506109476089478
k7m9qd,normal,0.7702301144599915
m5htd6,normal,0.7118914723396301
jgme3v,normal,0.7936789393424988
mrsre0,normal,0.7491010427474976
mxfgsh,normal,0.7800674438476562
m1fxop,normal,0.7290434241294861
lrepur,normal,0.7969962358474731
ktpbn3,normal,0.8104591965675354
mpx509,normal,0.7428657412528992
mbygwe,normal,0.7354877591133118
jo4hez,normal,0.7317731976509094
hjxkf8,normal,0.6476513147354126
kd9nv3,normal,0.7916398048400879
idhi55,normal,0.7444117665290833
hgrt9t,normal,0.8135480880737305
j0ssvh,normal,0.8168969750404358
ms5vpx,normal,0.7533893585205078
meosl1,normal,0.7589374780654907
m6bqmu,normal,0.7902724146842957
hrdkup,normal,0.781652569770813
lhqhaw,normal,0.6975967884063721
lce6fn,normal,0.6289028525352478
l29bva,normal,0.7138316631317139
koml8m,normal,0.7814010381698608
f9yu5n,normal,0.7176088094711304
hkw2dr,normal,0.8326270580291748
emtmxm,normal,0.7176088094711304
b5aanw,normal,0.7879763245582581
m8gq87,normal,0.7178969979286194
eegg0o,normal,0.7813808917999268
likuxs,normal,0.7388873100280762
m8vou2,normal,0.7729750275611877
mewv89,normal,0.70448899269104
jyh0bm,normal,0.7886013388633728
lnd883,normal,0.8236067891120911
mdgjqj,normal,0.7563591003417969
mwqxp7,normal,0.7851139903068542
m54ftq,normal,0.7902430891990662
lcw8ai,normal,0.7740442156791687
xi8uc,normal,0.8019421100616455
m0yj37,normal,0.7902395725250244
m4ftwb,normal,0.8169578313827515
l1ebs9,normal,0.7611265778541565
ke617q,normal,0.7762179970741272
kbmmyg,normal,0.7604790329933167
jnuoi5,normal,0.7485803961753845
jmatk3,normal,0.7117364406585693
j3poz7,normal,0.5410289764404297
iyrx8y,normal,0.7579361200332642
iwvnl4,normal,0.7322231531143188
jtegnj,normal,0.7305965423583984
htdjgj,normal,0.7677480578422546
gmoll0,normal,0.7922152280807495
hlj6uk,normal,0.8203026652336121
hljmwo,normal,0.7814423441886902
g4ub8z,normal,0.7729330658912659
edty41,normal,0.7436138987541199
e6m8ug,normal,0.6562933921813965
c7e9mk,normal,0.7396072745323181
b7d2ze,normal,0.7501826882362366
gkf42s,normal,0.7330243587493896
d7x2qi,normal,0.7199903130531311
ca4oee,normal,0.7670305967330933
d88uk6,normal,0.6529018878936768
a092vg,normal,0.695754885673523
d71z7r,normal,0.8030461072921753
dex6lk,normal,0.6912193298339844
acxg5p,normal,0.7161794900894165
8nid07,normal,0.7378566265106201
6so1bp,normal,0.7400526404380798
1s809j,normal,0.8049046993255615
1twlx4,normal,0.801756739616394
az349a,normal,0.7660256624221802
2m7im3,normal,0.7745053768157959
1l0ah9,normal,0.7777470946311951
1gyawy,normal,0.7881902456283569
1quer3,normal,0.803492546081543
6uainy,normal,0.8007739186286926
31laxm,normal,0.7886142730712891
1df8i4,normal,0.7633387446403503
2voybm,normal,0.7814763784408569
2axi9j,normal,0.7781180143356323
s2asx,normal,0.7894506454467773
5zyv15,normal,0.7535106539726257
1bssjq,normal,0.8002044558525085
sdbzw,normal,0.7632846832275391
52ql85,normal,0.7034056186676025
1ptu66,normal,0.8398312330245972
1emvvx,normal,0.8255383968353271
8q5hb2,normal,0.7884122133255005
1retjp,normal,0.7759080529212952
kfjru8,normal,0.7246394753456116
jwktnb,normal,0.5838636159896851
dv9buz,normal,0.8011202216148376
fkm198,normal,0.7978756427764893
9xgsap,normal,0.8087795972824097
b1kqk2,normal,0.7626957297325134
aa9njm,normal,0.7849923372268677
474se3,normal,0.6427425146102905
6jtgw1,normal,0.7946717143058777
2y20sb,normal,0.791126012802124
3a6qyq,normal,0.7369582056999207
22xx0m,normal,0.6681244969367981
3y5lv0,normal,0.6601485013961792
6eum61,normal,0.7551761865615845
mperco,normal,0.7619543075561523
fghgrq,normal,0.7782522439956665
m884p2,normal,0.7788918018341064
l8tcpu,normal,0.823387622833252
lp2h9w,normal,0.6349710822105408
mdprmf,normal,0.8022795915603638
db1st4,normal,0.8131580352783203
m13wmb,normal,0.7300454378128052
kwzpmi,normal,0.8031485676765442
ltqc6w,normal,0.7156925201416016
mbaaxq,normal,0.7916426658630371
lqrhio,normal,0.7092573642730713
lutrv3,normal,0.7353129982948303
l1sj8c,normal,0.7959909439086914
9x3l7b,normal,0.7634231448173523
m8r940,normal,0.7780947685241699
khge4z,normal,0.8071107268333435
ky1p1i,normal,0.8148975372314453
mvdjm2,normal,0.7283928990364075
mxp5bs,normal,0.7411150336265564
ms1n9f,normal,0.7349593043327332
morkth,normal,0.7211915850639343
miivoi,normal,0.7300259470939636
mey4j2,normal,0.8027544021606445
jcef18,normal,0.7789969444274902
lmk1oe,normal,0.6360390782356262
mh6iln,normal,0.5953789949417114
mcn1g2,normal,0.7747397422790527
m8fnyg,normal,0.7311120629310608
lwyhg7,normal,0.8180825114250183
mvhxar,normal,0.7718796730041504
lx0nz6,normal,0.8278188109397888
gh3c38,normal,0.7519431114196777
m4t7fq,normal,0.7914824485778809
l4shjf,normal,0.760587215423584
m8avn1,normal,0.8082464337348938
ksvykn,normal,0.7129637598991394
lt1rwv,normal,0.7652226686477661
lzo7wc,normal,0.7419309020042419
loj4ju,normal,0.5827821493148804
lo7jcg,normal,0.7054221630096436
lvu77k,normal,0.7484975457191467
mrxdgq,normal,0.748436450958252
mkvkas,normal,0.6930158138275146
m8obx1,normal,0.8073859214782715
mmuzw8,normal,0.7361446619033813
laenxw,normal,0.7235007882118225
l5i09v,normal,0.7654520273208618
knf85f,normal,0.792822539806366
lj2qdj,normal,0.7735238075256348
2f6rwm,normal,0.741050124168396
iq6fol,normal,0.8324405550956726
2f5pe9,normal,0.818524181842804
34xj65,normal,0.714137852191925
jfo1qi,normal,0.6247343420982361
m91xed,normal,0.7071279287338257
m18qsp,normal,0.7806077003479004
lnafpl,normal,0.6949991583824158
lt1l0j,normal,0.7798202037811279
mt855b,normal,0.7418402433395386
luluvy,normal,0.8099945187568665
lvg8yj,normal,0.789585530757904
haf78y,normal,0.8120211958885193
mdmzvt,normal,0.7750283479690552
lnuvpg,normal,0.7625957727432251
j48jwa,normal,0.5831568837165833
3ke7ix,normal,0.8019633293151855
3ie7o9,normal,0.815092921257019
1p9rvo,normal,0.7830020785331726
3le0gl,normal,0.8014951944351196
bkf5cy,normal,0.8219700455665588
du0l3p,normal,0.7204921245574951
e030qj,normal,0.7532371878623962
