tweet_id,classification,classification_score
e95pyo,normal,0.700795590877533
kdq8q6,normal,0.7785437703132629
jw2val,normal,0.7190746665000916
cfgby4,normal,0.7440904974937439
ic7ou2,normal,0.7380224466323853
glc2ed,normal,0.8239457011222839
gw012b,normal,0.737488329410553
a8bilz,normal,0.8074211478233337
7p8c8v,normal,0.8022213578224182
7g7rwg,normal,0.7214962840080261
7njw3x,normal,0.7824047207832336
8b8xab,normal,0.6866554021835327
iseeck,normal,0.7848786115646362
i8u1fe,normal,0.8056533336639404
ibualj,normal,0.7882915735244751
k1pmw3,normal,0.7618665099143982
jw9xzy,normal,0.7275019884109497
hmyeca,normal,0.8080956935882568
jw9zr1,normal,0.7671053409576416
a1slrd,normal,0.785818338394165
7ghw09,normal,0.7918534874916077
8bkwtq,normal,0.8066454529762268
etgs5t,normal,0.7298967838287354
a156a9,normal,0.7796470522880554
jtz22l,normal,0.8160817623138428
b2qzds,normal,0.7941797971725464
7ghnvm,normal,0.6564121842384338
7d6p3i,normal,0.784656286239624
k01o82,normal,0.7918710112571716
dio0ew,normal,0.5744810700416565
88bdc0,normal,0.8119539618492126
2ea23q,normal,0.8283683061599731
5bfdp9,normal,0.7700821757316589
5v4heh,normal,0.7320884466171265
6cqg89,normal,0.6410194635391235
lwk7uw,normal,0.8432229161262512
deyy8r,normal,0.8432229161262512
75jgki,normal,0.833521842956543
38l5z7,normal,0.6652582883834839
dyy4kj,normal,0.694891631603241
75wpu3,normal,0.7854132056236267
2h6mut,normal,0.8109503388404846
3b5pyr,normal,0.6760801076889038
2h8ap9,normal,0.7387177348136902
9mtx2k,normal,0.8352859616279602
2imin9,normal,0.8055936098098755
enwu6f,normal,0.6102421879768372
6ovf8o,normal,0.7870673537254333
2jbk1i,normal,0.7926730513572693
7eoqgz,normal,0.5755522847175598
4g0xbg,normal,0.6639642715454102
msxm32,normal,0.7984856963157654
mq11l7,normal,0.7641632556915283
mv12dp,normal,0.7472713589668274
im1esm,normal,0.778699517250061
izm2w0,normal,0.7792063355445862
hboicp,normal,0.749335765838623
i8p18k,normal,0.7921728491783142
m48ih8,normal,0.7741804122924805
h87hyr,normal,0.8200147747993469
l68jkt,normal,0.7625241875648499
gke19m,normal,0.662552535533905
l9fdwz,normal,0.7722697854042053
lkz2s5,normal,0.777971088886261
gvit42,normal,0.7152450680732727
jwcvgo,normal,0.8052568435668945
j3cg1j,normal,0.7361980080604553
lkfl9x,normal,0.7587606310844421
lfwjlq,normal,0.7466660737991333
lwydqn,normal,0.7558811902999878
e2rfdn,normal,0.7932250499725342
77js3v,normal,0.738960862159729
2u07e8,normal,0.7323627471923828
43bk8e,normal,0.8235699534416199
1qww23,normal,0.7211454510688782
3vty2v,normal,0.6755850315093994
3wdod7,normal,0.8206944465637207
f30kkn,normal,0.7755364775657654
1r61kn,normal,0.81004399061203
1p4llu,normal,0.7947275638580322
9pj9g2,normal,0.7628991603851318
mvszmo,normal,0.7778735160827637
moao5p,normal,0.7845584750175476
mmptiq,normal,0.7614349126815796
mj3c9z,normal,0.7879074215888977
mcjurl,normal,0.7919738292694092
mazegx,normal,0.8012756109237671
matcar,normal,0.8003754615783691
m82ciy,normal,0.7810410261154175
m8cux7,normal,0.7188493609428406
ll6qzw,normal,0.7886154651641846
ll20uy,normal,0.7861467599868774
lf2yqx,normal,0.7415764927864075
lcqty2,normal,0.6950582265853882
kuqmu3,normal,0.7232679724693298
6nwai7,normal,0.741877555847168
78npwl,normal,0.5160138010978699
5yfgrd,normal,0.7660912275314331
6bawiv,normal,0.7109606862068176
84f1ir,normal,0.7984849810600281
5veqkt,normal,0.765827476978302
mtn3r7,normal,0.7612339854240417
mr0uqx,normal,0.7651212811470032
mj6nel,normal,0.7515333294868469
mgrtlf,normal,0.7173125743865967
mi1468,normal,0.7772935032844543
mf9jpt,normal,0.6996573805809021
mcga7g,normal,0.7952234148979187
m92f6w,normal,0.7498557567596436
maqsv6,normal,0.7997674345970154
m6zkkq,normal,0.8267876505851746
m8toxr,normal,0.7857187390327454
m0twug,normal,0.7610900402069092
lzwxqh,normal,0.7391989231109619
lybj27,normal,0.6889820098876953
lush1r,normal,0.8073581457138062
mvvspz,normal,0.7579175233840942
mu8imz,normal,0.7602194547653198
mu8zq7,normal,0.7479594349861145
mtvqny,normal,0.7795482277870178
mrbn89,normal,0.7762542366981506
moaruo,normal,0.6867152452468872
mo4zb3,normal,0.8235951066017151
mm45ro,normal,0.8228411078453064
4npng3,normal,0.7781113982200623
4m9jh5,normal,0.7393015623092651
7r1f62,normal,0.7640244960784912
6ovelq,normal,0.7868456840515137
5zl410,normal,0.7925846576690674
e2driy,normal,0.5993077158927917
kgcnc4,normal,0.7956359386444092
c8h5fw,normal,0.7913914918899536
c6bhw9,normal,0.7202446460723877
2rxcj1,normal,0.7943761348724365
a30xxn,normal,0.7873742580413818
964paa,normal,0.6540025472640991
544abx,normal,0.7647219896316528
71ghrz,normal,0.7427955865859985
2x6j0b,normal,0.7464746236801147
3ikofd,normal,0.8070916533470154
4gqgu8,normal,0.8131581544876099
6q18ty,normal,0.7479381561279297
2o9y9m,normal,0.7923761606216431
4is627,normal,0.8045439720153809
l9pu98,normal,0.7956956624984741
jotjmi,normal,0.5848261117935181
ipnmay,normal,0.6597652435302734
e6yva6,normal,0.822507381439209
7i9w1z,normal,0.8112146258354187
8zkytb,normal,0.7615426778793335
ch3wn8,normal,0.7480941414833069
bjesys,normal,0.7606449723243713
7xsw4j,normal,0.7759983539581299
9n0eah,normal,0.7374340891838074
7mfo41,normal,0.5448294281959534
70ypny,normal,0.7099543213844299
6pln2k,normal,0.4603078365325928
lo7me1,normal,0.7763440012931824
amtk0u,normal,0.7517285943031311
3cqs81,normal,0.8010129332542419
5xak6x,normal,0.756733238697052
31avuf,normal,0.7661682963371277
374w38,normal,0.7377892732620239
33g2yl,normal,0.7370686531066895
5lcoqr,normal,0.7416660189628601
45dvvk,normal,0.7428954839706421
24gsjs,normal,0.7445768117904663
4otukh,normal,0.7898378968238831
4grxtz,normal,0.7637918591499329
34kz1n,normal,0.7486112713813782
5iejk0,normal,0.681784451007843
c8owpq,normal,0.7527123093605042
5kzw9d,normal,0.7870326042175293
2m30bh,normal,0.6947954297065735
36lqpv,normal,0.8196907639503479
6vgr6i,normal,0.5853690505027771
ghpf51,normal,0.8162122368812561
b3brin,normal,0.8432229161262512
i8kqxg,normal,0.7751527428627014
1y407u,normal,0.6538111567497253
37ox8m,normal,0.7559303641319275
43kse1,normal,0.7701951265335083
2t7no2,normal,0.8059489130973816
2m35dm,normal,0.7495447993278503
4c8x8k,normal,0.7058936357498169
7ek16o,normal,0.7895060777664185
3s87ft,normal,0.6277180314064026
10lhyj,normal,0.7488749027252197
ijj7j7,normal,0.6434959173202515
mhf394,normal,0.7688910365104675
cucxlq,normal,0.7744196057319641
9d8fr1,normal,0.7249867916107178
b98rjz,normal,0.709587037563324
9u1vqs,normal,0.7611194252967834
9qdd6v,normal,0.7773772478103638
mwkdm6,normal,0.7760950326919556
mrwtpw,normal,0.7562392950057983
ms161i,normal,0.799003005027771
mpsvue,normal,0.749326229095459
mixf9g,normal,0.7877975106239319
misvbf,normal,0.7626577615737915
metwdo,normal,0.6710097193717957
mb12a1,normal,0.8001464605331421
lqc6qw,normal,0.6641955971717834
lheet5,normal,0.7892144322395325
lgx8gd,normal,0.7570430040359497
lg0v5h,normal,0.8340500593185425
lfc9e0,normal,0.7588964700698853
ler9nc,normal,0.7786170840263367
ld0jtb,normal,0.7469044327735901
ixwsvd,normal,0.7340861558914185
9lcau6,normal,0.7224210500717163
92rarf,normal,0.7819857597351074
7ivhwc,normal,0.7331793904304504
mr3jsw,normal,0.5893121957778931
mcr6qa,normal,0.7843348383903503
m655we,normal,0.6674346923828125
mh2cfe,normal,0.7053656578063965
m5oaj6,normal,0.8021629452705383
ixrgsg,normal,0.7515904903411865
le5xk9,normal,0.7327420115470886
iojrs3,normal,0.7005237936973572
lgtrsd,normal,0.7383986115455627
jmk0la,normal,0.7600071430206299
ku78ci,normal,0.8054335713386536
jth5jk,normal,0.7629993557929993
ksdaou,normal,0.7339391112327576
dhvdmh,normal,0.7776924967765808
ma3f3q,normal,0.8340081572532654
lyawqk,normal,0.6257691383361816
ldns9g,normal,0.6710467338562012
l1zybm,normal,0.7266985177993774
kf5ybl,normal,0.8008330464363098
k8fcq4,normal,0.7795440554618835
jmuk93,normal,0.7665221095085144
ih7agx,normal,0.7264539003372192
ifftnl,normal,0.7785643339157104
ieejyp,normal,0.7939541935920715
i2o0j0,normal,0.7387664318084717
mwmpeu,normal,0.7075859904289246
mu43r1,normal,0.7540715336799622
mrxsr8,normal,0.7340967059135437
mp0kyc,normal,0.7818670868873596
mqhx5o,normal,0.721910834312439
mpnktn,normal,0.788364052772522
mp0jdm,normal,0.7440342307090759
mnb6pk,normal,0.7580618262290955
mo70rx,normal,0.7225562930107117
mj9gmt,normal,0.7734681367874146
mgw95p,normal,0.7511109113693237
midk4d,normal,0.6747226715087891
mift4h,normal,0.7440322637557983
mryzjs,normal,0.7522749900817871
lo4d0g,normal,0.8154815435409546
jyd6bq,normal,0.7750366926193237
kg30s6,normal,0.7814549803733826
jyug2m,normal,0.799843430519104
kw5ywq,normal,0.7890627384185791
ji3vba,normal,0.5725202560424805
i5b01u,normal,0.6496744751930237
i45h4r,normal,0.7069863677024841
jxhcwd,normal,0.79253089427948
l9jepz,normal,0.8051750063896179
hmgrrl,normal,0.6387989521026611
i3ld2m,normal,0.8005537390708923
i7ht5t,normal,0.7775540947914124
mh28he,normal,0.7426177263259888
l83n3a,normal,0.778774619102478
mq769z,normal,0.7912477850914001
kvlmko,normal,0.7794962525367737
mw515u,normal,0.7924469113349915
ltgpd0,normal,0.7768282890319824
jb61hp,normal,0.7004220485687256
ir1bzt,normal,0.6675167083740234
hxmxa9,normal,0.790608823299408
dv59my,normal,0.7778264880180359
epwqjd,normal,0.7670674324035645
k5s5bm,normal,0.7485474944114685
ecws1c,normal,0.7758076786994934
erso40,normal,0.7589507699012756
e55i43,normal,0.782443106174469
dyzb82,normal,0.7809919714927673
acz8re,normal,0.8047438859939575
9rs4lo,normal,0.7711135745048523
ldkatb,normal,0.7585384845733643
ge13hu,normal,0.7893762588500977
kymjcg,normal,0.7838613390922546
e4rqra,normal,0.740023672580719
b5i7f8,normal,0.6835941672325134
djah17,normal,0.7518526911735535
hxw0ev,normal,0.7624449729919434
e3qd5x,normal,0.751008927822113
d0r5xf,normal,0.7285726070404053
dlfahk,normal,0.8086634278297424
cp1xiu,normal,0.7687825560569763
cr61c8,normal,0.7631741762161255
bnkadp,normal,0.6926108002662659
doqpo7,normal,0.7864720821380615
e95obm,normal,0.6544070839881897
k7bk4p,normal,0.7794458270072937
ji18df,normal,0.7181481719017029
i83zt2,normal,0.813355565071106
i5jp4k,normal,0.77985680103302
eb3ikt,normal,0.7283339500427246
eqy1hu,normal,0.7228055000305176
d6zslv,normal,0.6141456365585327
9ucxzk,normal,0.7164703011512756
akpxuh,normal,0.7212002277374268
9y0te2,normal,0.5628843307495117
9vvms7,normal,0.7233097553253174
jj7plc,normal,0.7900729775428772
j57d60,normal,0.6891844868659973
ir5yx5,normal,0.6450852155685425
7v0ltl,normal,0.6540457010269165
hiwi2r,normal,0.7506394982337952
bcejjp,normal,0.8233314156532288
a525nc,normal,0.7660407423973083
kbldp5,normal,0.7316128015518188
mg213b,normal,0.6825364232063293
kt3b9x,normal,0.7966963052749634
dgwjck,normal,0.7307214140892029
innqp0,normal,0.7955840826034546
d7f1sn,normal,0.7489147186279297
dnlpjl,normal,0.8210874795913696
j82vkp,normal,0.7826837301254272
josmvt,normal,0.6829979419708252
hkvp3m,normal,0.7882094383239746
cmllq8,normal,0.716025710105896
elf0ld,normal,0.7908980846405029
bv7bs8,normal,0.8083928227424622
d51yba,normal,0.7589701414108276
igsdsp,normal,0.7512577772140503
dx1w9s,normal,0.7435754537582397
dqwj5d,normal,0.7732188105583191
kqfjak,normal,0.7428622245788574
hzp179,normal,0.7451662421226501
ekmboo,normal,0.7748173475265503
dabt7m,normal,0.8203508257865906
k3blqu,normal,0.8007764220237732
k76gbd,normal,0.8199507594108582
bded8l,normal,0.7933157086372375
cn978y,normal,0.7328622341156006
ifa8l1,normal,0.800504744052887
9y3zra,normal,0.777455747127533
9658dg,normal,0.7883167862892151
afnssc,normal,0.7632283568382263
ew8wcx,normal,0.710547685623169
i0arlr,normal,0.7985411286354065
eq1fdc,normal,0.6765952706336975
ljhfi5,normal,0.6597082614898682
i5slum,normal,0.7468956708908081
igdzvj,normal,0.7591413855552673
d7d5sk,normal,0.8233203291893005
gwo899,normal,0.6714583039283752
eepl8t,normal,0.7517860531806946
gm86a3,normal,0.7535611391067505
ds556g,normal,0.7525029182434082
ejrmut,normal,0.7971238493919373
ej6562,normal,0.7471191883087158
mp6w3r,normal,0.7460051774978638
la8ots,normal,0.7833472490310669
jy5yyn,normal,0.6770997643470764
errefp,normal,0.7552617788314819
k1kyk4,normal,0.6467076539993286
ft1tzy,normal,0.6839547157287598
j4p31q,normal,0.7810419797897339
hqoinl,normal,0.7660812139511108
iozu5r,normal,0.6781471967697144
eox6fj,normal,0.7426207661628723
e84lvx,normal,0.794667661190033
gj9rrr,normal,0.7054743766784668
dsrepv,normal,0.6387508511543274
df0quj,normal,0.7616556286811829
mqlgem,normal,0.7796129584312439
mvnvuw,normal,0.7559034824371338
m81au8,normal,0.7747313976287842
jw5cs4,normal,0.7106685042381287
esgd88,normal,0.7495114207267761
jqfqbn,normal,0.8223792314529419
jg3wku,normal,0.7461205124855042
jyi1dy,normal,0.6698723435401917
ix11oo,normal,0.765674889087677
jd8v6f,normal,0.7854645848274231
j70fc5,normal,0.7941392064094543
hdk5hj,normal,0.706744372844696
gpwk4t,normal,0.7720322608947754
iamfuz,normal,0.7872597575187683
jv5umq,normal,0.7275019884109497
jn0n92,normal,0.8226644396781921
jmggim,normal,0.7669471502304077
jkoj5c,normal,0.7361383438110352
jlazlw,normal,0.7945353388786316
cdwkj4,normal,0.7522966265678406
eyn0uk,normal,0.6296899318695068
a6hiae,normal,0.6550592184066772
lcjnjv,normal,0.77827388048172
mafhyd,normal,0.7393539547920227
ifxutx,normal,0.789183497428894
jyazhs,normal,0.6949548125267029
gs5u4s,normal,0.7288133502006531
exru3z,normal,0.7724714279174805
g4a5d4,normal,0.8298237323760986
gma41g,normal,0.6152357459068298
dcz78x,normal,0.7700309157371521
kzlqg7,normal,0.6695927381515503
m6i09b,normal,0.7543222904205322
mgk654,normal,0.7730798721313477
ik44pm,normal,0.7585472464561462
gd3k15,normal,0.6621747016906738
mcj2k4,normal,0.7955162525177002
g3cl4c,normal,0.778433620929718
mgoznm,normal,0.7891896367073059
lnqabl,normal,0.7909166216850281
laihzl,normal,0.7887837290763855
knhi68,normal,0.6502372622489929
gye7e2,normal,0.7685088515281677
juhl1h,normal,0.7420000433921814
joc8d0,normal,0.8046024441719055
lvftar,normal,0.6444913744926453
mlotal,normal,0.7721456289291382
md3rmp,normal,0.6954293251037598
me5efg,normal,0.8202329874038696
ki8p3u,normal,0.5218269228935242
e7gkwr,normal,0.8173052668571472
jv5wb8,normal,0.7674763798713684
jv6e5p,normal,0.7747894525527954
ingvuk,normal,0.7944868803024292
gffh1a,normal,0.768694281578064
j9ztpi,normal,0.7805700898170471
gleobe,normal,0.7516471147537231
drot8i,normal,0.7573297023773193
gmvgcx,normal,0.807829737663269
e4n6lg,normal,0.7720944285392761
e024yd,normal,0.8344542384147644
ej6rws,normal,0.815060019493103
dwixrh,normal,0.795987069606781
mwe0n5,normal,0.7943438291549683
kea43o,normal,0.8227498531341553
mp635y,normal,0.6379899978637695
ms4fdc,normal,0.7295889854431152
mgdpfa,normal,0.7579571604728699
kplmlm,normal,0.8050695657730103
mbx46l,normal,0.8382090330123901
m59w9m,normal,0.6937559843063354
jgp8t3,normal,0.7794778943061829
mdc1ka,normal,0.7777540683746338
kuz4yt,normal,0.7496023178100586
m0s6zd,normal,0.6557326912879944
k4xbi7,normal,0.606376051902771
lrwaoj,normal,0.677486002445221
k2in1k,normal,0.7971068620681763
f10fca,normal,0.5577799677848816
jscivw,normal,0.7650349736213684
evk8jw,normal,0.7431002855300903
jt00b3,normal,0.7902756333351135
jgcrhp,normal,0.7252593040466309
dzp8xo,normal,0.6744771003723145
e1pry2,normal,0.8169006705284119
he3myb,normal,0.7986534833908081
et23cg,normal,0.7073324918746948
e7moec,normal,0.7430949807167053
eriqxk,normal,0.6672792434692383
d6yetu,normal,0.7506140470504761
lrtr1h,normal,0.8042978048324585
kqqld9,normal,0.8160718679428101
habxr7,normal,0.6965168118476868
goerg9,normal,0.789067268371582
mero06,normal,0.8382218480110168
mlat6n,normal,0.7696641087532043
i3pokm,normal,0.7455006241798401
fqo3df,normal,0.6967883110046387
kbdal2,normal,0.7367354035377502
l0uedx,offensive,0.4998936355113983
kslshy,normal,0.7033945322036743
dvy7ag,normal,0.7668516635894775
gj1m87,normal,0.7177306413650513
ka9r40,normal,0.7219993472099304
h8ewl1,normal,0.5834364295005798
jgcb22,normal,0.7634902000427246
hqd4z8,normal,0.7942097783088684
hh056a,normal,0.7744600772857666
5q1py4,normal,0.7651376128196716
gwjf5s,normal,0.7263177633285522
mxlh8o,normal,0.8230699896812439
muoaqt,normal,0.7689017057418823
mxin93,normal,0.7025885581970215
mxl5ye,normal,0.8119810819625854
mxhc1l,normal,0.7811344265937805
mxqvvb,normal,0.7807446718215942
mxdtsl,normal,0.797322690486908
mw6udo,normal,0.8278265595436096
mtvumi,normal,0.6964738965034485
mx81xo,normal,0.5896810293197632
mwjmlz,normal,0.7551305294036865
mw4nrj,normal,0.7189069986343384
mwtw4o,normal,0.7742885947227478
mwmmj7,normal,0.6914991140365601
mwg511,normal,0.6897380948066711
lj2zks,normal,0.5982844829559326
m0xij7,normal,0.7987203001976013
mc8dua,normal,0.808660626411438
m87yln,normal,0.7426992058753967
mcwkfh,normal,0.723720133304596
kkd9ug,normal,0.7146173715591431
jsd50w,normal,0.7237100005149841
fusck7,normal,0.6922035217285156
llrppq,normal,0.7951769232749939
kwrp98,normal,0.8148254156112671
m19rq7,normal,0.6600473523139954
kf3rgm,normal,0.6863365173339844
mpluim,normal,0.8302710652351379
mtfhbr,normal,0.7875924110412598
iuoh3n,normal,0.7899417877197266
mwv4nd,normal,0.78572016954422
mlbum1,normal,0.6753206253051758
mrrxlk,normal,0.7573637366294861
mqamqi,normal,0.7764348983764648
mxb2vt,normal,0.6379143595695496
m5vrvy,normal,0.824410080909729
mvyu26,normal,0.7871003746986389
mxggoi,normal,0.769300639629364
mle1ga,normal,0.6857098340988159
ll9bg8,normal,0.7177371978759766
mrqjvj,normal,0.8063461780548096
mhzv0g,normal,0.780590295791626
mqel0h,normal,0.5609001517295837
m8jx9s,normal,0.7769858837127686
lx8pi8,normal,0.7548990845680237
gvx3h3,normal,0.8279836773872375
m8rtgg,normal,0.6805574893951416
kkmjjr,normal,0.7992343902587891
m5wqu2,normal,0.7366607189178467
6ktzf5,normal,0.751984715461731
llh00j,normal,0.7551451325416565
kxj1e8,normal,0.7359969019889832
jvjild,normal,0.753638505935669
l0gxr3,normal,0.762518048286438
75fivn,normal,0.8075661063194275
kaekzi,normal,0.7700080871582031
7x0ywi,normal,0.7045120596885681
l3mhqs,normal,0.7710807919502258
82j41b,normal,0.7764295935630798
mip9sm,normal,0.8116414546966553
ktqkhe,normal,0.7894084453582764
ixic04,normal,0.7631222605705261
lty9rk,normal,0.7587032914161682
lkwam7,normal,0.7753660082817078
kzhonj,normal,0.816846489906311
kdnkke,normal,0.7369700074195862
k6h2ip,normal,0.7701078653335571
mm9yay,normal,0.5687514543533325
g88h8n,normal,0.7835732698440552
miudee,normal,0.6482298970222473
gz5sfx,normal,0.7584956884384155
lomo45,normal,0.7851411700248718
mwcwm1,normal,0.606806755065918
ltr7ll,normal,0.7667067646980286
m72e9s,normal,0.8334607481956482
mehnk8,normal,0.6787974834442139
mi08yv,normal,0.7512847781181335
mji2uq,normal,0.774335503578186
m2d2sb,normal,0.793064296245575
l4fmdh,normal,0.6979590058326721
kap48w,normal,0.8013521432876587
moaea0,normal,0.7575374245643616
msxbcs,normal,0.7813329696655273
m7disl,normal,0.7215533256530762
mpcxc2,normal,0.6955769062042236
m6f7js,normal,0.7168384194374084
ktay9l,normal,0.8031414151191711
lqn35h,normal,0.8191088438034058
mmwrji,normal,0.7842526435852051
mi3829,normal,0.8050265908241272
mco0om,normal,0.7930829524993896
mfoe84,normal,0.8330642580986023
lgeob5,normal,0.7880305647850037
m7diw9,normal,0.6224538683891296
m3pqlw,normal,0.7490200996398926
lwjj7k,normal,0.8133919835090637
mchrwb,normal,0.812533974647522
m47x7b,normal,0.8162552118301392
mdyrq4,normal,0.7863194942474365
lyltau,normal,0.8320122957229614
m5sj3e,normal,0.7883761525154114
jwjs0j,normal,0.7768746614456177
le1m6f,normal,0.7504661083221436
mcimgq,normal,0.765388011932373
jsucul,normal,0.7246344685554504
lkosdr,normal,0.7910891771316528
luez8n,normal,0.6674346923828125
mxoutz,normal,0.6389620304107666
jic73a,normal,0.7635692954063416
mfnl9y,normal,0.7723562717437744
mgt63g,normal,0.7106975317001343
mtfjy4,normal,0.6844320297241211
mp6x9a,normal,0.7838439345359802
mtmucb,normal,0.6357675790786743
lbmm21,normal,0.744144082069397
m8d03n,normal,0.7074112296104431
lydrtf,normal,0.7906497716903687
mwixll,normal,0.7945736646652222
la4zs5,normal,0.7855851054191589
lxfkzc,normal,0.7644073963165283
jetr9a,normal,0.5180452466011047
l0reif,normal,0.7811553478240967
m4nwet,normal,0.6766465902328491
lrz73m,normal,0.7834773063659668
mkvn4m,normal,0.7036305665969849
ly0do9,normal,0.7779725193977356
muxu15,normal,0.7722209095954895
mj775l,normal,0.6947438716888428
mc8q6z,normal,0.8189380168914795
ly3g3x,normal,0.6542766094207764
mbtdmc,normal,0.7665948867797852
l2c5g4,normal,0.6406265497207642
mjww2h,normal,0.7899540662765503
l3xuxm,normal,0.6907194256782532
mhchrg,normal,0.7224898934364319
l0o86a,normal,0.723405659198761
mchnw8,normal,0.7037157416343689
mb05xh,normal,0.7531847953796387
kuo0dt,normal,0.7004059553146362
mjenuj,normal,0.7960480451583862
khjx0p,normal,0.7490307688713074
lqla3l,normal,0.6753477454185486
mt9ad6,normal,0.6800231337547302
j993qo,normal,0.7563543319702148
i7puy7,normal,0.7106758952140808
miu4vt,normal,0.7540343403816223
k5lfmp,normal,0.7882499694824219
lazx0l,normal,0.7915750741958618
lcel12,normal,0.7980165481567383
lzu0sq,normal,0.7390891313552856
mosza4,normal,0.6491629481315613
fln7j7,normal,0.7744287848472595
gwh8ij,normal,0.8070911169052124
msvks5,normal,0.7109864950180054
mt4ojz,normal,0.7792817950248718
lernpg,normal,0.7903376221656799
m6qbhq,normal,0.7754022479057312
l9g375,normal,0.7446891665458679
jcnxqm,normal,0.7485339045524597
hztsn5,normal,0.7637273669242859
bhwp9o,normal,0.8106776475906372
m7wbpm,normal,0.7810564637184143
hrz2lm,normal,0.7834848165512085
jas46r,normal,0.6869168877601624
m4lw16,normal,0.8097150921821594
lu2avl,normal,0.7833178043365479
k5ym7i,normal,0.7847336530685425
mg72qq,normal,0.7676982283592224
k1kjf6,normal,0.746178388595581
l84qbd,normal,0.7248719930648804
k684a1,normal,0.8127618432044983
jcfmgc,normal,0.6340270638465881
j412en,normal,0.6340270638465881
ml8rh4,normal,0.808466374874115
kz818b,normal,0.7865779399871826
hyeaen,normal,0.7577030062675476
dws91u,normal,0.6473931074142456
duckqc,normal,0.8163390159606934
kx9mvh,normal,0.7499921321868896
ks0q04,normal,0.7006656527519226
la8z3o,normal,0.7660539150238037
age8z7,normal,0.8230346441268921
mecpda,normal,0.7722848653793335
lg3xg8,normal,0.8099564909934998
mx2rk4,normal,0.776305615901947
mmuot6,normal,0.7811020612716675
m6bi2l,normal,0.8032594919204712
lttjjv,normal,0.7635222673416138
hn86wo,normal,0.6532154083251953
molrmh,normal,0.7963664531707764
ju3ko3,normal,0.7333406805992126
meyu6j,normal,0.7031698822975159
bnqje9,normal,0.7717878222465515
llsf51,normal,0.7839747071266174
mqmyiw,normal,0.740813672542572
mvtazw,normal,0.7041345238685608
leygeu,normal,0.5266958475112915
kiifud,normal,0.7716344594955444
lgbc70,normal,0.7865854501724243
k85n4o,normal,0.7311918139457703
lglt0f,normal,0.7438713312149048
llcwou,offensive,0.40695035457611084
leqryv,normal,0.8023421764373779
lf1j1b,normal,0.6596508622169495
lwxx6j,normal,0.8054593205451965
iil209,normal,0.7643172144889832
i5ozhj,normal,0.7617366909980774
lwjy7k,normal,0.7488526105880737
mtspy8,offensive,0.48640745878219604
jut0ej,normal,0.6880120038986206
mrob1t,normal,0.728453516960144
l2d6cj,normal,0.7401614785194397
kbj1k2,normal,0.7305747866630554
kr4aff,normal,0.7501260042190552
mjh2za,normal,0.6382679343223572
jhxbqk,normal,0.7745058536529541
mo6n6d,normal,0.81393963098526
kyp6ru,normal,0.7023369073867798
mxmanm,normal,0.6922211050987244
kw5ihf,normal,0.7697598934173584
jcazfe,normal,0.7703714966773987
fymre6,normal,0.8093807697296143
m1fw8v,normal,0.7893360257148743
m34ylg,normal,0.5072759389877319
lru41y,normal,0.798689067363739
k1s6nc,normal,0.8100885152816772
met5nd,normal,0.7050412893295288
etbgfc,normal,0.7557958960533142
efcru0,normal,0.7912850975990295
ipj3mt,normal,0.7540030479431152
d2aumk,normal,0.6880064010620117
aj1osh,normal,0.7189258933067322
mbdtxl,normal,0.6359596848487854
f61eqy,normal,0.7206452488899231
meibzg,normal,0.7145082354545593
ccv3be,normal,0.7472675442695618
haksqi,normal,0.7652263045310974
jb07nu,normal,0.7716437578201294
1ax3b9,normal,0.6042380928993225
4o4huf,normal,0.6632843613624573
620vlf,normal,0.8039320707321167
2b851p,normal,0.773581326007843
10e573,normal,0.8106536269187927
6ffy94,normal,0.7733702659606934
19geic,normal,0.7597917914390564
mou0ad,normal,0.7627427577972412
ktyhsp,normal,0.6949930191040039
lz6ugf,normal,0.7087224125862122
k0d4un,normal,0.5053383111953735
lpsa3n,normal,0.7615718245506287
hgwtzj,normal,0.7380955815315247
jmvfrl,normal,0.7228778600692749
khil13,normal,0.7758246660232544
llizzf,normal,0.6660284399986267
j9sjhi,normal,0.740351140499115
k21m47,normal,0.7274235486984253
kvovp6,normal,0.7334252595901489
3joyi1,normal,0.78209388256073
gg7bdr,normal,0.6694106459617615
g7msx2,normal,0.7851925492286682
lbilg3,normal,0.6824473738670349
b68kv9,normal,0.7531934380531311
kkvddl,normal,0.7788305878639221
m4hyrf,normal,0.7724945545196533
it6pm8,normal,0.7158533334732056
lo9bc3,normal,0.7452271580696106
1co179,normal,0.6735024452209473
hibg2c,normal,0.7206088304519653
1jshwz,normal,0.7396749258041382
1darjv,normal,0.6537193655967712
l8ok9d,normal,0.7788349986076355
evnm3b,normal,0.829653799533844
lnezp9,normal,0.7621489763259888
kwf0tk,normal,0.7836300730705261
m3lgq5,normal,0.5099626779556274
mm6ynt,normal,0.6322255730628967
iqou89,normal,0.4827667772769928
kqln8b,normal,0.7315848469734192
kmi8jm,normal,0.6719566583633423
5h9ol6,normal,0.8030647039413452
jj1bsw,normal,0.7086281180381775
ka76tc,normal,0.8143836855888367
as43yt,normal,0.5771756768226624
i8z2ry,normal,0.7133988738059998
jpr912,normal,0.7581112384796143
k5eogk,normal,0.6901920437812805
in5qpd,normal,0.7637178301811218
av8msq,normal,0.7824908494949341
9esjit,normal,0.7850572466850281
46ap7s,normal,0.8041092753410339
go11u7,normal,0.5961259603500366
6omlh,normal,0.7591768503189087
5ksniw,normal,0.7695770859718323
dehpwf,normal,0.7768020033836365
hgu3mg,normal,0.7812541127204895
e0m7ww,normal,0.6856378316879272
inj1d,normal,0.7659043073654175
41pp6f,normal,0.5245713591575623
gagxh,normal,0.779704213142395
jq7eqo,normal,0.7376959919929504
bmyv66,normal,0.6694530248641968
fcngpe,normal,0.7558863759040833
lh63ox,normal,0.6946882009506226
9ofed9,normal,0.7683073878288269
k670xz,normal,0.6557326912879944
h8zd6f,normal,0.8143476247787476
gll6z6,normal,0.7472385764122009
cmk9q,normal,0.7667946219444275
bqisbx,normal,0.6541557908058167
jk19dn,normal,0.79457688331604
fcb989,normal,0.7733985185623169
b3fb4b,normal,0.7916484475135803
h9m8m5,normal,0.6596463322639465
a82dkg,normal,0.5475360155105591
gaowj0,normal,0.6766496300697327
5necnp,normal,0.5724437236785889
ap0i5n,normal,0.613408625125885
a9z5u4,normal,0.4213090240955353
22ys2x,normal,0.7749168872833252
10cn5h,normal,0.6205066442489624
8jbwor,normal,0.7435414791107178
7o25k,normal,0.7433242797851562
4uqb78,normal,0.7462248206138611
a6ajo,normal,0.7776411771774292
1wx84z,normal,0.5371085405349731
4vocdt,normal,0.7137320637702942
1unaq0,normal,0.5612800717353821
me6f5u,normal,0.7643425464630127
mivde0,normal,0.8077715635299683
jmqlfl,normal,0.8195178508758545
mx59hs,normal,0.7335395216941833
g3oc4t,normal,0.7277879118919373
gf9uoi,normal,0.7641292214393616
mfx4rk,normal,0.7893778681755066
h16mcl,normal,0.7568027377128601
mdc9iy,normal,0.7819071412086487
huw307,normal,0.7524928450584412
fqwhwa,normal,0.7830398082733154
85jhby,normal,0.7880330681800842
i22dok,normal,0.7741730213165283
ibzkq2,normal,0.8229085803031921
lp8od0,normal,0.7136922478675842
cgygqp,normal,0.6903163194656372
2v5czi,normal,0.8302543759346008
kl27ne,normal,0.793208658695221
hyvs8q,normal,0.7754027247428894
k2mwm5,normal,0.8147226572036743
ht9825,normal,0.6777526140213013
hl5w23,normal,0.7379234433174133
b6812s,normal,0.7430898547172546
k2wcu1,normal,0.7988895773887634
hp5jh8,normal,0.8076381683349609
kkppy6,normal,0.6983537673950195
735q9l,normal,0.7988648414611816
lek2kn,normal,0.8076204061508179
lbtbg7,normal,0.706556499004364
hzmff1,normal,0.7467941641807556
kbvhuq,normal,0.7803059220314026
3gpi6f,normal,0.774756133556366
fxl93,normal,0.8045137524604797
22jkmz,normal,0.7652571797370911
6hyjfb,normal,0.7703771591186523
3g3mcy,normal,0.7846348285675049
1uelx3,normal,0.7380886673927307
3tpt56,normal,0.7115333676338196
elno13,normal,0.6678124666213989
6g44dh,normal,0.7212317585945129
6hqe1u,normal,0.6753717064857483
dwaeta,normal,0.7163056135177612
ll65u9,normal,0.7326327562332153
ldty5q,normal,0.7463454008102417
3s1hm5,normal,0.7263604998588562
25w5xw,normal,0.7933588027954102
ekh6ls,normal,0.7529547214508057
h84m8n,normal,0.7905169725418091
jixoqm,normal,0.811489999294281
mm5gnq,normal,0.7495620846748352
kk887z,normal,0.769576370716095
mqyf1u,normal,0.7790770530700684
mhapk7,normal,0.7445504069328308
mc6nmv,normal,0.7510768175125122
mmfrmi,normal,0.808939516544342
llrq4e,normal,0.7970119714736938
i101qg,normal,0.6783384680747986
ksmr1y,normal,0.7994903326034546
iburc0,normal,0.6485082507133484
j078k4,normal,0.7940641045570374
jeuzb1,normal,0.7909279465675354
ha6l61,normal,0.785284698009491
i4wouv,normal,0.7722815871238708
jh90db,normal,0.6779964566230774
mwapq0,normal,0.5911601185798645
mdoizs,normal,0.8169228434562683
m5ewwl,normal,0.8026925921440125
kogekx,normal,0.7979643940925598
k4xdzq,normal,0.7561512589454651
mnhjjj,normal,0.7021952867507935
m718ji,normal,0.7924943566322327
lqip8k,normal,0.6509567499160767
mgcn8o,normal,0.6268079876899719
lcp5q3,normal,0.6523807644844055
kmn6dr,normal,0.5867593288421631
iwdo3n,normal,0.7936954498291016
kwg8dm,normal,0.7966479063034058
k3skby,normal,0.8023587465286255
mw7qp1,normal,0.7800260782241821
m1yu94,offensive,0.5174736976623535
k6q2xq,normal,0.6744478344917297
mmxsjv,normal,0.7193299531936646
lqgw8h,normal,0.7262603640556335
mpau1v,normal,0.7299678921699524
keen6k,normal,0.7623670697212219
jb1zm4,normal,0.772869884967804
lnfur4,offensive,0.5401250123977661
lx52w3,normal,0.8135709762573242
m142ly,normal,0.7675682902336121
miqr2l,normal,0.5655803680419922
iveror,normal,0.8173632025718689
l7484x,normal,0.7873864769935608
mm1jyu,normal,0.6858655214309692
mreuqw,normal,0.800342321395874
kl1qnb,normal,0.7351864576339722
mtfwux,normal,0.7484873533248901
kxrjzx,normal,0.7879163026809692
gwq9lx,normal,0.5532572865486145
girym5,normal,0.7899982929229736
mufdfj,normal,0.803520679473877
ih06xr,normal,0.73386549949646
k3coli,normal,0.7928829193115234
hnsxlh,normal,0.689792275428772
milrcg,normal,0.7934156060218811
a22whp,normal,0.824695348739624
ba3ygm,normal,0.7579729557037354
7a7izs,normal,0.7764489054679871
fpfjyt,normal,0.7822794914245605
65cqqy,normal,0.7468578815460205
mwf11s,normal,0.725735604763031
mvx8nz,normal,0.7930701375007629
mxpig6,normal,0.7483941316604614
mx35v0,normal,0.6708466410636902
murgmw,normal,0.6945115923881531
mswv9u,normal,0.8128349184989929
mqx1ao,normal,0.7987582087516785
mnpimf,normal,0.80904221534729
mha785,normal,0.5656241774559021
mlsnrq,normal,0.8028092384338379
mlyodl,normal,0.7790665626525879
mlegqm,normal,0.69041508436203
mf3yxp,normal,0.760823130607605
mio107,normal,0.7941495180130005
mx3rk9,normal,0.7090350389480591
mw4cub,normal,0.7031338810920715
mv2jvy,normal,0.6549214124679565
mxix30,normal,0.7021212577819824
mxo5ll,normal,0.6480260491371155
mx4h25,normal,0.7604276537895203
mv3ei1,normal,0.7322854995727539
mu7wyz,normal,0.801150381565094
mwx6wj,normal,0.8729926347732544
mxccmt,normal,0.7970801591873169
mukt94,normal,0.7953486442565918
mu6xoq,normal,0.6758182644844055
mthp4w,normal,0.6699267029762268
mwn7dz,normal,0.7791617512702942
luookl,normal,0.816863477230072
m0huai,normal,0.8125831484794617
kdkw21,normal,0.7480063438415527
ic71za,normal,0.7478105425834656
id14mf,normal,0.7086543440818787
igsspo,normal,0.7189738750457764
ennmub,normal,0.7574597001075745
hzuo6m,normal,0.7600610256195068
mk8xnq,normal,0.759689211845398
i4mkaw,normal,0.8005372881889343
mx8lqm,normal,0.7869442105293274
lxshxq,normal,0.8104792237281799
jsv1zx,normal,0.8164026737213135
lvpa4a,normal,0.663145124912262
lp568o,normal,0.800640344619751
mc0adm,normal,0.8014476895332336
kalkof,normal,0.770558774471283
luh61t,normal,0.7778552770614624
kp7fp9,normal,0.713751494884491
mqx7qf,normal,0.8053600192070007
mo4zpr,normal,0.793266236782074
kwmhtz,normal,0.6594763994216919
mnbtca,normal,0.7765989899635315
l9rrsh,normal,0.7740744948387146
m5zily,normal,0.7713165879249573
lhr3mx,normal,0.7675219774246216
c9mhpg,normal,0.7699583172798157
535k3u,normal,0.7840985655784607
6iv1ua,normal,0.8094777464866638
6i9pzg,normal,0.8097816705703735
92ha92,normal,0.7992978096008301
7prfea,normal,0.8070547580718994
3rw0j1,normal,0.8031752109527588
6pv624,normal,0.7944927215576172
68pp5o,normal,0.790289580821991
659kun,normal,0.8214585185050964
5z6f45,normal,0.7925251126289368
52v8zo,normal,0.694656491279602
57klfd,normal,0.6956825852394104
mmvepw,normal,0.7467588186264038
gjvq93,normal,0.682673990726471
5ftrpp,normal,0.7996838092803955
gtp0iu,normal,0.5039635896682739
4omu7t,normal,0.8060803413391113
58r6hh,normal,0.7870543003082275
1svjbv,normal,0.7893760800361633
11038n,normal,0.7615892291069031
596p5e,normal,0.8048681020736694
9trggj,normal,0.7186553478240967
3yvqd9,normal,0.6610109210014343
6fay5c,normal,0.685303807258606
7puds8,normal,0.6980953216552734
5n0rgf,normal,0.49630624055862427
mcegtt,normal,0.7961011528968811
mx3khy,normal,0.7870071530342102
jkge42,normal,0.7825048565864563
kase7c,normal,0.7534868717193604
melc3l,normal,0.7246784567832947
jim42o,normal,0.6227415204048157
f9crnu,normal,0.8026403784751892
mol1hg,normal,0.7703826427459717
j3p0l9,normal,0.7705442309379578
ha6jwc,normal,0.8180985450744629
j5j5g9,normal,0.7803536057472229
iz7vze,normal,0.7920717597007751
j85q5i,normal,0.7836792469024658
m8vw6x,normal,0.8030242323875427
mk0mjz,normal,0.6524070501327515
fevp1j,normal,0.760186493396759
ijhhc8,normal,0.7769657969474792
ipf0s7,normal,0.7833588719367981
i9urwh,normal,0.7440201640129089
gapnyb,normal,0.7200326919555664
f99j08,normal,0.7189041376113892
ikkjq9,normal,0.729546844959259
edy0tr,normal,0.8079349398612976
cwms55,normal,0.7720035314559937
fckcwm,normal,0.7626289129257202
kxd9y9,normal,0.7595235109329224
m4vqqd,normal,0.7463468909263611
7cmf5n,normal,0.8160449862480164
mtztv7,normal,0.7692739367485046
bnpwe3,normal,0.8284550309181213
l40eea,normal,0.5013203620910645
mazzrn,normal,0.8255361914634705
gkbguu,normal,0.7834716439247131
l5bgtv,normal,0.7207639813423157
lbt4p6,normal,0.7779915928840637
lsjx9e,normal,0.6419898867607117
lz8iky,normal,0.7401669025421143
mlo8fr,normal,0.7721853852272034
khjr7l,normal,0.7387034893035889
k7cil5,normal,0.7138506770133972
lk6k6z,normal,0.7818235158920288
ixgz8h,normal,0.779710054397583
logreg,normal,0.806455671787262
j86fco,normal,0.7780249118804932
fvo2av,normal,0.7099071145057678
dcvaop,normal,0.7347160577774048
lb5mff,normal,0.7166145443916321
ll5moj,normal,0.8000081777572632
fgywbu,normal,0.7985938787460327
