tweet_id,classification,classification_score
mo3nfn,normal,0.7687532305717468
mq8gtt,normal,0.7655196785926819
m8kegd,normal,0.708701491355896
ma8pvv,normal,0.7706558704376221
mmizjr,normal,0.6349050402641296
mlhoe2,normal,0.8470072746276855
mvor8h,normal,0.7713176012039185
mmgwi4,normal,0.7545932531356812
mjdklk,normal,0.7513498067855835
mqdtxr,normal,0.6744017004966736
mjr1e1,normal,0.7923024892807007
m53zk1,normal,0.7991413474082947
m240tb,normal,0.7262150049209595
mgf75p,normal,0.745860755443573
lrnudc,normal,0.7452114820480347
m76kzj,normal,0.7975251078605652
mxwerm,normal,0.7939658761024475
mxuq9a,normal,0.7699832916259766
mu4vvh,normal,0.7355123162269592
mxs094,normal,0.8068317174911499
mxl36l,normal,0.7928600907325745
mxaujq,normal,0.7961599230766296
mx9dxd,normal,0.8345310091972351
mx9ddl,normal,0.7109793424606323
mwovsa,normal,0.7896578907966614
mx29kh,normal,0.7019075155258179
mx3zjo,normal,0.7634394764900208
mx6zsr,normal,0.6358034014701843
msppx6,normal,0.7926535606384277
mvkxsc,normal,0.7122448682785034
mptkg3,normal,0.757969081401825
lj5rzf,normal,0.8236628770828247
j1ae39,normal,0.7721035480499268
jlxja1,normal,0.7307008504867554
hyvueu,normal,0.7813605070114136
colsq1,normal,0.7348546385765076
mvhrxw,normal,0.6357484459877014
hdyry1,normal,0.803620457649231
m6jaqu,normal,0.7169508337974548
m4xnwu,normal,0.7884482741355896
mr3a54,normal,0.681324303150177
loimkr,normal,0.8145356774330139
82n0qu,normal,0.6231172680854797
m3gqso,normal,0.742111325263977
mf21ww,normal,0.7518543601036072
mef2jv,normal,0.7438397407531738
m5shlj,normal,0.7975890040397644
kyti77,normal,0.6557565927505493
l608t6,normal,0.817590057849884
kz5opv,normal,0.693794846534729
kzpdre,normal,0.7125515937805176
l885ga,normal,0.6986958384513855
j8a8jv,normal,0.7774114608764648
kyj97u,normal,0.7441461682319641
a3qx4a,normal,0.7819575667381287
ikzk4b,normal,0.7743769288063049
jm5ijj,normal,0.7920352816581726
ads8ey,normal,0.7869039177894592
m60ils,normal,0.6889964938163757
lcfx9c,normal,0.7841585874557495
mt2jtl,normal,0.7005935907363892
mbqvzn,normal,0.7557017207145691
md35g6,normal,0.7509989738464355
mqixni,normal,0.7824375629425049
mul1pa,normal,0.6840301156044006
mhbdrb,normal,0.7182760834693909
m2dc3c,normal,0.7590124607086182
mu131n,normal,0.7607306241989136
mqyzdk,normal,0.794831395149231
muiobg,normal,0.7378436326980591
mwxjz2,normal,0.7622329592704773
ms67po,normal,0.769169807434082
lk1sor,normal,0.7524692416191101
m68rix,normal,0.7436957955360413
mq16sf,normal,0.8012961149215698
loe39f,normal,0.7358303070068359
m85adz,normal,0.7963482737541199
mpecy7,normal,0.7562359571456909
mr4o5u,normal,0.8118604421615601
mkeepm,normal,0.7645379900932312
lonnc3,normal,0.8004859089851379
mr7q9z,normal,0.8260478377342224
mejj3j,normal,0.7138271331787109
mondsf,normal,0.7931531667709351
msln5b,normal,0.8044588565826416
lvty37,normal,0.7481459975242615
macgb2,normal,0.7616157531738281
mkd6aw,normal,0.7451714873313904
mif2kp,normal,0.770832896232605
msaeht,normal,0.76682448387146
mrin8b,normal,0.7618160247802734
mj5tv6,normal,0.7821545004844666
m0pfnd,normal,0.8293144702911377
kftlws,normal,0.7808334827423096
lvd84t,normal,0.7652506828308105
mirgv5,normal,0.7243390083312988
mdtad2,normal,0.7779619097709656
m5scio,normal,0.7144874930381775
mxqcgb,normal,0.6681023240089417
mhy8q5,normal,0.73371821641922
m1t191,normal,0.7948265671730042
mr7zpq,normal,0.7990718483924866
mkvq66,normal,0.7847852110862732
mxsgk8,normal,0.7961592674255371
mtcx44,normal,0.7729640007019043
msyz48,normal,0.6316719055175781
msptu0,normal,0.7967954277992249
msrrj1,normal,0.7416653633117676
mmxa5o,normal,0.8306586146354675
mfid8p,normal,0.776544451713562
mf5rzk,normal,0.7279611825942993
mbpl6q,normal,0.7954728603363037
moyv9a,normal,0.8300425410270691
i2pm4o,normal,0.7484328746795654
monj2y,normal,0.7162318825721741
ange46,normal,0.8050541281700134
b079bt,normal,0.7895469665527344
dx47qb,normal,0.8042936325073242
mp9m53,normal,0.810366153717041
mx36lg,normal,0.6708466410636902
flphzr,normal,0.7290335893630981
a449y3,normal,0.810187578201294
mron7b,normal,0.7135793566703796
mc2iz0,normal,0.7728350758552551
lxty8d,normal,0.782694935798645
mv6ll1,normal,0.7017956972122192
muokzl,normal,0.73673415184021
muokwx,normal,0.73673415184021
mxpzkn,normal,0.7583865523338318
mx8nvp,normal,0.6379159092903137
mxmq2e,normal,0.7263579964637756
mxigod,normal,0.8256664276123047
mx6bcb,normal,0.7657135128974915
mwbtpb,normal,0.7662685513496399
mw7rww,normal,0.787469208240509
mvyhjr,normal,0.8136225938796997
muh2ey,normal,0.7935754656791687
mubb3m,normal,0.7007417678833008
mtrhr2,normal,0.7558484077453613
mt5t88,normal,0.738823413848877
mu1vhj,normal,0.6607229709625244
mxufa2,normal,0.7291264533996582
mxkfif,normal,0.6152343153953552
mxrosz,normal,0.577488124370575
mxk012,normal,0.779278039932251
mwny4v,normal,0.7662801146507263
mwarqw,normal,0.7206757664680481
mweogm,normal,0.7124038338661194
mvf218,normal,0.8143799304962158
mvr577,normal,0.823307454586029
mrf9jp,normal,0.8068558573722839
mvi8wu,normal,0.7543224692344666
mqu1h4,normal,0.7556994557380676
mtka40,normal,0.639487624168396
lp6a8j,normal,0.7418647408485413
mlq96t,normal,0.7684054970741272
meo6kh,normal,0.6419427990913391
lqkpk7,normal,0.8269827365875244
lc08yq,normal,0.7467269897460938
lzhua6,normal,0.8041918277740479
mgsycu,normal,0.7956156134605408
le1t84,normal,0.7863254547119141
kw6ef7,normal,0.7208433747291565
mw4ig8,normal,0.7943722009658813
mq64eg,normal,0.8186957240104675
muqgsz,normal,0.7714982032775879
lzdsr0,normal,0.7829805016517639
loa6hb,normal,0.7778288125991821
dgga18,normal,0.7811233401298523
mem3jj,normal,0.7255178093910217
fglqze,normal,0.6762894988059998
fi3wrd,normal,0.6827509999275208
cr62rv,normal,0.7736247777938843
bw9kco,normal,0.7642149329185486
lh6s08,normal,0.5937708616256714
ld98di,normal,0.7970290780067444
kz8zmn,normal,0.6713696122169495
ja0mtp,normal,0.7392014861106873
9615z7,normal,0.7313954830169678
hr3eqj,normal,0.759445309638977
hrxn7j,normal,0.7709943652153015
jdqj9n,normal,0.804100751876831
ix0i42,normal,0.8351348638534546
hyvv97,normal,0.7975625991821289
mm020h,normal,0.7097422480583191
lhpeoh,normal,0.7689459919929504
mqfm65,normal,0.7360557913780212
mm9zrk,normal,0.7462446689605713
moyltz,normal,0.7645358443260193
md0fx1,normal,0.618352472782135
kujyz3,normal,0.7855750322341919
m1cgry,normal,0.8163707256317139
lk3zd5,normal,0.6528998613357544
j81klz,normal,0.8120377063751221
mkntbl,normal,0.7233042120933533
mszw8w,normal,0.7837405204772949
l2c34v,normal,0.8050812482833862
mnbb16,normal,0.7918752431869507
ibpvsn,normal,0.736893355846405
lslhtg,normal,0.7575981020927429
lx8ws1,normal,0.8176030516624451
lemqmw,normal,0.8035656213760376
lz2rax,normal,0.7568951845169067
mwb3mo,normal,0.7566218972206116
ld4cfk,normal,0.7900713682174683
lz480f,normal,0.7761290669441223
mg4ykq,normal,0.6054562330245972
lszbvb,normal,0.7578264474868774
g7f6o9,normal,0.6286147236824036
i463p8,normal,0.7213441729545593
htma2y,normal,0.7653487324714661
ipml9m,normal,0.7907088994979858
mu6fnk,normal,0.7982150316238403
mr4gna,normal,0.7574129104614258
mob66i,normal,0.8163053393363953
mjj5ch,normal,0.7392668724060059
mfv437,normal,0.7956551909446716
m6km3p,normal,0.7737154960632324
m95lda,normal,0.7461689710617065
m2sz6s,normal,0.7921335697174072
lunwkd,normal,0.7811089754104614
lxnkfm,normal,0.7196252942085266
luqrqf,normal,0.7702612280845642
lv0jev,normal,0.7948315143585205
lr38h4,normal,0.6908981204032898
lpfl9v,normal,0.7948315143585205
losyqg,normal,0.8055028915405273
mw92zj,normal,0.8309003710746765
mx1ydt,normal,0.7686057686805725
mp6e0b,normal,0.832045316696167
mtsm9a,normal,0.832045316696167
mrn889,normal,0.7224205732345581
mkc5i8,normal,0.832045316696167
mrc1b4,normal,0.8000280261039734
mlon11,normal,0.7684280872344971
m30wip,normal,0.7720896005630493
mv2r81,normal,0.8020966649055481
mgvw2w,normal,0.6519652605056763
mwoolp,normal,0.794238805770874
licc4v,normal,0.8343568444252014
mfh8ej,normal,0.832045316696167
mt1vc9,normal,0.8393489718437195
mlp4wb,normal,0.8064477443695068
mi7u2u,normal,0.7794443368911743
mgl81j,normal,0.7637984156608582
mco8u0,normal,0.8297984600067139
mcnd0k,normal,0.7675111889839172
m8x7ao,normal,0.7686933279037476
m6h5ms,normal,0.8206924200057983
m2v2mp,normal,0.7711557745933533
m3a81f,normal,0.8199142813682556
m2i8pr,normal,0.8463820815086365
m1puyt,normal,0.8463820815086365
mf8lir,normal,0.7994016408920288
mixteo,normal,0.7778415679931641
m3v887,normal,0.7546230554580688
l47dwp,normal,0.7787059545516968
kd7r35,normal,0.7984840273857117
kz6cqz,normal,0.8011043071746826
jqnlap,normal,0.7871496081352234
miqd73,normal,0.7822525501251221
mrzyjw,normal,0.7642976641654968
lt117z,normal,0.8006621599197388
jgmkbf,normal,0.7157269716262817
l8883d,normal,0.7999104261398315
lhpyit,normal,0.7897070646286011
msfh78,normal,0.7359991669654846
mx2z63,normal,0.7474684119224548
mhgrar,normal,0.7543915510177612
mnowp7,normal,0.7868795394897461
lh1wlt,normal,0.7468346357345581
lqnmr0,normal,0.777531087398529
l22ywi,normal,0.8311151266098022
kzat9j,normal,0.7031005620956421
lbud5b,normal,0.7683031558990479
l3hjqj,normal,0.8072053790092468
kvfwp2,normal,0.7830816507339478
kyb7nd,normal,0.6883354187011719
kfdsxj,normal,0.7542791962623596
mbleaw,normal,0.7867957353591919
l5f61m,normal,0.8273323178291321
mswj2a,normal,0.8096780776977539
mblcwm,normal,0.7347281575202942
jt9cpz,normal,0.7674641013145447
ip3f82,normal,0.8281769156455994
ia8wo4,normal,0.7544291615486145
itjdab,normal,0.7932804822921753
iub7fv,normal,0.7270057201385498
m1k0dr,normal,0.7809402942657471
lq7zq9,normal,0.7940064668655396
lhk4ow,normal,0.7922836542129517
lhl311,normal,0.6664150357246399
kzwbnp,normal,0.7536656260490417
mswngu,normal,0.8155419826507568
lw2q71,normal,0.7634917497634888
m7c1pd,normal,0.779550313949585
l1hiup,normal,0.8231028318405151
l2u1t5,normal,0.8080352544784546
kve0v8,normal,0.7685990333557129
l2d2s2,normal,0.8139500617980957
l2glec,normal,0.7967109680175781
ku34ca,normal,0.7428141832351685
mmqza9,normal,0.7823023796081543
m5k5g9,normal,0.7301761507987976
ln0p8w,normal,0.7905189990997314
lib5yh,normal,0.7863377332687378
kyofrr,normal,0.843008279800415
kv5pgn,normal,0.7712764143943787
kbs6xt,normal,0.8100800514221191
js6tn1,normal,0.7211861610412598
jcgs5c,normal,0.774529218673706
hcqfyh,normal,0.7863908410072327
mfuxgo,normal,0.6899207234382629
kg63sh,normal,0.6758182644844055
kxw7kv,normal,0.5833629369735718
kf90ie,normal,0.8115963339805603
fy3fne,normal,0.7360358238220215
kat5xl,normal,0.7892066240310669
fy40iy,normal,0.7615036964416504
jqke6o,normal,0.7232410311698914
jqqkj2,normal,0.7270110249519348
j4kavw,normal,0.8153801560401917
hl6sov,normal,0.7440630197525024
fkqm15,normal,0.8065465092658997
g6v4n0,normal,0.8160440921783447
bmp3xb,normal,0.7435333728790283
lrmr0a,normal,0.7784247398376465
kltxsb,normal,0.5895107984542847
bgk3a2,normal,0.7529815435409546
luudun,normal,0.7994897365570068
m5q0m9,normal,0.6744478344917297
lj2ts0,normal,0.8178493976593018
klxgom,normal,0.7199727296829224
mk75at,normal,0.8124816417694092
mw5kls,normal,0.6281015276908875
lqeund,normal,0.7835052013397217
krudhv,normal,0.7851243019104004
jyz5y3,normal,0.7235239744186401
kiz0ol,normal,0.7920671701431274
k9sttp,normal,0.8180721998214722
kasdcq,normal,0.8221867084503174
lrc45i,normal,0.8108447194099426
mkxk2r,normal,0.760686457157135
m8ui8z,normal,0.7871986627578735
jt4je9,normal,0.8092268705368042
biaj7v,normal,0.7403955459594727
kw3319,normal,0.7945292592048645
ii9g76,normal,0.7626833915710449
mjaizn,normal,0.8524550795555115
g8sfnb,normal,0.7430753707885742
i8eo88,normal,0.7492098212242126
jdm71p,normal,0.6493387222290039
jl83i8,normal,0.8336560130119324
jy8r3y,normal,0.8321375250816345
8am86n,normal,0.818207323551178
elf67f,normal,0.7852652072906494
bhnr4q,normal,0.7756876945495605
gsa8qd,normal,0.8273454308509827
bx3qap,normal,0.7026733160018921
lh71g6,normal,0.8011353015899658
lecsan,normal,0.6622657775878906
lep4zd,normal,0.7996070384979248
jskelp,normal,0.8154427409172058
ilfcfr,normal,0.7998782396316528
c2n9lt,normal,0.7759279608726501
jjj6i1,normal,0.7967537641525269
axtrx7,normal,0.7774466872215271
bblsks,normal,0.7810584902763367
cybp3t,normal,0.7315257787704468
f8fb03,normal,0.8049637079238892
av488y,normal,0.7992638945579529
ceomo9,normal,0.7649356126785278
b2wlfd,normal,0.7513712644577026
d4se4h,normal,0.7346333265304565
ay5qbw,normal,0.7152197360992432
9kooym,normal,0.6823465824127197
bdepk9,normal,0.8003764748573303
4f39qe,normal,0.7339240908622742
jffcfu,normal,0.8195730447769165
jdto03,normal,0.8204125761985779
i8dald,normal,0.78389573097229
hk4phv,normal,0.748307466506958
gvxl20,normal,0.8065703511238098
gt2heo,normal,0.7417112588882446
fwrh79,normal,0.7369657158851624
dh0fqx,normal,0.8412161469459534
da8sbx,normal,0.7514932155609131
fhyh9r,normal,0.7003397941589355
fhpook,normal,0.734114944934845
g8n20a,normal,0.7620232701301575
300ktm,normal,0.7554927468299866
aqd09v,normal,0.796590268611908
as5npb,normal,0.7892955541610718
4hwuwc,normal,0.6833842992782593
34vja9,normal,0.758135199546814
4il3c1,normal,0.7466521263122559
4i77xh,normal,0.804609477519989
3pd3q5,normal,0.6581475734710693
23or8v,normal,0.7301018238067627
10s9e1,normal,0.6949233412742615
mxk0wb,normal,0.8080304265022278
mxmgky,normal,0.7779983282089233
mulknd,normal,0.7554612159729004
mxvyl3,normal,0.7564489245414734
mxqytd,normal,0.723651111125946
mxpilt,normal,0.7207784652709961
mxv8hc,normal,0.8206166625022888
mxve8b,normal,0.8112972974777222
mxpgee,normal,0.7651233673095703
mu1bsa,normal,0.8108688592910767
mxm6bu,normal,0.7389737963676453
mx62iy,normal,0.8154499530792236
mxoutz,normal,0.6389620304107666
mxk9hw,normal,0.8200139403343201
mx2rk4,normal,0.776305615901947
iye3xq,normal,0.6575407981872559
lxqw7m,normal,0.6850782632827759
mnuwjv,normal,0.7545703649520874
mdhtx8,normal,0.8049342632293701
fhobzb,normal,0.8197560906410217
hbguz5,normal,0.772172212600708
l20lyf,normal,0.748307466506958
g6e4vq,normal,0.7923552989959717
foa099,normal,0.6999188661575317
kq3zbq,normal,0.8026832342147827
h92fuv,normal,0.8070031404495239
g364hy,normal,0.8001405000686646
hvyavt,normal,0.6758182644844055
i8kj6l,normal,0.7716534733772278
mk6zsj,normal,0.7320324778556824
mhfrk5,normal,0.734255850315094
mmwrji,normal,0.7842526435852051
mbjxg2,normal,0.8200286030769348
lijt0r,normal,0.7452462315559387
lnjacn,normal,0.7021216750144958
mm4kcb,normal,0.7747743129730225
mbengg,normal,0.7858618497848511
m3gun2,normal,0.6004121899604797
mc5w3s,normal,0.7896559834480286
mar3q0,normal,0.5427348017692566
mmwa25,normal,0.7538829445838928
mb93j9,normal,0.7992866039276123
mvu4it,normal,0.596176028251648
m7ato1,normal,0.7706010341644287
m493p7,normal,0.7528306841850281
mpmejp,normal,0.7754552960395813
mjh1x7,normal,0.6090224981307983
mljxhc,normal,0.7137929797172546
kz3f9z,normal,0.7641656994819641
m7309v,normal,0.7681974172592163
jma0bg,normal,0.769322395324707
meyu6j,normal,0.7031698822975159
l5tclq,normal,0.7744215130805969
m06y9k,normal,0.7142686247825623
mpdtcf,normal,0.8153152465820312
eomh1f,normal,0.6968340873718262
mswdnc,normal,0.7207886576652527
mje1qv,normal,0.8316067457199097
mp5dur,normal,0.7444894909858704
lywqwv,normal,0.6410025358200073
lwyoxd,normal,0.7736085653305054
khi7gl,normal,0.7904006838798523
jjzwqq,normal,0.7321342825889587
mlcem5,normal,0.774189293384552
lbo5io,normal,0.7260412573814392
jnj0xi,normal,0.7992903590202332
mlbqsq,normal,0.6467901468276978
mt9uq2,normal,0.7341384291648865
muyd6y,normal,0.7475418448448181
ltdb2j,normal,0.8004245162010193
mlsssg,normal,0.785456120967865
mqvslc,normal,0.7945997714996338
ksh699,normal,0.7767009735107422
mpg4p9,normal,0.7412368059158325
mxgzdf,normal,0.7643582224845886
kklsxe,normal,0.7865912318229675
jr35zh,normal,0.8278301954269409
b52864,normal,0.7813479900360107
m8j3x7,normal,0.7936896681785583
gfen7p,normal,0.7630280256271362
liv41v,normal,0.7591352462768555
m6cf37,normal,0.7868040800094604
lq5e8u,normal,0.7068803310394287
hus5kt,normal,0.7384412288665771
8xgikh,normal,0.74998539686203
me8zx0,normal,0.7519906759262085
lhot54,normal,0.6935248374938965
83c8lf,normal,0.7385955452919006
mp5zhv,normal,0.6620776057243347
kavu8a,normal,0.6221292018890381
mu2atm,normal,0.7777921557426453
mpp7gq,normal,0.7245648503303528
mqzci4,normal,0.7244203090667725
mqy6it,normal,0.7892560958862305
mxv40v,normal,0.7965705990791321
ks0q04,normal,0.7006656527519226
jozmkh,normal,0.7321130037307739
lf3q2i,normal,0.7696309089660645
loqld3,normal,0.7791451811790466
mnvppy,normal,0.6636719703674316
miudee,normal,0.6482298970222473
mls7pm,normal,0.7236365079879761
lof6mg,normal,0.7332603931427002
kyl36o,offensive,0.38511383533477783
lx6h7b,normal,0.6363628506660461
m9khq2,normal,0.7945796847343445
l9fzn0,normal,0.7055463790893555
m4u4ni,normal,0.7383972406387329
4glbv0,normal,0.7847385406494141
kri1b2,normal,0.7956898808479309
xeku7,normal,0.7696189284324646
i7c3ry,normal,0.7235638499259949
kov3t7,normal,0.6043298840522766
jpcigp,normal,0.7214863300323486
khodu2,normal,0.7331228256225586
mxin93,normal,0.7025885581970215
mx9l8s,normal,0.7958657741546631
mxjton,normal,0.7813894152641296
mt4ojz,normal,0.7792817950248718
mwddid,normal,0.8182395696640015
mwn6yl,normal,0.7829572558403015
mw7m8n,normal,0.7463917136192322
mvmshe,normal,0.7473308444023132
mvv7z7,normal,0.78487628698349
muw38l,normal,0.6828662753105164
mvnk5s,normal,0.7940391302108765
mv5b67,normal,0.8135972619056702
mtnm7x,normal,0.7545279264450073
msthg7,normal,0.8016883730888367
msux98,normal,0.7938143014907837
mu9jp1,normal,0.7832589149475098
me0n9u,normal,0.7714636921882629
m2d2sb,normal,0.793064296245575
j43kfu,normal,0.8310439586639404
m39q2a,normal,0.7053091526031494
kfohzp,normal,0.7182199954986572
lgxdh8,normal,0.7652243375778198
lgix9q,normal,0.7626326084136963
mket3u,normal,0.7574493885040283
jrqynn,normal,0.5721129775047302
kehoaa,normal,0.7538230419158936
fj3jpu,normal,0.7672950625419617
lsbtv4,normal,0.7046590447425842
lzp8gf,normal,0.7186839580535889
jqlj54,normal,0.7000855207443237
mvii6d,normal,0.7767783403396606
m45njn,normal,0.787760317325592
mdqe1w,normal,0.8080077767372131
mx4wps,normal,0.8027684688568115
kwj7vc,normal,0.693839967250824
mbp9cr,normal,0.7756615281105042
mplduk,normal,0.798096239566803
mqel0h,normal,0.5609001517295837
ig409m,normal,0.6976120471954346
mcic03,normal,0.7219305634498596
lfu46h,normal,0.6920381188392639
kg98hk,normal,0.7830898761749268
lvzyiu,normal,0.8121446967124939
l5qvsd,normal,0.7482792735099792
mf16by,normal,0.7237356305122375
m78g1l,normal,0.7709577679634094
lrjsw7,normal,0.7716322541236877
mupg3d,normal,0.696892499923706
m8p2sr,normal,0.7581884860992432
ica70s,normal,0.6984074711799622
muck16,normal,0.7909976840019226
heijjl,normal,0.6808943152427673
digb7a,normal,0.6807339787483215
k5yu4m,normal,0.7968746423721313
ms8yfm,normal,0.6701692342758179
eya64q,normal,0.7790364027023315
lccge4,normal,0.7657793760299683
g92k7r,normal,0.6435886025428772
k8yv5r,normal,0.7895363569259644
m78siw,normal,0.798471212387085
ilwrto,normal,0.7160099744796753
lrmoso,normal,0.7820469737052917
j8yf70,normal,0.7499305605888367
mn8j8t,normal,0.7979066967964172
j6vw29,normal,0.623119592666626
jodi58,normal,0.7741726636886597
i8yjse,normal,0.7053225636482239
f8xnsk,normal,0.8015140891075134
h11q51,normal,0.6342573761940002
g2sntk,normal,0.7734164595603943
fjreza,normal,0.651408851146698
mtnwc3,normal,0.7602777481079102
lgdtsc,normal,0.8154710531234741
jd2dxq,normal,0.7802549004554749
fjifj6,normal,0.8090065121650696
kn0u0l,normal,0.7061303853988647
mr81qw,normal,0.6871058940887451
b9stqo,normal,0.5637689232826233
b7b05r,normal,0.722778856754303
kxb3f6,normal,0.6501200795173645
je36sm,normal,0.5706890821456909
koa5ky,normal,0.77790766954422
llxtpm,normal,0.6726863384246826
ettqpu,normal,0.6827808618545532
ff0us,normal,0.6678759455680847
mxmanm,normal,0.6922211050987244
7wp18r,normal,0.5816968679428101
mutrou,normal,0.7542809247970581
mssn6e,normal,0.689717710018158
mqmyiw,normal,0.740813672542572
mo6n6d,normal,0.81393963098526
mlu9dc,normal,0.7256643176078796
meibzg,normal,0.7145082354545593
m9fu68,normal,0.7743299603462219
m4g7y2,normal,0.7751601338386536
lo9bc3,normal,0.7452271580696106
kyp6ru,normal,0.7023369073867798
ku588l,normal,0.696190595626831
krqhrk,normal,0.5464473366737366
kp6zi1,normal,0.6882283687591553
kbvhuq,normal,0.7803059220314026
k38boh,normal,0.7832942008972168
mdllq9,normal,0.7154937386512756
m6b7v8,normal,0.7907232046127319
m3g419,normal,0.6738316416740417
mr0ium,normal,0.7991289496421814
l2mns6,normal,0.7901305556297302
lddpfw,normal,0.7597635388374329
kkoar4,normal,0.7838063836097717
kaw6cg,normal,0.7974671125411987
kf7h2n,normal,0.7366849184036255
k38utz,normal,0.7435175776481628
kjdj7f,normal,0.8095992803573608
mlw943,normal,0.7543834447860718
mx1g42,normal,0.7097260355949402
lnezp9,normal,0.7621489763259888
m8ydtq,normal,0.7204543352127075
ms7igy,normal,0.5920690298080444
g54sy2,normal,0.7341939806938171
hrp5xh,normal,0.822566568851471
d5s01z,normal,0.7357866168022156
he6mty,normal,0.5803598165512085
f3m2hy,normal,0.6841280460357666
hphr1w,normal,0.7112164497375488
m4lvzv,normal,0.7732056379318237
mjh2za,normal,0.6382679343223572
fk8udp,normal,0.748742938041687
ffhp61,normal,0.7979549765586853
kvj64h,normal,0.6363316774368286
kdnc5h,normal,0.7451218962669373
7nqvql,normal,0.8064336180686951
kxoo1p,normal,0.7144141793251038
l6w4r1,normal,0.8171342015266418
j9upch,normal,0.7029402852058411
m9gl8s,normal,0.7407573461532593
eogano,normal,0.6631226539611816
ikh51b,normal,0.7804000377655029
hayxni,normal,0.7306353449821472
f88blq,normal,0.7171631455421448
k12o0s,normal,0.8111137747764587
7jm3qr,normal,0.7673954367637634
msxa7m,normal,0.6904869675636292
fz05vf,normal,0.8278130888938904
irf3vj,normal,0.7551298141479492
ggg4st,normal,0.7507678866386414
jk2mu7,normal,0.7991243004798889
j0i7b3,normal,0.566615879535675
4gvtqh,normal,0.7231667637825012
j0r097,normal,0.5601201057434082
jq1jgy,normal,0.7044293284416199
l8ok9d,normal,0.7788349986076355
2n73vh,normal,0.653639018535614
hwq3yv,normal,0.7402453422546387
40d6qa,normal,0.7523947954177856
hp5jh8,normal,0.8076381683349609
lummut,normal,0.7544720768928528
lr0k26,normal,0.6601772308349609
j26opz,normal,0.788736879825592
lhc346,normal,0.5993347764015198
ioj9ai,normal,0.6596701145172119
mwrh5a,normal,0.7612622380256653
ma9dsf,normal,0.7889633774757385
jvl1ru,normal,0.6795991063117981
lek2kn,normal,0.8076204061508179
jeoxmf,normal,0.7676205039024353
mthdma,normal,0.626775860786438
k7em69,normal,0.786508321762085
mvisqk,normal,0.71302330493927
7u6ni7,normal,0.7852091789245605
3kwmjl,normal,0.7769359350204468
euwrr,normal,0.6613564491271973
mtirhl,normal,0.5201430320739746
mptkwe,normal,0.8344221115112305
mo5ewg,normal,0.7324811816215515
mjxczp,normal,0.6835713982582092
mm6ynt,normal,0.6322255730628967
k670xz,normal,0.6557326912879944
31plfk,normal,0.756083071231842
mfglf,normal,0.744299590587616
fpog3,normal,0.6496744751930237
7amh5y,normal,0.7478460073471069
5i3adw,normal,0.7754221558570862
bauzai,normal,0.6784070134162903
nrblf,normal,0.7113574147224426
98bbx4,normal,0.7679534554481506
8x3h60,normal,0.7507299780845642
4c48n1,normal,0.7647610306739807
jv02z,normal,0.8546284437179565
xu59h,normal,0.706095278263092
jhxjf4,normal,0.7496424317359924
lzhwil,normal,0.7977595329284668
2csld7,normal,0.7920770645141602
gtq564,normal,0.778329610824585
cgdjdh,normal,0.7662510275840759
bpn1g,normal,0.6966742873191833
46en6u,normal,0.8093050122261047
1bmpz2,normal,0.7346699833869934
1bb5gs,normal,0.8083903789520264
esf22j,normal,0.8017969131469727
10wypk,normal,0.744629979133606
41wlgn,normal,0.7549245357513428
gpttn,normal,0.7320297956466675
lnzm6u,normal,0.6799401640892029
juy7j8,normal,0.7954027652740479
ligto9,normal,0.7683075666427612
mkabnr,normal,0.6709094643592834
87jbi9,normal,0.7530778646469116
azckan,normal,0.6475749611854553
lcox03,normal,0.769412100315094
mr6s6l,normal,0.7351154088973999
fzs0ko,normal,0.6154596209526062
lp8od0,normal,0.7136922478675842
le3k02,normal,0.7362645864486694
llnju1,normal,0.7512791156768799
jg4zjb,normal,0.7609398365020752
m34ylg,normal,0.5072759389877319
hgjq9a,normal,0.7483087182044983
lo7h9m,normal,0.7260286808013916
4gl66g,normal,0.6854683756828308
9zjqda,normal,0.774211585521698
kszpfq,normal,0.7838869690895081
i7gpks,normal,0.7283899784088135
jhw1zr,normal,0.71369868516922
jfsteh,normal,0.5788988471031189
jyyhg2,normal,0.7639164924621582
2sdqek,normal,0.8013490438461304
6xp6wg,normal,0.6972753405570984
1mc3j5,normal,0.617681086063385
caz32q,normal,0.6945501565933228
kf15b2,normal,0.8173776865005493
j6u7cv,normal,0.8310938477516174
fbw68a,normal,0.7884692549705505
j0h4ac,normal,0.7562345862388611
lzb0ef,normal,0.7349510788917542
luz3kj,normal,0.7907068133354187
d5k2br,normal,0.7650150656700134
85b3x2,normal,0.7753833532333374
383jr8,normal,0.8336114287376404
l8qmej,normal,0.7976076602935791
m665ac,normal,0.8320144414901733
kjqd0g,normal,0.7356275320053101
khnph6,normal,0.6808648705482483
k3ztaa,normal,0.7280163168907166
ju46zv,normal,0.7939292192459106
jpukto,normal,0.7500396370887756
jlmnq3,normal,0.7473469972610474
jlt3v9,normal,0.7517347931861877
jgr0hz,normal,0.7772738337516785
jcyvmn,normal,0.7533169984817505
j7ho9b,normal,0.7173368334770203
mr6kyv,normal,0.7744725942611694
jfzdjy,normal,0.7866503596305847
hmz1er,normal,0.6575165390968323
jhrql0,normal,0.7986484169960022
elgsoc,normal,0.7734156847000122
gz07re,normal,0.7010713219642639
az9tb3,normal,0.7249809503555298
aag1qs,normal,0.7160351872444153
exwejs,normal,0.8318830132484436
hmv49f,normal,0.7786931991577148
bnxi53,normal,0.7692010998725891
36v1m9,normal,0.6932611465454102
60vaz4,normal,0.8101393580436707
iu0u1a,normal,0.826108992099762
aifc7i,normal,0.6167665123939514
9pe1ov,normal,0.7732299566268921
7jayc9,normal,0.4797460734844208
a4k7bs,normal,0.8540761470794678
1cx0sa,normal,0.8252607583999634
mjaq14,normal,0.7229128479957581
kpi4o0,normal,0.7814473509788513
hu91ww,normal,0.7894667387008667
kup87k,normal,0.8196049332618713
mo8hrq,normal,0.7504461407661438
mne6cf,normal,0.6876810789108276
mxo5ll,normal,0.6480260491371155
lvodry,normal,0.6569879055023193
jhcte9,normal,0.8425606489181519
mla4iz,normal,0.779272198677063
ms9xh4,normal,0.8088091015815735
mo4zpr,normal,0.793266236782074
htrcib,normal,0.6546117663383484
lexol9,normal,0.8400763869285583
fps3ni,normal,0.8008432984352112
mutvkm,normal,0.6848933696746826
mlg5pb,normal,0.6688521504402161
m5ewwl,normal,0.8026925921440125
mos33k,normal,0.7489155530929565
ms4yvm,normal,0.8729926347732544
mnj2kr,normal,0.8729926347732544
mim3ad,normal,0.8729926347732544
mwx6wj,normal,0.8729926347732544
mdqiu6,normal,0.8729926347732544
mtuozy,normal,0.8034932017326355
m8j49c,normal,0.8729926347732544
mkebw2,normal,0.7984408140182495
m486h8,normal,0.7746791243553162
m3kk6i,normal,0.8729926347732544
lyeyui,normal,0.8729926347732544
7kvsfp,normal,0.728099524974823
bd6znd,normal,0.801792323589325
8o9xws,normal,0.6841793656349182
7qmh5t,normal,0.7551365494728088
6y1rco,normal,0.7752166986465454
5rynxp,normal,0.7030428647994995
1t886p,normal,0.7521415948867798
3khgb6,normal,0.5530669689178467
511q4o,normal,0.7784271240234375
4kprci,normal,0.7454783320426941
46lwh1,normal,0.8194982409477234
ls8odx,normal,0.6645238399505615
lg2b4u,normal,0.7706315517425537
l28mgf,normal,0.6147747039794922
mweodi,normal,0.7711947560310364
koqerj,normal,0.703686535358429
lu0bpq,normal,0.7806330919265747
m6p8cf,normal,0.7509360313415527
mqgjf3,normal,0.8042216300964355
mrhlpp,normal,0.7503825426101685
md0mwy,normal,0.7846860885620117
llz4pd,normal,0.7256078124046326
lrgnxn,normal,0.8119111657142639
limzr1,normal,0.5649716258049011
kvyuev,normal,0.7383294701576233
miqr2l,normal,0.5655803680419922
mmfrmi,normal,0.808939516544342
lac1sn,normal,0.7549986243247986
iqgg5j,normal,0.7156309485435486
f28yry,normal,0.7493390440940857
lal39o,normal,0.8027385473251343
mv5e4y,normal,0.7335253953933716
i5oxvu,normal,0.7970555424690247
lewezd,normal,0.7278410196304321
mlegqm,normal,0.69041508436203
fso5va,normal,0.7618480324745178
lxon6c,normal,0.512137770652771
k30jg0,normal,0.7469640374183655
f25d1y,normal,0.7319931387901306
l3gnft,normal,0.8225150108337402
9vc0b4,normal,0.7879313230514526
mag9f5,normal,0.7960700392723083
mujr0f,normal,0.755214273929596
ivknz3,normal,0.7879970669746399
hhycwy,normal,0.8080045580863953
mlsnrq,normal,0.8028092384338379
l2kgbr,normal,0.7022634744644165
lxejsu,normal,0.7845798134803772
kl9l3u,normal,0.7756654024124146
kkjpe4,normal,0.7581789493560791
dmncih,normal,0.7812805771827698
mlo8fr,normal,0.7721853852272034
eror0a,normal,0.7828185558319092
lj8i50,normal,0.7464007139205933
gnzzt0,normal,0.8016896843910217
8o3d24,normal,0.7554346919059753
mmuxx6,normal,0.7304811477661133
mfahjg,normal,0.7568398118019104
mp8dlv,normal,0.7262923717498779
mdvlk5,normal,0.8168426156044006
lhm8fn,normal,0.4777514636516571
l0yygl,normal,0.6728901267051697
mg1el5,normal,0.623339056968689
kxho49,normal,0.7703275680541992
mc5r5x,normal,0.8034296631813049
lukpk6,normal,0.7044338583946228
mrkdw6,normal,0.7788690328598022
ldndi8,normal,0.7810115814208984
ma9dkb,normal,0.7110291719436646
lu3hv5,normal,0.7647083401679993
ldancd,normal,0.7367342114448547
jtkvne,normal,0.8032358288764954
hx77a3,normal,0.7296802401542664
avw64s,normal,0.8163168430328369
avw65a,normal,0.8151581883430481
ftp9w4,normal,0.6586452126502991
7x1g0q,normal,0.7546846866607666
federn,normal,0.5679006576538086
fehst7,normal,0.7585684061050415
emzqsy,normal,0.7078847885131836
cc8zh8,normal,0.7272903919219971
dgloj6,normal,0.5555251240730286
4uzt0x,normal,0.5539029240608215
ionflf,normal,0.8167091608047485
lp2xbh,normal,0.754349946975708
guiuoa,normal,0.7038180232048035
i3tfsl,normal,0.7896454930305481
kegtzw,normal,0.7666114568710327
m9o213,normal,0.8066223859786987
ftnfa4,normal,0.7557750344276428
e9udk1,normal,0.7354426383972168
mh6jua,normal,0.7819404602050781
i3sg6j,normal,0.7072224617004395
me7vrd,normal,0.690650999546051
c8wi4i,normal,0.771648645401001
i55utm,normal,0.7730211019515991
fdy4y1,normal,0.7893704771995544
md3t4m,normal,0.7691283226013184
mvlahv,normal,0.732837975025177
mvwzoz,normal,0.8232864737510681
mx35v0,normal,0.6708466410636902
mwn7dz,normal,0.7791617512702942
mwbqfd,normal,0.7075225710868835
ms8u06,normal,0.6884517073631287
mu2mai,normal,0.7921991348266602
mts5uk,normal,0.782028317451477
mpoybt,normal,0.7780158519744873
mpklbo,normal,0.8321084976196289
ms4tvo,normal,0.5522230863571167
mop2ui,normal,0.7937378883361816
mnd5rz,normal,0.7846740484237671
mlzf91,normal,0.6875482201576233
mmhjn2,normal,0.7611143589019775
m8ss6u,normal,0.7588441371917725
i2xplh,normal,0.6580270528793335
m7nw0z,normal,0.7755664587020874
muviiq,normal,0.7248586416244507
jt84fr,normal,0.783592164516449
ljmr70,normal,0.7065804600715637
mbimmn,normal,0.7632839679718018
luzjoc,normal,0.7621375322341919
mdh4p1,normal,0.7734453082084656
mwyltu,normal,0.6740137338638306
mpqqdh,normal,0.7963817715644836
hpms4k,normal,0.6594163775444031
ml2kqn,normal,0.7202866077423096
mf3ppa,normal,0.7599045634269714
l6e98y,normal,0.7335977554321289
jdk3nr,normal,0.7705858945846558
is9eu3,normal,0.7709273099899292
hu7x89,normal,0.6754283308982849
hp0fdp,normal,0.7648811340332031
hk3o9o,normal,0.7120735049247742
khjr7l,normal,0.7387034893035889
g5mb2s,normal,0.7849748134613037
kqh231,normal,0.7888432741165161
dfk6vg,normal,0.7950238585472107
9hfy5d,normal,0.7258249521255493
326x4t,normal,0.7624071836471558
120aro,normal,0.8184100985527039
hi6m62,normal,0.7614295482635498
luookl,normal,0.816863477230072
mwx3ja,normal,0.8122394680976868
mlk1sw,normal,0.7703056335449219
mvemfy,normal,0.7386379241943359
kvzx5w,normal,0.7127878069877625
m142ly,normal,0.7675682902336121
l64h5z,normal,0.8215422034263611
m6pdh0,normal,0.7891486883163452
jeeq71,normal,0.6800735592842102
limjnq,normal,0.7435343265533447
mm75c8,normal,0.6346742510795593
