tweet_id,classification,classification_score
mur017,normal,0.7446574568748474
mhyb7d,normal,0.7605562806129456
muqmel,normal,0.7042757272720337
msuw8m,normal,0.736034631729126
mwakul,normal,0.747028112411499
mrwkhy,normal,0.5433975458145142
lyd723,normal,0.6626949906349182
mx4kte,normal,0.7930964827537537
mvdnyl,normal,0.7677140831947327
mqqmcd,normal,0.7774157524108887
mpa7ze,normal,0.7373428344726562
maroi3,normal,0.7738600373268127
mua3cn,normal,0.8038780689239502
mno6k7,normal,0.7549453377723694
mpqoae,normal,0.704275906085968
moebw4,normal,0.8501799702644348
mjuoln,normal,0.7811651229858398
mb4w78,normal,0.6691039204597473
m15j0i,normal,0.6569210290908813
lyjk80,normal,0.8294932246208191
lwueg9,normal,0.6911261677742004
lu39u7,normal,0.7622633576393127
lmmlz6,normal,0.7701817750930786
lden96,normal,0.6121976971626282
lb8m3t,normal,0.7899704575538635
l8nzmi,normal,0.7798561453819275
l1cjxp,normal,0.7541904449462891
mwxw8u,normal,0.710828423500061
mx8d4e,normal,0.518082857131958
mu71gh,normal,0.7094330191612244
mthmxy,normal,0.7695789337158203
mvf0o2,normal,0.7965306639671326
mv5nfq,normal,0.7830674052238464
mrt670,normal,0.650316059589386
mow7ik,normal,0.7610533237457275
mqi321,normal,0.7829451560974121
mqkzuy,normal,0.7670841813087463
mnftvb,normal,0.7875482439994812
mq72np,normal,0.733898937702179
mq0tb4,normal,0.7310092449188232
mnujkt,normal,0.8097692131996155
ljfyps,normal,0.7533555030822754
l1b0pi,normal,0.7033160924911499
l4zocd,normal,0.7266020178794861
k8c6q4,normal,0.7883199453353882
modgxt,normal,0.6887922883033752
mr9umu,normal,0.7454326152801514
mmwnb2,normal,0.6186973452568054
l7bphi,normal,0.8325601816177368
mknic9,normal,0.7342146635055542
kd821v,normal,0.7252691388130188
modrh9,normal,0.7901318669319153
mktfqj,normal,0.6206644177436829
hgzsdl,normal,0.7847049832344055
mv1a2l,normal,0.7728886604309082
mszci2,normal,0.7839500308036804
mr0h8e,normal,0.817527711391449
moajpv,normal,0.7757789492607117
mq4efw,normal,0.7613899111747742
mmyw4u,normal,0.7916937470436096
mpdyqd,normal,0.7948631644248962
mm2060,normal,0.8273348212242126
mhpamy,normal,0.7093939185142517
mixxj9,normal,0.8071173429489136
mhss7y,normal,0.7422142028808594
mco706,normal,0.7459245920181274
mvoayr,normal,0.823729395866394
mstx1y,normal,0.7821980118751526
movqjh,normal,0.506691575050354
mjs03d,normal,0.775687575340271
mbf7tf,normal,0.793332040309906
meqx3c,normal,0.7719425559043884
maogby,normal,0.750461995601654
md370c,normal,0.7681135535240173
mbdd0t,normal,0.8264865279197693
m973p8,normal,0.7996345162391663
m6f9zh,normal,0.8339289426803589
m3fdj7,normal,0.8066247701644897
m1fqwp,normal,0.6874063611030579
mbfyk7,normal,0.7997273206710815
iih3jq,normal,0.7706098556518555
fp46vl,normal,0.7524001002311707
l8x1wx,normal,0.7979490160942078
jo9zdl,normal,0.7744384407997131
juccqt,normal,0.7950618267059326
jv1of3,normal,0.8130543231964111
kgelpn,normal,0.787647545337677
gm0xy3,normal,0.7552362084388733
iauvn2,normal,0.7524126172065735
3qzkvz,normal,0.6476160883903503
19ww4n,normal,0.8064382076263428
ei2izt,normal,0.7624128460884094
m7bmks,normal,0.6968210935592651
m0114f,normal,0.7664476633071899
lpf1ng,normal,0.754092276096344
lfpx5m,normal,0.6369033455848694
lcjhdh,normal,0.7181252241134644
l7myaq,normal,0.7738964557647705
kow4xh,normal,0.7161698341369629
k692hx,normal,0.8156384229660034
j8enp3,normal,0.7359873652458191
mket3u,normal,0.7574493885040283
lf8rnq,normal,0.8183899521827698
kq8g4i,normal,0.7750880122184753
mcwdzw,normal,0.7823089957237244
mftqh3,normal,0.8240612745285034
mcd9kl,normal,0.4992472231388092
kte7d4,normal,0.7688018083572388
k8qqoy,normal,0.6655949950218201
lhwedz,normal,0.7421010732650757
mf70yx,normal,0.7265175580978394
l52wih,normal,0.6799550652503967
k84a6x,normal,0.7798930406570435
kkd8ji,normal,0.7307865023612976
imknop,normal,0.660851240158081
kdrnav,normal,0.6622145771980286
klz4o1,normal,0.7816362977027893
jrrj3a,normal,0.8148690462112427
jzodni,normal,0.5812444090843201
mmj8pf,normal,0.7969939708709717
m7htgt,normal,0.8033484816551208
iwevwj,normal,0.7387700080871582
mp55ck,normal,0.7694932818412781
k27pkb,normal,0.7774304747581482
htoj4y,normal,0.7699238061904907
jao0mh,normal,0.7789946794509888
mwn6yl,normal,0.7829572558403015
m5tnra,normal,0.7546513080596924
im17iv,normal,0.8061639070510864
msxbcs,normal,0.7813329696655273
mx9l8s,normal,0.7958657741546631
keb8wc,normal,0.7004787921905518
lvydnj,normal,0.6986815929412842
lwg1nl,normal,0.8025879859924316
l4hnam,normal,0.715088963508606
kglq2q,normal,0.7633324265480042
mxktme,normal,0.7929126620292664
mpk9zg,normal,0.7839704751968384
k5finr,normal,0.8021300435066223
l3fx7q,normal,0.6893669962882996
jv0myh,normal,0.7798933982849121
mw6udo,normal,0.8278265595436096
l6rcci,normal,0.8186826705932617
f548jp,normal,0.5771076083183289
izibek,normal,0.7255734205245972
mlunad,normal,0.7813894152641296
k5ef9b,normal,0.7902474403381348
jj0aie,normal,0.7179996371269226
kkfm4c,normal,0.7289595603942871
jw3et3,normal,0.7948525547981262
mxin93,normal,0.7025885581970215
khnm8u,normal,0.8237069249153137
k9y8qp,normal,0.8274490833282471
kht7ut,normal,0.7965921759605408
a6pkia,normal,0.7869986295700073
lnhurw,normal,0.8166125416755676
d3apou,normal,0.7487733364105225
cvpu80,normal,0.7837975025177002
mjr63i,normal,0.6969956755638123
kzlxg1,normal,0.8165358304977417
lp4x46,normal,0.6369184851646423
eh8vv5,normal,0.7461883425712585
iwaooa,normal,0.7930685877799988
mo4puy,normal,0.80059415102005
jlxbje,normal,0.7308652997016907
jnv5ht,normal,0.7490571737289429
kn8rjz,normal,0.7668949365615845
lobd4i,normal,0.7405105233192444
hgv7qz,normal,0.767143189907074
ms3zs6,normal,0.628271758556366
mtq6as,normal,0.823448896408081
l8yc47,normal,0.7744728922843933
mxw9zs,normal,0.7888405323028564
mxy8pl,normal,0.6974112391471863
mxpgee,normal,0.7651233673095703
my01ho,normal,0.683242678642273
mxy5qe,normal,0.8260810375213623
mxdtsl,normal,0.797322690486908
mx1u2y,normal,0.8009604811668396
mt23wy,normal,0.5308554768562317
mwc1rg,normal,0.78828364610672
mwmmj7,normal,0.6914991140365601
mwg511,normal,0.6897380948066711
mvnccd,normal,0.7742058634757996
mw4jz9,normal,0.7856866717338562
mvxwsa,normal,0.757087767124176
miaz83,normal,0.773902177810669
m6zelf,normal,0.8102688193321228
mpk8tq,normal,0.6475832462310791
lx088p,normal,0.6461379528045654
lrg98d,normal,0.7436169385910034
hsxbfp,normal,0.7840697765350342
kbappe,normal,0.5944309830665588
kf1dig,normal,0.6101052761077881
lw3kmi,normal,0.7799922823905945
k7isw9,normal,0.602022111415863
kb90ak,normal,0.5991549491882324
k3se1c,normal,0.5593937635421753
hnm3ic,normal,0.6639696955680847
kdbyi3,normal,0.7806734442710876
ihcs4g,normal,0.7056677937507629
mulknd,normal,0.7554612159729004
m0znof,normal,0.7876714468002319
ltufqv,normal,0.6033679246902466
keeoct,normal,0.5859506726264954
mv4aqs,normal,0.6970007419586182
ljxed3,normal,0.7233476042747498
kxlbfg,normal,0.7767860889434814
mrjbeo,normal,0.6496744751930237
m5odjl,normal,0.6744478344917297
mfxql2,normal,0.8036556243896484
ll9i7h,normal,0.7792006731033325
l0afvy,normal,0.6372387409210205
m9d637,normal,0.7757465243339539
lfl2ob,normal,0.7377462983131409
lszer5,normal,0.8220029473304749
hx6tqd,normal,0.8152496218681335
mtqkt7,normal,0.7042840123176575
kqrnfh,normal,0.7128349542617798
g060bq,normal,0.7909040451049805
hl3kvy,normal,0.7032286524772644
o55t5,offensive,0.48800256848335266
i6g3tl,normal,0.6098631620407104
d1114m,normal,0.7647472023963928
g00blg,normal,0.7759340405464172
98lokg,normal,0.8144363760948181
