tweet_id,classification,classification_score
mw2f11,normal,0.7858386635780334
fy81r4,normal,0.7428861260414124
jtenex,normal,0.7826502919197083
jst19w,normal,0.7370059490203857
htwmyt,normal,0.7028495669364929
h11jzj,normal,0.7812691926956177
fzndci,normal,0.7705466151237488
o8tx7,normal,0.7956708669662476
1l02zh,normal,0.7849510312080383
bkiojr,normal,0.7982927560806274
1689l0,normal,0.7706884741783142
l63nwe,normal,0.6685864329338074
kpoifz,normal,0.7953855395317078
lvwodi,normal,0.7594241499900818
j0ggdf,normal,0.7617696523666382
kqxk0z,normal,0.7400626540184021
k9aqvl,normal,0.7808221578598022
m0fipt,normal,0.722114086151123
m7tlex,normal,0.8112284541130066
mnx0xi,normal,0.7256215214729309
mhmp34,normal,0.687807023525238
m8zyoa,normal,0.7658710479736328
mca7r1,normal,0.7587710618972778
ma7jtu,normal,0.8089207410812378
kkkwks,normal,0.8058649897575378
knxx4d,normal,0.803288996219635
lrgib5,normal,0.7685711979866028
g47994,normal,0.6727513074874878
l0gxy8,normal,0.7578480839729309
ki0ktu,normal,0.7801951169967651
inexni,normal,0.779919445514679
jpqhn9,normal,0.6570051312446594
i3g4rl,normal,0.704444944858551
j0m4te,normal,0.8086389899253845
jkwmo6,normal,0.7969410419464111
jkizev,normal,0.6889941692352295
j7l4xd,normal,0.8211909532546997
i7otsd,normal,0.7863446474075317
jbu4z1,normal,0.7747122645378113
hi1e5k,normal,0.7941258549690247
he6uzo,normal,0.7634193301200867
jlc776,normal,0.769789457321167
j3hkon,normal,0.7717328071594238
m2jssl,normal,0.8106048703193665
fy1ltp,normal,0.7236726880073547
mjmcul,normal,0.8082345724105835
m2ud7z,normal,0.7104084491729736
fh6ctc,normal,0.7119821906089783
lvvio4,normal,0.7852997183799744
l3m0gc,normal,0.745900571346283
kyvw15,normal,0.8045679330825806
lerbbm,normal,0.7501793503761292
j1zbg6,normal,0.785701334476471
jwm0gm,normal,0.6834360957145691
jcil4t,normal,0.6920194625854492
iq4eva,normal,0.7570526003837585
gofe0c,normal,0.8030101656913757
f56fhj,normal,0.5922954678535461
faj9jd,normal,0.7553691267967224
cej4kn,normal,0.796993613243103
c3xz9h,normal,0.7081695795059204
92bjkp,normal,0.7250382304191589
77delb,normal,0.7473466396331787
ix4sip,normal,0.7555949687957764
jlxx5g,normal,0.7623831629753113
lm2glm,normal,0.7848153114318848
l5yfhx,normal,0.7730252146720886
los3v5,normal,0.7912557721138
l6ggm5,normal,0.7478774189949036
kxiwus,normal,0.7658567428588867
kq6dft,normal,0.7658951878547668
cp4t65,normal,0.7821338772773743
k7pvvf,normal,0.7547655701637268
k2e5g2,normal,0.7888729572296143
k857li,normal,0.7794781923294067
ijxotc,normal,0.7629818916320801
hyace3,normal,0.7713369727134705
ma9dwn,normal,0.6581525206565857
mc5ojx,normal,0.79354327917099
l3ex3r,normal,0.7189472913742065
l5by0s,normal,0.8175644278526306
khj8bz,normal,0.7702732682228088
mv74ph,normal,0.8003612160682678
mpyadt,normal,0.7765342593193054
mpv2bd,normal,0.7889706492424011
mu9vha,normal,0.805029034614563
mkcrmr,normal,0.7341671586036682
mb96k3,normal,0.8097347021102905
lbyvqw,normal,0.7859231233596802
liiq5c,normal,0.7836243510246277
jnremo,normal,0.7139117121696472
jyznm0,normal,0.7560023665428162
m99i7i,normal,0.814498245716095
jxb7o8,normal,0.6965644955635071
mw1b18,normal,0.7467260956764221
jhg03t,normal,0.7795591950416565
m759dc,normal,0.8187828660011292
j2rxxl,normal,0.7423803210258484
lk2cs7,normal,0.4925067722797394
m6nqfq,normal,0.7502375841140747
l9gwlw,normal,0.7469528913497925
kwcqsl,normal,0.7742635011672974
5mi15u,normal,0.7418169379234314
7timm3,normal,0.8116069436073303
kavu8a,normal,0.6221292018890381
b696ss,normal,0.7830715775489807
7avgiw,normal,0.44100600481033325
aj9dqy,normal,0.7515802383422852
ad0661,normal,0.73145991563797
7n4otg,normal,0.5187782049179077
7f0kec,normal,0.815845251083374
6zbqkb,normal,0.6298865079879761
9y2o6z,normal,0.8538691997528076
7qd7fq,normal,0.7924628853797913
5wx5h3,normal,0.7609174251556396
4hwup6,normal,0.7603769898414612
2ww83o,normal,0.8213085532188416
6ee6t1,normal,0.8292046189308167
2gt5cj,normal,0.68424391746521
1mbghg,normal,0.751175045967102
kegqp1,normal,0.5614771842956543
kzv4mk,offensive,0.4758511781692505
mrdu49,normal,0.748452365398407
lfcb6y,normal,0.734843373298645
khi7gl,normal,0.7904006838798523
mukk76,normal,0.7699679136276245
mw6udo,normal,0.8278265595436096
fvydd6,normal,0.7235292196273804
jjpkhz,normal,0.6556443572044373
mweq0o,normal,0.7095240950584412
laopl0,normal,0.7346368432044983
l25ixo,normal,0.7365161180496216
m4nwet,normal,0.6766465902328491
mjjp29,normal,0.7511967420578003
jabz2b,normal,0.7799105644226074
km2oyl,normal,0.8277931213378906
lyd9es,normal,0.7330013513565063
fy186f,normal,0.7783084511756897
lh3khe,normal,0.7791212797164917
mrh24v,normal,0.7110278010368347
mpdtcf,normal,0.8153152465820312
hlci11,normal,0.7645794749259949
lajowy,normal,0.7709553837776184
mdxmov,normal,0.7604311108589172
k8glvs,normal,0.7514359354972839
lt1tbz,normal,0.7924330234527588
mhnwdf,normal,0.8135300874710083
mw2mad,normal,0.8191799521446228
ml1yv7,normal,0.7960020303726196
mfaod5,normal,0.659162700176239
ms6x7n,normal,0.7579910159111023
j1oaxh,normal,0.7429366111755371
l9gujz,normal,0.7792441844940186
ms6qan,normal,0.6209404468536377
mraz1y,normal,0.8060066103935242
mkrmax,normal,0.7249797582626343
l6old1,normal,0.7286766171455383
mqtwu3,normal,0.6914210915565491
mijzig,normal,0.657429039478302
msszx9,normal,0.7965614199638367
m0u4gw,normal,0.7658450603485107
mwylkw,normal,0.7704626321792603
mim20z,normal,0.7330923676490784
mkx2su,normal,0.8086692690849304
mssjhr,normal,0.7128446698188782
kv1bq0,normal,0.7739620804786682
m70ks8,normal,0.7632826566696167
mgxpm4,normal,0.6640723943710327
lglfc3,normal,0.7882782816886902
mbjb3o,normal,0.6918995380401611
lk6627,normal,0.7147752642631531
kbz1ei,normal,0.653406023979187
kydma8,normal,0.7053377032279968
m3lteg,normal,0.6111063361167908
ms56f6,normal,0.7673681974411011
ealqf6,normal,0.7727575302124023
mpvsib,normal,0.6896314024925232
ckdrju,normal,0.8238022923469543
lx3tga,normal,0.7648892998695374
mwkbl4,normal,0.8040289282798767
k5jugg,normal,0.7993659973144531
jfnj8w,normal,0.7451223134994507
lsbtv4,normal,0.7046590447425842
muyfby,normal,0.7631744742393494
luhndj,normal,0.8066051602363586
ddlgp3,normal,0.7341541647911072
ie1qrn,normal,0.7426860928535461
mxolql,normal,0.758987307548523
mit35g,normal,0.7470787167549133
moaq0t,normal,0.7681687474250793
m1ck8w,normal,0.689898669719696
mad6fz,normal,0.7969751358032227
joffez,normal,0.6488174796104431
kjg6n9,normal,0.6868599057197571
chwwq9,normal,0.7405884861946106
j7uszj,normal,0.6710874438285828
k1jiw8,normal,0.7513934969902039
kgthaq,normal,0.7999774813652039
3iprye,normal,0.7665707468986511
54bf3b,normal,0.7857086658477783
hz6k3n,normal,0.7819191217422485
6c0sby,normal,0.679964542388916
47kgwf,normal,0.6514993906021118
6ahpds,normal,0.6794896125793457
fpt18j,normal,0.7150346040725708
dsxpd8,normal,0.7843750715255737
g57mhh,normal,0.7251937985420227
jjyke3,normal,0.782444417476654
m88dki,normal,0.7924124598503113
m4jc5v,normal,0.7782686352729797
luv9mc,normal,0.7519505620002747
lmexwq,normal,0.7743582725524902
li71zc,normal,0.7966666221618652
670zn5,normal,0.784475564956665
kqnjdd,normal,0.7111504077911377
kgbjmf,normal,0.8152675628662109
8q8xwf,normal,0.8342496752738953
