tweet_id,classification,classification_score
ldy4o8,normal,0.7616249918937683
my6e84,normal,0.6516676545143127
my4qew,normal,0.5600684881210327
mwxpfz,normal,0.8004395961761475
mxoy4r,normal,0.7755764722824097
my8pd9,normal,0.7148838043212891
mxxtt8,normal,0.7772634029388428
mxxuda,normal,0.7737827301025391
my6jvu,normal,0.8112244606018066
my3cwk,normal,0.7770324945449829
mxzmcw,normal,0.7555158734321594
mxknp0,normal,0.7497046589851379
mx67lr,normal,0.7165332436561584
mxuq9a,normal,0.7699832916259766
mxzgsd,normal,0.6822078227996826
mxyc6g,normal,0.7849401235580444
mxxbzk,normal,0.7772465944290161
mxufa2,normal,0.7291264533996582
mxkiap,normal,0.7001704573631287
mxvqux,normal,0.7843499779701233
mx6z3h,normal,0.6994922161102295
mxn9te,normal,0.7907716035842896
mxookw,normal,0.7707744836807251
mx81pv,normal,0.7564314007759094
mxof8z,normal,0.7684569954872131
mxpxub,normal,0.6916778087615967
mxmd9z,normal,0.7845475077629089
mxmdne,normal,0.6673643589019775
mxkpm7,normal,0.8527600765228271
my9tzg,normal,0.6508903503417969
myafmk,normal,0.7851845622062683
my2n0n,normal,0.4428805410861969
mxwno1,normal,0.7850396037101746
mxzy5e,normal,0.7901827096939087
mxnlmx,normal,0.7084856629371643
mxlu11,normal,0.7055473923683167
mx0zxt,normal,0.8221288919448853
mxyhwu,normal,0.8135330080986023
mxiayj,normal,0.785446047782898
mxjp3s,normal,0.6917550563812256
mxrhll,normal,0.7749239802360535
mx54yo,normal,0.7770535349845886
mxf41d,normal,0.7793827652931213
mxlvct,normal,0.7642043828964233
mxl66d,normal,0.6741185784339905
mxh9d8,normal,0.7736386060714722
mxafyh,offensive,0.44022390246391296
mx39ab,normal,0.7534571886062622
mwia0s,normal,0.7466138005256653
mwdg7q,normal,0.7619504928588867
lwxdvb,normal,0.8121564388275146
msz4ez,normal,0.593279242515564
m9175t,normal,0.6075735688209534
m3lwbe,normal,0.8352805376052856
my6gn4,normal,0.7016319036483765
mflmin,normal,0.8041083812713623
mxsw0l,normal,0.7427741289138794
lrfkrs,normal,0.7912843227386475
l28tmc,normal,0.8189699053764343
mgsfog,normal,0.8211786150932312
mrrcmu,normal,0.7928206324577332
kyyyr6,normal,0.7113901376724243
low6ii,normal,0.7850409746170044
lm2c6j,normal,0.8165026903152466
kaogu2,normal,0.7360416054725647
lx7awl,normal,0.7078961730003357
kv6d18,normal,0.6784879565238953
mp1w76,normal,0.7664002180099487
l0w62a,normal,0.7433890104293823
lc823w,normal,0.735047459602356
kyinp8,normal,0.7959124445915222
lki7bc,normal,0.6539616584777832
mu18nj,normal,0.768872082233429
lv0d0j,normal,0.629925549030304
mu50t7,normal,0.727686882019043
meuvbd,normal,0.7404097318649292
mvoqzc,normal,0.7316548228263855
mmwr1x,normal,0.7842526435852051
mssg2o,normal,0.7059327363967896
kx9ryy,normal,0.706386387348175
mx8cpm,normal,0.7858826518058777
l8o6o9,normal,0.8013408184051514
lrrlap,normal,0.7909106016159058
lacjfk,normal,0.7670657634735107
modf9n,normal,0.7823561429977417
lj4oc2,normal,0.727591872215271
moiizv,normal,0.5547570586204529
mo38vd,normal,0.7427854537963867
mr6rgh,normal,0.6181134581565857
mnrarj,normal,0.7962386608123779
muag1r,normal,0.755988359451294
lv92gh,normal,0.7489351630210876
mxr0na,normal,0.7007178664207458
mgyiyg,normal,0.7864977717399597
mq9592,normal,0.709300696849823
l9d0d2,normal,0.6523762345314026
mnb27w,normal,0.7656432390213013
mvyhjr,normal,0.8136225938796997
meeakc,normal,0.6865957379341125
m4jahp,normal,0.6616028547286987
mhx3hl,normal,0.766760528087616
mazdvr,normal,0.7891308069229126
k0g4y0,normal,0.7992013096809387
mo3oug,normal,0.6978456974029541
mjf8pz,normal,0.6532902121543884
mkm2a5,normal,0.823882520198822
jc9lwx,normal,0.7541390657424927
jx4aa5,normal,0.7750241756439209
lchsup,normal,0.8075607419013977
mbbxia,normal,0.7804345488548279
fdjksm,normal,0.829614520072937
lhv9xq,normal,0.8192895650863647
lu6vgp,normal,0.6205167770385742
ktvjho,normal,0.7904115915298462
lb21yb,normal,0.805267333984375
mxww2e,normal,0.7898571491241455
97iaoe,normal,0.6962404847145081
moeqss,normal,0.6971371173858643
m54988,normal,0.7019078731536865
lcr6yb,normal,0.7880454659461975
mx1wp6,normal,0.749649703502655
m90svh,normal,0.7744723558425903
l9yfvz,normal,0.7779350280761719
m7dlj3,normal,0.8197992444038391
mbbmmu,normal,0.7430520057678223
lkdy1g,normal,0.787542998790741
mub0w4,normal,0.819182813167572
mepo9u,normal,0.7811580300331116
ls8x5d,normal,0.7614219784736633
lqygz6,normal,0.7977341413497925
md4nye,normal,0.7530438899993896
me6r8n,normal,0.7409297227859497
m5w24e,normal,0.7687137722969055
l820ss,normal,0.7937265038490295
lxsljs,normal,0.8066127300262451
lhu15w,normal,0.797141969203949
lht47c,normal,0.705034077167511
mgccva,normal,0.8015950322151184
lqqsdm,normal,0.7864416837692261
lvdcth,normal,0.7883168458938599
kyfpgt,normal,0.7593138217926025
lzpfyh,normal,0.7675068974494934
ldjahg,normal,0.7860026955604553
mkasgf,normal,0.772312581539154
kyeirr,normal,0.8090425729751587
ldcour,normal,0.7821817398071289
kb9q2k,normal,0.7740050554275513
k5us0z,normal,0.7053414583206177
kaih4l,normal,0.8164908289909363
ly12mc,normal,0.8336740732192993
edp3bk,normal,0.7516894936561584
mkn001,normal,0.7924849390983582
a3e0b5,normal,0.655609667301178
mj6sl0,normal,0.7806211709976196
mskp0r,normal,0.7883756756782532
l286b9,normal,0.692032516002655
l1nmac,normal,0.7962549328804016
m0xai4,normal,0.8038796186447144
7s7id4,normal,0.7658908367156982
97z12t,normal,0.8216534852981567
5w9e7d,normal,0.7239048480987549
4k1v4p,normal,0.7288402318954468
h8h0hi,normal,0.7808109521865845
di94gm,normal,0.7767705917358398
hyigke,normal,0.6700901985168457
hzeo5c,normal,0.7539616227149963
cx1fxq,normal,0.7860034704208374
dxbn1p,normal,0.7259525656700134
bjss10,normal,0.7678433060646057
8kvsup,normal,0.8250747919082642
864p7u,normal,0.7904918789863586
byqldt,normal,0.7789531946182251
8iduk3,normal,0.7337316870689392
7hmc60,normal,0.7304198741912842
mxr3gz,normal,0.7732601761817932
mr30tg,normal,0.7716559767723083
mx8xwe,normal,0.7148173451423645
mtka40,normal,0.639487624168396
li2ec5,normal,0.7487892508506775
m3w3uz,normal,0.7188237905502319
lvzv0x,normal,0.7890031337738037
lfd7ul,normal,0.7275994420051575
mp9p3a,normal,0.773750901222229
msdrqx,normal,0.6312022805213928
metnyt,normal,0.7466127276420593
l5f2j5,normal,0.7850062251091003
m9o1pk,normal,0.7106778025627136
m5g7ju,normal,0.7662985324859619
m9231m,normal,0.7672675251960754
l02jzh,normal,0.7775821089744568
lywv3x,normal,0.8110457062721252
ly180e,normal,0.7074288725852966
mubb3m,normal,0.7007417678833008
lzuhek,normal,0.8100069761276245
ktuqft,normal,0.8237783908843994
jqyqga,normal,0.7658259868621826
ky6h1a,normal,0.7607890367507935
jpiu9a,normal,0.7417857050895691
kuu0um,normal,0.7698103189468384
iy76bs,normal,0.7433936595916748
mpw1k4,normal,0.793164074420929
mmwbnw,normal,0.7341240048408508
g6qup4,normal,0.7553481459617615
cxqj6v,normal,0.7784085869789124
7abizb,normal,0.7472387552261353
8ed7qr,normal,0.7657543420791626
bjazgl,normal,0.730990469455719
cbj88x,normal,0.7976692318916321
kkr49e,normal,0.7676394581794739
gp2oye,normal,0.799370288848877
j4xcy6,normal,0.5827019810676575
8boos3,normal,0.746004581451416
73qehb,normal,0.7786950469017029
iarnrj,normal,0.7893686294555664
8breso,normal,0.7390706539154053
6ypkac,normal,0.7551413774490356
ankiun,normal,0.7913475036621094
he35li,normal,0.7909752130508423
gb0zvh,normal,0.8410388231277466
f5iv8k,normal,0.7763059139251709
8jzyq0,normal,0.7408254742622375
8nrsb9,normal,0.7951905727386475
9g144n,normal,0.7562767863273621
mlq96t,normal,0.7684054970741272
my7rbw,normal,0.8270341157913208
mq0ad7,normal,0.7357933521270752
mcrnwf,normal,0.6977933645248413
mo7hh9,normal,0.7083020806312561
lzarv5,normal,0.789146900177002
m5rn81,normal,0.7778491973876953
l0g09y,normal,0.7589390277862549
m81oj6,normal,0.7267410159111023
mnqc1n,normal,0.5669938325881958
mu7cnx,normal,0.6764163374900818
mvi8wu,normal,0.7543224692344666
my3p2e,normal,0.6941125988960266
mx9am1,normal,0.7885324358940125
mm4qrg,normal,0.7872776389122009
msx9kd,normal,0.6249820590019226
lwjc9g,normal,0.779038667678833
dbvzc4,normal,0.8103662729263306
mt6jhx,normal,0.7943453788757324
jc2erf,normal,0.7150134444236755
mue7fd,normal,0.7744632959365845
mw1oc5,normal,0.794903039932251
lvnnet,normal,0.7755631804466248
lx2t87,normal,0.7464110851287842
kzz6o0,normal,0.7691086530685425
laicw0,normal,0.7404691576957703
kxa6va,normal,0.7941910028457642
llgu5y,normal,0.8014153838157654
lemupu,normal,0.6584849953651428
lk8ge4,normal,0.7316901683807373
lfo4ib,normal,0.7298159599304199
gnqq5h,normal,0.7845391035079956
lalg9g,normal,0.675533652305603
m141v4,normal,0.7697065472602844
kv9oq2,normal,0.7668941617012024
jis3wg,normal,0.7838096618652344
mq64eg,normal,0.8186957240104675
lrjfzb,normal,0.8263460993766785
j44xeo,normal,0.7485674619674683
jkkq1c,normal,0.7754717469215393
iq3cbq,normal,0.7937906384468079
m7exhh,normal,0.7970935106277466
ml4zqf,normal,0.7998392581939697
mmqqzs,normal,0.6927784085273743
m3vb73,normal,0.8042543530464172
momd3f,normal,0.6918010115623474
m3axjh,normal,0.7512742280960083
marux1,normal,0.7788009643554688
mwihjx,normal,0.7327625751495361
mp8zpu,normal,0.7681468725204468
m9fwl7,normal,0.8064538240432739
ly46yr,normal,0.7782893776893616
mspmyu,normal,0.8195252418518066
mlm7sh,normal,0.8213263750076294
ml90fh,normal,0.8035671710968018
mkl6lv,normal,0.7929450869560242
mgnk1r,normal,0.8092466592788696
lljyye,normal,0.8367527723312378
khmjw3,normal,0.7853431105613708
mwftz4,normal,0.8206464648246765
lofe8h,normal,0.811881959438324
mu2rcb,normal,0.7840721607208252
ikwgk7,normal,0.7419911623001099
lshpia,normal,0.785883903503418
kwhgb5,normal,0.7971246838569641
lwdpju,normal,0.8135986924171448
ljuq1g,normal,0.7307783365249634
lxr8fq,normal,0.6741949319839478
moekra,normal,0.7020276784896851
mvppbj,normal,0.6176006197929382
lenzix,normal,0.8295223116874695
mi6qmi,normal,0.7757745385169983
mvf218,normal,0.8143799304962158
m0jnho,normal,0.7705479264259338
mtevj6,normal,0.7062576413154602
gb9ulc,normal,0.7846955060958862
m9btf2,normal,0.7912978529930115
mok019,normal,0.6451941728591919
lkv14y,normal,0.7299683094024658
gzdpu3,normal,0.7934845089912415
mtwf76,normal,0.7200849652290344
mia27g,normal,0.6683779358863831
gjxufh,normal,0.6496744751930237
mk8wo2,normal,0.7510392069816589
mp0g8y,normal,0.756592869758606
krfwoq,normal,0.787684440612793
lxi90a,normal,0.660405695438385
mvh1vt,normal,0.794873058795929
mjvaw7,normal,0.6702935099601746
gy5mb7,normal,0.8067484498023987
mfg830,normal,0.7415385246276855
k7yt6b,normal,0.6976471543312073
cveb7v,normal,0.7726622223854065
mot0v5,normal,0.7522674202919006
kwm5cq,normal,0.7452179789543152
lfpsw1,normal,0.7572812438011169
lvty37,normal,0.7481459975242615
lto539,normal,0.779529869556427
l5fm6h,normal,0.7260273098945618
l0jjg0,normal,0.7508184313774109
lwzi5t,normal,0.7108165621757507
loc8cu,normal,0.7137660980224609
kiwof7,normal,0.7981504201889038
ky1qyq,normal,0.8182721138000488
lf3n5v,normal,0.8062493205070496
mxu2br,normal,0.7124041318893433
l24skp,normal,0.7558845281600952
m5guhw,normal,0.8311508893966675
kfaqnj,normal,0.815243124961853
ky9642,normal,0.6433301568031311
ldsix2,normal,0.786581814289093
lw20wr,normal,0.7348235845565796
mvdc2u,normal,0.7841007113456726
mj7wh2,normal,0.791042685508728
lv84dg,normal,0.5990145206451416
jxyqrx,normal,0.6926799416542053
le72kd,normal,0.7390196919441223
lznw5h,normal,0.7889609932899475
mc1vfe,normal,0.7689400911331177
mtx6fr,normal,0.8033076524734497
jy11vp,normal,0.771828293800354
m7cbog,normal,0.7609887719154358
mtdfoh,normal,0.8065613508224487
mw5vvb,normal,0.7654174566268921
khh9y4,normal,0.7857334613800049
l8qxst,normal,0.7712997198104858
hrh2ku,normal,0.773354172706604
msrrj1,normal,0.7416653633117676
mtjoil,normal,0.7386614680290222
kzpmdd,normal,0.8436643481254578
mdc972,normal,0.7623781561851501
mvgiuw,normal,0.7255985140800476
lc9jtq,normal,0.7256625890731812
hsj2zv,normal,0.8117201924324036
gj8v5e,normal,0.7804107069969177
mhegy5,normal,0.7800254821777344
mhr7db,normal,0.7854361534118652
m7qd0e,normal,0.7269265651702881
hbfcnf,normal,0.739450991153717
f6yi6b,normal,0.6840207576751709
mi3xgc,normal,0.8066648244857788
ezjmq6,normal,0.79538893699646
mrgj97,normal,0.5751597285270691
mj6lhu,normal,0.7341281175613403
mik3m3,normal,0.7018546462059021
mpksiz,normal,0.7760671973228455
mbleaw,normal,0.7867957353591919
mjbnwd,normal,0.7911363244056702
ms9zgc,normal,0.7258639335632324
mbli12,normal,0.7955112457275391
m2g37z,normal,0.7638841867446899
mbj38p,normal,0.8150880932807922
mkwx6k,normal,0.6074052453041077
m1ctcy,normal,0.8057234883308411
m7875v,normal,0.8044402599334717
mmk5qf,normal,0.7569314241409302
m7bbo4,normal,0.7108451128005981
m6n7gh,normal,0.721407413482666
mr11ti,normal,0.7848417162895203
lzu6kl,normal,0.8354957699775696
mblcwm,normal,0.7347281575202942
mirn7y,normal,0.778052031993866
licc4v,normal,0.8343568444252014
mioqh9,normal,0.8083207607269287
mrderj,normal,0.7978651523590088
mbk9hr,normal,0.829295814037323
mjaizn,normal,0.8524550795555115
lvct9p,normal,0.7372738718986511
lvilzz,normal,0.6539616584777832
lsqdam,normal,0.8053357005119324
mujuby,normal,0.7582067251205444
mq7cc8,normal,0.7653957605361938
mwhl3e,normal,0.7687479853630066
ltqjxb,normal,0.7148189544677734
mk39f3,normal,0.7605105638504028
mtiazl,normal,0.8084770441055298
mco8u0,normal,0.8297984600067139
mjdvpt,normal,0.8394346833229065
m8hycf,normal,0.6936152577400208
me2icy,normal,0.69010990858078
lw0m1u,normal,0.740467369556427
lqeund,normal,0.7835052013397217
m2uzr6,normal,0.7917368412017822
mfv437,normal,0.7956551909446716
m7s8rw,normal,0.6233657598495483
lvi9p7,normal,0.7730726003646851
m513e4,normal,0.8205256462097168
m6mh5h,normal,0.8123266100883484
m1k0dr,normal,0.7809402942657471
m223g0,normal,0.810401201248169
krkuqw,normal,0.7853312492370605
mcxavq,normal,0.8046175837516785
jxylvj,normal,0.7612602710723877
lq7zq9,normal,0.7940064668655396
lzgur1,normal,0.7807334661483765
lib5yh,normal,0.7863377332687378
lh4pf8,normal,0.7370876669883728
l22ywi,normal,0.8311151266098022
k7yjjz,normal,0.6539616584777832
b5sdhx,normal,0.796744704246521
krtzaz,normal,0.7866025567054749
js0o5c,normal,0.8059123158454895
jr5gcq,normal,0.6918200850486755
i4jdhx,normal,0.7884331345558167
i0g5b6,normal,0.7138374447822571
jojk6k,normal,0.7966634035110474
j8ny3m,normal,0.8201765418052673
kyofrr,normal,0.843008279800415
hor7oo,normal,0.7675265669822693
j0b1c7,normal,0.7272175550460815
jt4je9,normal,0.8092268705368042
9keti6,normal,0.73978590965271
jjj6i1,normal,0.7967537641525269
f5d71u,normal,0.6824116706848145
8jye9e,normal,0.8336786031723022
l74ysf,normal,0.7774963974952698
mru8fm,normal,0.8107161521911621
mg2dft,normal,0.6632577776908875
ma9atm,normal,0.7840936779975891
m9b3to,normal,0.7697347402572632
m83s1q,normal,0.736869215965271
m76ec7,normal,0.8133656978607178
m8z8oo,normal,0.6956772208213806
lrl5qu,normal,0.7597994208335876
m27s9f,normal,0.7390596270561218
m6auf3,normal,0.7982434630393982
jfz2mg,normal,0.7208732962608337
dhhnvx,normal,0.7052103877067566
iyf10n,normal,0.8004295825958252
i8dald,normal,0.78389573097229
fwrh79,normal,0.7369657158851624
ej0b6i,normal,0.7753574848175049
bmp3xb,normal,0.7435333728790283
ck2s6y,normal,0.7267554402351379
d50vjn,normal,0.653110921382904
d3frgz,normal,0.7355631589889526
b082lh,normal,0.8391240835189819
cgp2cm,normal,0.7582001686096191
mv1dro,normal,0.833090603351593
mhiv0s,normal,0.528759777545929
m6zw5r,normal,0.7834891080856323
l8my9e,normal,0.758354902267456
m5k5g9,normal,0.7301761507987976
goupbj,normal,0.7891324758529663
kp5rp5,normal,0.7032037377357483
ffecfz,normal,0.7699407935142517
i2b7c9,normal,0.7498574256896973
hbfem5,normal,0.739450991153717
fd7ts0,normal,0.8060181736946106
gd5imw,normal,0.5559813976287842
dgisg7,normal,0.6674346923828125
b2no2z,normal,0.8350438475608826
bhheir,normal,0.7954506278038025
b2jxyr,normal,0.7382028698921204
c2e71v,normal,0.7686462998390198
8miu7a,normal,0.7860131859779358
lcuq2b,normal,0.8313974738121033
mh33ub,normal,0.649371862411499
kutsg8,normal,0.7140657901763916
mi7u2u,normal,0.7794443368911743
mw94uq,normal,0.7564176917076111
mjj5ch,normal,0.7392668724060059
kgsebd,normal,0.7571184635162354
m2v2mp,normal,0.7711557745933533
m3pu6b,normal,0.7851755619049072
lxnkfm,normal,0.7196252942085266
lhl311,normal,0.6664150357246399
m6h5ms,normal,0.8206924200057983
lqnmr0,normal,0.777531087398529
lrc45i,normal,0.8108447194099426
ay72fj,normal,0.7735128998756409
lfqp64,normal,0.7578402161598206
ip6fmb,normal,0.782751202583313
jca86g,normal,0.733353316783905
icvgek,normal,0.6885119676589966
g9skhq,normal,0.6806269884109497
hfuu7y,normal,0.8044388294219971
hfuhvn,normal,0.6848093271255493
dt2jlz,normal,0.7047682404518127
mmhinz,normal,0.8098952770233154
khxy9t,normal,0.8270068168640137
jrkuuc,normal,0.6837453842163086
jkgomy,normal,0.7794658541679382
mu6fnk,normal,0.7982150316238403
lsujul,normal,0.7722587585449219
m3zeru,normal,0.8131853938102722
lhpyit,normal,0.7897070646286011
bht1y4,normal,0.6989813446998596
esmeka,normal,0.8068734407424927
kb1fm5,normal,0.8351886868476868
9ytpf6,normal,0.618510901927948
a67vnp,normal,0.7428449988365173
kash9l,normal,0.83772873878479
jskelp,normal,0.8154427409172058
ihw6zl,normal,0.7781819701194763
fbm4qo,normal,0.7053488492965698
bdwktl,normal,0.6860511302947998
ejpvem,normal,0.7623661756515503
axtrx7,normal,0.7774466872215271
9kooym,normal,0.6823465824127197
9xt6t2,normal,0.7893648147583008
eso7bj,normal,0.8057339191436768
8m8181,normal,0.7346249222755432
laicgg,normal,0.7705821990966797
kui5m3,normal,0.7873422503471375
lhk69z,normal,0.7771959900856018
k8t823,normal,0.8007709980010986
kxai8q,normal,0.7921478748321533
lmsoxm,normal,0.6968368291854858
lo9ngh,normal,0.7634701728820801
ln0wnq,normal,0.7695761322975159
duyr87,normal,0.8161324262619019
kv5pgn,normal,0.7712764143943787
jqswnl,normal,0.6972926259040833
kxa81h,normal,0.7879980206489563
kauxrn,normal,0.8360046148300171
kkl9vj,normal,0.7486882209777832
f6nc21,normal,0.6973047852516174
esezb4,normal,0.7860221266746521
bhnr4q,normal,0.7756876945495605
f6mrol,normal,0.791329026222229
da8sbx,normal,0.7514932155609131
bdepk9,normal,0.8003764748573303
l8z43j,normal,0.7682797908782959
iwo8aa,normal,0.7500468492507935
biaj7v,normal,0.7403955459594727
b2wlfd,normal,0.7513712644577026
lrriyj,normal,0.7813851237297058
dsry06,normal,0.7085830569267273
ljo9dy,normal,0.7718126773834229
kxf1kh,normal,0.7818087935447693
k97whe,normal,0.800682008266449
k9d1ml,normal,0.7564516663551331
m3ik7d,normal,0.8113361597061157
i21vzz,normal,0.7810424566268921
l4rcw3,normal,0.7445652484893799
ltj9h2,normal,0.7746478319168091
ktupnw,normal,0.7920029163360596
l9oyqz,normal,0.7586685419082642
kysurb,normal,0.722316563129425
kvfk19,normal,0.7951295375823975
kysbc8,normal,0.7890706658363342
kv65tc,normal,0.6496744751930237
k6zbep,normal,0.8224084973335266
bgfu90,normal,0.794795036315918
bgbqt6,normal,0.7934449315071106
bh3135,normal,0.8644959926605225
f6fyph,normal,0.6942306756973267
esrunj,normal,0.7493758201599121
br32zt,normal,0.7617462277412415
jxdsg5,normal,0.7619683742523193
f6yhct,normal,0.6840207576751709
ezjrvh,normal,0.785082221031189
kqhz0t,normal,0.781478762626648
cft5ra,normal,0.7731248140335083
b91f92,normal,0.6711153984069824
f1dqmn,normal,0.7839952707290649
dn13ms,normal,0.6990337371826172
f12s0e,normal,0.6827648282051086
bko3g5,normal,0.7735934257507324
bivbob,normal,0.8174991011619568
98oa4i,normal,0.8193297982215881
frxb81,normal,0.6906532645225525
atgpst,normal,0.7984212040901184
8lh3gd,normal,0.6959785223007202
m6gkdd,normal,0.8036486506462097
i02mw9,normal,0.8047730326652527
dr6y5x,normal,0.7452065348625183
av82l2,normal,0.8001613020896912
d3i8lt,normal,0.7206406593322754
aq00u3,normal,0.7695466876029968
kshesq,normal,0.7223829030990601
ku34ca,normal,0.7428141832351685
mob66i,normal,0.8163053393363953
m3nfho,normal,0.78130704164505
j4qskb,normal,0.7766773700714111
lru4nl,normal,0.7445823550224304
l0zmn8,normal,0.7552218437194824
b312sb,normal,0.7667866945266724
ct3223,normal,0.7330136299133301
ay3ket,normal,0.7873399257659912
bgk3a2,normal,0.7529815435409546
cz9zvj,normal,0.7613368630409241
bcv06g,normal,0.6181195378303528
bx3qap,normal,0.7026733160018921
d9hhvv,normal,0.6349152326583862
bisshy,normal,0.7830700874328613
bii863,normal,0.7899441719055176
8mgrbx,normal,0.5640013217926025
4f39qe,normal,0.7339240908622742
engz2z,normal,0.8007267713546753
kswb2u,normal,0.8399829268455505
ax8u2s,normal,0.7574546337127686
htma2y,normal,0.7653487324714661
fhw46p,normal,0.8110905885696411
bhkdbm,normal,0.7644004225730896
8w6ab5,normal,0.8164270520210266
axdhkc,normal,0.7025820016860962
a7htrh,normal,0.8029830455780029
afq6ku,normal,0.8029830455780029
8l5ewo,normal,0.7652919888496399
kqyxd1,normal,0.7908221483230591
7vu8nc,normal,0.7009903788566589
mp6e0b,normal,0.832045316696167
mwoolp,normal,0.794238805770874
il7y1f,normal,0.7689682245254517
mnau9z,normal,0.788163423538208
mrx1p3,normal,0.7990821599960327
ly4hb9,normal,0.805817186832428
micfhc,normal,0.7882777452468872
m88q0n,normal,0.8079205751419067
mdg8ai,normal,0.7868428230285645
kx9uzu,normal,0.8034385442733765
i36sny,normal,0.8411136865615845
ht450o,normal,0.7264260649681091
bo7ml6,normal,0.6539616584777832
elf67f,normal,0.7852652072906494
crh4we,normal,0.8041473627090454
mr4gna,normal,0.7574129104614258
lkh07d,normal,0.7973280549049377
m33m76,normal,0.7487337589263916
m0g25l,normal,0.7729014158248901
mvoraz,normal,0.7316548228263855
mx2z63,normal,0.7474684119224548
mnqlqz,normal,0.7694438695907593
mt1vc9,normal,0.8393489718437195
mn1agz,normal,0.7859789133071899
mi3nab,normal,0.7900814414024353
mazo5q,normal,0.7865216135978699
m3kgpn,normal,0.7447981238365173
j95pkr,normal,0.8164516687393188
m2sz6s,normal,0.7921335697174072
lvfocj,normal,0.7489855885505676
iyrgmk,normal,0.8148955702781677
ljt8s9,normal,0.7391574382781982
la0fgb,normal,0.7171952724456787
lodegx,normal,0.7237590551376343
m95lda,normal,0.7461689710617065
lqp7ud,normal,0.7865524888038635
mgl81j,normal,0.7637984156608582
mqamkn,normal,0.780466616153717
mldkcx,normal,0.7775354385375977
mdxo5x,normal,0.7363348007202148
k9um4t,normal,0.7776607871055603
lsgxik,normal,0.8133189678192139
llzhgw,normal,0.7853282690048218
m06lyw,normal,0.7788510322570801
m3p9rp,normal,0.712925910949707
m8x7ao,normal,0.7686933279037476
dt2epn,normal,0.7855342626571655
mqel0h,normal,0.5609001517295837
mw476f,normal,0.6714867353439331
mvjlc1,normal,0.822725236415863
ms6qan,normal,0.6209404468536377
mmtoeo,normal,0.7650253176689148
luc9e9,normal,0.7101540565490723
muoaqt,normal,0.7689017057418823
mor4vj,normal,0.789812445640564
mv77lb,normal,0.7171242833137512
mgx1xb,normal,0.7531770467758179
m9cib0,normal,0.7770247459411621
kl7czs,normal,0.6434492468833923
mgq6lf,normal,0.716453492641449
m162ky,normal,0.7890973687171936
mjhbgc,normal,0.786932647228241
mdqe1w,normal,0.8080077767372131
mdatp0,normal,0.7663577795028687
kpdxsl,normal,0.7714046835899353
mf21cn,normal,0.7938909530639648
lrw1jp,normal,0.8083298802375793
mmvoj7,normal,0.8053852915763855
mw48hl,normal,0.8100684285163879
ma3fqf,normal,0.795647382736206
mdav6x,normal,0.6145110130310059
kjtpz7,normal,0.7584007978439331
ltupto,normal,0.7361616492271423
kzjgr7,normal,0.7704897522926331
mia5n6,normal,0.7911154627799988
mnd2t3,normal,0.7711412310600281
me3ngh,normal,0.7590965628623962
guv1hf,normal,0.8080893754959106
g25ldy,normal,0.5278229713439941
h10v0g,normal,0.7887111306190491
7alu1k,normal,0.8154718279838562
khjz11,normal,0.697306752204895
lsh0hi,normal,0.7877107262611389
ffyvir,normal,0.7806527614593506
l28z3e,normal,0.7450716495513916
kjq0kg,normal,0.7283890247344971
l731qk,normal,0.7816206812858582
hi19bz,normal,0.7266074419021606
m06157,normal,0.8428885340690613
3nkq2t,normal,0.7938008904457092
kjmvmu,normal,0.826409637928009
kloo60,normal,0.806526780128479
jpknbg,normal,0.75384920835495
k2g1f9,normal,0.7027450203895569
2u3lxq,normal,0.788509726524353
k5121q,normal,0.773644745349884
ed1h2l,normal,0.8010607957839966
myadma,normal,0.7769366502761841
mwv4nd,normal,0.78572016954422
mx2n63,normal,0.7138755321502686
mxznch,normal,0.6714478731155396
mwepef,normal,0.7487468719482422
mvqra5,normal,0.7735340595245361
mweq0o,normal,0.7095240950584412
mw8b1i,normal,0.75603848695755
my013k,normal,0.6232092976570129
my4k07,normal,0.7097043991088867
my8a8w,normal,0.7783711552619934
mxwgc3,normal,0.7841455936431885
mxk0wb,normal,0.8080304265022278
mxq5ui,normal,0.7740256190299988
my2i9q,normal,0.5910109281539917
my9z5e,offensive,0.538398027420044
mxin93,normal,0.7025885581970215
mxry0u,normal,0.7713003158569336
my6jx8,normal,0.5752399563789368
my6hxj,normal,0.7608699202537537
my5r7d,normal,0.8039302229881287
my4hd7,normal,0.7700053453445435
my3r4o,normal,0.7525178790092468
mxgzdf,normal,0.7643582224845886
mxy9mb,normal,0.6895519495010376
my36p2,normal,0.6771665215492249
my6t05,normal,0.5989356637001038
my5wrv,normal,0.5868632197380066
my0vjs,normal,0.7999249696731567
my533d,normal,0.7898035645484924
my4l6f,normal,0.7311772704124451
my47a7,normal,0.7542462944984436
my36j5,normal,0.8102564811706543
mxums1,normal,0.7809401154518127
mxmtxh,normal,0.6752303242683411
mxjdvv,normal,0.7727435827255249
mxc5nw,normal,0.7812885046005249
mxvci2,normal,0.8195500373840332
my0b43,normal,0.8024212121963501
my75s1,normal,0.7989059686660767
mxqwkx,normal,0.7994781732559204
mxnhb4,normal,0.7417227029800415
mxm9sc,normal,0.7479601502418518
mx2rk4,normal,0.776305615901947
mu6luj,normal,0.7443315386772156
kx8gfd,normal,0.7591493129730225
mxnuua,normal,0.7550628185272217
hsxbfp,normal,0.7840697765350342
h8qkax,normal,0.7336753606796265
mciltk,normal,0.8103877902030945
meyu6j,normal,0.7031698822975159
evyak6,normal,0.7953562140464783
k7r6te,normal,0.6821813583374023
eqyib9,normal,0.7441568374633789
fi4grb,normal,0.6719256639480591
j6tomh,normal,0.7087683081626892
lj9byw,normal,0.7598689198493958
k07j7a,normal,0.6170473694801331
mm8m0y,normal,0.722000777721405
l3z5a2,normal,0.806620180606842
i7asla,offensive,0.416768878698349
mnzt1o,normal,0.7748510241508484
jspbv6,normal,0.7401108145713806
ga04w1,normal,0.7703930139541626
diqgz9,normal,0.7629696130752563
lzp8gf,normal,0.7186839580535889
loyeau,normal,0.7410186529159546
k3yk1w,normal,0.6733407378196716
jr85ot,normal,0.7216893434524536
mp2x43,normal,0.7905471920967102
ll9jk7,normal,0.7047455906867981
lntdpa,normal,0.7876254320144653
lmwoez,normal,0.8068021535873413
jfsnx3,normal,0.7076405882835388
ho96bw,normal,0.7313916087150574
jlt6b6,normal,0.7545948028564453
k26946,normal,0.822055459022522
j7kofy,normal,0.7796233892440796
mtgsiy,normal,0.803199291229248
invy24,normal,0.8067880868911743
ihnrnl,normal,0.7519464492797852
mji2uq,normal,0.774335503578186
mvvj5k,normal,0.7955227494239807
mv8r2s,normal,0.7939805388450623
mtjlsi,normal,0.8097007274627686
mhqk3p,normal,0.6991425156593323
ehq4o2,normal,0.7647156119346619
msomuf,normal,0.8199418783187866
jeq78w,normal,0.7826091647148132
mrjjkq,normal,0.7241693735122681
md6byn,normal,0.8214234709739685
iu2c4w,normal,0.7858310341835022
mco0om,normal,0.7930829524993896
l5juh6,normal,0.7953276038169861
mi3829,normal,0.8050265908241272
mblg1i,normal,0.7960717678070068
mk3fzg,normal,0.740082323551178
mki1rx,normal,0.6354635953903198
jnaslb,normal,0.8279944062232971
jlegzz,normal,0.8006370663642883
kqajs1,normal,0.8109664916992188
f0egrh,normal,0.7962954640388489
hnotlb,normal,0.7507505416870117
kvyj1u,normal,0.7397390007972717
dw7tik,normal,0.6810266375541687
jgj901,normal,0.7731896042823792
gfonlu,normal,0.6605855226516724
mvmycn,normal,0.5836551785469055
idcx56,normal,0.7945334911346436
mqs7vm,normal,0.7025682330131531
bysfkk,normal,0.7677268385887146
bm5nog,normal,0.7974666953086853
m0qfyc,normal,0.7954884171485901
mgu98z,normal,0.752840518951416
mrjksl,normal,0.7291571497917175
gncfdf,normal,0.8197959661483765
c049p6,normal,0.6959991455078125
lrpo1l,normal,0.7391260862350464
mhc665,normal,0.6460782289505005
m1nzsy,normal,0.8343732953071594
l2251x,normal,0.7333502769470215
mq6nmu,normal,0.788623571395874
m5o22f,normal,0.7699816823005676
lco1b3,normal,0.8237481117248535
h7misl,normal,0.814843475818634
eef38a,normal,0.8298051357269287
lxjdu0,normal,0.7729799151420593
je4763,normal,0.7061203122138977
kfmj5v,normal,0.7119059562683105
erkkbz,normal,0.7637743353843689
duckqc,normal,0.8163390159606934
ibc0nb,normal,0.7441791892051697
lex0rh,normal,0.7020009160041809
kymx43,normal,0.7995417714118958
ffu6he,normal,0.8366662263870239
enxzwv,normal,0.8339912295341492
m9k77w,normal,0.777468204498291
k6rjf8,normal,0.6404186487197876
kazyvu,normal,0.7833735346794128
eur1g4,normal,0.7334886789321899
mw7u57,normal,0.7539962530136108
mulknd,normal,0.7554612159729004
m0znof,normal,0.7876714468002319
ltufqv,normal,0.6033679246902466
keeoct,normal,0.5859506726264954
mv4aqs,normal,0.6970007419586182
ljxed3,normal,0.7233476042747498
kxlbfg,normal,0.7767860889434814
mrjbeo,normal,0.6496744751930237
m5odjl,normal,0.6744478344917297
mfxql2,normal,0.8036556243896484
ll9i7h,normal,0.7792006731033325
l0afvy,normal,0.6372387409210205
m9d637,normal,0.7757465243339539
lfl2ob,normal,0.7377462983131409
lszer5,normal,0.8220029473304749
lefdg7,normal,0.7529552578926086
l3uqxy,normal,0.7686644792556763
irlb9z,normal,0.7864851355552673
lj9v21,normal,0.739274263381958
ic3pfh,normal,0.7512849569320679
kl6iy8,normal,0.7851381897926331
jpko3n,normal,0.7882781028747559
msthg7,normal,0.8016883730888367
iv63x9,normal,0.816504716873169
jsx7gf,normal,0.8042818903923035
mm9yay,normal,0.5687514543533325
m30njx,normal,0.6394541263580322
mw48ez,normal,0.7770397067070007
mcn7jr,normal,0.7975021600723267
mt46ih,normal,0.8087891340255737
msm4mp,normal,0.7989304661750793
jnv5ht,normal,0.7490571737289429
i355il,normal,0.7844578623771667
m5an6g,normal,0.42588523030281067
ds5gd6,normal,0.8085657358169556
meuzvn,normal,0.8165040016174316
mfzrdr,normal,0.7637968063354492
lf58k1,normal,0.7707741260528564
mln6sb,normal,0.6991091370582581
mgmnrx,normal,0.7710052728652954
kwo1sk,normal,0.7138119339942932
klq58w,normal,0.7284466028213501
15lusb,normal,0.6231980323791504
jpzahg,normal,0.7737776637077332
lxj1ca,normal,0.6657783389091492
iuahdn,normal,0.7776142954826355
kju1t7,normal,0.7450125813484192
kxy51n,normal,0.8058691024780273
mn6v98,normal,0.7626404166221619
m0gdtv,normal,0.6772123575210571
j76rl8,normal,0.8369808793067932
lxdj0e,normal,0.7995510697364807
k4tizn,normal,0.7340952157974243
mi3p7f,normal,0.7997410893440247
mtu48u,normal,0.6671273112297058
m0e9gw,normal,0.7108801603317261
l96bhe,normal,0.8075400590896606
mmsnwr,normal,0.8032515645027161
mxc09z,normal,0.8208287358283997
mo4puy,normal,0.80059415102005
j8o42q,normal,0.8202399015426636
mxrp6q,normal,0.8003953099250793
kmympw,normal,0.8216392993927002
knnh9i,normal,0.6554001569747925
mmkymw,normal,0.6131787300109863
mmld2q,normal,0.7698600888252258
mqtukm,normal,0.7777022123336792
m53asc,normal,0.7372294068336487
lbq32m,normal,0.7620760798454285
fwqdx2,normal,0.8007827401161194
mhf43e,normal,0.8268518447875977
hfatu5,normal,0.7491923570632935
lb4zrr,normal,0.8056846857070923
ddlgp3,normal,0.7341541647911072
fsbdfm,normal,0.8179245591163635
m6f3tg,normal,0.6461004614830017
mvlag4,normal,0.8306695222854614
lr76m3,normal,0.753845751285553
mpkgf5,normal,0.7817637324333191
da4rm6,normal,0.8094078898429871
lnol4k,normal,0.7472285032272339
kmi8th,normal,0.8155947923660278
lijf7h,normal,0.775280773639679
43y0hq,normal,0.774613082408905
4sgi4r,normal,0.7146835923194885
l7bled,normal,0.8042516708374023
k6e1jt,normal,0.840510368347168
mmkiv,normal,0.8092395663261414
jt21e6,normal,0.7524749636650085
53i8xk,normal,0.7148742079734802
j0hb64,normal,0.7778204083442688
i6yb4v,normal,0.7779043316841125
kd60th,normal,0.5595307946205139
6tnreq,normal,0.6886597275733948
iizp2u,normal,0.7820578813552856
mw7m8n,normal,0.7463917136192322
mlgf0g,normal,0.5516126751899719
lnjq5y,normal,0.7664365172386169
lnpjra,normal,0.7200834155082703
lin0ti,normal,0.7543485760688782
mn5b8u,normal,0.7845027446746826
m9g7n6,normal,0.7942882776260376
mpuifh,normal,0.7753519415855408
mtr15i,normal,0.8014459609985352
j1s8w0,normal,0.7539588212966919
lszkox,normal,0.6946590542793274
iuqqj9,normal,0.7493889331817627
mrqsvh,normal,0.7709775567054749
iki2xn,normal,0.7632808089256287
mt3nlb,normal,0.7651230692863464
mmu637,normal,0.8033735752105713
ldw2pm,normal,0.7476888298988342
ielb56,normal,0.7192320823669434
mfq9yl,normal,0.7858424782752991
mjt4ys,normal,0.6707839369773865
klngbf,normal,0.7853062152862549
mkij2b,normal,0.7353947162628174
looezn,normal,0.5772665739059448
mpqpau,normal,0.7278968095779419
mpu9u6,normal,0.7400611042976379
mi08yv,normal,0.7512847781181335
mw3ine,normal,0.8062024712562561
mateng,normal,0.6744478344917297
mpi1pr,normal,0.8114888072013855
m7bqds,normal,0.7621262669563293
miye84,normal,0.7961529493331909
lvd7m6,normal,0.7833219170570374
mucjqm,normal,0.7908467054367065
knelzt,normal,0.7777743935585022
lkhdyy,normal,0.727734386920929
my9eif,normal,0.767396092414856
mhcw6z,normal,0.7737227082252502
mnr7kr,normal,0.7995452880859375
j1898i,normal,0.6706522703170776
lrd692,normal,0.743492066860199
mlk04c,normal,0.7099921703338623
m4cd5p,normal,0.7920647263526917
lqkesy,normal,0.7404378652572632
m13nvi,normal,0.7957579493522644
lsjfy2,normal,0.7307599782943726
m761e6,normal,0.7275380492210388
m7engm,normal,0.7892742156982422
m0vrq4,normal,0.7586557269096375
kg0q64,normal,0.7422579526901245
ly0cv0,normal,0.8045514225959778
mve8yz,normal,0.7152584195137024
kg0mem,normal,0.7588244676589966
ef9g7b,normal,0.7905523777008057
mu1aup,offensive,0.47481122612953186
iwb1ws,normal,0.6338832378387451
kmww64,normal,0.5618294477462769
j7at1d,normal,0.7573881149291992
g96er9,normal,0.7683695554733276
hth42y,normal,0.7944033741950989
kdpq73,normal,0.7141258716583252
mfzoo9,normal,0.8109346628189087
m7o2h4,normal,0.842653751373291
g3ks0z,normal,0.697909414768219
g84nks,normal,0.6758182644844055
j8qykz,normal,0.7536405920982361
cyw353,normal,0.7196962237358093
fx5bvm,normal,0.714069128036499
mg7cm7,normal,0.5948465466499329
ju9gp2,normal,0.795067548751831
llsf51,normal,0.7839747071266174
mqmyiw,normal,0.740813672542572
mvtazw,normal,0.7041345238685608
leygeu,normal,0.5266958475112915
kiifud,normal,0.7716344594955444
lgbc70,normal,0.7865854501724243
k85n4o,normal,0.7311918139457703
lglt0f,normal,0.7438713312149048
llcwou,offensive,0.40695035457611084
leqryv,normal,0.8023421764373779
lf1j1b,normal,0.6596508622169495
lwxx6j,normal,0.8054593205451965
iil209,normal,0.7643172144889832
i5ozhj,normal,0.7617366909980774
lwjy7k,normal,0.7488526105880737
mrktkw,normal,0.6749497652053833
mooq4m,normal,0.5462016463279724
ltyi7k,normal,0.813909649848938
imc561,normal,0.7689682245254517
lru41y,normal,0.798689067363739
ghdkl5,normal,0.7644226551055908
lzgbuo,normal,0.7453945279121399
gud2gu,normal,0.7303850650787354
fuauh2,normal,0.7248630523681641
l68a3h,normal,0.7334389686584473
mtspy8,offensive,0.48640745878219604
jut0ej,normal,0.6880120038986206
mrob1t,normal,0.728453516960144
l2d6cj,normal,0.7401614785194397
kbj1k2,normal,0.7305747866630554
kr4aff,normal,0.7501260042190552
mjh2za,normal,0.6382679343223572
jhxbqk,normal,0.7745058536529541
mo6n6d,normal,0.81393963098526
kyp6ru,normal,0.7023369073867798
mxmanm,normal,0.6922211050987244
kw5ihf,normal,0.7697598934173584
fymre6,normal,0.8093807697296143
jcazfe,normal,0.7703714966773987
ltruhm,normal,0.788608193397522
m9fu68,normal,0.7743299603462219
kbvhuq,normal,0.7803059220314026
lo9bc3,normal,0.7452271580696106
jhhrw4,normal,0.777516782283783
krheal,normal,0.7654749751091003
gtprd1,normal,0.7661682963371277
knu657,normal,0.3868044316768646
itfqfs,normal,0.7469004392623901
hr19hi,normal,0.7725973129272461
m1fw8v,normal,0.7893360257148743
m34ylg,normal,0.5072759389877319
k1s6nc,normal,0.8100885152816772
met5nd,normal,0.7050412893295288
etbgfc,normal,0.7557958960533142
efcru0,normal,0.7912850975990295
ipj3mt,normal,0.7540030479431152
d2aumk,normal,0.6880064010620117
aj1osh,normal,0.7189258933067322
mbdtxl,normal,0.6359596848487854
f61eqy,normal,0.7206452488899231
meibzg,normal,0.7145082354545593
ccv3be,normal,0.7472675442695618
8v5f8r,normal,0.6865765452384949
g2isgw,normal,0.8141323924064636
lomqkd,normal,0.6862137913703918
d5nj1q,normal,0.7953194379806519
kmi8jm,normal,0.6719566583633423
kp8qm8,normal,0.6935600638389587
l3h9cg,normal,0.7238098978996277
id140p,normal,0.8063071966171265
hcodzs,normal,0.6864036917686462
haksqi,normal,0.7652263045310974
jb07nu,normal,0.7716437578201294
1ax3b9,normal,0.6042380928993225
4o4huf,normal,0.6632843613624573
620vlf,normal,0.8039320707321167
2b851p,normal,0.773581326007843
10e573,normal,0.8106536269187927
6ffy94,normal,0.7733702659606934
19geic,normal,0.7597917914390564
mou0ad,normal,0.7627427577972412
ktyhsp,normal,0.6949930191040039
lz6ugf,normal,0.7087224125862122
k0d4un,normal,0.5053383111953735
lpsa3n,normal,0.7615718245506287
hgwtzj,normal,0.7380955815315247
jmvfrl,normal,0.7228778600692749
khil13,normal,0.7758246660232544
llizzf,normal,0.6660284399986267
j9sjhi,normal,0.740351140499115
k21m47,normal,0.7274235486984253
kvovp6,normal,0.7334252595901489
jfjluq,normal,0.7723205089569092
7d07ty,normal,0.7756435871124268
b62zfm,normal,0.7909024953842163
bamwe2,normal,0.7283724546432495
8kreoh,normal,0.771577775478363
7zf8v,normal,0.754728376865387
9h3uu6,normal,0.6974731087684631
cibxum,normal,0.5842494368553162
cb79n8,normal,0.7418122887611389
cexyam,normal,0.7266744375228882
bsddy,normal,0.76914381980896
430mma,normal,0.7283592224121094
36a25t,normal,0.7584178447723389
787ma6,normal,0.5007756352424622
3pokn7,normal,0.5958499312400818
1j9ui8,normal,0.7388230562210083
dbtlv,normal,0.8048481345176697
ightvl,normal,0.7333775758743286
mssn6e,normal,0.689717710018158
kdnc5h,normal,0.7451218962669373
lh63ox,normal,0.6946882009506226
kgh1jf,normal,0.734978437423706
i8z2ry,normal,0.7133988738059998
9bu71r,normal,0.6133609414100647
k2wcu1,normal,0.7988895773887634
jjv0ou,normal,0.7137318253517151
f69in0,normal,0.7730584144592285
ixc9md,normal,0.592167317867279
gp6bk6,normal,0.7401268482208252
jd04i8,normal,0.7250552773475647
1hdwve,normal,0.7218399047851562
857hae,normal,0.6636194586753845
bav3de,normal,0.6614803075790405
iv3su6,normal,0.7278758883476257
jai26b,normal,0.7486913204193115
c20i6,normal,0.7754656076431274
enyyn,normal,0.7343699932098389
jcyvmn,normal,0.7533169984817505
lie2ht,normal,0.7053431272506714
518i8m,normal,0.6493751406669617
j844vb,normal,0.8089216947555542
j8mzwl,normal,0.6055430173873901
awiuco,normal,0.7154138088226318
jhre9r,normal,0.8255364894866943
jm3equ,normal,0.780600368976593
sg1r2,normal,0.7176337838172913
juem0t,normal,0.8213373422622681
4q5f4g,normal,0.7564276456832886
7fkf66,normal,0.764184296131134
6s8ots,normal,0.6830461621284485
19gtxt,normal,0.7567119598388672
1g2dq2,normal,0.7143778204917908
3hobnj,normal,0.7951947450637817
1l2gxh,normal,0.832503616809845
fqfyx,normal,0.7590049505233765
1mdyac,normal,0.7527444362640381
1sa7kw,normal,0.8091126084327698
geeum1,normal,0.7170470356941223
hxo887,normal,0.7644755840301514
hwr2r8,normal,0.47344765067100525
33ainh,normal,0.7420504093170166
few2d2,normal,0.6807172298431396
cpwx9e,normal,0.7883509397506714
lairfy,normal,0.6521478891372681
ly8xmc,normal,0.7786678075790405
gt9ivr,normal,0.8076068162918091
kp6zi1,normal,0.6882283687591553
bioqie,normal,0.7991749048233032
27g8xk,normal,0.7568302750587463
jbck2s,normal,0.68426913022995
9aztka,normal,0.7621291279792786
cdoti,normal,0.7899027466773987
g8bdyb,normal,0.78654944896698
hdefv,normal,0.7168856263160706
44vpc5,normal,0.7685653567314148
5x6gza,normal,0.8399924039840698
6sf7z5,normal,0.6926976442337036
5uteco,normal,0.7331409454345703
6nf69w,normal,0.826063871383667
cytj0q,normal,0.8025813102722168
41vjl4,normal,0.6530598998069763
hgu3mg,normal,0.7812541127204895
9aivkg,normal,0.739502489566803
1302lj,normal,0.8185498118400574
i5lnc7,normal,0.6018882393836975
k7czta,normal,0.5387617945671082
h92exe,normal,0.8099998235702515
lwp8hh,normal,0.8390659093856812
eun5o4,normal,0.764035165309906
ipf2yf,normal,0.721062183380127
jsqne1,normal,0.783119797706604
ie391c,normal,0.7438105940818787
mvisqk,normal,0.71302330493927
j8f8w5,normal,0.5973535180091858
mm6ynt,normal,0.6322255730628967
fc2iah,normal,0.664950430393219
3b2t3l,normal,0.7119118571281433
cbgu5o,normal,0.7350432872772217
cad9cc,normal,0.749794065952301
lg5crn,normal,0.6753795146942139
i8b906,normal,0.7799940705299377
jeps14,normal,0.7588027119636536
912thn,normal,0.7610393166542053
83z4rn,normal,0.5309589505195618
le3k02,normal,0.7362645864486694
867j7d,normal,0.7644226551055908
a0qrkm,normal,0.7384338974952698
4mi3en,normal,0.7984046339988708
ndgem,normal,0.7217229008674622
8fgakj,normal,0.7655413746833801
muh5qh,normal,0.7846384048461914
ljfpdh,normal,0.7492671608924866
5boq2w,normal,0.7552093267440796
moj5pu,normal,0.7422159314155579
ku588l,normal,0.696190595626831
au6r7o,normal,0.7021231055259705
j4j6h3,normal,0.7864981293678284
d0g0qb,normal,0.6849616765975952
gtq564,normal,0.778329610824585
hlkv3d,normal,0.7931205034255981
chjavk,normal,0.6996533274650574
e0hp16,normal,0.6643209457397461
d1abep,normal,0.7937200665473938
hgng7r,normal,0.7136425375938416
hlgyg7,normal,0.7958937287330627
g2mxjf,normal,0.7144713997840881
egmi7f,normal,0.7337643504142761
ocznr,normal,0.7671330571174622
5nyeqs,normal,0.7714865803718567
dv218y,normal,0.7817763686180115
e0m7ww,normal,0.6856378316879272
djza7u,normal,0.7492496371269226
36x7ad,normal,0.6702646017074585
csi1k2,normal,0.8076659440994263
atdgbb,normal,0.785018801689148
atmmlg,normal,0.799656867980957
icez0,normal,0.6923415064811707
9ij5d,normal,0.7435677647590637
406ppw,normal,0.5834473967552185
1741lu,normal,0.7571760416030884
19frkz,normal,0.772233784198761
fepoyg,normal,0.5471908450126648
9pq1u,normal,0.8100850582122803
2nb72o,normal,0.7052651643753052
f92ma,normal,0.6101747751235962
uifeq,normal,0.8107837438583374
25gogn,normal,0.601598858833313
l1h32,normal,0.8292838931083679
c7hxw,normal,0.7610719203948975
dh5dby,normal,0.6999318599700928
8zu320,normal,0.758125901222229
d4adcu,normal,0.763755738735199
4xw7q7,normal,0.7627612352371216
4lnl1q,normal,0.7726251482963562
cgibwk,normal,0.7334657311439514
3cezta,normal,0.6059563755989075
m75di4,normal,0.7830823659896851
mx59hs,normal,0.7335395216941833
m15z4n,normal,0.6044687032699585
mrwj3k,normal,0.7239314913749695
jqeod2,normal,0.7513928413391113
l3l8ds,normal,0.8157393932342529
ld6rd0,normal,0.5536229610443115
kc11jc,normal,0.7162843942642212
lo3d6c,normal,0.7660120725631714
kr9280,normal,0.7826550602912903
mg20n5,hate speech,0.5938382744789124
lgv4a8,normal,0.6702646017074585
kj9qfs,normal,0.7535572052001953
ll65u9,normal,0.7326327562332153
i1qqxq,normal,0.7108812928199768
ldty5q,normal,0.7463454008102417
m665ac,normal,0.8320144414901733
ikbfcz,normal,0.7507133483886719
jijoiv,normal,0.7104336023330688
l70x0h,normal,0.7791926860809326
lzzvnp,normal,0.7494660019874573
mexlxm,normal,0.7890322208404541
9tvp2t,normal,0.734015166759491
9i13e5,normal,0.6628677248954773
5ey7mv,normal,0.7176509499549866
hzvie,normal,0.7758516669273376
5dtqn7,normal,0.7154508233070374
69lcfk,normal,0.7714865803718567
66w3bx,normal,0.7714865803718567
6lyy69,normal,0.7678336501121521
5w4dos,normal,0.734015166759491
5tfezu,normal,0.7714865803718567
5hir6e,normal,0.7123419046401978
6calrv,normal,0.734015166759491
5yrbp2,normal,0.734015166759491
5it7uy,normal,0.7277596592903137
5g8air,normal,0.7576026916503906
605s31,normal,0.7714865803718567
5lau45,normal,0.7528689503669739
5clieo,normal,0.7275649309158325
64789s,normal,0.7714865803718567
5qoxes,normal,0.7714865803718567
minzc9,normal,0.7801839709281921
izd2sc,normal,0.6781592965126038
7lkmdh,normal,0.7044821977615356
m4g7y2,normal,0.7751601338386536
7n09ew,normal,0.6562145948410034
j7ewti,normal,0.7494555115699768
j2cm66,normal,0.7047666311264038
h0up9i,normal,0.694394588470459
k7egnq,normal,0.768379271030426
j56lc8,normal,0.7629252672195435
56gthy,normal,0.7604498267173767
j0h4ac,normal,0.7562345862388611
i3ec3s,normal,0.7013226747512817
jgudn4,normal,0.7060790061950684
cdzz4,normal,0.7795780301094055
8tdmas,normal,0.6328271627426147
gdug73,normal,0.6583201289176941
1crsfl,normal,0.7723475098609924
fvm9gh,normal,0.7508009672164917
idy6gz,normal,0.7560123801231384
eqfp49,normal,0.6505070924758911
gxlham,normal,0.6952998638153076
l54mw8,normal,0.6713323593139648
kvj64h,normal,0.6363316774368286
il5sqx,normal,0.7365944981575012
hu3saj,normal,0.6025345921516418
kc3t40,normal,0.553221583366394
dkoey,normal,0.7600180506706238
fjx0ed,normal,0.7017660737037659
jk2jox,normal,0.7593182325363159
ff5bbg,normal,0.6993600130081177
faodkw,normal,0.6628504395484924
37iyv5,normal,0.801915168762207
gwyy7x,normal,0.70524662733078
iouvx,normal,0.6788818836212158
88787,normal,0.7258715629577637
g29p16,normal,0.738085150718689
khgxd,normal,0.7453866600990295
hh140u,normal,0.708215594291687
eldgs7,normal,0.7294262051582336
hpgjr8,normal,0.7149296998977661
kzfurc,normal,0.7687395215034485
md18zz,normal,0.7242558598518372
mr3toa,normal,0.6965587735176086
lw321d,normal,0.7892955541610718
mw939m,normal,0.6360612511634827
msu1lg,normal,0.7384015321731567
mszbm4,normal,0.7692973017692566
lz63eq,normal,0.7998687624931335
ll6y79,normal,0.6796318292617798
mpqehg,normal,0.7768663167953491
mcgy3w,normal,0.7527681589126587
mhyzxm,normal,0.7396068572998047
mxpkog,normal,0.7029181122779846
mi8lsu,normal,0.7560509443283081
ki7dsv,normal,0.7894638776779175
mqyf1u,normal,0.7790770530700684
mtcnnn,normal,0.7586960792541504
m78sc0,normal,0.731959342956543
mnlpj5,normal,0.7593302130699158
l9a0l3,normal,0.6417357921600342
mgnbdt,normal,0.7680399417877197
lreszq,normal,0.6936069130897522
mmub0s,normal,0.7902336120605469
lxp4de,normal,0.7291553616523743
mn3t2t,normal,0.7220199704170227
md21fw,normal,0.5910360813140869
moi93t,normal,0.7804502844810486
mrawoh,normal,0.7185943126678467
kn38ib,normal,0.7928826212882996
kzfnd5,normal,0.7501360774040222
mrp7xn,normal,0.6547768115997314
m5ewwl,normal,0.8026925921440125
ma3rff,normal,0.7715891003608704
mefcbu,normal,0.572184681892395
l8k1j9,normal,0.8035109639167786
mgaf25,normal,0.7989242076873779
lg9z90,normal,0.6621790528297424
md2b4b,normal,0.734385073184967
m6vf8b,normal,0.43810218572616577
j7y1ep,normal,0.7359396815299988
lj4by7,normal,0.6759928464889526
mm3grh,normal,0.7983148694038391
mmreu8,normal,0.6857035756111145
icomwf,normal,0.7090986371040344
hqu0zl,normal,0.8285982608795166
mdb0ap,normal,0.7658138871192932
lh8gdp,normal,0.8163014650344849
l9vjdg,normal,0.6557798385620117
mbfzu7,normal,0.794152557849884
l2kosh,normal,0.8072919845581055
mx3khy,normal,0.7870071530342102
mdlha1,normal,0.7174763083457947
mwlgb1,normal,0.8116899132728577
mbndtn,normal,0.7984638214111328
m0ld4m,normal,0.7957730889320374
mio107,normal,0.7941495180130005
ksefuj,normal,0.7681066989898682
mju6ht,normal,0.7579787373542786
lwfs07,normal,0.7472173571586609
lt45bf,normal,0.6905308961868286
la8iix,normal,0.7641693949699402
m7xbdc,normal,0.7924087047576904
jr4jrb,normal,0.7327578067779541
lsyeah,normal,0.7816177606582642
iessnl,normal,0.8111782670021057
m47wjd,normal,0.605175256729126
jvh73b,normal,0.7448147535324097
iiqkbi,normal,0.7823387980461121
l4ogg4,normal,0.6762920022010803
l4czz8,normal,0.8006598353385925
g4w0ko,normal,0.6836273670196533
7wpw50,normal,0.7135518193244934
23asc6,normal,0.7892913818359375
vdsdq,normal,0.7146528363227844
buw6np,normal,0.8040252923965454
buqfly,normal,0.7295071482658386
b5maay,normal,0.8372077941894531
4w8ztz,normal,0.7732892036437988
m812po,normal,0.7622191309928894
mhgt5x,normal,0.6484184265136719
md2zpc,normal,0.8181450366973877
kz9n14,normal,0.783843457698822
mk9x3m,normal,0.757010817527771
mdo287,normal,0.741732656955719
mw3c94,normal,0.7503068447113037
m678ej,normal,0.7452818751335144
kqu9wi,normal,0.6932758688926697
ks7sbd,normal,0.8193038105964661
mlma5o,normal,0.7250245213508606
lexol9,normal,0.8400763869285583
kuomch,normal,0.729479193687439
ma1dk3,normal,0.7782785892486572
l03fsu,normal,0.7476204037666321
mx35v0,normal,0.6708466410636902
c0o7rm,normal,0.7103933691978455
f5vn29,normal,0.7930411100387573
cpw7ng,normal,0.7834859490394592
kxed92,normal,0.7947412729263306
lg7kwl,normal,0.7769131064414978
gm6sk4,normal,0.7604796290397644
lon25v,normal,0.7709652781486511
dt0yuz,normal,0.7673234343528748
khjr7l,normal,0.7387034893035889
bygvze,normal,0.736583948135376
70b33h,normal,0.7716388702392578
90kub3,normal,0.466485857963562
jidpp4,normal,0.7786697745323181
j9tqnu,normal,0.7464474439620972
5a0s3r,normal,0.7856313586235046
5hzch8,normal,0.5469285845756531
dhs7eh,normal,0.7894354462623596
g03m6f,normal,0.7728951573371887
fwdmw3,normal,0.7482296824455261
as2r64,normal,0.7761337161064148
9409pm,normal,0.7336403131484985
e5io1h,normal,0.8398723602294922
e4ixy2,normal,0.8376749157905579
b2ctwr,normal,0.7089630961418152
lz4jsu,normal,0.7805904746055603
kyk40j,normal,0.7874791026115417
mmjegd,normal,0.6814241409301758
l8umoj,normal,0.780279278755188
h0pqi0,normal,0.724480390548706
ijfrfn,normal,0.8207263350486755
ko55se,normal,0.7619718313217163
lx7snc,normal,0.7078961730003357
k9ayau,normal,0.8063727617263794
ji6xnm,normal,0.6170084476470947
lr3hdh,normal,0.7677147388458252
loqrwq,normal,0.7746281027793884
k34w4m,normal,0.7240179181098938
mqe9bi,normal,0.7875915765762329
gzzxuq,normal,0.7626931667327881
idg8gj,normal,0.7424748539924622
mrzykc,normal,0.7705833315849304
mk3lvt,normal,0.7922698855400085
lisg20,normal,0.773806631565094
gvrowm,normal,0.7280380725860596
kosgl6,normal,0.799362301826477
m5fzim,normal,0.7059153318405151
mm5gnq,normal,0.7495620846748352
m4e3nc,normal,0.7779482007026672
hfbtmu,normal,0.6766992211341858
kh1aih,normal,0.755285918712616
iiov8b,normal,0.768334686756134
kvukxx,normal,0.7038593292236328
i79l1d,normal,0.8458926677703857
kb5lvz,normal,0.7572739124298096
lyya7j,normal,0.7605857253074646
mhzhtp,normal,0.8288385272026062
lerdei,normal,0.775179386138916
lmsyhk,normal,0.7829666137695312
mu0zep,normal,0.7644132971763611
ip2buz,normal,0.6224581599235535
gb7zf4,normal,0.6408564448356628
ltao32,normal,0.770125687122345
jg1x9y,normal,0.7748993039131165
l7dhkh,normal,0.7238044142723083
movpcf,normal,0.7929010391235352
lh3ldw,normal,0.6794148087501526
m069q6,normal,0.7406361103057861
dw9jxh,normal,0.716772198677063
l9xs4g,normal,0.7835072875022888
m1p4rx,normal,0.7716101408004761
lh2zco,normal,0.7931830883026123
lqgw8h,normal,0.7262603640556335
mxjcan,normal,0.7776200175285339
madv4h,normal,0.7860724925994873
lkng4q,normal,0.7753139138221741
mc5r5x,normal,0.8034296631813049
lz00if,normal,0.7528929710388184
mlg8qx,normal,0.8023419380187988
mezdgg,normal,0.7303568124771118
lbz9yt,normal,0.7794986367225647
kos6t6,normal,0.7694699168205261
mvnhfx,normal,0.79109787940979
l8mgr4,normal,0.6835862398147583
l2piy9,normal,0.8085444569587708
lwfuao,normal,0.7788163423538208
ll1oze,normal,0.7904809713363647
mwrpki,normal,0.5180413722991943
mdwrrv,normal,0.6291223764419556
ke0l3n,normal,0.7131080031394958
kbsb8p,normal,0.7049490213394165
mjaown,normal,0.7528237104415894
mdscp1,normal,0.6967006921768188
k4e0y8,normal,0.8009349703788757
ixo0mu,normal,0.8271807432174683
ll5moj,normal,0.8000081777572632
9wqkwd,normal,0.7274183630943298
7dpnsx,normal,0.7170288562774658
jbzlml,normal,0.8193634152412415
ime5l0,normal,0.709087610244751
ay14bj,normal,0.6762682795524597
je6d5q,normal,0.8546017408370972
906sil,normal,0.6896320581436157
hktwf5,normal,0.7346815466880798
3irl8o,normal,0.7805553674697876
gi5d9u,normal,0.7704055309295654
hlkpmz,normal,0.7519578337669373
55odwb,normal,0.5957123041152954
e96yum,normal,0.8064432740211487
2hm8gj,normal,0.7544555068016052
ee5y6t,normal,0.7876081466674805
azpe65,normal,0.7413986921310425
867hzf,normal,0.7816749215126038
doh4pq,normal,0.7384788393974304
9dq7nt,normal,0.8002092838287354
4l6vpl,normal,0.7778319120407104
3r4ojj,normal,0.7743334770202637
4qcnnd,normal,0.7734214067459106
m718ji,normal,0.7924943566322327
mx4h25,normal,0.7604276537895203
bnpwe3,normal,0.8284550309181213
l40eea,normal,0.5013203620910645
mazzrn,normal,0.8255361914634705
mtztv7,normal,0.7692739367485046
gkbguu,normal,0.7834716439247131
l5bgtv,normal,0.7207639813423157
dbywdy,normal,0.7339971661567688
lbt4p6,normal,0.7779915928840637
lz8iky,normal,0.7401669025421143
mlo8fr,normal,0.7721853852272034
fsbpsv,normal,0.7482991218566895
l2a0dl,normal,0.7744633555412292
5qyqja,normal,0.8231678009033203
k7cil5,normal,0.7138506770133972
ble0b6,normal,0.8182739615440369
mmu6u0,normal,0.811252772808075
ixeolh,normal,0.7229956984519958
mnpimf,normal,0.80904221534729
lla5fg,normal,0.7985308170318604
lggv9r,normal,0.7782776355743408
kezqvp,normal,0.7398771047592163
gqjneo,normal,0.7929336428642273
jxqtkr,normal,0.7009556889533997
j08j3h,normal,0.7942489385604858
mi2iqf,normal,0.7502145767211914
lvj0xu,normal,0.8237417936325073
kzr4lz,normal,0.7953205704689026
e41le9,normal,0.7552655339241028
m3i7yy,normal,0.6892809867858887
5qin1j,normal,0.832197368144989
5rksgi,normal,0.7238818407058716
m0ebqr,normal,0.7598522305488586
knx9gz,normal,0.8025038242340088
l7uqu0,normal,0.8177574872970581
jrc44f,normal,0.7675760388374329
lp4d9b,normal,0.8193576335906982
i4ur6t,normal,0.730016827583313
63bgi8,normal,0.785772979259491
i5vabr,normal,0.7447307705879211
670vvp,normal,0.6988661289215088
inyrxr,normal,0.8057762384414673
i2glhd,normal,0.8274104595184326
kb9pxd,normal,0.7982662320137024
c2i0dm,normal,0.8028954267501831
hc9je6,normal,0.7488338351249695
k5xwk9,normal,0.7269624471664429
laas3h,normal,0.7110785245895386
lddew7,normal,0.7369142174720764
ltepmc,normal,0.7627829909324646
m0lcpv,normal,0.6785919666290283
jj46uq,normal,0.792900562286377
jiu5sk,normal,0.7879241704940796
ltvnnv,normal,0.725787878036499
9v6k10,normal,0.7824333310127258
kt7znj,normal,0.7653279304504395
k5ab06,normal,0.41775986552238464
fvsiw6,normal,0.7279359102249146
2973yb,normal,0.7503638863563538
4mrpmg,normal,0.7477611899375916
2rt7bx,normal,0.8075619339942932
4l42mn,normal,0.7924708724021912
2afhct,normal,0.7487754225730896
1chld2,normal,0.7584192156791687
b2g56v,normal,0.7538627982139587
5savaj,normal,0.8405725955963135
9yxsci,normal,0.7901849150657654
caaspk,normal,0.780349612236023
9oymv2,normal,0.8135082125663757
4wyjsn,normal,0.8196673393249512
kqh231,normal,0.7888432741165161
lzrqhu,normal,0.7882658243179321
bp6ds6,normal,0.7547160983085632
20u1l5,normal,0.7773146629333496
fxwrg0,normal,0.7338953614234924
junf90,normal,0.6589304208755493
gw34t6,normal,0.5360935926437378
hi6yy2,normal,0.7977176308631897
bsz203,normal,0.8114320039749146
evxw1b,normal,0.686978280544281
aoul0j,normal,0.7575556635856628
d1be4n,normal,0.6171565055847168
fm5s38,normal,0.7467142939567566
fpcqrp,normal,0.6332435607910156
e2i5co,normal,0.7612798810005188
d70har,normal,0.7292903065681458
ab8vq1,normal,0.6913192868232727
7nxms3,normal,0.6309107542037964
82nzvz,normal,0.7562528252601624
doseu7,normal,0.8057961463928223
6sm8ck,normal,0.6747177839279175
9ktt01,normal,0.7217292189598083
9qod6v,normal,0.7888341546058655
mwvdvh,normal,0.7153116464614868
mkr4qm,normal,0.8017241358757019
3vfhkx,offensive,0.4764867424964905
gut3mf,normal,0.7960856556892395
ez9ebm,normal,0.7753246426582336
fubius,normal,0.6680229902267456
1mbtuz,normal,0.6725762486457825
ige5iv,normal,0.7548468112945557
cwascy,normal,0.795993447303772
cnjqhz,normal,0.46346408128738403
2g15c0,normal,0.7255179286003113
f7kf9a,normal,0.7267780900001526
hbepgj,normal,0.69639652967453
30g1hm,normal,0.6747951507568359
d554fx,normal,0.7692923545837402
equscj,normal,0.7700055241584778
gnzzt0,normal,0.8016896843910217
9w7er9,normal,0.7064734697341919
8d68oi,normal,0.7138264775276184
dz1jww,normal,0.8256168365478516
31nj3i,normal,0.6755850315093994
c1jdzv,normal,0.7463698387145996
7hd98l,normal,0.8115599155426025
86ta6t,normal,0.5509070158004761
mw4omx,normal,0.7566075921058655
kd3y54,normal,0.6656784415245056
k0pvr8,normal,0.6910080313682556
mjhonq,normal,0.7676429748535156
crdlxj,normal,0.6463085412979126
asutgm,normal,0.638505756855011
eghz1v,normal,0.6542184352874756
2ose16,normal,0.8017876744270325
8vjcoo,normal,0.8102316856384277
mwpdoc,normal,0.7836253643035889
agddax,normal,0.810186505317688
kavrwz,normal,0.6221292018890381
81jje9,normal,0.7766281962394714
8t6zbl,normal,0.7375130653381348
77h8ty,normal,0.7625949382781982
kf0tu0,normal,0.7634174227714539
bviqtd,normal,0.7736678123474121
ko0jx1,normal,0.6895725727081299
ko65wf,normal,0.7065449357032776
jf2yry,normal,0.7957792282104492
l0i66n,normal,0.7814014554023743
kgjq6b,normal,0.7078280448913574
f7bm9v,normal,0.7135627269744873
ijhhc8,normal,0.7769657969474792
lrpo17,normal,0.739229142665863
kzvn85,normal,0.7691086530685425
mq7qx8,normal,0.6251643300056458
lxicf3,normal,0.6782927513122559
l67jtr,normal,0.6694492697715759
mw81ag,normal,0.7910962700843811
lqvqwi,normal,0.7522153258323669
lm0j39,normal,0.7968008518218994
kql7uc,normal,0.7507917284965515
m23w3u,normal,0.8027662038803101
jzndzr,normal,0.6805437207221985
ls825p,normal,0.6456505060195923
k64f4o,normal,0.8199247717857361
hioyq3,normal,0.7357593774795532
it7eti,normal,0.8148664236068726
lxjd0b,normal,0.7729799151420593
jhzlk5,normal,0.7620103359222412
j52q7j,normal,0.8186952471733093
jx8vxj,normal,0.7576172351837158
g3565t,normal,0.7536000609397888
kazz3w,normal,0.7833735346794128
i4dvcn,normal,0.7316464781761169
fxurs1,normal,0.7534888982772827
mgihs7,normal,0.7529032230377197
gjufb2,normal,0.7385601997375488
