tweet_id,classification,classification_score
mu1uyf,normal,0.6066076159477234
muduez,normal,0.7873857617378235
lwlcou,normal,0.8120157122612
m9bqdy,normal,0.7210150957107544
i36az1,normal,0.7542479634284973
kdq8q6,normal,0.7785437703132629
iloo6g,normal,0.8025940656661987
jw1hws,normal,0.7741698622703552
fr7gwp,normal,0.7730797529220581
jt7a0f,normal,0.796232283115387
e9bzow,normal,0.8015483021736145
epinhr,normal,0.7612432837486267
gz4d26,normal,0.782417356967926
hns1ps,normal,0.6539616584777832
k1r1t5,normal,0.7699567675590515
drt2wd,normal,0.7533426880836487
dtypde,normal,0.7920911908149719
gne9b9,normal,0.6900252103805542
jw9zr1,normal,0.7671053409576416
e5h6ki,normal,0.7284281849861145
dyczd8,normal,0.7313516139984131
f9l7wm,normal,0.8082225322723389
epfjoz,normal,0.7373546957969666
c9i6dh,normal,0.7616339921951294
9ggh4y,normal,0.7491834759712219
7uwtew,normal,0.7641617059707642
7wacni,normal,0.7490384578704834
7jhdee,normal,0.7361123561859131
7ng2ia,normal,0.7954050898551941
8bnb9d,normal,0.6572843194007874
d37c8h,normal,0.7819881439208984
ab300t,normal,0.7587953805923462
ezjwxs,normal,0.7326892018318176
jauag1,normal,0.7825956344604492
ehdulz,normal,0.7537999153137207
8appfd,normal,0.7695784568786621
8cgvqz,normal,0.767622172832489
kxqbfh,normal,0.8084263801574707
i2ncwf,normal,0.7933847904205322
a19ov0,normal,0.8081693053245544
7drlc7,normal,0.7517732381820679
er55my,normal,0.7870548367500305
es37um,normal,0.7587378025054932
etgs5t,normal,0.7298967838287354
eqs0km,normal,0.7794215083122253
eqxt7k,normal,0.7073308229446411
epa8ni,normal,0.7099536061286926
epscwx,normal,0.7683922648429871
e9e003,normal,0.7671852707862854
eqwpuj,normal,0.7848591208457947
eq4wg8,normal,0.7385361194610596
k1pmw3,normal,0.7618665099143982
e2peaq,normal,0.7732500433921814
ds815u,normal,0.7894984483718872
d25jz5,normal,0.8185456991195679
dyoa6f,normal,0.8176047205924988
8k7ap8,normal,0.8130262494087219
7djbm4,normal,0.7090867757797241
jwa23b,normal,0.7946328520774841
jw9xzy,normal,0.7275019884109497
is60ck,normal,0.639699399471283
hlr3kz,hate speech,0.373634934425354
gw012b,normal,0.737488329410553
f40ow3,normal,0.7558133006095886
e95454,normal,0.8186891078948975
e95pyo,normal,0.700795590877533
e11ae7,normal,0.7098863124847412
ds38j7,normal,0.7089442610740662
dio0ew,normal,0.5744810700416565
lzdab6,normal,0.7686660885810852
kcf7uc,normal,0.7245063185691833
k01o82,normal,0.7918710112571716
jwsg9b,normal,0.8146679401397705
jtz22l,normal,0.8160817623138428
jtaczu,normal,0.8071573972702026
87096o,normal,0.730774462223053
8e3teg,normal,0.8392000198364258
7ghnvm,normal,0.6564121842384338
meu6sw,normal,0.7609729766845703
a6fv8g,normal,0.7539527416229248
dig401,normal,0.800039529800415
dp1wg1,normal,0.790839672088623
8zhuy7,normal,0.7312447428703308
lqec7p,normal,0.8014304041862488
mk8m8q,normal,0.7903309464454651
l9pu98,normal,0.7956956624984741
lpt2vp,normal,0.7112016081809998
lghdgo,normal,0.8024128675460815
l68jkt,normal,0.7625241875648499
le2lp3,normal,0.8253839612007141
gv7oey,normal,0.7417960166931152
j3cg1j,normal,0.7361980080604553
hy1pae,normal,0.6994723081588745
hjxr4e,normal,0.7011272311210632
cmjxmw,normal,0.6557326912879944
hvn47d,normal,0.7608873248100281
e3n3al,normal,0.7689400315284729
h16fc3,normal,0.7721027731895447
lm4pih,normal,0.73335862159729
jtubsw,normal,0.7960525155067444
ifimnz,normal,0.8209055066108704
hacxky,normal,0.7294758558273315
9ky2go,normal,0.7669317722320557
4pv61r,normal,0.7434794902801514
db88sc,normal,0.772219181060791
361xds,normal,0.7630664706230164
g4s1y7,normal,0.6490192413330078
46y3e3,normal,0.7943413853645325
bgqz36,normal,0.8162360191345215
651hue,normal,0.6757092475891113
b3f2av,normal,0.793969452381134
419srf,normal,0.8094528913497925
mu4t0d,normal,0.7789002656936646
mgf197,normal,0.772243082523346
gk9kf0,normal,0.7549876570701599
lghumf,normal,0.7921733260154724
gjqb4l,normal,0.7463603615760803
fe2nc1,normal,0.7511782646179199
fcdqjt,normal,0.7810099124908447
jt62pt,normal,0.7157936692237854
cqpwbd,normal,0.8300548791885376
dbjafc,normal,0.8037478923797607
jetd1w,normal,0.8135548830032349
c80e59,normal,0.731275737285614
aioas3,normal,0.8133783340454102
9x6z24,normal,0.7717601656913757
7bhs7e,normal,0.8343203067779541
mvszmo,normal,0.7778735160827637
kbr9s7,normal,0.7590377926826477
8bcykk,normal,0.8343203067779541
iucdey,normal,0.7971357107162476
6i4ujd,normal,0.609714925289154
4me257,normal,0.5613111853599548
466lds,normal,0.7067520022392273
4jug3m,normal,0.7698386311531067
65w15q,normal,0.7877025604248047
6e8yc3,normal,0.6057232022285461
78nw0f,normal,0.6835922598838806
6gynvb,normal,0.776309609413147
6bqex0,normal,0.7743868231773376
7emycl,normal,0.8343203067779541
mu8zq7,normal,0.7479594349861145
gonifb,normal,0.765448272228241
4o5k77,normal,0.7722324728965759
9x3e9v,normal,0.5971872210502625
4qxuyj,normal,0.798647940158844
54cg02,normal,0.7877247333526611
4buenh,normal,0.6866666078567505
6o005u,normal,0.7619262933731079
4e77y4,normal,0.7693057656288147
8lgqup,normal,0.802145779132843
3x1osk,normal,0.7661741971969604
4naugn,normal,0.8078566193580627
4cl2wa,normal,0.6920161843299866
knveyp,normal,0.795659601688385
iqustk,normal,0.6808499693870544
iwhov1,normal,0.7467626929283142
ipnmay,normal,0.6597652435302734
9j9gai,normal,0.6743194460868835
aw70kq,normal,0.7339434027671814
9j4trp,normal,0.6869701743125916
fp4uy1,normal,0.7859055399894714
7fh4jh,normal,0.7111776471138
5z6k25,normal,0.6973468065261841
448oz0,normal,0.7534302473068237
fxwl7e,normal,0.7405304312705994
gzzarz,normal,0.7946540117263794
3hhvvz,normal,0.7301971912384033
mj3v9o,normal,0.7720597982406616
m48ih8,normal,0.7741804122924805
m1kxgb,normal,0.7890732288360596
m0twug,normal,0.7610900402069092
lush1r,normal,0.8073581457138062
ltzgdw,normal,0.7899012565612793
ld62n5,normal,0.7291799187660217
hsyns4,normal,0.7571207284927368
mcp2eh,normal,0.8215983510017395
ll20uy,normal,0.7861467599868774
97csq3,normal,0.8067795634269714
9qfnck,normal,0.8247681856155396
4nqzfk,normal,0.795620322227478
6a8q8m,normal,0.8059870600700378
4ofvpc,normal,0.7616168856620789
4gv0v8,normal,0.7585350275039673
hry81l,normal,0.8055412769317627
1i9pc1,normal,0.7861736416816711
i8kqxg,normal,0.7751527428627014
4l4je3,normal,0.7848963141441345
kgcnc4,normal,0.7956359386444092
c8h5fw,normal,0.7913914918899536
c6bhw9,normal,0.7202446460723877
2rxcj1,normal,0.7943761348724365
a30xxn,normal,0.7873742580413818
964paa,normal,0.6540025472640991
544abx,normal,0.7647219896316528
71ghrz,normal,0.7427955865859985
2x6j0b,normal,0.7464746236801147
3ikofd,normal,0.8070916533470154
4gqgu8,normal,0.8131581544876099
6q18ty,normal,0.7479381561279297
2o9y9m,normal,0.7923761606216431
4is627,normal,0.8045439720153809
6e6o9m,normal,0.6457465887069702
4g1ua0,normal,0.750881552696228
3w0v1w,normal,0.7605068683624268
31rm5o,normal,0.7982533574104309
jotjmi,normal,0.5848261117935181
e6yva6,normal,0.822507381439209
7i9w1z,normal,0.8112146258354187
e2driy,normal,0.5993077158927917
8zkytb,normal,0.7615426778793335
ch3wn8,normal,0.7480941414833069
bjesys,normal,0.7606449723243713
7xsw4j,normal,0.7759983539581299
9n0eah,normal,0.7374340891838074
7mfo41,normal,0.5448294281959534
70ypny,normal,0.7099543213844299
5v4heh,normal,0.7320884466171265
6pln2k,normal,0.4603078365325928
gulgdn,normal,0.5886353254318237
35vrql,normal,0.7392551302909851
3e1bnh,normal,0.745216965675354
36twp2,normal,0.7788376808166504
30csxt,normal,0.746982216835022
64qz5r,normal,0.7691025733947754
d3psgv,normal,0.7567387819290161
4uaz3r,normal,0.7923731803894043
36mxmd,normal,0.7358652949333191
7t9sjg,normal,0.7283270359039307
68x7hk,normal,0.7077352404594421
67aty5,normal,0.7211961150169373
62fm94,normal,0.809299111366272
5xak6x,normal,0.756733238697052
kxeofo,normal,0.6148762702941895
j06awv,normal,0.7405040264129639
mr0uqx,normal,0.7651212811470032
m70kek,normal,0.7893041968345642
mmptiq,normal,0.7614349126815796
jn4i21,normal,0.8049230575561523
hz06al,normal,0.7578181028366089
gptfcq,normal,0.7041510939598083
ij5ek2,normal,0.6929140686988831
hponya,normal,0.7988320589065552
fmaaaq,normal,0.7853013277053833
kcf430,normal,0.7890267968177795
fg8a4d,normal,0.8040892481803894
ghpf51,normal,0.8162122368812561
b3brin,normal,0.8432229161262512
1y407u,normal,0.6538111567497253
37ox8m,normal,0.7559303641319275
43kse1,normal,0.7701951265335083
2t7no2,normal,0.8059489130973816
2m35dm,normal,0.7495447993278503
4c8x8k,normal,0.7058936357498169
c8owpq,normal,0.7527123093605042
7ek16o,normal,0.7895060777664185
3s87ft,normal,0.6277180314064026
10lhyj,normal,0.7488749027252197
jwaw4n,normal,0.6496744751930237
78okxj,normal,0.7389347553253174
ezdi4c,normal,0.7257065773010254
fqgs22,normal,0.745137095451355
36yule,normal,0.8111323714256287
mmdevk,normal,0.7182728052139282
ksqri1,normal,0.7805693745613098
lt4f9k,normal,0.6924049258232117
lg0v5h,normal,0.8340500593185425
l72nhn,normal,0.6649226546287537
jy2oj9,normal,0.7275972962379456
k041f9,normal,0.7511759996414185
mift4h,normal,0.7440322637557983
k76x8s,normal,0.6623079180717468
mi8og4,normal,0.6236651539802551
kzekq0,normal,0.7156997323036194
jjakuo,normal,0.7509087324142456
je82wz,normal,0.7388807535171509
l9ka8m,normal,0.6544221043586731
egul74,normal,0.7851208448410034
jifo9w,normal,0.6504462361335754
l0pfv0,normal,0.7987819910049438
lfc9e0,normal,0.7588964700698853
jgo2v4,normal,0.7529399991035461
jntcym,normal,0.7792366147041321
jcloxc,normal,0.7948628067970276
ir9zlj,normal,0.6856850385665894
dpea7q,normal,0.6033244729042053
jibb9i,normal,0.7957533001899719
jhhvad,normal,0.7213501334190369
cwgbnl,normal,0.8028846979141235
ghf80d,normal,0.727764368057251
dtqst9,normal,0.7978910803794861
lrsbz0,normal,0.7633340358734131
kwwj93,normal,0.8042882680892944
k1ksa9,normal,0.6557326912879944
ldkcwp,normal,0.6810749769210815
jt8jzn,normal,0.7567266225814819
hesp2c,normal,0.8178321123123169
dlnicr,normal,0.6670811176300049
d5cu19,normal,0.8020541071891785
dp8p0s,normal,0.7585616111755371
efudoc,normal,0.8081940412521362
9ymwit,normal,0.7962706089019775
guq0gm,normal,0.7763565182685852
9vre3h,normal,0.7702365517616272
kczjyz,normal,0.7624972462654114
jmuk93,normal,0.7665221095085144
d2tc9t,normal,0.7450755834579468
dwzyua,normal,0.5610891580581665
aaclxr,normal,0.7581503987312317
kbfavs,normal,0.7745014429092407
hutumx,normal,0.7028781175613403
mq769z,normal,0.7912477850914001
h0p9oe,normal,0.7514638304710388
kpttrv,normal,0.6319488883018494
kt3b9x,normal,0.7966963052749634
mmy4gh,normal,0.783881425857544
lqc6qw,normal,0.6641955971717834
mhh3md,normal,0.7564279437065125
jth5jk,normal,0.7629993557929993
k8fcq4,normal,0.7795440554618835
kliqxk,normal,0.7765516638755798
ahjjmw,normal,0.7938097715377808
kttwj0,normal,0.7562414407730103
lb4dtx,normal,0.7372578978538513
ldkatb,normal,0.7585384845733643
dlzubv,normal,0.7449924349784851
d4r0u0,normal,0.8024279475212097
jn6sct,normal,0.7176088094711304
ieejyp,normal,0.7939541935920715
heecth,normal,0.6912157535552979
e4ov23,normal,0.7889896035194397
a88yvt,normal,0.8247677683830261
eb3ikt,normal,0.7283339500427246
a63uze,normal,0.805709183216095
doidy7,normal,0.7817925214767456
a3yz94,normal,0.8285894989967346
mt85jh,normal,0.7450299859046936
lh1kuv,normal,0.6822839379310608
lh2rpf,normal,0.7207059264183044
m1ju6x,normal,0.5515235662460327
jiqpc8,normal,0.7017119526863098
j13kws,normal,0.7608300447463989
m6igxe,normal,0.7918973565101624
lc0xfz,normal,0.6987366080284119
kyqqv2,normal,0.8015649914741516
ldwfi0,normal,0.7726000547409058
mt60bz,normal,0.7912232279777527
mj9gmt,normal,0.7734681367874146
gm3rby,normal,0.7790979743003845
ifzit2,normal,0.7977303266525269
kxo9mm,normal,0.73218834400177
mixf9g,normal,0.7877975106239319
mg8md1,normal,0.7832435965538025
mb12a1,normal,0.8001464605331421
fbl946,normal,0.786443293094635
lyawqk,normal,0.6257691383361816
l9ewbr,normal,0.7737685441970825
iaoz7b,normal,0.6657629013061523
iewmmb,normal,0.7508620619773865
gckj9d,normal,0.772727906703949
jijozq,normal,0.7549842596054077
ifftnl,normal,0.7785643339157104
ecay4q,normal,0.7755451798439026
d2krdm,normal,0.7716271281242371
dqwj5d,normal,0.7732188105583191
e4yy1b,normal,0.7884863018989563
afga5o,normal,0.7870833277702332
dz4hxx,normal,0.6591480374336243
e3t9z5,normal,0.7929381132125854
di04eu,normal,0.7596526145935059
9srkzf,normal,0.7958152294158936
idbrrz,normal,0.6483505368232727
a202y9,normal,0.7968454957008362
k6bo89,normal,0.7772486209869385
hcceym,normal,0.7692025303840637
afc5m5,normal,0.6832714676856995
hqhnrx,normal,0.7483330368995667
cfa83e,normal,0.6592525839805603
dyntb8,normal,0.7926466464996338
gfb2a5,normal,0.7545823454856873
dv59my,normal,0.7778264880180359
epwqjd,normal,0.7670674324035645
d2xdpv,normal,0.7214266061782837
le5xk9,normal,0.7327420115470886
e425w9,normal,0.7769466042518616
d1wj7q,normal,0.7779228687286377
la38sd,normal,0.8020999431610107
i5z8e9,normal,0.7875859141349792
msm00c,normal,0.6932824850082397
mr3jfg,normal,0.770643949508667
mpllmb,normal,0.7905969023704529
meiko9,normal,0.7633553743362427
mp0jdm,normal,0.7440342307090759
mu43r1,normal,0.7540715336799622
ho05ps,normal,0.7936258912086487
misvbf,normal,0.7626577615737915
mhf394,normal,0.7688910365104675
lj16l4,normal,0.6506562232971191
l1seaa,normal,0.4707755446434021
mrwtpw,normal,0.7562392950057983
migywu,normal,0.7886631488800049
e11pvl,normal,0.8015503287315369
ebxaix,normal,0.8132159113883972
9tit57,normal,0.5932613611221313
a2oqgv,normal,0.7872954607009888
9sgnem,normal,0.522565484046936
jbj8ep,normal,0.7811967730522156
kjlywy,normal,0.7429758906364441
9ttkvx,normal,0.8231487274169922
92rarf,normal,0.7819857597351074
7wwhim,normal,0.765926718711853
eowsel,normal,0.805274486541748
crnlco,normal,0.7945022583007812
dx4ygw,normal,0.5131159424781799
djqdwu,normal,0.7391150593757629
egxl7t,normal,0.824897825717926
avmm9g,normal,0.7509127855300903
9ehbzk,normal,0.7995612621307373
l8ei74,normal,0.7898181080818176
e4gozp,normal,0.7733304500579834
ahu8z3,normal,0.7430352568626404
k3blqu,normal,0.8007764220237732
b75to6,normal,0.7717236280441284
ixwsvd,normal,0.7340861558914185
i2cyci,normal,0.7839693427085876
gfa3ze,normal,0.7423107624053955
e0cez0,normal,0.7715196013450623
d4n0qe,normal,0.738792896270752
e3lcq2,normal,0.7809973955154419
a0kj1l,normal,0.6407438516616821
dqu8b6,normal,0.7487841248512268
e0a92f,normal,0.7226325273513794
enu289,normal,0.7603804469108582
doqpo7,normal,0.7864720821380615
e95obm,normal,0.6544070839881897
k7bk4p,normal,0.7794458270072937
ji18df,normal,0.7181481719017029
i83zt2,normal,0.813355565071106
i5jp4k,normal,0.77985680103302
eqy1hu,normal,0.7228055000305176
d6zslv,normal,0.6141456365585327
9ucxzk,normal,0.7164703011512756
akpxuh,normal,0.7212002277374268
murfhl,normal,0.7674510478973389
liyc6h,normal,0.7994272708892822
mgk654,normal,0.7730798721313477
mpvrhb,normal,0.7788469195365906
l5vpl1,normal,0.7821611166000366
lw1sc6,normal,0.8230047225952148
l9aosx,normal,0.800467312335968
mm9rek,normal,0.7745236754417419
mu1ufp,normal,0.6066076159477234
klhe94,normal,0.7592677474021912
mff7l6,normal,0.8179102540016174
lsmpxm,normal,0.7832438349723816
mqctj0,normal,0.7575027942657471
mfk0g2,normal,0.8017797470092773
lvftar,normal,0.6444913744926453
mfvvqf,normal,0.8192480802536011
mafhyd,normal,0.7393539547920227
la7myv,normal,0.7976195216178894
m7fvlu,normal,0.6751410961151123
lup0na,normal,0.7971595525741577
lrtigi,normal,0.7347453832626343
i36aqx,normal,0.7542479634284973
jrpjj6,normal,0.7645453214645386
lthd6b,normal,0.7270303964614868
mero06,normal,0.8382218480110168
lmunxt,normal,0.6960683465003967
kuxq8f,normal,0.7817089557647705
lvzo3m,normal,0.7718000411987305
mfj4xh,normal,0.8096853494644165
mf77jd,normal,0.7603476643562317
iykyn1,normal,0.7213050127029419
io4gqd,normal,0.7899042367935181
mhdtsg,normal,0.7095073461532593
ht585v,normal,0.8119327425956726
irodrn,normal,0.7920100092887878
hch1n5,normal,0.8174430727958679
ij6fgv,normal,0.8049022555351257
hz8m6r,normal,0.8244697451591492
eozzsz,normal,0.8327624797821045
hk8f1t,normal,0.7993079423904419
jlazlw,normal,0.7945353388786316
frughr,normal,0.7671617269515991
i6mf5k,normal,0.5419925451278687
mvqd9y,normal,0.7221804261207581
l4kpw0,normal,0.7212648391723633
khg9hi,normal,0.6635820269584656
jwi3wf,normal,0.7259326577186584
gsry2x,normal,0.7051186561584473
igdzvj,normal,0.7591413855552673
jzilry,normal,0.8186019062995911
ii2ehu,normal,0.7662225365638733
goerg9,normal,0.789067268371582
hh056a,normal,0.7744600772857666
hokghs,normal,0.7542777061462402
goccka,normal,0.7697161436080933
e92myp,normal,0.7828323245048523
lxpei5,normal,0.775631308555603
l4snn5,normal,0.7826517820358276
ib2smf,normal,0.7605226635932922
ihr8av,normal,0.7857499718666077
misw4v,normal,0.7860245108604431
mgpi5b,normal,0.7683204412460327
ml4dtb,normal,0.6329126358032227
l1q0uj,normal,0.6582827568054199
gm4sjd,normal,0.7935498356819153
gzqmrr,normal,0.7668359279632568
euutz6,normal,0.7455950975418091
9sgwpx,normal,0.7566637396812439
kqiqlt,normal,0.6993149518966675
m81au8,normal,0.7747313976287842
mi1yyi,normal,0.7701448798179626
klx51n,normal,0.7736113667488098
lmv7nb,normal,0.7394338846206665
m1htos,normal,0.7369182705879211
hvvz03,normal,0.8112807273864746
joc8d0,normal,0.8046024441719055
hnwaom,normal,0.8363164067268372
hklgso,normal,0.8014874458312988
eywxhm,normal,0.7157853841781616
i7ebrc,normal,0.7694610357284546
eijvkg,normal,0.8282483220100403
egg9b8,normal,0.7600197196006775
gqpbh2,normal,0.8054790496826172
eazape,normal,0.6433301568031311
l4g3t9,normal,0.6882333159446716
jybjls,normal,0.7065916657447815
m5qs0h,normal,0.6775791645050049
kl2ezq,normal,0.7820578813552856
kidoxy,normal,0.7190245389938354
jebmbu,normal,0.6830281615257263
lrwaoj,normal,0.677486002445221
j5cmos,normal,0.7960748672485352
k4xbi7,normal,0.606376051902771
m43aib,normal,0.7402406334877014
jx89vj,normal,0.7807120680809021
i6reit,normal,0.7746936082839966
hl7l8h,normal,0.7226877808570862
mttsp0,normal,0.7551154494285583
m7o9tu,normal,0.7748094797134399
eu42ii,normal,0.7664200067520142
knhi68,normal,0.6502372622489929
lqr3zx,normal,0.827979564666748
kidz1m,normal,0.769355833530426
l4czur,normal,0.6862844228744507
jw5cs4,normal,0.7106685042381287
l40ksa,normal,0.7979637384414673
k7cp2r,normal,0.7662358283996582
ke4ho9,normal,0.7755444049835205
l1q115,normal,0.8015750050544739
g968cb,normal,0.7526155710220337
jv6e5p,normal,0.7747894525527954
jv6ao0,normal,0.7930495738983154
jmggim,normal,0.7669471502304077
eobwj9,normal,0.7469672560691833
helfzb,normal,0.6243441104888916
dvxxvp,normal,0.7365521192550659
cp0zv1,normal,0.7548726797103882
djedz8,normal,0.7689385414123535
mk4kx0,normal,0.8188074231147766
moe45c,normal,0.6458616852760315
mn1dke,normal,0.709112823009491
lwj4q8,normal,0.7581509947776794
lyb2df,normal,0.8399999141693115
lj5ubu,normal,0.7874277830123901
mdsnr8,normal,0.6647133231163025
lhzk7u,normal,0.7129612565040588
l2aje2,normal,0.8337163925170898
l6rdle,normal,0.8372570872306824
mhhf6v,normal,0.7531724572181702
jsn1gi,normal,0.8028825521469116
j7xrw4,normal,0.8192716240882874
ltgfqm,normal,0.82950359582901
a7x8yd,normal,0.7179133892059326
851mcl,normal,0.8227851390838623
l3ugd8,normal,0.8357112407684326
kar43u,normal,0.7649149298667908
ini9og,normal,0.7327826619148254
gvix6c,normal,0.7669041752815247
hmbi60,normal,0.8165377974510193
gpxne5,normal,0.7528328895568848
gevc84,normal,0.7138532400131226
i5hddf,normal,0.786541759967804
gxek70,normal,0.7202668786048889
ev9h7t,normal,0.7862152457237244
debmhv,normal,0.8216291069984436
amml67,normal,0.7446991205215454
jv5wb8,normal,0.7674763798713684
jn0n92,normal,0.8226644396781921
f3rdp8,normal,0.7079188227653503
hsb9f1,normal,0.7357119917869568
gwjf5s,normal,0.7263177633285522
f02scf,normal,0.7790846824645996
e7tv2l,normal,0.6748514175415039
e6vlrf,normal,0.7481639981269836
m9dlrc,normal,0.7758064866065979
lfoqjd,normal,0.7938835620880127
ii0yvx,normal,0.7659631967544556
h8qvzd,normal,0.8043104410171509
gpwk4t,normal,0.7720322608947754
fdgbbz,normal,0.7713795900344849
erii8w,normal,0.8050695657730103
ho1akz,normal,0.7194753885269165
gpxuqm,normal,0.7993614077568054
hrs5b2,normal,0.7596864104270935
evw1xn,normal,0.8106772303581238
erp7nv,normal,0.819068968296051
mtdof0,normal,0.7909068465232849
lzxtqt,normal,0.7444944977760315
mpik3u,normal,0.814628541469574
lxandq,normal,0.746414303779602
jzkj90,normal,0.8036617636680603
miw0qs,normal,0.8085520267486572
lpddot,normal,0.7816109657287598
l007t8,normal,0.7052638530731201
kaert2,normal,0.7568597197532654
mp7vf8,normal,0.7120087742805481
kaadkf,normal,0.7567430138587952
mkrzoo,normal,0.7956941723823547
m6psty,normal,0.700818657875061
lrtr1h,normal,0.8042978048324585
mlvrko,normal,0.7317392230033875
gs7m85,normal,0.7676604390144348
m6exn1,normal,0.7798486948013306
i4yzts,normal,0.7918055653572083
3kexto,normal,0.593938946723938
1kfk4j,normal,0.7474318742752075
ckq13,normal,0.7698764204978943
ckcl3,normal,0.7607381939888
139dsy,normal,0.7054405212402344
mchrwb,normal,0.812533974647522
mjbbqb,normal,0.684934139251709
mbleeb,normal,0.7508304715156555
m0r9yo,normal,0.7293407320976257
lvaxj2,normal,0.6700583100318909
lhqm9t,normal,0.7330874800682068
mrm0sm,normal,0.6125949621200562
m47x7b,normal,0.8162552118301392
mwf720,normal,0.8228044509887695
mqtwu3,normal,0.6914210915565491
mttq1q,normal,0.7454975843429565
mbtdmc,normal,0.7665948867797852
mp2x43,normal,0.7905471920967102
mrosx7,normal,0.8006495237350464
mi3p7f,normal,0.7997410893440247
mxbkfv,normal,0.7547930479049683
l0ndzl,normal,0.6929441094398499
mubc25,normal,0.7541854977607727
me7mcd,normal,0.7309579849243164
mmuot6,normal,0.7811020612716675
mw9dq6,normal,0.6291323304176331
mk78n2,normal,0.4917321503162384
mqxse5,normal,0.7063034176826477
l40prq,normal,0.8109920024871826
l2uye8,normal,0.7070888876914978
kysbx8,normal,0.7791813611984253
mevbb9,normal,0.7574746608734131
lq550t,normal,0.7954995036125183
ly5v62,normal,0.7584035992622375
mcn7jr,normal,0.7975021600723267
mohsoa,normal,0.6338594555854797
lw2s8g,hate speech,0.37659135460853577
mqhehd,normal,0.7591670751571655
mgee5k,normal,0.6698710918426514
minuai,normal,0.7705371379852295
iy5ux4,normal,0.765738308429718
msq34i,normal,0.7288130521774292
mmva38,normal,0.7374565005302429
l201xf,normal,0.8281320929527283
mefh9j,normal,0.7794113159179688
kh16yj,normal,0.7932875156402588
kj3mr8,normal,0.8084655404090881
me3cnl,normal,0.7913586497306824
an0u6t,normal,0.708922803401947
8106ll,normal,0.7819728851318359
6ul604,normal,0.7682551741600037
5hkwqt,normal,0.7758206129074097
kxo312,normal,0.6657109260559082
ljhhkh,normal,0.7434090971946716
l2ut7b,normal,0.6544629335403442
jqp909,normal,0.7726645469665527
kgckx8,offensive,0.47335296869277954
itl6w6,normal,0.7551476359367371
ityruw,normal,0.7552857995033264
6a0nyi,normal,0.805476188659668
i8yflh,normal,0.7098749876022339
hwmwen,normal,0.7625476717948914
8xozj3,normal,0.7971096038818359
mugb5i,normal,0.6645387411117554
mjs6v9,normal,0.7624236345291138
mrkbw4,normal,0.6756272912025452
lyedoc,normal,0.7476564049720764
kt7980,normal,0.7495670318603516
lw2ve6,normal,0.7630817294120789
kxlbfg,normal,0.7767860889434814
msthg7,normal,0.8016883730888367
lijt0r,normal,0.7452462315559387
mq8e7s,normal,0.7881439328193665
lnx5bs,normal,0.8143642544746399
ltokou,normal,0.5743372440338135
mwcwm1,normal,0.606806755065918
7rw0ys,normal,0.8086332082748413
bskuu,normal,0.7823922038078308
lknipw,normal,0.7671594023704529
jv7brh,normal,0.7937809824943542
lpcpmv,normal,0.6522864699363708
mwsab1,normal,0.5360288619995117
ky335j,normal,0.70186847448349
lk5y4z,normal,0.8167917728424072
llg79v,normal,0.7376850843429565
k8t285,normal,0.808796763420105
i3qmc0,normal,0.7424891591072083
i0x99m,normal,0.6166348457336426
fdj1it,normal,0.7384721636772156
m7sr1g,normal,0.7418203949928284
l4mop1,normal,0.7959022521972656
ho7bo6,normal,0.5924789905548096
kw2bca,normal,0.6884738802909851
hwo0al,normal,0.8101110458374023
kmympw,normal,0.8216392993927002
m5o22f,normal,0.7699816823005676
lrdyre,normal,0.7174168825149536
k3x76c,normal,0.7700812220573425
mxb2vt,normal,0.6379143595695496
mqrwwk,normal,0.7958821058273315
md0807,normal,0.7866148948669434
ig9v73,normal,0.7749226093292236
mw4jz9,normal,0.7856866717338562
mplvr4,normal,0.7708408832550049
mpel7a,normal,0.6744048595428467
mmy64o,normal,0.8071228861808777
m4x81x,normal,0.6650176644325256
l0wa3r,normal,0.7385928630828857
lj99rv,normal,0.8143711686134338
ej0t7t,normal,0.7657324075698853
ml0voe,normal,0.7667727470397949
jg10zn,normal,0.7979680895805359
jkdjiv,normal,0.72422856092453
ltc4ic,normal,0.7975661754608154
kpuzpo,normal,0.5983449220657349
hrm8aq,normal,0.8141977190971375
l2cxes,normal,0.7151408791542053
mi3tsr,normal,0.7588605284690857
lg24w4,normal,0.7818647623062134
kk00s7,normal,0.7913303375244141
fcem50,normal,0.6189830899238586
f41v2y,normal,0.7281175851821899
jl0k41,normal,0.790197491645813
g7hrz6,normal,0.836118757724762
j10f5p,normal,0.6502159237861633
f6eg6j,normal,0.7020549774169922
kkcleb,normal,0.6692838668823242
lqk542,normal,0.7856755256652832
lz6z6j,normal,0.48551052808761597
br2fdu,normal,0.7546576261520386
m5eso2,normal,0.7434364557266235
b20lp9,normal,0.785917341709137
a6fydd,normal,0.7555170655250549
ef29ib,normal,0.7491631507873535
irlxpq,normal,0.6989336609840393
8atmnw,normal,0.6828301548957825
l6oz4h,normal,0.8061443567276001
enrg9c,normal,0.7583875060081482
moph03,normal,0.7802572846412659
mqvx3l,normal,0.7039114832878113
m9qyk9,normal,0.8039724826812744
mhy8k5,normal,0.695740282535553
itthdd,normal,0.6506012678146362
fepkwu,normal,0.6650878190994263
mpxc8f,normal,0.7830988764762878
knq0b6,normal,0.7899157404899597
1gjbtt,normal,0.7890194654464722
mkqr92,normal,0.7838318347930908
lcv9yq,normal,0.8004589080810547
lf20f5,normal,0.5754539370536804
m6istt,normal,0.7900549173355103
d6v42f,normal,0.7458840012550354
l68o92,normal,0.7843636274337769
3d8pmb,normal,0.7574560642242432
52eueu,normal,0.7938348054885864
mdyrq4,normal,0.7863194942474365
lyltau,normal,0.8320122957229614
m5sj3e,normal,0.7883761525154114
jwjs0j,normal,0.7768746614456177
le1m6f,normal,0.7504661083221436
mcimgq,normal,0.765388011932373
jsucul,normal,0.7246344685554504
lkosdr,normal,0.7910891771316528
luez8n,normal,0.6674346923828125
mxoutz,normal,0.6389620304107666
jic73a,normal,0.7635692954063416
mfnl9y,normal,0.7723562717437744
mqel0h,normal,0.5609001517295837
kodo09,normal,0.7167576551437378
mktss3,normal,0.7499011158943176
mvzori,normal,0.8051119446754456
koc3fr,normal,0.7976758480072021
lbuhdm,normal,0.7948374152183533
ke1cx1,normal,0.7995904088020325
kohvey,normal,0.8135232329368591
knvyrj,normal,0.7986975908279419
ksiuj4,normal,0.6716830134391785
kxda1m,normal,0.7646722793579102
hm8xmj,normal,0.7517203688621521
lm2bdt,normal,0.7103123664855957
mimzop,normal,0.8298088312149048
m6vp7y,normal,0.7710631489753723
ce8jqn,normal,0.7729647755622864
mx7c80,normal,0.786381721496582
mw8h1i,normal,0.7792828679084778
lb7n70,normal,0.7810277938842773
j63gdr,normal,0.7049493193626404
mx2heg,normal,0.8114002346992493
mo7c0p,normal,0.7846207618713379
mw7m8n,normal,0.7463917136192322
mpemmy,normal,0.6414511203765869
j6tswx,normal,0.6940460801124573
mo7nwa,normal,0.7598819732666016
llsf51,normal,0.7839747071266174
mqmyiw,normal,0.740813672542572
mvtazw,normal,0.7041345238685608
leygeu,normal,0.5266958475112915
kiifud,normal,0.7716344594955444
lgbc70,normal,0.7865854501724243
k85n4o,normal,0.7311918139457703
lglt0f,normal,0.7438713312149048
llcwou,offensive,0.40695035457611084
leqryv,normal,0.8023421764373779
lf1j1b,normal,0.6596508622169495
lwxx6j,normal,0.8054593205451965
iil209,normal,0.7643172144889832
i5ozhj,normal,0.7617366909980774
lwjy7k,normal,0.7488526105880737
mtspy8,offensive,0.48640745878219604
jut0ej,normal,0.6880120038986206
mrob1t,normal,0.728453516960144
l2d6cj,normal,0.7401614785194397
kbj1k2,normal,0.7305747866630554
kr4aff,normal,0.7501260042190552
mjh2za,normal,0.6382679343223572
jhxbqk,normal,0.7745058536529541
mo6n6d,normal,0.81393963098526
kyp6ru,normal,0.7023369073867798
mxmanm,normal,0.6922211050987244
kw5ihf,normal,0.7697598934173584
jcazfe,normal,0.7703714966773987
fymre6,normal,0.8093807697296143
m1fw8v,normal,0.7893360257148743
m34ylg,normal,0.5072759389877319
lru41y,normal,0.798689067363739
k1s6nc,normal,0.8100885152816772
met5nd,normal,0.7050412893295288
etbgfc,normal,0.7557958960533142
efcru0,normal,0.7912850975990295
ipj3mt,normal,0.7540030479431152
d2aumk,normal,0.6880064010620117
aj1osh,normal,0.7189258933067322
mbdtxl,normal,0.6359596848487854
f61eqy,normal,0.7206452488899231
meibzg,normal,0.7145082354545593
ccv3be,normal,0.7472675442695618
haksqi,normal,0.7652263045310974
jb07nu,normal,0.7716437578201294
1ax3b9,normal,0.6042380928993225
4o4huf,normal,0.6632843613624573
620vlf,normal,0.8039320707321167
2b851p,normal,0.773581326007843
10e573,normal,0.8106536269187927
6ffy94,normal,0.7733702659606934
19geic,normal,0.7597917914390564
mou0ad,normal,0.7627427577972412
ktyhsp,normal,0.6949930191040039
lz6ugf,normal,0.7087224125862122
k0d4un,normal,0.5053383111953735
lpsa3n,normal,0.7615718245506287
hgwtzj,normal,0.7380955815315247
jmvfrl,normal,0.7228778600692749
khil13,normal,0.7758246660232544
llizzf,normal,0.6660284399986267
j9sjhi,normal,0.740351140499115
k21m47,normal,0.7274235486984253
kvovp6,normal,0.7334252595901489
3joyi1,normal,0.78209388256073
gg7bdr,normal,0.6694106459617615
g7msx2,normal,0.7851925492286682
lbilg3,normal,0.6824473738670349
b68kv9,normal,0.7531934380531311
kkvddl,normal,0.7788305878639221
m4hyrf,normal,0.7724945545196533
it6pm8,normal,0.7158533334732056
lo9bc3,normal,0.7452271580696106
1co179,normal,0.6735024452209473
hibg2c,normal,0.7206088304519653
1jshwz,normal,0.7396749258041382
1darjv,normal,0.6537193655967712
l8ok9d,normal,0.7788349986076355
evnm3b,normal,0.829653799533844
lnezp9,normal,0.7621489763259888
kwf0tk,normal,0.7836300730705261
m3lgq5,normal,0.5099626779556274
mm6ynt,normal,0.6322255730628967
iqou89,normal,0.4827667772769928
kqln8b,normal,0.7315848469734192
kmi8jm,normal,0.6719566583633423
5h9ol6,normal,0.8030647039413452
jj1bsw,normal,0.7086281180381775
ka76tc,normal,0.8143836855888367
as43yt,normal,0.5771756768226624
i8z2ry,normal,0.7133988738059998
jpr912,normal,0.7581112384796143
k5eogk,normal,0.6901920437812805
in5qpd,normal,0.7637178301811218
av8msq,normal,0.7824908494949341
9esjit,normal,0.7850572466850281
46ap7s,normal,0.8041092753410339
go11u7,normal,0.5961259603500366
6omlh,normal,0.7591768503189087
5ksniw,normal,0.7695770859718323
dehpwf,normal,0.7768020033836365
hgu3mg,normal,0.7812541127204895
e0m7ww,normal,0.6856378316879272
inj1d,normal,0.7659043073654175
41pp6f,normal,0.5245713591575623
gagxh,normal,0.779704213142395
jq7eqo,normal,0.7376959919929504
bmyv66,normal,0.6694530248641968
fcngpe,normal,0.7558863759040833
lh63ox,normal,0.6946882009506226
9ofed9,normal,0.7683073878288269
k670xz,normal,0.6557326912879944
h8zd6f,normal,0.8143476247787476
gll6z6,normal,0.7472385764122009
cmk9q,normal,0.7667946219444275
bqisbx,normal,0.6541557908058167
jk19dn,normal,0.79457688331604
fcb989,normal,0.7733985185623169
b3fb4b,normal,0.7916484475135803
h9m8m5,normal,0.6596463322639465
a82dkg,normal,0.5475360155105591
gaowj0,normal,0.6766496300697327
5necnp,normal,0.5724437236785889
ap0i5n,normal,0.613408625125885
a9z5u4,normal,0.4213090240955353
22ys2x,normal,0.7749168872833252
10cn5h,normal,0.6205066442489624
8jbwor,normal,0.7435414791107178
7o25k,normal,0.7433242797851562
4uqb78,normal,0.7462248206138611
a6ajo,normal,0.7776411771774292
1wx84z,normal,0.5371085405349731
4vocdt,normal,0.7137320637702942
1unaq0,normal,0.5612800717353821
me6f5u,normal,0.7643425464630127
mivde0,normal,0.8077715635299683
jmqlfl,normal,0.8195178508758545
mx59hs,normal,0.7335395216941833
g3oc4t,normal,0.7277879118919373
gf9uoi,normal,0.7641292214393616
mfx4rk,normal,0.7893778681755066
h16mcl,normal,0.7568027377128601
mdc9iy,normal,0.7819071412086487
huw307,normal,0.7524928450584412
fqwhwa,normal,0.7830398082733154
85jhby,normal,0.7880330681800842
i22dok,normal,0.7741730213165283
ibzkq2,normal,0.8229085803031921
lp8od0,normal,0.7136922478675842
cgygqp,normal,0.6903163194656372
2v5czi,normal,0.8302543759346008
kl27ne,normal,0.793208658695221
hyvs8q,normal,0.7754027247428894
k2mwm5,normal,0.8147226572036743
ht9825,normal,0.6777526140213013
hl5w23,normal,0.7379234433174133
b6812s,normal,0.7430898547172546
k2wcu1,normal,0.7988895773887634
hp5jh8,normal,0.8076381683349609
kkppy6,normal,0.6983537673950195
735q9l,normal,0.7988648414611816
lek2kn,normal,0.8076204061508179
lbtbg7,normal,0.706556499004364
hzmff1,normal,0.7467941641807556
kbvhuq,normal,0.7803059220314026
3gpi6f,normal,0.774756133556366
fxl93,normal,0.8045137524604797
22jkmz,normal,0.7652571797370911
6hyjfb,normal,0.7703771591186523
1uelx3,normal,0.7380886673927307
3g3mcy,normal,0.7846348285675049
3tpt56,normal,0.7115333676338196
elno13,normal,0.6678124666213989
6g44dh,normal,0.7212317585945129
6hqe1u,normal,0.6753717064857483
dwaeta,normal,0.7163056135177612
ll65u9,normal,0.7326327562332153
ldty5q,normal,0.7463454008102417
3s1hm5,normal,0.7263604998588562
25w5xw,normal,0.7933588027954102
ekh6ls,normal,0.7529547214508057
h84m8n,normal,0.7905169725418091
jixoqm,normal,0.811489999294281
md18zz,normal,0.7242558598518372
mr3toa,normal,0.6965587735176086
lw321d,normal,0.7892955541610718
mw939m,normal,0.6360612511634827
msu1lg,normal,0.7384015321731567
mszbm4,normal,0.7692973017692566
lz63eq,normal,0.7998687624931335
ll6y79,normal,0.6796318292617798
mpqehg,normal,0.7768663167953491
mcgy3w,normal,0.7527681589126587
mhyzxm,normal,0.7396068572998047
mi8lsu,normal,0.7560509443283081
mqyf1u,normal,0.7790770530700684
ki7dsv,normal,0.7894638776779175
mtcnnn,normal,0.7586960792541504
lreszq,normal,0.6936069130897522
moi93t,normal,0.7804502844810486
mrawoh,normal,0.7185943126678467
kn38ib,normal,0.7928826212882996
kzfnd5,normal,0.7501360774040222
mrp7xn,normal,0.6547768115997314
mgnbdt,normal,0.7680399417877197
m5ewwl,normal,0.8026925921440125
ma3rff,normal,0.7715891003608704
mefcbu,normal,0.572184681892395
l8k1j9,normal,0.8035109639167786
mgaf25,normal,0.7989242076873779
lg9z90,normal,0.6621790528297424
md2b4b,normal,0.734385073184967
m6vf8b,normal,0.43810218572616577
l9vjdg,normal,0.6557798385620117
mbfzu7,normal,0.794152557849884
l2kosh,normal,0.8072919845581055
mx3khy,normal,0.7870071530342102
mwlgb1,normal,0.8116899132728577
mdlha1,normal,0.7174763083457947
mbndtn,normal,0.7984638214111328
m0ld4m,normal,0.7957730889320374
mio107,normal,0.7941495180130005
ksefuj,normal,0.7681066989898682
mju6ht,normal,0.7579787373542786
lwfs07,normal,0.7472173571586609
lt45bf,normal,0.6905308961868286
la8iix,normal,0.7641693949699402
g4w0ko,normal,0.6836273670196533
7wpw50,normal,0.7135518193244934
23asc6,normal,0.7892913818359375
vdsdq,normal,0.7146528363227844
buw6np,normal,0.8040252923965454
buqfly,normal,0.7295071482658386
b5maay,normal,0.8372077941894531
4w8ztz,normal,0.7732892036437988
m812po,normal,0.7622191309928894
mhgt5x,normal,0.6484184265136719
md2zpc,normal,0.8181450366973877
kz9n14,normal,0.783843457698822
mk9x3m,normal,0.757010817527771
mdo287,normal,0.741732656955719
mw3c94,normal,0.7503068447113037
m678ej,normal,0.7452818751335144
kqu9wi,normal,0.6932758688926697
ks7sbd,normal,0.8193038105964661
mlma5o,normal,0.7250245213508606
lexol9,normal,0.8400763869285583
kuomch,normal,0.729479193687439
ma1dk3,normal,0.7782785892486572
m90zyp,normal,0.7836257219314575
j7e6v4,normal,0.6352883577346802
lys5cj,normal,0.7219449877738953
mmjegd,normal,0.6814241409301758
mjwqs9,normal,0.7930591702461243
lf3s8h,normal,0.7696145176887512
g7y4vs,normal,0.75201016664505
l1xlsi,normal,0.7934011816978455
m6p8cf,normal,0.7509360313415527
l4pg1h,normal,0.8236382603645325
jt9ec9,normal,0.7310529351234436
mnbtca,normal,0.7765989899635315
fj6ghw,normal,0.758918821811676
g9muek,normal,0.7558753490447998
lps9si,normal,0.8294590711593628
k09t35,normal,0.6406352519989014
mctmir,normal,0.7073731422424316
ju97fv,normal,0.759442925453186
k3z0rg,normal,0.7895268201828003
hv3xr7,normal,0.6504879593849182
msewtw,normal,0.7379891872406006
hf2jbt,normal,0.6487098336219788
h7gp5q,normal,0.7227911353111267
lweaov,normal,0.7994723320007324
g90w5q,normal,0.8178415298461914
loqrwq,normal,0.7746281027793884
ltl0i0,normal,0.8161181211471558
hjh5xy,normal,0.7328817844390869
lm5077,normal,0.6702136397361755
ms9xh4,normal,0.8088091015815735
m1t8rn,normal,0.75614994764328
m75yf1,normal,0.5935529470443726
koe2uz,normal,0.7930206656455994
exwejs,normal,0.8318830132484436
k9yjf5,normal,0.7134330868721008
ltrryl,normal,0.7834930419921875
infy6s,normal,0.77604740858078
mudn44,normal,0.7023150324821472
hami3u,normal,0.7715103030204773
efgehx,normal,0.7720707058906555
mx35v0,normal,0.6708466410636902
kdcans,normal,0.7211489677429199
jo7g70,normal,0.7877449989318848
mx8lqm,normal,0.7869442105293274
lxshxq,normal,0.8104792237281799
jsv1zx,normal,0.8164026737213135
lvpa4a,normal,0.663145124912262
lp568o,normal,0.800640344619751
mc0adm,normal,0.8014476895332336
kalkof,normal,0.770558774471283
luh61t,normal,0.7778552770614624
kp7fp9,normal,0.713751494884491
mqx7qf,normal,0.8053600192070007
mo4zpr,normal,0.793266236782074
kwmhtz,normal,0.6594763994216919
l9rrsh,normal,0.7740744948387146
m5zily,normal,0.7713165879249573
mv343w,normal,0.7011630535125732
l835wc,normal,0.6828545331954956
m6dguz,normal,0.7693420648574829
c15qpb,normal,0.7783229351043701
ldjk1s,normal,0.7731311917304993
jrpfzl,normal,0.762334942817688
j6abn6,normal,0.7404605150222778
c0qjgd,normal,0.650703489780426
hi2muh,normal,0.6826085448265076
miv0xe,normal,0.7796217203140259
hnt45i,normal,0.6985089778900146
m0o9fa,normal,0.7440389394760132
lcgol1,normal,0.7840424180030823
mve3b5,normal,0.7418707609176636
mwpdoc,normal,0.7836253643035889
m0nc1m,normal,0.8006221652030945
meu2bx,normal,0.7331692576408386
meragl,normal,0.776298463344574
m8eyn0,normal,0.7659690976142883
hoi94g,normal,0.7952154874801636
lj8i50,normal,0.7464007139205933
l2amrz,normal,0.6668346524238586
kseove,normal,0.7665606141090393
kmz36l,normal,0.7175986170768738
gep128,normal,0.6849368810653687
ct9gmb,normal,0.7841943502426147
m86194,normal,0.6377843618392944
jono0x,normal,0.6690024137496948
mk0mjz,normal,0.6524070501327515
fevp1j,normal,0.760186493396759
ijhhc8,normal,0.7769657969474792
ipf0s7,normal,0.7833588719367981
i9urwh,normal,0.7440201640129089
gapnyb,normal,0.7200326919555664
f99j08,normal,0.7189041376113892
ikkjq9,normal,0.729546844959259
edy0tr,normal,0.8079349398612976
cwms55,normal,0.7720035314559937
fckcwm,normal,0.7626289129257202
kxd9y9,normal,0.7595235109329224
m4vqqd,normal,0.7463468909263611
7cmf5n,normal,0.8160449862480164
mm4tkv,normal,0.7912941575050354
lb4n5v,normal,0.7767569422721863
les682,normal,0.7762646675109863
lwqb2g,normal,0.8046734929084778
l7b778,normal,0.7583391666412354
mpksqp,normal,0.7788354754447937
koqerj,normal,0.703686535358429
llua50,normal,0.7599231600761414
kb4jde,normal,0.769308865070343
m28xgn,normal,0.7614487409591675
mh4zt8,normal,0.7633526921272278
m1e3h7,normal,0.8011980056762695
mubx3j,normal,0.7874006032943726
mn8oms,normal,0.6792315244674683
laap8i,normal,0.7838398814201355
msroke,normal,0.7578418254852295
mrhlpp,normal,0.7503825426101685
jqfg66,normal,0.7551482319831848
kci92w,normal,0.8085896968841553
l0o5zf,normal,0.6238371133804321
l2vd2f,normal,0.8133987188339233
mdvryr,normal,0.783510684967041
lwmcu0,normal,0.7532122731208801
gz15v4,normal,0.7738654017448425
