tweet_id,classification,classification_score
mmfc58,normal,0.7186904549598694
mkwnsl,normal,0.8191105723381042
insasg,normal,0.7585277557373047
j9xmhm,normal,0.7840865254402161
mhjtg2,normal,0.8106629848480225
gah3uw,normal,0.7863289713859558
hggdah,normal,0.8047472238540649
l01h60,normal,0.8106220364570618
ln8aqt,normal,0.8092877268791199
kkr6ji,normal,0.8113505840301514
kcvc5m,normal,0.8035334944725037
kmzciz,normal,0.8142428994178772
kof47k,normal,0.7820106744766235
cwu9ny,normal,0.7294110059738159
9fc9cf,normal,0.7728704214096069
hfwpxm,normal,0.7565168738365173
ec56an,normal,0.7670499086380005
hnhkio,normal,0.7780077457427979
io3m5u,normal,0.8013381361961365
jc687o,normal,0.7493189573287964
io2gjx,normal,0.7952253818511963
iwnw2d,normal,0.803982138633728
i6ispz,normal,0.7154126167297363
7lv23w,normal,0.7693921327590942
emufuy,normal,0.7614458203315735
lx3bqk,normal,0.6828439831733704
meyu6j,normal,0.7031698822975159
mmvoj7,normal,0.8053852915763855
g5ol08,normal,0.7900872230529785
mf0yby,normal,0.7744861841201782
m3c0fm,normal,0.7638338208198547
kxdlfh,normal,0.7660776972770691
an75z3,normal,0.7153831720352173
4li17i,normal,0.7879775166511536
kxh97z,normal,0.7832275629043579
9uqitf,normal,0.7796228528022766
kqfc0p,normal,0.8244076371192932
6tt81g,normal,0.7693281173706055
i12le4,normal,0.7708073258399963
j4olv1,normal,0.7542058229446411
l2my57,normal,0.7110117077827454
kjidls,normal,0.5876970291137695
kvxdx5,normal,0.7730070352554321
mvhkil,normal,0.7610021233558655
kzbhik,normal,0.7918314337730408
img72q,normal,0.6766337156295776
lspz1j,normal,0.6653459668159485
mnmmww,normal,0.6771122217178345
hbekaf,normal,0.7110668420791626
g88h8n,normal,0.7835732698440552
i8hqal,normal,0.820016622543335
jbrcmw,normal,0.7544063925743103
l5dcrp,normal,0.7914222478866577
hgdyaf,normal,0.7582705616950989
ms6x7n,normal,0.7579910159111023
j1oaxh,normal,0.7429366111755371
l9gujz,normal,0.7792441844940186
ms6qan,normal,0.6209404468536377
mraz1y,normal,0.8060066103935242
mkrmax,normal,0.7249797582626343
l6old1,normal,0.7286766171455383
mqtwu3,normal,0.6914210915565491
mijzig,normal,0.657429039478302
msszx9,normal,0.7965614199638367
m0u4gw,normal,0.7658450603485107
mwylkw,normal,0.7704626321792603
mkx2su,normal,0.8086692690849304
mim20z,normal,0.7330923676490784
mssjhr,normal,0.7128446698188782
k6w5aj,normal,0.7570464611053467
h7l823,normal,0.7857974171638489
gr1x6o,normal,0.7832762598991394
lwtthm,normal,0.5433053970336914
iqmtdf,normal,0.7085795998573303
luwfgl,normal,0.7842631340026855
lvb0cx,normal,0.795921802520752
5wpdnq,normal,0.6962054967880249
l8c6u3,normal,0.7519851922988892
882key,normal,0.7835995554924011
86ydn0,normal,0.7873277068138123
kyq5hu,normal,0.8064855337142944
3t0ljx,normal,0.7450195550918579
glb3lo,normal,0.7790018916130066
8js43p,normal,0.7236175537109375
mtcrky,normal,0.8025779724121094
mepb59,normal,0.7517773509025574
mx7c80,normal,0.786381721496582
mdx8ge,normal,0.7697161436080933
mmtoeo,normal,0.7650253176689148
hx1rqn,normal,0.7344532012939453
kzbjm0,normal,0.7904726266860962
mstd78,normal,0.7503857016563416
mip9sm,normal,0.8116414546966553
gsgh8m,normal,0.7789131999015808
juxsth,normal,0.7825816869735718
lwoi0a,normal,0.7810553908348083
lpsl1z,normal,0.6484130620956421
gifiwr,normal,0.7839683890342712
jraoi9,normal,0.8244895935058594
j1898i,normal,0.6706522703170776
lg0gbi,normal,0.7797250747680664
iumor4,normal,0.7940096259117126
mr2tu5,normal,0.8536415696144104
mpluim,normal,0.8302710652351379
mxpt9v,normal,0.7918580770492554
m1z9qm,normal,0.6792944073677063
ml0voe,normal,0.7667727470397949
mw4nrj,normal,0.7189069986343384
ml0pve,normal,0.7083649635314941
msvbz5,normal,0.8575946092605591
mve8yz,normal,0.7152584195137024
mm71l1,normal,0.7924607396125793
mpisj8,normal,0.8474874496459961
iw6zef,normal,0.7427105903625488
mmo7zl,normal,0.8051214218139648
mnxk77,normal,0.6541059613227844
ezs9d9,normal,0.7476357817649841
mvg67g,normal,0.8123291730880737
luu4gc,normal,0.8198524117469788
mfzqjg,normal,0.8190978765487671
mls1px,normal,0.7664934992790222
kugsx7,normal,0.796018123626709
mk7gb4,normal,0.6996802687644958
le4l7d,normal,0.8393557667732239
khrttr,normal,0.8080026507377625
iqxgtf,normal,0.7911773920059204
ioe88l,normal,0.7666382193565369
j0kqap,normal,0.7247157096862793
mvo6zj,normal,0.7965332865715027
m736br,normal,0.7821547389030457
lo9jcg,normal,0.7730376720428467
mlm8da,normal,0.7628522515296936
mwxn1e,normal,0.7971622347831726
mte04d,normal,0.791070818901062
kejmnb,normal,0.7814242839813232
meb6yr,normal,0.7685595750808716
lsz5mb,normal,0.7760426998138428
mdqfoa,normal,0.6745914220809937
lozern,normal,0.79213547706604
lrpcei,normal,0.7659506797790527
lq3m2s,normal,0.7955148220062256
jp92ap,normal,0.7879209518432617
lftjjx,normal,0.7681974768638611
mvyfe9,normal,0.6701185703277588
msrr68,normal,0.7905123829841614
mugnnh,normal,0.7106767296791077
mqoclr,normal,0.7593994736671448
mrw5ig,normal,0.7753967642784119
mp3awl,normal,0.754622220993042
mp3ued,normal,0.7612048387527466
mm7oi9,normal,0.8136585354804993
mkeac0,normal,0.8037137985229492
mmignp,normal,0.7446313500404358
mj8j1a,normal,0.617907702922821
mepzsz,normal,0.7247945666313171
md2nfd,normal,0.7929893732070923
mcy3g7,normal,0.7885736227035522
m9eesf,normal,0.7312242388725281
mkm4pi,normal,0.8071801066398621
lsdl5f,normal,0.7704835534095764
mtubqr,normal,0.7579962611198425
iu4dc6,normal,0.7641569375991821
jex7f2,normal,0.79725581407547
kvc4zl,normal,0.7863258123397827
m2mftq,normal,0.7641569375991821
jaztct,normal,0.8213266730308533
m0dhmm,normal,0.8010919094085693
kj2czw,normal,0.7857313752174377
i4xptp,normal,0.7441709637641907
laso3n,normal,0.6928861737251282
mjgqmw,normal,0.8041754364967346
lfdhby,normal,0.7739297151565552
k6vokz,normal,0.7745295166969299
mxssgz,normal,0.7590577006340027
mueok8,normal,0.7675318121910095
ms3rbj,normal,0.8139823079109192
mrdnov,normal,0.7779248356819153
mm6opj,normal,0.8136582374572754
mjs61f,normal,0.5536647439002991
mboacv,normal,0.7260435223579407
mba4nx,normal,0.7728580832481384
mb4zgo,normal,0.5395117998123169
m8nce1,normal,0.7905852198600769
m2wfyt,normal,0.7353635430335999
m1ksr5,normal,0.7986131906509399
ly8fb7,normal,0.8120836019515991
mnuin8,normal,0.8251734972000122
mi9tys,normal,0.7607870697975159
mhbguk,normal,0.7972320318222046
m7vomd,normal,0.703554630279541
m9xg0r,normal,0.5940952897071838
m6r5cg,normal,0.806659996509552
m5510b,normal,0.7866237163543701
m1ulwv,normal,0.7690630555152893
m1azxu,normal,0.7952931523323059
m34r42,normal,0.8381338119506836
m0x4fv,normal,0.6176514029502869
ly5i33,normal,0.7354796528816223
mvzh7l,normal,0.769622266292572
jz9suz,normal,0.7477452754974365
j5sf94,normal,0.811487078666687
izxxen,normal,0.7278603315353394
ijrrby,normal,0.672324001789093
huty7y,normal,0.7297938466072083
hoxoqq,normal,0.7474004626274109
hnq4st,normal,0.8111115097999573
gwri82,normal,0.530040442943573
f3l76m,normal,0.7661747932434082
eeangg,normal,0.7827221155166626
ecc4k4,normal,0.8117297291755676
e600qq,normal,0.7437006831169128
e0c6gd,normal,0.7983066439628601
mwte3l,normal,0.7858134508132935
mwn350,normal,0.6992891430854797
mg0849,normal,0.8147242665290833
mj1nkb,normal,0.8048197627067566
mcncf3,normal,0.5477255582809448
