tweet_id,classification,classification_score
k3st1m,normal,0.7556305527687073
hvhgq0,normal,0.7819212079048157
ghj4ul,normal,0.7897656559944153
ds0oai,normal,0.7447174787521362
a3eozx,normal,0.7877511978149414
8nrusb,normal,0.648159921169281
6ix2wf,normal,0.7546204328536987
4zq597,normal,0.5856742858886719
1ywtpq,normal,0.7885680198669434
1gki1i,normal,0.7704796195030212
1dhf18,normal,0.791657030582428
llgz6p,normal,0.8328282237052917
hrjdco,normal,0.7658743858337402
fgx79o,normal,0.7323423027992249
gwotku,normal,0.7311440110206604
eq333i,normal,0.7317111492156982
mwoxxp,normal,0.7959970235824585
mw44u5,normal,0.6380932927131653
mtq0e6,normal,0.7069621086120605
mprp1i,normal,0.7640179395675659
msrroa,normal,0.7711111307144165
monln2,normal,0.7338685989379883
mj6p6k,normal,0.7794670462608337
mhc6a2,normal,0.8249995708465576
mewv89,normal,0.70448899269104
meosl1,normal,0.7589374780654907
m8gw0w,normal,0.7961597442626953
m2vnee,normal,0.7494664192199707
m0ltlu,normal,0.8235338926315308
m0f7cf,normal,0.8048993349075317
lpv2wq,normal,0.8205176591873169
mrcgtg,normal,0.76783686876297
mf8dsp,normal,0.7634413242340088
lr9usj,normal,0.71970534324646
msyl2x,normal,0.776285707950592
kb9z52,normal,0.8086876273155212
miou16,normal,0.7652750015258789
jft2eo,normal,0.7510210275650024
m7qe72,normal,0.817321240901947
llnelz,normal,0.8015132546424866
mt9g4i,normal,0.4036051630973816
m0nlz4,normal,0.8033193349838257
i7b0mo,normal,0.7521384954452515
lkn1bx,normal,0.7493749856948853
mg1nmw,normal,0.8061453700065613
lq8pbg,normal,0.7747634649276733
m6yu3p,normal,0.7913945913314819
lkya0b,normal,0.7850252985954285
mlc4qf,normal,0.7770376205444336
jkgzjp,normal,0.8074108362197876
mv0wjr,normal,0.7433199882507324
mk6ujv,normal,0.6504663228988647
lhj13m,normal,0.7729946970939636
mgi5ui,normal,0.7427255511283875
kzjcfh,normal,0.72798091173172
k8wd64,normal,0.7684763073921204
m1x3jw,normal,0.765535831451416
cn4tuh,normal,0.7997427582740784
l9xhp0,normal,0.8044108748435974
lunrst,normal,0.7726309895515442
kq1jc2,normal,0.5156365633010864
kknuo4,normal,0.6014423370361328
mjj3u7,normal,0.8065440058708191
mf2wx9,normal,0.8243409395217896
m6bu5p,normal,0.7081379890441895
md16fz,normal,0.8208473920822144
mi4i3v,normal,0.8374921679496765
jmcbni,normal,0.7912198305130005
k56uzu,normal,0.7840736508369446
kwrx5o,normal,0.7888215780258179
murmcp,normal,0.6057276725769043
mm3qg4,normal,0.8310606479644775
iv5rix,normal,0.7636575698852539
mjf7ia,normal,0.8291016817092896
k69xgw,normal,0.6952782869338989
eupyhf,normal,0.7412669658660889
m8f6y7,normal,0.791106641292572
m0zdk8,normal,0.7843189835548401
j7h6qp,normal,0.7863035202026367
mv8kw6,normal,0.6686866283416748
k29qil,normal,0.7116071581840515
inj417,normal,0.6103587746620178
lsy9n9,normal,0.7912869453430176
fa3xg4,normal,0.7727474570274353
msj2yq,normal,0.6683804988861084
mbjjy7,normal,0.8124953508377075
hisn56,normal,0.8018197417259216
m2il38,normal,0.7979211807250977
m4v1jq,normal,0.7990991473197937
m8exld,normal,0.7656418681144714
ke9nl4,normal,0.6569671034812927
lp4ayz,normal,0.7781436443328857
kl1o0v,normal,0.8101995587348938
l2uv42,normal,0.7324491739273071
k52aey,normal,0.7845944762229919
hr8hdw,normal,0.7848019599914551
i3g1bh,normal,0.702228307723999
mrk4ss,normal,0.749153733253479
muzj5a,normal,0.7573120594024658
ils5c9,normal,0.79139244556427
j4pda6,normal,0.8124251365661621
mis2aa,normal,0.7625890374183655
j4xmil,normal,0.549272894859314
m5gtdq,normal,0.7874348163604736
mfbg5q,normal,0.8036907911300659
lah3xm,normal,0.7581011056900024
i6ged6,normal,0.7679736614227295
gkiyj3,normal,0.7509192824363708
mnhjb0,normal,0.5603859424591064
mck0ex,normal,0.7997516989707947
mi4z7l,normal,0.6890907287597656
i76oyx,normal,0.6486575603485107
fwt94g,normal,0.804612934589386
gti587,normal,0.7563515305519104
epmaxt,normal,0.713243305683136
aj7tl0,normal,0.7656925916671753
22wxko,normal,0.7711101174354553
6f9cht,normal,0.7058883905410767
67ctad,normal,0.7442670464515686
1psfai,normal,0.7970860600471497
2gm7j8,normal,0.8022911548614502
1cgr7a,normal,0.8145470023155212
2ifkb8,normal,0.7596567869186401
1eoa4w,normal,0.7972480058670044
lu8eij,normal,0.6535294055938721
jmtggd,normal,0.7581834197044373
iyp8vn,normal,0.7223145961761475
fp15mf,normal,0.7955304980278015
exmyyx,normal,0.7133032083511353
dgh546,normal,0.7975812554359436
6nxbpc,normal,0.7956574559211731
aehlso,normal,0.7349919080734253
cxzu6c,normal,0.7310565710067749
am6r8d,normal,0.827789306640625
e030qj,normal,0.7532371878623962
amkvod,normal,0.7735625505447388
bf2gug,normal,0.7933939099311829
83m9o9,normal,0.7706825733184814
3uld0y,normal,0.7420233488082886
85k2ur,normal,0.8014817833900452
6ldbp7,normal,0.7991154789924622
5lrmf2,normal,0.7789168357849121
41iwjd,normal,0.7968733310699463
445j6w,normal,0.7797942757606506
ask40p,normal,0.7704284191131592
9hf32r,normal,0.8128770589828491
4nc9cb,normal,0.7991703748703003
6lum2n,normal,0.766156792640686
1s809j,normal,0.8049046993255615
6jpwtv,normal,0.7582325339317322
b115b9,normal,0.7645314931869507
3kou6l,normal,0.634631872177124
2z6gwk,normal,0.7098038196563721
4ku62w,normal,0.7381951808929443
1temfd,normal,0.8141435980796814
4tcd5l,normal,0.6844972372055054
3sf0co,normal,0.820041835308075
5wh58g,normal,0.6838164329528809
1doke0,normal,0.7305989265441895
2krxfx,normal,0.7371131777763367
46g4xj,normal,0.7897353768348694
4me8pn,normal,0.6363921761512756
1d7y08,normal,0.7812896966934204
4v1a94,normal,0.7930232286453247
4xu8qx,normal,0.7958658337593079
451kxu,normal,0.7869402766227722
3yedg6,normal,0.7764469981193542
8bhkmx,normal,0.7690094709396362
3w4va0,normal,0.7741987109184265
2l371u,normal,0.7217708826065063
5lm9za,normal,0.6783143877983093
3ve045,normal,0.7746988534927368
430p2p,normal,0.7777760624885559
2f7p94,normal,0.804470956325531
2l5fbx,normal,0.7615887522697449
3syjfw,normal,0.7487475275993347
2qv9gn,normal,0.7968399524688721
3y5lv0,normal,0.6601485013961792
irzrq5,normal,0.7734656929969788
mx7139,normal,0.8049778342247009
m18qsp,normal,0.7806077003479004
kwzpmi,normal,0.8031485676765442
lgsh9e,normal,0.6122605204582214
73xn3g,normal,0.7268593907356262
m8si17,normal,0.7884617447853088
lv7m0e,normal,0.7131762504577637
ke617q,normal,0.7762179970741272
me7oq8,normal,0.7952179312705994
lm0fod,normal,0.7375301718711853
l1ebs9,normal,0.7611265778541565
loj4ju,normal,0.5827821493148804
mlc8vo,normal,0.7208022475242615
liws40,normal,0.7249911427497864
jmatk3,normal,0.7117364406585693
kfjru8,normal,0.7246394753456116
jwktnb,normal,0.5838636159896851
dv9buz,normal,0.8011202216148376
fkm198,normal,0.7978756427764893
9xgsap,normal,0.8087795972824097
b1kqk2,normal,0.7626957297325134
aa9njm,normal,0.7849923372268677
474se3,normal,0.6427425146102905
6jtgw1,normal,0.7946717143058777
2y20sb,normal,0.791126012802124
3a6qyq,normal,0.7369582056999207
22xx0m,normal,0.6681244969367981
6eum61,normal,0.7551761865615845
mnr52u,normal,0.7711642980575562
lx0nz6,normal,0.8278188109397888
ljyyha,normal,0.7569565773010254
l9e144,normal,0.7264102697372437
m9bq5f,normal,0.7782342433929443
ksd5jn,normal,0.774614691734314
kynf5s,normal,0.8245912194252014
ku33jp,normal,0.8384732007980347
lin05f,normal,0.776118814945221
kl88oq,normal,0.7220924496650696
j8vegc,normal,0.6900205612182617
kb0nl8,normal,0.7531071305274963
jyahee,normal,0.7016881704330444
j3poz7,normal,0.5410289764404297
kw3ifg,normal,0.7315303087234497
loocqy,normal,0.7930036783218384
lgk2ms,normal,0.7768594026565552
jcqcup,normal,0.6963671445846558
js6vsd,normal,0.7850856184959412
jll2xu,normal,0.7493295073509216
iisxo5,normal,0.6530420184135437
f267to,normal,0.7768594026565552
hy6qi2,normal,0.7639890909194946
22icns,normal,0.7241768836975098
1v4rql,normal,0.6829960942268372
f8u2ua,normal,0.7740680575370789
fpwpj8,normal,0.7912821769714355
f2wi0b,normal,0.6907844543457031
ee7l0c,normal,0.7715009450912476
m9w2ix,normal,0.7617028951644897
kswtlm,normal,0.7840367555618286
mjv4jn,normal,0.7254142761230469
mtc6ol,normal,0.789544939994812
mopw58,normal,0.7283063530921936
f4wkpw,normal,0.7529652118682861
mf0zvg,normal,0.7441662549972534
mcn1g2,normal,0.7747397422790527
f60bri,normal,0.7930726408958435
lovxvi,normal,0.7394834756851196
f5vb5s,normal,0.7989509105682373
m4un49,normal,0.7513831257820129
f1e27k,normal,0.7758711576461792
lslntd,normal,0.6727460622787476
eypi9b,normal,0.7303397059440613
mtb0gm,normal,0.7714658975601196
msyqt7,normal,0.7652482390403748
mmuzw8,normal,0.7361446619033813
mkvkas,normal,0.6930158138275146
mj8wul,normal,0.7718868851661682
m8efrq,normal,0.7877916097640991
m49hgi,normal,0.7537028789520264
lzpqbd,normal,0.7100432515144348
lz10tq,normal,0.788185179233551
lu95d5,normal,0.7535573840141296
lul9s4,normal,0.8367030620574951
lt1l0j,normal,0.7798202037811279
lqji6n,normal,0.768229067325592
lepgm2,normal,0.7749014496803284
lyl0dg,normal,0.7686957716941833
jhb57k,normal,0.7250370383262634
i602or,normal,0.5750908851623535
fv9r1h,normal,0.7888275980949402
irra13,normal,0.6825295090675354
cee092,normal,0.7476845979690552
1ep208,normal,0.8225563764572144
b9w9oh,normal,0.7035938501358032
b7reen,normal,0.7609691619873047
1logfc,normal,0.7583537101745605
