tweet_id,classification,classification_score
m2c90b,normal,0.7412174940109253
ic9wdg,normal,0.7693001627922058
bxmq3n,normal,0.671176552772522
l5o5ns,normal,0.8135640025138855
k2cu1r,normal,0.765255868434906
kak1nz,normal,0.7860233187675476
k73uuu,normal,0.729174017906189
htwmyt,normal,0.7028495669364929
hhlp7n,normal,0.7884195446968079
hpmdd6,normal,0.8035755157470703
heimku,normal,0.7058064341545105
e4kenj,normal,0.7914489507675171
881cxo,normal,0.7711156010627747
8yrudw,normal,0.8126676678657532
7md52t,normal,0.7009777426719666
o8tx7,normal,0.7956708669662476
15987y,normal,0.7668299674987793
1lj0n8,normal,0.7853079438209534
mtngwi,normal,0.689215898513794
mhmp34,normal,0.687807023525238
mkjt4u,normal,0.7111223340034485
mmfjl9,normal,0.7571595907211304
lnq7gi,normal,0.7727219462394714
koz487,normal,0.6669336557388306
lg6zxg,normal,0.7994838356971741
l6ggm5,normal,0.7478774189949036
ijtgsq,normal,0.736111581325531
kl8qhm,normal,0.754720151424408
kguh4e,normal,0.6900122165679932
juwwgh,normal,0.7099608182907104
jcil4t,normal,0.6920194625854492
iz4i4p,normal,0.7863796949386597
eiasdo,normal,0.739496648311615
mo9rsg,normal,0.7370363473892212
mjy1h7,normal,0.6097955107688904
mje1hd,normal,0.8395156264305115
mhtwhd,normal,0.8043735027313232
mca7r1,normal,0.7587710618972778
madwx3,normal,0.8223496079444885
lw8onm,normal,0.812348484992981
lmzcax,normal,0.7803378701210022
lkwf9s,normal,0.7573896050453186
lcahm5,normal,0.7906208038330078
lb7l9w,normal,0.8109151124954224
ld7pp8,normal,0.7935767769813538
l9ti8g,normal,0.8053380846977234
l3cplz,normal,0.7753782272338867
lrgib5,normal,0.7685711979866028
g47994,normal,0.6727513074874878
l0gxy8,normal,0.7578480839729309
ki0ktu,normal,0.7801951169967651
inexni,normal,0.779919445514679
jpqhn9,normal,0.6570051312446594
i3g4rl,normal,0.704444944858551
j0m4te,normal,0.8086389899253845
jkwmo6,normal,0.7969410419464111
jkizev,normal,0.6889941692352295
j7l4xd,normal,0.8211909532546997
i7otsd,normal,0.7863446474075317
jbu4z1,normal,0.7747122645378113
hi1e5k,normal,0.7941258549690247
he6uzo,normal,0.7634193301200867
mtft25,normal,0.6862127780914307
msjuk3,normal,0.7043920755386353
l47wof,normal,0.7307866811752319
it647b,normal,0.7861688137054443
mbrfaa,normal,0.7686283588409424
itei3o,normal,0.7057532072067261
mwq9rz,normal,0.8292356133460999
ksyhbq,normal,0.7422911524772644
g5xc4b,normal,0.7412737011909485
cvppyp,normal,0.8050267100334167
kg1j8v,normal,0.8096276521682739
jumd8p,normal,0.7684219479560852
k857li,normal,0.7794781923294067
junn9r,normal,0.7166047692298889
jjivvd,normal,0.6620164513587952
kdpdkk,normal,0.7527853846549988
j6wcf5,normal,0.8200116157531738
e33cfv,normal,0.7446500062942505
76ht93,normal,0.7856944799423218
adcokd,normal,0.7562109231948853
qkza5,normal,0.8288125395774841
mix8l3,normal,0.7429423332214355
kmqouw,normal,0.6744281649589539
jerbn8,normal,0.5633159279823303
jjgyzh,normal,0.7946376204490662
m6nqfq,normal,0.7502375841140747
mivsl9,normal,0.786323606967926
kp8zcb,normal,0.7411724328994751
leuwi9,normal,0.7786204218864441
k7nzeu,normal,0.7851970791816711
jvsbxq,normal,0.77027428150177
fwau0d,normal,0.7499499917030334
khr99s,normal,0.770174503326416
ih80z6,normal,0.8171191215515137
4fw956,normal,0.7111595869064331
e9pgvc,normal,0.7749685049057007
7l6gel,normal,0.7499821782112122
7t82rd,normal,0.7988682389259338
abbl4q,normal,0.8116928935050964
2y6h48,normal,0.759724497795105
mx9l8s,normal,0.7958657741546631
keb8wc,normal,0.7004787921905518
lvydnj,normal,0.6986815929412842
lwg1nl,normal,0.8025879859924316
l4hnam,normal,0.715088963508606
kglq2q,normal,0.7633324265480042
mxktme,normal,0.7929126620292664
mpk9zg,normal,0.7839704751968384
k5finr,normal,0.8021300435066223
l3fx7q,normal,0.6893669962882996
jv0myh,normal,0.7798933982849121
mw6udo,normal,0.8278265595436096
l6rcci,normal,0.8186826705932617
mwn6yl,normal,0.7829572558403015
f548jp,normal,0.5771076083183289
mxpilt,normal,0.7207784652709961
mxc5nw,normal,0.7812885046005249
mxdqqv,normal,0.6785018444061279
mwl8kl,normal,0.8177796006202698
mxbobf,normal,0.8206926584243774
mwjmlz,normal,0.7551305294036865
mx69ma,normal,0.6235973834991455
mwfolq,normal,0.7844467163085938
mwjvg1,normal,0.7975665330886841
mwa6ot,normal,0.7443860173225403
mxw9zs,normal,0.7888405323028564
mxmgky,normal,0.7779983282089233
mxin93,normal,0.7025885581970215
mxqytd,normal,0.723651111125946
my01ho,normal,0.683242678642273
m81a54,normal,0.7795836925506592
mdl3ze,normal,0.6865836381912231
lcentb,normal,0.7797356843948364
mkljc7,normal,0.8031560182571411
mmwxec,normal,0.6567700505256653
mxzxho,normal,0.7932946085929871
mji2uq,normal,0.774335503578186
lvsegy,normal,0.8059813976287842
lm5aid,normal,0.7064705491065979
genj6p,normal,0.7048503160476685
hn86wo,normal,0.6532154083251953
mrime7,normal,0.7169538140296936
kstqoc,normal,0.7313708066940308
mb79is,normal,0.6498017907142639
h9fet7,normal,0.7383944988250732
mxqmi8,normal,0.7704488635063171
mxk0wb,normal,0.8080304265022278
mxq5ui,normal,0.7740256190299988
mxytad,normal,0.7876166105270386
mxz002,normal,0.7920069098472595
mxtezl,normal,0.7747528553009033
mxsz4m,normal,0.7702414989471436
mxolql,normal,0.758987307548523
mxa6du,normal,0.8011696934700012
mx9ips,normal,0.7290463447570801
mxvci2,normal,0.8195500373840332
muqlvs,normal,0.8288182616233826
mxv8hc,normal,0.8206166625022888
mxy5qe,normal,0.8260810375213623
mxpgee,normal,0.7651233673095703
mx2n25,normal,0.8241589665412903
mwid0l,normal,0.7343693971633911
mx0wld,normal,0.7970065474510193
mwjkp4,normal,0.7067985534667969
mw7u57,normal,0.7539962530136108
mw4x2b,normal,0.7983593344688416
mvr02d,normal,0.6922880411148071
mvnk5s,normal,0.7940391302108765
mutpxm,normal,0.6822885274887085
m6f7js,normal,0.7168384194374084
l07uku,normal,0.7374283075332642
lfcohd,normal,0.617392361164093
m3z1c5,normal,0.8197451829910278
m9k64v,normal,0.5131255388259888
kd3noh,normal,0.8063206672668457
lnv1ch,normal,0.7638052701950073
lse2pa,normal,0.8207263350486755
l1l31n,normal,0.8107987642288208
lojiys,normal,0.4945926070213318
l35jhf,normal,0.803608238697052
lk49za,normal,0.6904892325401306
l5s5bm,normal,0.6571812033653259
md7fcc,normal,0.7210741639137268
jlk4l8,normal,0.7927718162536621
mrfpi2,normal,0.717868983745575
m5virs,normal,0.7632040977478027
mridka,normal,0.717868983745575
mo8z4l,normal,0.7404923439025879
mve6cs,normal,0.6903455257415771
labd9o,normal,0.7890099883079529
mkfasw,normal,0.739656925201416
mucng8,normal,0.7795232534408569
ml3oc1,normal,0.7464340925216675
