tweet_id,classification,classification_score
47z9nl,normal,0.7054319977760315
3nbax5,normal,0.7907626628875732
2kg6tv,normal,0.7979946732521057
ev5zhd,normal,0.759314775466919
hhrl5l,normal,0.6199095249176025
6afv7d,normal,0.7370758652687073
2w5i7u,normal,0.7615508437156677
1sj9ur,normal,0.7346243262290955
1vg2ub,normal,0.7197425961494446
1n3hhb,normal,0.8080620765686035
2m11vd,normal,0.6787610054016113
5t2hv4,normal,0.7634176015853882
22ycj2,normal,0.8223069906234741
2o0g9q,normal,0.6537017822265625
63g2ss,normal,0.7911398410797119
61l4cu,normal,0.7030834555625916
4mxemq,normal,0.7755171060562134
2rpc6q,normal,0.7842891812324524
1vqcxe,normal,0.7540697455406189
1sjg4b,normal,0.7850974202156067
1n2wug,normal,0.7557715773582458
1lpsr9,normal,0.7604765295982361
2itsar,normal,0.6774991154670715
2cjzyv,normal,0.8065717816352844
1ojbpw,normal,0.7780620455741882
1ni8ud,normal,0.7628828287124634
2fte25,normal,0.7618093490600586
2lir3a,normal,0.825064480304718
2xbv8j,normal,0.7732401490211487
6p47u9,normal,0.8193313479423523
3gslzv,normal,0.6811497211456299
1ttf7u,normal,0.7468527555465698
1pzpvv,normal,0.7379451394081116
1nyqf1,normal,0.717269241809845
1mk59t,normal,0.8179834485054016
2mqbo5,normal,0.7319914102554321
2jiyzb,normal,0.7322525382041931
2jv1w6,normal,0.6802696585655212
2h5k7y,normal,0.8030905723571777
5nvc5o,normal,0.7489362359046936
1ny5ko,normal,0.7423152923583984
3n5xwb,normal,0.7671064734458923
2wndjx,normal,0.7742260694503784
3st1ih,normal,0.6963306665420532
3oooot,normal,0.7753996849060059
2mpcby,normal,0.7660825848579407
46np07,normal,0.766528844833374
3optos,normal,0.6521281599998474
1rh4kd,normal,0.7562692761421204
48dedt,normal,0.7826552987098694
60ro7b,normal,0.7459233999252319
5o2pob,normal,0.7207719087600708
2wypxt,normal,0.6209366917610168
1oxoed,normal,0.7804727554321289
63ikmq,normal,0.8167710304260254
2y0qwq,normal,0.7943540811538696
1n0jg2,normal,0.8201294541358948
1slxdx,normal,0.5761942267417908
37gmvz,normal,0.7317360043525696
1ni1ae,normal,0.7964866161346436
1nzj9a,normal,0.6666898131370544
4e0i6e,normal,0.8016462922096252
4bftsc,normal,0.7750540971755981
3g6io4,normal,0.7854743003845215
4ehk37,normal,0.7620645761489868
3rp3h5,normal,0.7410686612129211
4cyr58,normal,0.7684553265571594
2j7qwl,normal,0.7890353798866272
1mmd8y,normal,0.7322213053703308
2mn8kw,normal,0.772796094417572
2ni5mj,normal,0.8090606927871704
2xgoac,normal,0.7820329666137695
294ilg,normal,0.7305677533149719
2o011l,normal,0.7116138935089111
2nbpz9,normal,0.7308096885681152
4c1hr9,normal,0.7518020868301392
47s10d,normal,0.7352807521820068
1px2m6,normal,0.7992264628410339
1sa7co,normal,0.7738954424858093
1njtdc,normal,0.7362446188926697
1n1ige,normal,0.7569422125816345
