tweet_id,classification,classification_score
mjnbmn,normal,0.7542498111724854
lht5xz,normal,0.8184055685997009
lva3qv,normal,0.7722952961921692
lzfea9,normal,0.7771233916282654
l94wl5,normal,0.7486549019813538
ld90l4,normal,0.7528460621833801
mv96vp,normal,0.7169198989868164
kb27bt,normal,0.7979019284248352
m3yyy9,normal,0.7501636147499084
kjuooq,normal,0.7746341824531555
mwjvlm,normal,0.8326176404953003
mwt8o9,normal,0.7424144744873047
mkhpiw,normal,0.7893359065055847
m21wtu,normal,0.8015031218528748
mqiwl2,normal,0.8190125226974487
k2tbtb,normal,0.7560661435127258
mdhhaa,normal,0.7383173704147339
mj0vni,normal,0.7645484805107117
mr48t6,normal,0.8296302556991577
mgekng,normal,0.7942386269569397
lx95ua,normal,0.8197803497314453
mugnx4,normal,0.8074721097946167
k3s8h3,normal,0.824167788028717
mi1kaz,normal,0.6861906051635742
mw054x,normal,0.7528026103973389
mf4kmy,normal,0.7544988989830017
mrmqz6,normal,0.7550902366638184
m5pbkk,normal,0.8120229244232178
mlsq6d,normal,0.7799074053764343
lsh0cn,normal,0.8269968628883362
mn4x32,normal,0.7092390656471252
mqzayh,normal,0.7827902436256409
mlniq7,normal,0.7726898789405823
mu0fwp,normal,0.7409476637840271
moda4f,normal,0.7676751613616943
klxd2e,normal,0.7683200240135193
llee5f,normal,0.7828753590583801
mpg6pe,normal,0.769398033618927
mg75so,normal,0.778472900390625
mqpukd,normal,0.6587578058242798
m9oxgb,normal,0.786700963973999
m62no5,normal,0.7941593527793884
mn88dx,normal,0.7434764504432678
m0toag,normal,0.7997341752052307
lq2ajg,normal,0.8119315505027771
m944zo,normal,0.7541091442108154
mde43k,normal,0.7656523585319519
l6w0lf,normal,0.7905595898628235
mw6zhs,normal,0.7575016021728516
m2zcya,normal,0.6480721831321716
mnsbxs,normal,0.7616820335388184
mtuaqo,normal,0.7796729207038879
kzd3ys,normal,0.5948015451431274
lyjotb,normal,0.6748940348625183
lj5f9p,normal,0.7907216548919678
m8ljei,normal,0.745370626449585
lknju5,normal,0.6799376606941223
kwgjcg,normal,0.7325854301452637
lee03f,normal,0.8346174955368042
lz0alt,normal,0.7431480288505554
mmxf11,normal,0.7928441762924194
ir5znz,normal,0.6139622926712036
l2930b,normal,0.80791175365448
jtblm6,normal,0.7781829237937927
lsu8pm,normal,0.7916532158851624
hcqisv,normal,0.7991741299629211
kx1nd6,normal,0.7290594577789307
mqbcva,normal,0.7862566709518433
kzu4cs,normal,0.7453765869140625
ksi45x,normal,0.622963547706604
khm217,normal,0.7800444960594177
kws10e,normal,0.793761134147644
k27aa5,normal,0.7773355841636658
mtasbm,normal,0.7884508371353149
kgym4p,normal,0.6964980363845825
k9cyrs,normal,0.6231498718261719
mopnc6,normal,0.7930271029472351
k89xrr,normal,0.7248680591583252
kgn9lg,normal,0.7273073196411133
mqrdj0,normal,0.8024439215660095
kld8pc,normal,0.7722750306129456
l1ym24,normal,0.8178409934043884
fpsdpg,normal,0.797883927822113
lyfdd8,normal,0.8131377100944519
marpa2,normal,0.7181404829025269
knodrs,normal,0.756584107875824
k6vpmw,normal,0.7678927779197693
m78ozu,normal,0.8063618540763855
jpfwdy,normal,0.7731212377548218
mn8jsm,normal,0.7655609846115112
mbacmh,normal,0.7961964011192322
k7hbrl,normal,0.7361394762992859
mc5qms,normal,0.7631129026412964
mvgvdi,normal,0.7718358635902405
kcceu7,normal,0.738372802734375
k6xm1t,normal,0.7855288982391357
joepod,normal,0.6873176693916321
jbx9ii,normal,0.7010459899902344
k4s55g,normal,0.5571767091751099
ekx7fg,normal,0.7885791063308716
mwba7i,normal,0.8010229468345642
mutzqj,normal,0.8010229468345642
mwvhof,normal,0.7916162610054016
mx2ksv,normal,0.74793940782547
mwko6h,normal,0.8127259612083435
mwej0e,normal,0.7927532196044922
msuldt,normal,0.7652304768562317
mvu5w9,normal,0.7372661828994751
mv3pug,normal,0.7920768857002258
mu9bui,normal,0.7748730778694153
mq4b78,normal,0.7576203346252441
mqfd3x,normal,0.7893286347389221
mtnqlr,normal,0.8035997748374939
mshbke,normal,0.7952921390533447
mrnjci,normal,0.6301724910736084
mrnfx2,normal,0.7868810296058655
mrix71,normal,0.8309313058853149
mrg0xn,normal,0.7195547223091125
mo8e5n,normal,0.7949749827384949
mmx8d0,normal,0.7949895262718201
mq5lie,normal,0.7306424379348755
mq3e8c,normal,0.6932768821716309
mq5ttb,normal,0.741276741027832
mq1eq1,normal,0.809782087802887
mprhcd,normal,0.7356762886047363
mphuqp,normal,0.7684428691864014
mob2xw,normal,0.6865344643592834
moltjt,normal,0.8174619078636169
moficq,normal,0.76139235496521
ml2zjb,normal,0.8112033605575562
mnquht,normal,0.8056948781013489
mn5v44,normal,0.7927260994911194
mm1dnm,normal,0.8375689387321472
mmkzki,normal,0.7616826295852661
mm4mw3,normal,0.7746701240539551
mm01ze,normal,0.7550180554389954
mjvgup,normal,0.7465268969535828
ml09q7,normal,0.7627061605453491
mkt5e0,normal,0.8029477000236511
mha72h,normal,0.7502846121788025
mktfhg,normal,0.7644530534744263
mk3vf1,normal,0.7246913313865662
mjrauw,normal,0.7905057072639465
mj9lx5,normal,0.7165067791938782
mjjrya,normal,0.5507524609565735
mjckxi,normal,0.764266312122345
mj0qti,normal,0.7533776164054871
mioxak,normal,0.7768197059631348
mhuori,normal,0.7830804586410522
mjf8d1,normal,0.8327889442443848
msj5vz,normal,0.8099135160446167
mu54kx,normal,0.7595586776733398
kquzkc,normal,0.7144864201545715
mx5w3x,normal,0.7532316446304321
leerd7,normal,0.791915774345398
mermu4,normal,0.8012027740478516
mwwr8v,normal,0.7928665280342102
m5ymdm,normal,0.7057154178619385
mt353w,normal,0.7736043334007263
mn72pw,normal,0.7941988706588745
kqjayi,normal,0.6520206928253174
mohdgl,normal,0.7903250455856323
mfynyz,normal,0.7241411805152893
mnkz97,normal,0.7908748984336853
mnrtql,normal,0.7967603802680969
k6ved8,normal,0.7795079946517944
mo9blh,normal,0.7907798290252686
mofwxt,normal,0.8180196285247803
kh01f5,normal,0.772826075553894
mr5chs,normal,0.7919875383377075
mktoel,normal,0.7510039210319519
mcbszv,normal,0.7140449285507202
mqb02q,normal,0.7188261151313782
lcuy7n,normal,0.8092350363731384
m3zp7w,normal,0.7703480124473572
m8ymve,normal,0.7383365035057068
mtygn3,normal,0.7669742703437805
lnpqnn,normal,0.6295528411865234
lsykjp,normal,0.7657280564308167
mn8bhi,normal,0.7446601986885071
ki2nor,normal,0.7268545627593994
mcnt77,normal,0.8120134472846985
mm2a7r,normal,0.7948923707008362
mczppa,normal,0.7529214024543762
kjlkby,normal,0.6702026724815369
k9hwvm,normal,0.5345466732978821
lrwy0b,normal,0.8044741153717041
m2cdod,normal,0.7886218428611755
mg4tkb,normal,0.7520740628242493
lvlkps,normal,0.751288652420044
mdsgld,normal,0.8411327600479126
lkt1j4,normal,0.7991781830787659
l8tlek,normal,0.7288811802864075
makrb9,normal,0.7874403595924377
m5x1n4,normal,0.789717972278595
mitwvc,normal,0.8002509474754333
ma1pgj,normal,0.7950560450553894
m31chd,normal,0.8074063062667847
mmzmt2,normal,0.7565650939941406
mq51ne,normal,0.7756680250167847
mp3mve,normal,0.7184414863586426
mnids1,normal,0.5355831384658813
mkwpd3,normal,0.724714994430542
mkx3h1,normal,0.7765013575553894
mhz7wy,normal,0.7924853563308716
mhb2pd,normal,0.7835428714752197
mg0eoj,normal,0.7449865341186523
mfr7az,normal,0.8248693943023682
mexe3n,normal,0.6352136135101318
meb83g,normal,0.7120867371559143
m8025o,offensive,0.4506770968437195
m7xwmc,normal,0.435107946395874
mb5pdb,normal,0.7642640471458435
m61abw,normal,0.7596833109855652
lumuwo,normal,0.7898897528648376
luqp2t,normal,0.7507868409156799
ltv8ud,normal,0.6918468475341797
lshcgh,normal,0.7982074618339539
lqlziy,normal,0.696666419506073
lqgiiq,normal,0.7532466650009155
lqnt94,normal,0.7659083604812622
loj42y,normal,0.7776368260383606
lowh8j,normal,0.7546446323394775
lllypv,normal,0.7345655560493469
lh2r36,normal,0.7900775074958801
ljw5t4,normal,0.8173946738243103
lexswz,normal,0.7773145437240601
l9x7jr,normal,0.7983146905899048
ldhw5g,normal,0.7133951187133789
lcqzwn,normal,0.7791630029678345
lconm5,normal,0.7693676948547363
lbtnwo,normal,0.8115293383598328
l3x39b,normal,0.7413582801818848
l3db2z,normal,0.5886788368225098
l2twlw,normal,0.7464911937713623
l2hlnq,normal,0.8084694147109985
kwxljf,normal,0.8070992827415466
l0keun,normal,0.7032120823860168
kuf38o,normal,0.7716638445854187
kxm0n4,normal,0.7199823260307312
kwvou9,normal,0.8053427338600159
kwme82,normal,0.7054981589317322
kvsga8,normal,0.7885082960128784
kursxo,normal,0.715749979019165
ku0jsa,normal,0.7963899970054626
ktyaci,normal,0.6727554202079773
muhlke,normal,0.8179149031639099
bh2ed8,normal,0.7143740653991699
bl50qa,normal,0.6068471670150757
4kdb0j,normal,0.7589924931526184
9ab4nc,normal,0.792540431022644
b1n0q0,normal,0.757337749004364
e5hyeb,normal,0.6520437598228455
e03rs5,normal,0.697113037109375
jverfs,normal,0.7912040948867798
kf5fqp,normal,0.7577905654907227
ikkuf4,normal,0.6212170720100403
b9edb9,normal,0.7550483345985413
cy6t62,normal,0.8095760345458984
dn4b1i,normal,0.7813907265663147
3wzb20,normal,0.7979487776756287
erqxaj,normal,0.7330582141876221
3xk7fe,normal,0.7469911575317383
3xfifw,normal,0.6518929600715637
1ngo38,normal,0.7416366338729858
1ro9sb,normal,0.7861464023590088
fdoel,normal,0.7214760184288025
asuli8,normal,0.7582378387451172
8vrmcc,normal,0.7602499723434448
24hakr,normal,0.7999337315559387
54mjxf,normal,0.7848833203315735
6yqfjc,normal,0.7821469902992249
nycxg,normal,0.7259616255760193
3187lu,normal,0.8240756988525391
kmdbb,normal,0.754200279712677
102e4e,normal,0.8257127404212952
zqzt1,normal,0.7919643521308899
mn37g8,normal,0.7175871133804321
l2wat5,normal,0.8062211871147156
j8ilfd,normal,0.7825495600700378
lt9ely,normal,0.79078608751297
ki8tdq,normal,0.7954860329627991
kopkkg,normal,0.7848875522613525
j6b9ni,normal,0.7850744128227234
jvahjh,normal,0.7520514726638794
grbmkq,normal,0.8125885725021362
lidq6s,normal,0.8520615696907043
mf96w9,normal,0.5684944987297058
e9tpf2,normal,0.7741302847862244
k9demy,normal,0.7638554573059082
l8k3a7,normal,0.7213262915611267
jkjx9i,normal,0.777658224105835
ghpybs,normal,0.7692682147026062
kgj6ta,normal,0.7616975903511047
mh8eeh,normal,0.4573138654232025
mjo3x9,normal,0.6555559039115906
ids073,normal,0.540990948677063
elsnyx,normal,0.789420485496521
51axwf,normal,0.6458123326301575
m6yej5,normal,0.7609981894493103
jkgs4k,normal,0.7319160103797913
krot0g,normal,0.7836828231811523
g4bclg,normal,0.7093037366867065
jwvt6g,normal,0.7616977095603943
i1gq0j,normal,0.6787495017051697
ioh5pg,normal,0.7986477613449097
i53fy0,normal,0.8099148273468018
ghm1ey,normal,0.7886927723884583
e6j7vh,normal,0.7505881786346436
hasx8x,normal,0.7649735808372498
2wj2e9,normal,0.7478733062744141
83hfvg,normal,0.778205931186676
f077oj,normal,0.8229170441627502
h0u8yn,normal,0.7033582925796509
e0qq96,normal,0.7512062788009644
eqesrd,normal,0.6846123337745667
gjpp97,normal,0.7709187269210815
eq1n47,normal,0.7473652362823486
ep8bhn,normal,0.7439887523651123
83wweh,normal,0.7611804604530334
e38afm,normal,0.7196210622787476
f3cn9s,normal,0.6952632665634155
es8b8,normal,0.7082537412643433
7yw5mi,normal,0.7761980891227722
8by29j,normal,0.6997129917144775
edztio,normal,0.7911701202392578
a7qfw6,normal,0.7596042156219482
658le3,normal,0.7490382194519043
7q4zbn,normal,0.6039406061172485
egiijs,normal,0.5367903113365173
d1nucj,normal,0.7083446979522705
fpykix,normal,0.7131730914115906
edwfhf,normal,0.7545629739761353
aqr8gk,normal,0.715648889541626
axzq1g,normal,0.7310234308242798
7se9uu,normal,0.48067280650138855
96d3l4,normal,0.7625895738601685
8x6izb,normal,0.7967005968093872
as7rvv,normal,0.6482192277908325
a9h9wk,normal,0.7952607870101929
9mzjxy,normal,0.8010812997817993
5j0o72,normal,0.8243731260299683
7mc55m,normal,0.7689463496208191
969bra,normal,0.7927338480949402
81am76,normal,0.781835675239563
mvbofn,normal,0.6235734820365906
mvvvfr,normal,0.6693471074104309
mwpzvl,normal,0.7451648116111755
mwh7cm,normal,0.7839080095291138
mvpk8r,normal,0.7611395120620728
muthkb,normal,0.764411985874176
mub9mc,normal,0.7669634222984314
muzjiq,normal,0.5477619171142578
mtufnv,normal,0.7726660966873169
mu7n5w,normal,0.7607214450836182
mtdz0w,normal,0.7655429840087891
mrxznw,normal,0.7232868671417236
mr9h9x,normal,0.7935358881950378
mr96vp,normal,0.7648106217384338
mr79fy,normal,0.7898783087730408
mq5jyp,normal,0.7850021123886108
mo5e7m,normal,0.7549811005592346
mn8v2q,normal,0.7857426404953003
mn7puq,normal,0.7474771738052368
mk2ut1,normal,0.7909500002861023
mmt1hf,normal,0.7174277901649475
mk59sq,normal,0.8001742959022522
mm6p4d,normal,0.7281898856163025
mimh8b,normal,0.7314055562019348
mkwymd,normal,0.7243869304656982
mkor4r,normal,0.738119900226593
mkm1f6,normal,0.8092796206474304
mkcjgj,normal,0.7994810342788696
mk6nv8,normal,0.7813555598258972
mjzft5,normal,0.682432234287262
mgtivn,normal,0.7089106440544128
mjlcoy,normal,0.8122275471687317
mijmwf,normal,0.675658643245697
mhgsoz,normal,0.6560153961181641
mhp5j5,normal,0.7077800035476685
mh65hq,normal,0.7722760438919067
mhcvqn,normal,0.6811406016349792
mhdos0,normal,0.7041428685188293
mgwcvu,normal,0.7076570987701416
mh0uf7,normal,0.7226783037185669
mgnujs,normal,0.7189347743988037
mgq1ro,normal,0.7978811860084534
mgshti,normal,0.7352704405784607
mgid9v,normal,0.7782295346260071
mf9rl0,normal,0.7630067467689514
mfr87y,normal,0.8057581782341003
mczo5u,normal,0.765433132648468
mcmfkt,normal,0.7857159972190857
mcm891,normal,0.7996127605438232
m97mbt,normal,0.786943793296814
hia2yl,normal,0.8061988949775696
dtd651,normal,0.75602787733078
ccx3zq,normal,0.5820363163948059
5i912c,normal,0.7490153908729553
5sir2l,normal,0.6460796594619751
75a98c,normal,0.7234715819358826
6apngf,normal,0.6270633935928345
4ojot6,normal,0.7616242170333862
6hpevq,normal,0.8092180490493774
61vtwa,normal,0.5635477304458618
5u7dzt,normal,0.8200546503067017
565o1q,normal,0.8181946277618408
3xhevb,normal,0.7471792101860046
3yeg5m,normal,0.7408140301704407
k3g69z,normal,0.7761001586914062
k1z5mv,normal,0.7495180368423462
m6b9bv,normal,0.7378672957420349
k9c522,normal,0.5316917896270752
k5azrd,normal,0.666379988193512
j52tpw,normal,0.6862658262252808
m0loin,normal,0.757548987865448
m9yeek,normal,0.7068209052085876
m7wxpl,normal,0.7962866425514221
lmj2n7,normal,0.7319902181625366
mjczep,normal,0.7757880687713623
hkrw5t,normal,0.7766527533531189
m2m40x,normal,0.7443513870239258
mse1c8,normal,0.7903407216072083
lytoad,normal,0.8331557512283325
fzxtnm,normal,0.7811945676803589
hud2ip,normal,0.8313098549842834
iwn7h9,normal,0.7757289409637451
glefkr,normal,0.786072850227356
lwrs7d,normal,0.7632696032524109
hrc9i4,normal,0.7118238806724548
lafq9f,normal,0.779086172580719
lqm0hu,normal,0.7332882285118103
llsrgr,normal,0.7690397500991821
bzmpmz,normal,0.6669268608093262
dgyr33,normal,0.7819028496742249
m4q0jm,normal,0.7169647216796875
ko2bma,normal,0.76673424243927
dn96ly,normal,0.8133801221847534
k1vpsu,normal,0.7918312549591064
lnxhxi,normal,0.7846376895904541
ee2v17,normal,0.8058834671974182
do92f9,normal,0.7539119124412537
76t324,normal,0.8068823218345642
6go73b,normal,0.8179956674575806
7af060,normal,0.7956808805465698
ksu1pj,normal,0.7442053556442261
7aeb4h,normal,0.7369706630706787
7abmiq,normal,0.5606846809387207
fsqr3j,normal,0.8233997225761414
fk5a4k,normal,0.7452968955039978
cno7a1,normal,0.6853569746017456
e7nwsu,normal,0.801821231842041
cxkudc,normal,0.7811869382858276
edgllp,normal,0.7394031286239624
dz8ytw,normal,0.7390255928039551
av1za8,normal,0.7196071743965149
e6pic2,normal,0.8425621390342712
5s0f6i,normal,0.7826327085494995
cn1e4m,normal,0.819555401802063
d232bv,normal,0.7028656005859375
8omvmz,normal,0.7324928045272827
a0p15u,normal,0.8043997883796692
7b82f4,normal,0.786013662815094
7pdy1c,normal,0.7701637744903564
9p99il,normal,0.7263048887252808
5twcvy,normal,0.7708357572555542
7d9ak2,normal,0.779391884803772
79hmvm,normal,0.8029723763465881
9m9is3,normal,0.6620579361915588
89sc9m,normal,0.7136759757995605
7arz8v,normal,0.7862423658370972
75eo1k,normal,0.7975643277168274
6x0v4o,normal,0.7021254301071167
7q1418,normal,0.7558543086051941
7hk9pg,normal,0.8038060069084167
7govba,normal,0.7939137816429138
784ydz,normal,0.768514096736908
8nbhda,normal,0.7744673490524292
7igm4q,normal,0.7830106019973755
6o5oiz,normal,0.7673258185386658
7a965a,normal,0.6771938800811768
76vdxy,normal,0.8073086142539978
71j30l,normal,0.7008828520774841
7agrfd,normal,0.6437489986419678
69i0dd,normal,0.7250760793685913
7ah3pq,normal,0.668114185333252
77ypuj,normal,0.6751551032066345
3yuhwl,normal,0.779475748538971
5esr4g,normal,0.8002079129219055
76dh4s,normal,0.7576783895492554
75lp98,normal,0.7948340177536011
khp6ne,normal,0.7092118263244629
kh20u9,normal,0.7649896144866943
klwg5k,normal,0.5755972862243652
kbnt0f,normal,0.6879591345787048
jy7t6v,normal,0.6887603402137756
j8ra8q,normal,0.7901087999343872
jy3hn9,normal,0.7449713349342346
irsclz,normal,0.5552365183830261
hr0cgj,normal,0.7815608978271484
etbk9t,normal,0.7674535512924194
dkxpfy,normal,0.7732005715370178
btth7x,normal,0.6940595507621765
fzq0or,normal,0.7403382658958435
7f6mb9,normal,0.7592877149581909
92ssqd,normal,0.7223488688468933
8oib2y,normal,0.7234103083610535
7ef10h,normal,0.6629229784011841
bcjjct,normal,0.7752197980880737
68z4ev,normal,0.6941668391227722
7c9i4h,normal,0.8016530275344849
3yyl2j,normal,0.7986579537391663
4hvvpa,normal,0.8239247798919678
3xnnta,normal,0.7699318528175354
463sr9,normal,0.6771531701087952
4w0l7y,normal,0.7526719570159912
4zuoq8,normal,0.6928132772445679
4rkoqo,normal,0.7688220739364624
3xledi,normal,0.7712252736091614
l3q8v2,normal,0.6510671377182007
k7c12u,normal,0.8318262696266174
k8enhq,normal,0.6859278082847595
hqcngo,normal,0.7694300413131714
i1woil,normal,0.755239725112915
dgi7u3,normal,0.7751073837280273
fwv9lm,normal,0.7538560032844543
amg0cu,normal,0.7993238568305969
cev1sg,normal,0.7926741242408752
9xn7av,normal,0.7443411350250244
a2opkb,normal,0.7732404470443726
ec8kq0,normal,0.7390936017036438
816uj1,normal,0.5714714527130127
5ukf5e,normal,0.8325198888778687
cwqyv1,normal,0.74796062707901
cwpdiy,normal,0.7203138470649719
51dyd0,normal,0.7072282433509827
7q09pw,normal,0.7200278043746948
6ou493,normal,0.7049641609191895
5sovva,normal,0.7155119180679321
6tmflu,normal,0.7861567139625549
7aov9e,normal,0.7645566463470459
ib2as9,normal,0.7111165523529053
gtugfb,normal,0.7352728843688965
fots0q,normal,0.7767753005027771
eg3buu,normal,0.5139737129211426
e03mgo,normal,0.7904165387153625
ecgwvl,normal,0.6905483603477478
dqryi1,normal,0.6965687870979309
aw6c6z,normal,0.8183950185775757
6ei1k8,normal,0.7282063961029053
86brvb,normal,0.7097538709640503
9sjv64,normal,0.8353275656700134
63fvsq,normal,0.7942003607749939
6ioras,normal,0.798892080783844
61iap9,normal,0.7923875451087952
6vf3qp,normal,0.7196347713470459
5k4z8p,normal,0.711207389831543
4q9v2p,normal,0.7159895896911621
4tpwp9,normal,0.757940948009491
4ezvjy,normal,0.6777403950691223
dohm00,normal,0.6443191766738892
l3lwpg,normal,0.7736660242080688
kk6ryo,normal,0.6791221499443054
j5vnao,normal,0.7730490565299988
6qdwia,normal,0.8035473227500916
hklbla,normal,0.7823768854141235
kg14fl,normal,0.7407644987106323
jljmud,normal,0.6391476392745972
6pyyp2,normal,0.7568248510360718
j3tmrv,normal,0.657650887966156
hbszep,normal,0.6820281147956848
gjtfqm,normal,0.5730900764465332
ghua2j,normal,0.795268177986145
e4gvnt,normal,0.7732836604118347
f9u0sb,normal,0.7693060636520386
aw91b3,normal,0.8087334632873535
dq1j1g,normal,0.7461068630218506
gk3dgz,normal,0.7724422216415405
bgfm81,normal,0.7401784658432007
e3ht42,normal,0.7325695753097534
ee5psw,normal,0.7556636333465576
ettvq2,normal,0.7939648628234863
d52zpr,normal,0.6911796927452087
chsat9,normal,0.6984228491783142
ejzuhh,normal,0.7961829304695129
bgo3vi,normal,0.642578661441803
6uslq9,normal,0.81962651014328
d0yoqs,normal,0.7351207137107849
7dtovl,normal,0.8064592480659485
6yj5co,normal,0.6948793530464172
bdnmug,normal,0.7249800562858582
bd372c,normal,0.6859444975852966
ab4qc1,normal,0.7887304425239563
6e1kah,normal,0.7257702350616455
6dlm9b,normal,0.7648900151252747
939c8d,normal,0.720966100692749
al7w1f,normal,0.5771389007568359
5sjdm6,normal,0.7926921248435974
bcrvh9,normal,0.7422879934310913
5v1pmm,normal,0.7951401472091675
59svt6,normal,0.6789753437042236
6ut74x,normal,0.7539016008377075
6url97,normal,0.7359347343444824
4w76ap,normal,0.7258760333061218
3yml57,normal,0.7066994309425354
4novrb,normal,0.6217553019523621
6xidib,normal,0.7368053793907166
406s1l,normal,0.7385607361793518
cvt9nz,normal,0.8129333853721619
84i20y,normal,0.7280126810073853
7keadf,normal,0.7929224967956543
7kh4po,normal,0.7346598505973816
gbsmj4,normal,0.7691037058830261
m61ufi,normal,0.7430626749992371
mv7ulx,normal,0.7299795746803284
eags1n,normal,0.7955215573310852
e6fv12,normal,0.6933760046958923
kgv2p2,normal,0.6913853883743286
kgcygi,normal,0.7921372056007385
8bba76,normal,0.7233946323394775
it05a7,normal,0.7485984563827515
3xydwf,normal,0.7681029438972473
l2xluv,normal,0.7618536949157715
jw4hvv,normal,0.7005209922790527
66yz7g,normal,0.7616932392120361
6gb1yp,normal,0.7296674251556396
ikm72j,normal,0.800649881362915
gwu3pj,normal,0.8023841381072998
cp5cz9,normal,0.794613778591156
fi9eoe,normal,0.7891438007354736
ef75rh,normal,0.7673336267471313
fc5y11,normal,0.5931275486946106
eh3cje,normal,0.7952039241790771
elq85h,normal,0.7833391427993774
h07lzu,normal,0.6899252533912659
a1z91i,normal,0.8131692409515381
altnfg,normal,0.7912159562110901
kc3mqv,normal,0.8306385278701782
kfhljv,normal,0.790797233581543
ed0jke,normal,0.797618567943573
9cpvne,normal,0.7216521501541138
7tm2qg,normal,0.7699896097183228
8fzeuo,normal,0.8252727389335632
8ssyh9,normal,0.7776188254356384
65l0z3,normal,0.8115786910057068
5m3rhb,normal,0.6174559593200684
3qv33p,normal,0.8110125660896301
mge44b,normal,0.8060417175292969
ma91wz,normal,0.7403505444526672
cv6vlz,normal,0.8083410263061523
7tmcdw,normal,0.7119624018669128
c5i6nx,normal,0.7113990187644958
kydp7z,normal,0.6828681230545044
kfmcfv,normal,0.7053138017654419
kdk9dc,normal,0.7885187268257141
84129z,normal,0.6809682250022888
kf0kb7,normal,0.7806175351142883
iedncw,normal,0.7550821900367737
e3zbfs,normal,0.5588101744651794
k4eupr,normal,0.7768373489379883
jyz8vg,normal,0.7602717876434326
k01rgf,normal,0.7034129500389099
jt62zo,normal,0.5467076897621155
k3bf40,normal,0.7900740504264832
kgqmm2,normal,0.6961327791213989
io9kyk,normal,0.7552300691604614
gpvkyr,normal,0.7277551293373108
hxwui1,normal,0.758822500705719
iiwis3,normal,0.7602717876434326
kaiw39,normal,0.7168828248977661
ilxldg,normal,0.7680943608283997
i33r9v,normal,0.7544312477111816
4fhafx,normal,0.8315114378929138
5v2rpi,normal,0.7416625618934631
gsllbj,normal,0.750182569026947
5ftsva,normal,0.661381721496582
gyndx9,normal,0.8121165633201599
go584q,normal,0.7461937069892883
4hm7vq,normal,0.738810658454895
gml8ir,normal,0.7496141791343689
g0v0t4,normal,0.7108542323112488
g3u7dn,normal,0.7252010703086853
geksqf,normal,0.7640194296836853
gzwf3m,normal,0.7351509928703308
esrj8a,normal,0.75395667552948
de524l,normal,0.7930558919906616
c0efwo,normal,0.7823589444160461
dh1132,normal,0.7918382287025452
cxkjig,normal,0.427579402923584
g0dspw,normal,0.7229647040367126
g3xmqm,normal,0.7871531844139099
g9w5an,normal,0.727271556854248
m7g0ue,normal,0.7509034276008606
kff2pc,normal,0.8042294383049011
lcjezb,normal,0.7613295912742615
jd0dfn,normal,0.711937665939331
dlc2sw,normal,0.6791287660598755
jmg6v5,normal,0.7645337581634521
kavx81,normal,0.7891070246696472
k5o3qn,normal,0.7496668100357056
jzyiva,normal,0.6573070883750916
bclhdp,normal,0.7198798656463623
iqglpd,normal,0.7690056562423706
fq1zu0,normal,0.7301518321037292
e9lpjz,normal,0.774806559085846
561iue,normal,0.7653214931488037
d8yd0c,normal,0.8240209817886353
ehgqtn,normal,0.7860040068626404
eddxbb,normal,0.7037949562072754
ecian5,normal,0.6937366724014282
gjyilr,normal,0.644425094127655
e71200,normal,0.6390577554702759
e7kvg2,normal,0.7850047945976257
9mtk8c,normal,0.7835487127304077
dnzefx,normal,0.6747877597808838
dbdi8u,normal,0.6943370699882507
am4r2a,normal,0.6888951659202576
40dfop,normal,0.7087411284446716
c2vhk9,normal,0.7465523481369019
cu0aes,normal,0.7926937937736511
dkq5r2,normal,0.5688353180885315
eehip0,normal,0.7768250703811646
cpylct,normal,0.753608226776123
dlcjeg,normal,0.770624577999115
dpc34v,normal,0.8005565404891968
8jnpaz,normal,0.7882247567176819
mdpo31,normal,0.8267256617546082
mdjl6h,normal,0.8266812562942505
lnf7q7,normal,0.7890955805778503
lx7248,normal,0.6940733194351196
m3y30y,normal,0.7039179801940918
hbhsy5,normal,0.7913594841957092
kr16b9,normal,0.8045465350151062
j01qnb,normal,0.8015305399894714
ihmqoq,normal,0.8093425035476685
hgjy3a,normal,0.7927274107933044
kg2r8v,normal,0.7077934145927429
kzyixh,normal,0.824343204498291
h0fxcg,normal,0.8295796513557434
hgb0yy,normal,0.7978351712226868
l0teac,normal,0.7890458703041077
kr195u,normal,0.7710763812065125
jqo2v5,normal,0.61170494556427
k45slm,normal,0.8172489404678345
ke2p0v,normal,0.8078244924545288
didkcc,normal,0.8240551948547363
hr5wvr,normal,0.7921846508979797
ef4j62,normal,0.7699916958808899
k98d7t,normal,0.7625945806503296
cwdeo6,normal,0.7806108593940735
ct7mkn,normal,0.78444904088974
c087b6,normal,0.7724885940551758
f9p7qy,normal,0.7626606822013855
dhshjc,normal,0.8161652684211731
b493xz,normal,0.7980239987373352
cglj54,normal,0.7990017533302307
cei2iz,normal,0.7656106948852539
ede9ng,normal,0.7802994847297668
c2qcz2,normal,0.7612685561180115
hy9w2j,normal,0.7009996771812439
cksoap,normal,0.7813451290130615
armldd,normal,0.7259605526924133
cw628p,normal,0.7807237505912781
cqfmvr,normal,0.8007829189300537
i44mdz,normal,0.8367920517921448
fnaatd,normal,0.680181622505188
f4alpu,normal,0.8108733892440796
h9l3u0,normal,0.8016309142112732
epkbhi,normal,0.8200232982635498
efze8t,normal,0.8013976812362671
dve7wh,normal,0.7819465398788452
f302gg,normal,0.6781774759292603
g0pbn7,normal,0.6796248555183411
evhvmy,normal,0.7103751301765442
frwe8j,normal,0.817354679107666
ej6wdb,normal,0.8149574398994446
kqo01c,normal,0.7194254994392395
l5mmfu,normal,0.7876142263412476
li4qp3,normal,0.8182041645050049
k7mnj7,normal,0.7422299385070801
ku4upr,normal,0.7722325325012207
iq9wrb,normal,0.8014862537384033
i0thn8,normal,0.746188759803772
kb2m0r,normal,0.746658980846405
eazeo1,normal,0.6523926854133606
f4uwfl,normal,0.7526007294654846
j677ve,normal,0.8267465233802795
g9pq83,normal,0.7851060628890991
hq7csy,normal,0.6826323866844177
ecmtot,normal,0.7442159652709961
e0xr5o,normal,0.6952571868896484
5z9km3,normal,0.8283798694610596
b0o4fh,normal,0.8432838320732117
c8qnya,normal,0.7946876883506775
c4qtxh,normal,0.7418680191040039
d61x0x,normal,0.7215031981468201
9qwhci,normal,0.5604223608970642
4tp19d,normal,0.8148137331008911
9xhk66,normal,0.720189094543457
cblj74,normal,0.7535555958747864
55uaqh,normal,0.7922627329826355
8m80ty,normal,0.5936828255653381
73v53p,normal,0.7701319456100464
70prnr,normal,0.6292006969451904
75kpov,normal,0.7361008524894714
6ms8vj,normal,0.6744612455368042
5feceo,normal,0.81427001953125
5061ji,normal,0.7949556112289429
6p09s3,normal,0.7967314124107361
6nbffs,normal,0.8178787231445312
4t4t5p,normal,0.8434997797012329
kxfp4e,normal,0.8109858632087708
k1h3rf,normal,0.7918873429298401
klyp0k,normal,0.7696940898895264
fczkz2,normal,0.6261031031608582
j044g4,normal,0.8195635080337524
eyj4ze,normal,0.8349851369857788
kq8uzu,normal,0.8140537142753601
jfdw8s,normal,0.7642718553543091
mlmn5g,normal,0.8097819089889526
ksuzjx,normal,0.8233205080032349
kross6,normal,0.771408200263977
kqri6v,normal,0.6984874606132507
khsjpq,normal,0.7874684929847717
kcr7sa,normal,0.7724162340164185
hqmkux,normal,0.8049073815345764
gvuue8,normal,0.8103646039962769
grrojf,normal,0.7920862436294556
ftcism,normal,0.49507710337638855
fmz5mi,normal,0.7483193278312683
fapvmt,normal,0.7578824758529663
etrvc3,normal,0.6926555633544922
eped05,normal,0.8083302974700928
dkpeap,normal,0.6636896133422852
defpqs,normal,0.8298011422157288
caabp6,normal,0.80562824010849
brd6yr,normal,0.7480465769767761
bgorso,normal,0.7221547961235046
9g66q6,normal,0.77020663022995
96by88,normal,0.7443081736564636
901rop,normal,0.7882143259048462
8vwupv,normal,0.6563383340835571
8toy9w,normal,0.8195837140083313
8ijvq8,normal,0.7671785950660706
84ec2m,normal,0.78000807762146
7kwpha,normal,0.7120339870452881
7cwrhv,normal,0.8009050488471985
65mau3,normal,0.7762055397033691
65h5gs,normal,0.6932545900344849
5zb6hy,normal,0.7836721539497375
5hfa6d,normal,0.6530837416648865
l3pal5,normal,0.7931525707244873
6asbjt,normal,0.7945998311042786
huxbuu,normal,0.46563202142715454
dcx093,normal,0.8049579858779907
l2rtox,normal,0.7559555768966675
aknxnl,normal,0.7775530815124512
igm3i8,normal,0.6658484935760498
f53mqe,normal,0.7307795882225037
gceis6,normal,0.8138359785079956
k9dope,normal,0.7725148797035217
69yd2i,normal,0.6856036186218262
8kh2f0,normal,0.79339200258255
7gv8fb,normal,0.7922059297561646
6ocrrk,normal,0.7829717397689819
kcx90m,normal,0.798869252204895
kh56p4,normal,0.7383092045783997
mmg5te,normal,0.7874400019645691
kfossf,normal,0.7804333567619324
kwrfnm,normal,0.8275429606437683
ltv9hq,normal,0.8032791018486023
j4cl4c,normal,0.782374918460846
ljbgqs,normal,0.8067432045936584
ln3frn,normal,0.7872229814529419
l91bbi,normal,0.7376514673233032
fskced,normal,0.7336460947990417
f4a83r,normal,0.7563549280166626
jv0oos,normal,0.7958062291145325
jyhhsw,normal,0.7382209300994873
km9wko,normal,0.7784596085548401
g8kevq,normal,0.7705183029174805
hnrbv1,normal,0.7664400339126587
8jzd3p,normal,0.7620100975036621
fk7t02,normal,0.8193480372428894
eeyfex,normal,0.816310703754425
8v8p8o,normal,0.7768915295600891
eldrh4,normal,0.5085471272468567
hliyau,normal,0.8006654977798462
fo882d,normal,0.637356162071228
erwndk,normal,0.8193480372428894
fb3k4v,normal,0.7921532392501831
eivuwu,normal,0.8140846490859985
fw1qdv,normal,0.7260684967041016
bo73r2,normal,0.7814022898674011
f910b4,normal,0.6486798524856567
g0lfzq,normal,0.7281649112701416
e1zzcn,normal,0.8193480372428894
atbkw7,normal,0.8340498208999634
4snmcd,normal,0.8115981817245483
503tyd,normal,0.74803227186203
dvgpi8,normal,0.44510120153427124
9mgxhi,normal,0.7402412295341492
echmb4,normal,0.7508510947227478
dayyya,normal,0.7979882955551147
9hjs2v,normal,0.7583087086677551
7srico,normal,0.7788985967636108
a1289z,normal,0.7740738987922668
7jvd0n,normal,0.7915968894958496
ahdfkd,normal,0.8144338726997375
loor6n,normal,0.7686533331871033
lrklok,normal,0.6964827179908752
lgpv1i,normal,0.7531170845031738
l0dzvz,normal,0.7670587301254272
k8hwq6,normal,0.7953293323516846
g6o4ff,normal,0.7502120137214661
eqj6vj,normal,0.6507452130317688
ftwbdi,normal,0.7244212031364441
el7se6,normal,0.7849475741386414
fzq02v,normal,0.7403382658958435
f0w7a6,normal,0.7723680734634399
ckhg6i,normal,0.7430670261383057
99hqgz,normal,0.7816047072410583
858i24,normal,0.7397658824920654
7t7ty3,normal,0.775721549987793
70tjf3,normal,0.6136425733566284
5n61sb,normal,0.6188981533050537
l0wss6,normal,0.7918684482574463
j29ul7,normal,0.8063789010047913
gukca3,normal,0.8318513631820679
j5o7pg,normal,0.7953051328659058
jdr7y7,normal,0.7604793310165405
ehu4wp,normal,0.7551788687705994
gzces1,normal,0.7376865148544312
gfwu1m,normal,0.7632909417152405
ai3377,normal,0.702735424041748
7pbo70,normal,0.8207146525382996
bx2fb5,normal,0.7106834053993225
92gsdg,normal,0.8204845786094666
9rfg42,normal,0.7870885133743286
9j7dx9,normal,0.7698997855186462
7isjl2,normal,0.8111274838447571
67ynzn,normal,0.8253287076950073
5k7tpq,normal,0.8004888296127319
ji1ufj,normal,0.8185982704162598
7tnuc8,normal,0.8181002140045166
l9rb2t,normal,0.8223627805709839
jmg3lm,normal,0.7882591485977173
mp03ej,normal,0.7395878434181213
mstg68,normal,0.8074883818626404
itep08,normal,0.7756768465042114
jqtsg4,normal,0.7138153314590454
g8kwls,normal,0.8059404492378235
l8dhbq,normal,0.7914278507232666
mayid1,normal,0.778455376625061
ee7uon,normal,0.7906248569488525
fbkhmi,normal,0.7497829794883728
kccb10,normal,0.7781726717948914
e6swgj,normal,0.8295153379440308
e7rtb8,normal,0.8217581510543823
jl37p1,normal,0.8139629364013672
de9ade,normal,0.8382272124290466
kv2zmj,normal,0.8295398354530334
kgvcn0,normal,0.7626608610153198
dnf175,normal,0.7788514494895935
8ot35c,normal,0.7872100472450256
hb5nd7,normal,0.7812888026237488
jxcn00,normal,0.7837821841239929
93rg5y,normal,0.809781014919281
5z1gv8,normal,0.6958783864974976
glb3r8,normal,0.6733777523040771
5jjsuo,normal,0.7534972429275513
i98dhv,normal,0.8262105584144592
fwcxin,normal,0.6597294807434082
gmnguo,normal,0.8261271119117737
g30id3,normal,0.7933703064918518
gke9kh,normal,0.7484265565872192
ezmgoo,normal,0.789857804775238
eelk4i,normal,0.833242654800415
bnbayt,normal,0.8123226165771484
hf5z73,normal,0.8224063515663147
bl0lch,normal,0.763851523399353
ehjmim,normal,0.7849269509315491
ckah7d,normal,0.7063531875610352
dxwpwl,normal,0.7709690928459167
e26rx1,normal,0.8082180023193359
agc1rr,normal,0.7751761078834534
eng149,normal,0.8252254724502563
c7xf60,normal,0.76388019323349
eo38of,normal,0.7421934008598328
fiu0no,normal,0.658656656742096
fl3kte,normal,0.7388065457344055
8dajxb,normal,0.7967382669448853
8mmdyb,normal,0.7544505000114441
j0tn2h,normal,0.7887908816337585
l1m8ce,normal,0.7718073129653931
3kexto,normal,0.593938946723938
1kfk4j,normal,0.7474318742752075
ckq13,normal,0.7698764204978943
ckcl3,normal,0.7607381939888
139dsy,normal,0.7054405212402344
mchrwb,normal,0.812533974647522
mjbbqb,normal,0.684934139251709
mbleeb,normal,0.7508304715156555
m0r9yo,normal,0.7293407320976257
lvaxj2,normal,0.6700583100318909
lhqm9t,normal,0.7330874800682068
mrm0sm,normal,0.6125949621200562
m47x7b,normal,0.8162552118301392
mqtwu3,normal,0.6914210915565491
mttq1q,normal,0.7454975843429565
mwf720,normal,0.8228044509887695
mbtdmc,normal,0.7665948867797852
mp2x43,normal,0.7905471920967102
mrosx7,normal,0.8006495237350464
mi3p7f,normal,0.7997410893440247
mephcr,normal,0.7735294699668884
lviyqa,normal,0.8022007346153259
mpd3o7,normal,0.7164987921714783
lj1cfb,normal,0.7240574359893799
mwekxy,normal,0.7725691199302673
mstw8p,normal,0.7534384727478027
m5jtfy,normal,0.801792323589325
koynje,normal,0.7427213191986084
mgee5k,normal,0.6698710918426514
mijbc7,normal,0.770584225654602
m556h1,normal,0.7224927544593811
kas9z6,normal,0.6147128939628601
lqrxl7,normal,0.7743385434150696
lzfg8t,normal,0.7411006093025208
me7mcd,normal,0.7309579849243164
mxbkfv,normal,0.7547930479049683
iikebv,normal,0.6639204621315002
mubc25,normal,0.7541854977607727
lg3xg8,normal,0.8099564909934998
mka53w,normal,0.824356734752655
mk78n2,normal,0.4917321503162384
l72d1n,normal,0.7986996173858643
mf1wau,normal,0.7719063758850098
mjmp8o,normal,0.7991761565208435
mevbb9,normal,0.7574746608734131
l5ta2n,normal,0.800880491733551
mokddr,normal,0.7562524080276489
mq9gj6,normal,0.7791063785552979
luz74x,normal,0.7899385690689087
m1gawy,normal,0.7171258926391602
ljtl46,normal,0.7523946166038513
kysbx8,normal,0.7791813611984253
mpluim,normal,0.8302710652351379
lrhn9o,normal,0.73581862449646
laopl0,normal,0.7346368432044983
l0ndzl,normal,0.6929441094398499
mmuot6,normal,0.7811020612716675
mw9dq6,normal,0.6291323304176331
mqxse5,normal,0.7063034176826477
l40prq,normal,0.8109920024871826
l2uye8,normal,0.7070888876914978
lq550t,normal,0.7954995036125183
mru7r2,normal,0.7919089198112488
msq34i,normal,0.7288130521774292
lc1h7p,normal,0.6570113897323608
kwvp7o,normal,0.7907933592796326
mwsk15,normal,0.6291323304176331
l74485,normal,0.8086156249046326
lfcb6y,normal,0.734843373298645
mh5buw,normal,0.7393120527267456
ms0tov,normal,0.7543835043907166
m61nth,normal,0.809634268283844
mcd7i9,normal,0.7598483562469482
mt33qo,normal,0.8002978563308716
kww0p9,normal,0.8047757148742676
mohd1i,normal,0.7215004563331604
mlomud,normal,0.8119754791259766
m6r4gp,normal,0.8068476915359497
mqvwob,normal,0.6729651689529419
ly5v62,normal,0.7584035992622375
kez0j2,normal,0.8293136954307556
l01xli,normal,0.7542425394058228
luq9z3,normal,0.7778883576393127
mc4r0f,normal,0.7442960143089294
m4nwet,normal,0.6766465902328491
hrsjcx,normal,0.7659581899642944
mrkbw4,normal,0.6756272912025452
mr7vfk,normal,0.7520043253898621
lya9mo,normal,0.7466123104095459
mfthu9,normal,0.6379347443580627
m0nmdv,normal,0.6496744751930237
ltdse2,normal,0.7305948138237
mfgg9p,normal,0.7520207762718201
lcn9t9,normal,0.7885946035385132
lwd1u9,normal,0.7813995480537415
msoh4l,normal,0.8191654682159424
j62p3a,normal,0.7960430979728699
knujjz,normal,0.7613628506660461
jnpbsb,normal,0.7940876483917236
l9es9b,normal,0.736651599407196
muoaqt,normal,0.7689017057418823
lkv3gs,normal,0.6095224618911743
mhlur1,normal,0.7996729612350464
msgeun,normal,0.5667787194252014
ks6wac,normal,0.7739946842193604
cvsv1x,normal,0.8298156261444092
kpdxsl,normal,0.7714046835899353
m97o5p,normal,0.7236365079879761
mcn7jr,normal,0.7975021600723267
mgv44i,normal,0.6729599237442017
mmndbl,normal,0.8310156464576721
i7ezfk,normal,0.7986794710159302
m2g1n4,normal,0.7401142716407776
jnnd8n,normal,0.7889384627342224
msjtkg,normal,0.7900723814964294
joqcfx,normal,0.8120917081832886
gjc20e,normal,0.7260420322418213
l4ifs4,normal,0.8043922781944275
igk3hp,normal,0.704453706741333
f0nu0x,normal,0.7674931287765503
j4rb8p,normal,0.7769274115562439
m4ixo8,normal,0.7688539028167725
m3tz4m,normal,0.7345353960990906
moffeb,normal,0.8102067708969116
i3rhm0,normal,0.7149406671524048
iguh06,normal,0.7606592774391174
d023c6,normal,0.6460652351379395
f1da7d,normal,0.7459903955459595
eyt5sz,normal,0.7295818328857422
luvggo,normal,0.795360267162323
mn0nh1,normal,0.7478987574577332
hzxn0d,normal,0.6762894988059998
mvjry8,normal,0.7903681993484497
mtdu0e,normal,0.7202652096748352
mgpwvq,normal,0.8377884030342102
d6ivfs,normal,0.8097098469734192
lolx5c,normal,0.7815377116203308
km5rjt,normal,0.786379873752594
fhr7u9,normal,0.7808574438095093
m4djmo,normal,0.8001118302345276
j3ya2t,normal,0.782263994216919
mdpbzy,normal,0.7052062153816223
lxsgoj,normal,0.8119111657142639
ka6neo,normal,0.8335418105125427
kwzlfk,normal,0.7999840974807739
inmxoz,normal,0.7772303819656372
lbc49w,normal,0.7937516570091248
mbdcpy,normal,0.7979314923286438
j22j6z,normal,0.8095237612724304
lkdiqx,normal,0.7728002071380615
jgs0dn,normal,0.7704287767410278
m471cz,normal,0.7305014729499817
lknk7n,normal,0.8060671091079712
fxa59w,normal,0.7598896026611328
m9a5bg,normal,0.7851907014846802
mcg7bo,normal,0.835807204246521
mc29v8,normal,0.8252748847007751
ilkfyh,normal,0.7721083164215088
grrao1,normal,0.8280422687530518
ena50q,normal,0.8038683533668518
meyu6j,normal,0.7031698822975159
litb89,normal,0.818221926689148
mpk86q,normal,0.8048607110977173
m6gw72,normal,0.8231626152992249
mrapca,normal,0.7368889451026917
fcg7hf,normal,0.7998316884040833
h7qrpv,normal,0.8029149174690247
jw1ztc,normal,0.6918854117393494
e2bran,normal,0.7939284443855286
mgu4d3,normal,0.7621843814849854
lwtzwd,normal,0.7919470071792603
g8r1i5,normal,0.7832736372947693
elx6dz,normal,0.6696144938468933
ml0pve,normal,0.7083649635314941
m5d7y1,normal,0.8086458444595337
a3wpsr,normal,0.7415503859519958
g0px78,normal,0.7949858903884888
i2fbi0,normal,0.7996469736099243
b8ownq,normal,0.8382999897003174
kbcwe5,normal,0.7288416624069214
fj1lme,normal,0.7339885234832764
juy7z4,normal,0.7776870727539062
hy7jte,normal,0.7990493774414062
dm9xzf,normal,0.8225587606430054
luzhcm,normal,0.7267495393753052
ipmgs1,normal,0.8152029514312744
mi99hr,normal,0.7597411870956421
j2a2qh,normal,0.764701783657074
jtdspd,normal,0.7570855617523193
bodsyp,normal,0.7921546697616577
kdynxy,normal,0.7504754066467285
7viovy,normal,0.7955336570739746
187201,normal,0.7274987101554871
g6fbfv,normal,0.737009584903717
dvvx0h,normal,0.7601763606071472
ghy0ex,normal,0.7528939843177795
ewsqbo,normal,0.7557483911514282
gt9kia,normal,0.6416175365447998
fcw44l,normal,0.6905980110168457
d614g,normal,0.6870442628860474
fsedqb,normal,0.496693879365921
fzjic5,normal,0.8035322427749634
6jpda5,normal,0.741563081741333
d7o3fp,normal,0.801256000995636
88ugj9,normal,0.7398990988731384
1971wr,normal,0.7410827875137329
3hgh3n,normal,0.7341217994689941
bp1cru,normal,0.7337157726287842
akga5v,normal,0.6800525188446045
dqfc06,normal,0.7333903908729553
88jju7,normal,0.8077880144119263
9wky1d,normal,0.7876419425010681
4kyso7,normal,0.5998976826667786
8wpktj,normal,0.750529944896698
19c1pl,normal,0.7031593322753906
aessie,normal,0.7444282174110413
45ta52,normal,0.6897779107093811
8vjvf9,normal,0.7162613272666931
6yphgu,normal,0.722182035446167
3ez5cz,normal,0.6821495294570923
5zaf4a,normal,0.6560733914375305
6lfi2g,normal,0.7851700782775879
6j4k3q,normal,0.47784438729286194
2j27b1,normal,0.6248549818992615
59dqeu,normal,0.6433785557746887
5eciws,normal,0.8216149806976318
1or121,normal,0.7157287001609802
15ryrm,normal,0.5895125865936279
4wswmx,normal,0.7778019905090332
29bu91,normal,0.6640545725822449
49hwot,normal,0.7928150296211243
4y62vr,normal,0.6961758732795715
41092a,normal,0.747062087059021
4vuaug,normal,0.8064473867416382
3c65mn,normal,0.4824830889701843
48ctwg,normal,0.5896999835968018
4vmk1o,normal,0.7115410566329956
5s72xy,normal,0.728499710559845
l6mngx,normal,0.7775723338127136
jx5u3f,normal,0.8415147662162781
mv44n5,normal,0.746378481388092
euvm3z,normal,0.8316247463226318
lwzexy,normal,0.696570634841919
4vm7zh,normal,0.7804163694381714
2y2ny8,normal,0.7002032399177551
m0e7ia,normal,0.7156464457511902
lhwedz,normal,0.7421010732650757
jhl3gk,normal,0.7663223147392273
k93dd0,normal,0.6424357295036316
74ecec,normal,0.7030506730079651
2ebr9x,normal,0.790158212184906
h129hc,normal,0.635887086391449
jcp6zi,normal,0.7806238532066345
i66gxb,normal,0.7851570248603821
k63v65,normal,0.7055824398994446
jajbu0,normal,0.7541770935058594
k8fcln,normal,0.8181692361831665
2mrhcn,normal,0.6723418235778809
2nsy1b,normal,0.7840821743011475
kjps8j,normal,0.7829645276069641
2low75,normal,0.5247265696525574
f35ivs,normal,0.6811385750770569
kc8r79,normal,0.7680513858795166
502zrj,normal,0.7772010564804077
2pzltd,normal,0.7987819314002991
4bs3ej,normal,0.7898873686790466
3bqb4i,normal,0.8210263848304749
2w82a7,normal,0.6196827292442322
4cu2ec,normal,0.6966736912727356
jlxweo,normal,0.7499881386756897
2egqkm,normal,0.7350530624389648
3etkjx,normal,0.8365197777748108
2apwae,normal,0.7715039849281311
gyok9q,normal,0.768264651298523
c6f14e,normal,0.7267016768455505
9kx4fn,normal,0.6520398259162903
eiiv9x,normal,0.774564266204834
e7d1y,normal,0.7681904435157776
hus5kt,normal,0.7384412288665771
bu14fv,normal,0.7586227059364319
extklr,normal,0.7955087423324585
blp9u,normal,0.7509746551513672
idcxk4,normal,0.7764011025428772
6meoa4,normal,0.7969805002212524
drpihh,normal,0.745876133441925
ez92cg,normal,0.8186672925949097
d6yszh,normal,0.7222520709037781
mny06j,normal,0.751514732837677
f7o9g1,normal,0.7839548587799072
lin7hu,normal,0.7446675896644592
ltxy93,normal,0.7022345662117004
lqa24v,normal,0.78899747133255
kulitf,normal,0.7470778822898865
lp31ms,normal,0.7646291255950928
byfop8,normal,0.8079208731651306
j9a5za,normal,0.7667814493179321
lo1xzl,normal,0.7635995149612427
k7jh0y,normal,0.7635497450828552
iomcqc,normal,0.7650203108787537
lcg4dj,normal,0.7352020740509033
ak43oo,normal,0.666972279548645
ju7zdc,normal,0.7636260390281677
jmbic3,normal,0.8295227289199829
dt0h5f,normal,0.7177595496177673
dhlm03,normal,0.7925997972488403
hi9gak,normal,0.6970635056495667
ib72tq,normal,0.7682300209999084
548ncd,normal,0.8049439787864685
hzknst,normal,0.7821798920631409
87e6q8,normal,0.7345834970474243
7smosn,normal,0.7889101505279541
6wavpu,normal,0.7705585956573486
1rip2o,normal,0.7248465418815613
hfhbcj,normal,0.6909084320068359
7037z1,normal,0.752535343170166
gikh9b,normal,0.73113614320755
e9pzxk,normal,0.7893442511558533
f92rak,normal,0.7307300567626953
61eaka,normal,0.7527521252632141
3za7jj,normal,0.7729739546775818
1r0zuw,normal,0.7272863388061523
dpj6bu,normal,0.7942622303962708
ceg4ik,normal,0.7669346928596497
gmy768,normal,0.5956925749778748
a0eslw,normal,0.717487096786499
93gzln,normal,0.7567822337150574
clcf1s,normal,0.7905175685882568
83730l,normal,0.6597628593444824
1xk7xl,normal,0.8041666746139526
2mww52,normal,0.6539616584777832
2hn1jo,normal,0.7891490459442139
qiuom,normal,0.7869293093681335
ffa9xb,normal,0.8122177124023438
8ta5qy,normal,0.7445548176765442
vuj2s,normal,0.6288567781448364
dd8ud9,normal,0.7825740575790405
eym1vg,normal,0.6890784502029419
mnmd0l,normal,0.7526817321777344
m1s4av,normal,0.7756727337837219
mru1hc,normal,0.8036597967147827
mtr5v8,normal,0.7824011445045471
mtssnb,normal,0.782920241355896
mp6x9a,normal,0.7838439345359802
msx0mo,normal,0.8006969094276428
m25gzp,normal,0.6974330544471741
mohsoa,normal,0.6338594555854797
m3br4l,normal,0.8324220776557922
mfxclk,normal,0.7334326505661011
movb3b,normal,0.7434548735618591
mi4ef2,normal,0.7787447571754456
mm8xz5,normal,0.7651147842407227
lyfnfa,normal,0.751171350479126
jmx3zq,normal,0.7862036824226379
mqel0h,normal,0.5609001517295837
msta2s,normal,0.7597814798355103
mtmu4a,normal,0.790587306022644
mlwilk,normal,0.762916624546051
mprr1w,normal,0.7168556451797485
l2yngr,normal,0.8055405616760254
mvndpz,normal,0.8365820050239563
mwg511,normal,0.6897380948066711
mf2r9n,normal,0.790187656879425
m8d03n,normal,0.7074112296104431
mi8v76,normal,0.7757969498634338
m8wi31,normal,0.8021166920661926
mlq5dc,normal,0.8019496202468872
mir43l,normal,0.7853301763534546
m71uhm,normal,0.8082994222640991
m0o9zy,normal,0.8347052931785583
midblg,normal,0.6320441961288452
mr4zy9,normal,0.8100873827934265
lody5t,normal,0.8103673458099365
moda2l,normal,0.8115585446357727
modkzl,normal,0.811606764793396
m4xrw5,normal,0.8244151473045349
lf3q2i,normal,0.7696309089660645
lttizc,normal,0.8285940885543823
kygd9h,normal,0.8235348463058472
mlmjor,normal,0.7910093665122986
m4h9sh,normal,0.818912148475647
lkwcu6,normal,0.798443615436554
l6zt46,normal,0.7821657061576843
llsf51,normal,0.7839747071266174
mqmyiw,normal,0.740813672542572
mvtazw,normal,0.7041345238685608
leygeu,normal,0.5266958475112915
kiifud,normal,0.7716344594955444
lgbc70,normal,0.7865854501724243
k85n4o,normal,0.7311918139457703
lglt0f,normal,0.7438713312149048
llcwou,offensive,0.40695035457611084
leqryv,normal,0.8023421764373779
lf1j1b,normal,0.6596508622169495
lwxx6j,normal,0.8054593205451965
iil209,normal,0.7643172144889832
i5ozhj,normal,0.7617366909980774
lwjy7k,normal,0.7488526105880737
mrktkw,normal,0.6749497652053833
mooq4m,normal,0.5462016463279724
ltyi7k,normal,0.813909649848938
lru41y,normal,0.798689067363739
imc561,normal,0.7689682245254517
ghdkl5,normal,0.7644226551055908
lzgbuo,normal,0.7453945279121399
gud2gu,normal,0.7303850650787354
l68a3h,normal,0.7334389686584473
fuauh2,normal,0.7248630523681641
k2kl32,normal,0.7712434530258179
mjh2za,normal,0.6382679343223572
iabtcq,normal,0.7482325434684753
jiq4yb,normal,0.7744455933570862
i4fd4x,normal,0.6627926826477051
kyp6ru,normal,0.7023369073867798
feeucz,normal,0.6399030089378357
jd72xl,normal,0.7693060040473938
ksglqw,normal,0.7725061178207397
k7czta,normal,0.5387617945671082
kw5ihf,normal,0.7697598934173584
k7fz19,normal,0.7594650983810425
ir7tlv,normal,0.7764973044395447
ineai6,normal,0.6646672487258911
ijnpl2,normal,0.7450685501098633
mce5h2,normal,0.6614886522293091
jz60xv,normal,0.7524088025093079
jcvsrc,normal,0.7424287796020508
meibzg,normal,0.7145082354545593
i19w8i,normal,0.7742745876312256
jq24oa,normal,0.7678290009498596
m9fu68,normal,0.7743299603462219
ea9mbz,normal,0.7855285406112671
l6l7nx,normal,0.7778465747833252
fdoyzd,normal,0.7105650305747986
mtspy8,offensive,0.48640745878219604
jut0ej,normal,0.6880120038986206
mrob1t,normal,0.728453516960144
l2d6cj,normal,0.7401614785194397
kbj1k2,normal,0.7305747866630554
kr4aff,normal,0.7501260042190552
jhxbqk,normal,0.7745058536529541
mo6n6d,normal,0.81393963098526
jcazfe,normal,0.7703714966773987
fymre6,normal,0.8093807697296143
ltruhm,normal,0.788608193397522
kbvhuq,normal,0.7803059220314026
lo9bc3,normal,0.7452271580696106
jhhrw4,normal,0.777516782283783
krheal,normal,0.7654749751091003
gtprd1,normal,0.7661682963371277
knu657,normal,0.3868044316768646
itfqfs,normal,0.7469004392623901
hr19hi,normal,0.7725973129272461
kgh1jf,normal,0.734978437423706
es33p8,normal,0.49432167410850525
ebe1vf,normal,0.7540571093559265
er4bkg,normal,0.7533363103866577
k2wcu1,normal,0.7988895773887634
jh6gfr,normal,0.8215328454971313
kkppy6,normal,0.6983537673950195
g3ihpq,normal,0.6633305549621582
jfsteh,normal,0.5788988471031189
jsgtyk,normal,0.7748095393180847
k3ztaa,normal,0.7280163168907166
ehp6gu,normal,0.6813985705375671
eq5xft,normal,0.7529655694961548
jk19dn,normal,0.79457688331604
c59b1d,normal,0.7059593200683594
jbnt8c,normal,0.6544285416603088
k6k1gb,normal,0.7839350700378418
gog5rn,normal,0.7096261382102966
jlqjqc,normal,0.7393152713775635
jq87io,normal,0.7609966993331909
iqci1l,normal,0.679534912109375
dvbm0x,normal,0.7058345079421997
elno13,normal,0.6678124666213989
gwcre2,normal,0.6912888288497925
iv37tl,normal,0.6612547636032104
i9802v,normal,0.7868391275405884
a7c36,normal,0.7970724701881409
cg8vtc,normal,0.7225704789161682
d4adcu,normal,0.763755738735199
7wp18r,normal,0.5816968679428101
8yxdn9,normal,0.5782803893089294
8erw7a,normal,0.8083004951477051
drqhb,normal,0.7042911052703857
3nhkbv,normal,0.49060532450675964
2x1qbv,normal,0.5766220092773438
mq470b,normal,0.7774956226348877
lkl7gv,normal,0.6244547963142395
leunaa,normal,0.7189964652061462
mbcqn3,normal,0.7856095433235168
jihgbg,normal,0.7672883868217468
kgrsns,normal,0.7209324240684509
mb2ggz,normal,0.7022300362586975
j9d1v9,normal,0.8068353533744812
mjxczp,normal,0.6835713982582092
lpi0ay,normal,0.7189964652061462
i5f9dn,normal,0.7779819369316101
i5kaem,normal,0.7128114104270935
jv5rt6,normal,0.7265949249267578
kpo0aj,normal,0.7308080792427063
mptkwe,normal,0.8344221115112305
k1nqnr,normal,0.7344402074813843
g6oq6t,normal,0.5811317563056946
j5jgkj,normal,0.7843834757804871
gojf15,normal,0.6928706169128418
k7mg04,normal,0.8050662279129028
kn8q9j,normal,0.7083073854446411
iypfgx,normal,0.8064082860946655
hj3plp,normal,0.8161259889602661
jnrd2n,normal,0.7862857580184937
lhh3rl,normal,0.7621279358863831
k1o8ei,normal,0.7694194316864014
le644s,normal,0.8058800101280212
iidg1x,normal,0.7786887288093567
jws1by,normal,0.6468396782875061
g8f0a7,normal,0.7454126477241516
moj5pu,normal,0.7422159314155579
e55l12,normal,0.7368879318237305
m7hqzs,normal,0.7530447244644165
ck9s51,normal,0.76328045129776
k040pb,normal,0.7220459580421448
ki973g,normal,0.7784065008163452
fv3uik,normal,0.7698436975479126
d2aumk,normal,0.6880064010620117
gktltx,normal,0.7692721486091614
le3k02,normal,0.7362645864486694
j7eaie,normal,0.815564751625061
kl27ne,normal,0.793208658695221
lxhz2o,normal,0.7024136185646057
9f2rdf,normal,0.8038541674613953
h9wdac,normal,0.7704852819442749
iuum1m,normal,0.7779200077056885
gxu5ki,normal,0.6938015222549438
fl3scm,normal,0.6760023236274719
g2mxjf,normal,0.7144713997840881
ajz9pu,normal,0.8051052689552307
2s4278,normal,0.7895171046257019
2qfpdb,normal,0.7443327903747559
4byaoi,normal,0.6696625351905823
4h68ct,normal,0.704054594039917
dtm8t,normal,0.4851864278316498
lvyc6,normal,0.7204533815383911
khil13,normal,0.7758246660232544
kvy2h4,normal,0.7209327816963196
ltiyr9,normal,0.8053909540176392
j68hqv,normal,0.7929455041885376
lnycnx,normal,0.7434602379798889
hnjuu2,normal,0.7478954195976257
mcyxs9,normal,0.7935634255409241
jbkjja,normal,0.7045539021492004
k9wxuw,normal,0.6789303421974182
k93o2a,normal,0.7948243021965027
kmi8jm,normal,0.6719566583633423
im74g6,normal,0.767811119556427
ku588l,normal,0.696190595626831
hgt3j9,normal,0.8254716396331787
fsib45,normal,0.690295398235321
ftz68k,normal,0.6560198664665222
1xcpi3,normal,0.7428925633430481
66xhfw,normal,0.673337459564209
fkqsg4,normal,0.6596917510032654
hf45o,normal,0.8181777000427246
imf65v,normal,0.6975017189979553
k38boh,normal,0.7832942008972168
dygmnl,normal,0.7439530491828918
jpukto,normal,0.7500396370887756
jwsql,normal,0.7710967659950256
d0htr,normal,0.7523250579833984
diuleg,normal,0.6601042747497559
dfiv7i,normal,0.7327401041984558
hznigg,normal,0.7184613943099976
aec1cs,normal,0.7854454517364502
dk9sat,normal,0.7516958117485046
63nejw,normal,0.6751027703285217
2usd66,normal,0.6665738821029663
4xnmhg,normal,0.8021098971366882
5y1wr9,normal,0.7433918118476868
g4m8sy,normal,0.7091902494430542
krqhrk,normal,0.5464473366737366
c0ynmf,normal,0.7631012201309204
8lwwe2,normal,0.6743346452713013
4fv4q8,normal,0.7484589219093323
8c3hgb,normal,0.6755850315093994
8lk1if,normal,0.6608171463012695
ee945n,normal,0.6503918170928955
8hqn4o,normal,0.6654307246208191
jbck2s,normal,0.68426913022995
5d04qo,normal,0.7713519334793091
8di3p2,normal,0.7561942338943481
26qn4j,normal,0.6247129440307617
2i64ar,normal,0.762535572052002
f4a5r7,normal,0.7322385907173157
gtq564,normal,0.778329610824585
aaalc0,normal,0.7730721235275269
18me75,normal,0.79654461145401
1kw6rq,normal,0.7621758580207825
fuwub9,normal,0.7690367698669434
ei6zqx,normal,0.7161408066749573
hpkfi2,normal,0.6021738052368164
cxeof,normal,0.7458353042602539
119wuh,normal,0.7179340720176697
effe6,normal,0.6871050596237183
deb3d,normal,0.8116447329521179
ek4fj,normal,0.6837851405143738
1833ej,normal,0.7529399991035461
81ved,normal,0.7157463431358337
829e0,normal,0.7029418349266052
81wc0,normal,0.7354691028594971
81j1w,normal,0.826541006565094
l4k9w,normal,0.8092070817947388
dqvex,normal,0.6880070567131042
dq5f8g,normal,0.7306077480316162
9llpp,normal,0.771371603012085
9l7e8,normal,0.7816734910011292
6vg1x,normal,0.7415191531181335
11sj18,normal,0.7575976252555847
iqou89,normal,0.4827667772769928
gp6bk6,normal,0.7401268482208252
2uzjpq,normal,0.7688496112823486
hd4qq,normal,0.7479798197746277
3xitl0,normal,0.7448169589042664
l6d23,normal,0.6465691924095154
8czuw,normal,0.6762894988059998
1mnp36,normal,0.6803981065750122
496ouj,normal,0.7174989581108093
1aj2lc,normal,0.7851300239562988
22zwr1,normal,0.5632500648498535
1alqf0,normal,0.7812100648880005
m34ylg,normal,0.5072759389877319
axe0be,normal,0.6816650629043579
in09j1,normal,0.6819379329681396
3yvb4g,normal,0.7365115284919739
953uc4,normal,0.7431288957595825
40rlsv,normal,0.778188169002533
gnz2q7,normal,0.7903542518615723
jcvp2x,normal,0.7795383930206299
gib4w,normal,0.41883164644241333
holqga,normal,0.8163560032844543
g1a8q9,normal,0.7851446270942688
hl39e8,normal,0.7525832653045654
b82pkn,normal,0.7381591796875
gu9sbh,normal,0.777104914188385
i4lpf,normal,0.752724289894104
hcl6pq,normal,0.8168638944625854
hl37al,normal,0.752475917339325
ddpyn,normal,0.7260890603065491
bsmfum,normal,0.6165849566459656
arhi7,normal,0.7054029703140259
11l52b,normal,0.6241499185562134
e0cqfs,normal,0.7934148907661438
f5lcl,normal,0.7654402256011963
bp5zn3,normal,0.5774586200714111
g3kmab,normal,0.7229713797569275
9k81v1,normal,0.7573922276496887
azq3x7,normal,0.6974164247512817
c7qzvk,normal,0.7056792378425598
4bi597,normal,0.6721529960632324
2n35n1,normal,0.68942791223526
96lwqi,normal,0.7365128993988037
b1d36s,normal,0.8227761387825012
hejqlt,normal,0.7811247110366821
kri7yi,normal,0.7942841649055481
ftqkj5,normal,0.7522878646850586
k5xb0b,normal,0.7221872210502625
aw437m,normal,0.7198699116706848
iqrc02,normal,0.7757434248924255
ser97,normal,0.7437886595726013
iysn46,normal,0.774006724357605
jydmg0,normal,0.8225497007369995
2mlky0,normal,0.7395856380462646
96feqw,normal,0.6894748210906982
gm6ld6,normal,0.6450377702713013
4hupk7,normal,0.7764674425125122
6zzxbc,normal,0.7977917194366455
j02k5x,normal,0.6102099418640137
fkvhv9,normal,0.7709089517593384
10mncu,normal,0.757380485534668
13zs4k,normal,0.7772746682167053
tpybt,normal,0.8030669689178467
ivmdd,normal,0.7685697078704834
9f2re,normal,0.7378729581832886
92q1r,normal,0.751343309879303
8irg1,normal,0.7911126613616943
4i58ic,normal,0.7943362593650818
ek4dq,normal,0.7344462275505066
g1yv3w,normal,0.7410516142845154
1sl7yv,normal,0.7098907232284546
y7g2c,normal,0.7928877472877502
shytb,normal,0.7684698104858398
dhumg,normal,0.6899262070655823
89v2k,normal,0.7430640459060669
9f53m,normal,0.7903286814689636
eam14r,normal,0.6331821084022522
4uj6ig,normal,0.7979853749275208
dqyb5,normal,0.8311373591423035
88bhbs,normal,0.707237184047699
fotiz,normal,0.7756658792495728
4njhnq,normal,0.7412237524986267
fo9we,normal,0.8050664067268372
baa2t,normal,0.7860130071640015
8h2wpg,normal,0.7124431133270264
92ttw0,normal,0.789578378200531
a2u3v,normal,0.8275507092475891
375d5r,normal,0.8235201835632324
9qubkt,normal,0.8383457660675049
itjjn,normal,0.7772044539451599
35dqis,normal,0.6964906454086304
70ft3s,normal,0.7510379552841187
2zwxjz,normal,0.7030910849571228
lz6ugf,normal,0.7087224125862122
kganmf,normal,0.7087686061859131
7uggkh,normal,0.8079501390457153
7hqbcr,normal,0.8082444667816162
ihexm,normal,0.6990736126899719
8wsqvj,normal,0.6008821129798889
90qigf,normal,0.6082038283348083
4d12ew,normal,0.780339777469635
stmjy,normal,0.8017150163650513
7dxeuj,normal,0.6966562271118164
jfqtw,normal,0.7617599368095398
1unaq0,normal,0.5612800717353821
1gimie,normal,0.7956499457359314
m4t2mi,normal,0.7721351981163025
mi61he,normal,0.7560665607452393
mssn6e,normal,0.689717710018158
jmn07u,normal,0.7706730961799622
hqwuo0,normal,0.5934829115867615
iy33pm,normal,0.724810004234314
l8ok9d,normal,0.7788349986076355
c02b14,normal,0.7508221864700317
d9qts,normal,0.7730584740638733
hit4te,normal,0.7879370450973511
2aquny,normal,0.7801538109779358
16coqa,normal,0.6235834956169128
emdc6,normal,0.8410994410514832
4veg1x,normal,0.6437305808067322
5o8ggw,normal,0.7759884595870972
bswr7j,normal,0.5858739018440247
1lto9m,normal,0.7524739503860474
9qwam1,normal,0.7658646702766418
ecjbg3,normal,0.7842099070549011
r21jl,normal,0.7487205266952515
5ez8kr,normal,0.5357612371444702
9bn3we,normal,0.6831802129745483
87590,normal,0.6480852365493774
3844mu,normal,0.6276461482048035
md18zz,normal,0.7242558598518372
mr3toa,normal,0.6965587735176086
lw321d,normal,0.7892955541610718
mw939m,normal,0.6360612511634827
msu1lg,normal,0.7384015321731567
mszbm4,normal,0.7692973017692566
lz63eq,normal,0.7998687624931335
ll6y79,normal,0.6796318292617798
mpqehg,normal,0.7768663167953491
mcgy3w,normal,0.7527681589126587
mhyzxm,normal,0.7396068572998047
mi8lsu,normal,0.7560509443283081
mqyf1u,normal,0.7790770530700684
ki7dsv,normal,0.7894638776779175
mtcnnn,normal,0.7586960792541504
m78sc0,normal,0.731959342956543
l9a0l3,normal,0.6417357921600342
mnlpj5,normal,0.7593302130699158
mgnbdt,normal,0.7680399417877197
lreszq,normal,0.6936069130897522
mmub0s,normal,0.7902336120605469
lxp4de,normal,0.7291553616523743
mn3t2t,normal,0.7220199704170227
md21fw,normal,0.5910360813140869
lacjro,normal,0.7670657634735107
mx3bpn,normal,0.7469243407249451
ll14zd,normal,0.48883169889450073
mqek0k,normal,0.7121432423591614
m6rzs6,normal,0.7530272603034973
lpprnm,normal,0.8083490133285522
mkqnw6,normal,0.675251305103302
lj4by7,normal,0.6759928464889526
moi93t,normal,0.7804502844810486
mlfw7w,normal,0.7980899810791016
ijcbxz,normal,0.7658059597015381
mdqiu6,normal,0.8729926347732544
mvs6zi,normal,0.7844326496124268
laas3h,normal,0.7110785245895386
kp1a77,normal,0.7898676991462708
lddew7,normal,0.7369142174720764
mm3grh,normal,0.7983148694038391
mc0adm,normal,0.8014476895332336
mmreu8,normal,0.6857035756111145
mk8xnq,normal,0.759689211845398
m678ej,normal,0.7452818751335144
miew5i,normal,0.7575781941413879
k47rqt,normal,0.6110907196998596
mitqp6,normal,0.7983633279800415
md8dq9,normal,0.7809865474700928
mvne5s,normal,0.7751825451850891
mrawoh,normal,0.7185943126678467
kn38ib,normal,0.7928826212882996
kzfnd5,normal,0.7501360774040222
mrp7xn,normal,0.6547768115997314
m5ewwl,normal,0.8026925921440125
ma3rff,normal,0.7715891003608704
mefcbu,normal,0.572184681892395
l8k1j9,normal,0.8035109639167786
mgaf25,normal,0.7989242076873779
lg9z90,normal,0.6621790528297424
md2b4b,normal,0.734385073184967
m6vf8b,normal,0.43810218572616577
j7y1ep,normal,0.7359396815299988
icomwf,normal,0.7090986371040344
hqu0zl,normal,0.8285982608795166
mdb0ap,normal,0.7658138871192932
lh8gdp,normal,0.8163014650344849
l3omyk,normal,0.6589195728302002
lchtj2,normal,0.6802250146865845
mw7qp1,normal,0.7800260782241821
mufdfj,normal,0.803520679473877
kaqb0l,normal,0.6901445388793945
jdswpm,normal,0.7917607426643372
lmmu8e,normal,0.7814008593559265
mim0ab,normal,0.7804902195930481
mr1068,normal,0.5585896372795105
lwfs07,normal,0.7472173571586609
moi0uk,normal,0.7050522565841675
mozeb1,normal,0.8046041131019592
mn8oms,normal,0.6792315244674683
m2xzm5,normal,0.7493224740028381
mquejq,normal,0.7505344748497009
mgjb3r,normal,0.603516161441803
lpzpno,normal,0.7583059668540955
llcwj6,normal,0.7959954142570496
mo7f8o,normal,0.722682535648346
lwvv6o,normal,0.78704434633255
mdwrrv,normal,0.6291223764419556
moxcyv,normal,0.7644783854484558
kkku16,normal,0.7520795464515686
ma1dk3,normal,0.7782785892486572
mwx6wj,normal,0.8729926347732544
ms4yvm,normal,0.8729926347732544
msj8z8,normal,0.7832391858100891
mra1u9,normal,0.7758828401565552
mqh6ik,normal,0.8108255863189697
mo4zpr,normal,0.793266236782074
mnj2kr,normal,0.8729926347732544
mmt0zc,normal,0.7897456288337708
mkjnww,normal,0.7583587169647217
mim3ad,normal,0.8729926347732544
mf7gh5,normal,0.7260673642158508
mahnz4,normal,0.7635241150856018
m8j49c,normal,0.8729926347732544
m8npkp,normal,0.7844579815864563
m4xxsy,normal,0.704993724822998
m4ecli,normal,0.7803435325622559
m3kk6i,normal,0.8729926347732544
m35lkw,normal,0.7531353235244751
lzs7jm,normal,0.7774155735969543
lzkh5t,normal,0.7877465486526489
lyeyui,normal,0.8729926347732544
lyoald,normal,0.7760137915611267
lt0oa3,normal,0.8729926347732544
lnj99h,normal,0.8729926347732544
ljmr70,normal,0.7065804600715637
lidyil,normal,0.8729926347732544
leawb0,normal,0.8083477020263672
l2b8un,normal,0.8030027151107788
l22205,normal,0.611000657081604
kzr4lz,normal,0.7953205704689026
kxxdrd,normal,0.8729926347732544
kt5azj,normal,0.8729926347732544
ktrk3b,normal,0.5138991475105286
kp95zc,normal,0.7406650185585022
kodjre,normal,0.8729926347732544
kovh3j,normal,0.788818359375
klxu80,normal,0.6996762156486511
kk1b00,normal,0.8603804111480713
khmrxd,normal,0.6622790694236755
kfnw3c,normal,0.8603804111480713
kb5kk3,normal,0.8603804111480713
k916gp,normal,0.7758918404579163
k6np6u,normal,0.8603804111480713
k0ito5,normal,0.7198546528816223
k23vd6,normal,0.8603804111480713
k1xkpz,normal,0.7558912038803101
k0ufyq,normal,0.7801699638366699
jxrroj,normal,0.8603804111480713
jvezvh,normal,0.6334459781646729
ms1tqj,normal,0.7247626781463623
kf1z5r,normal,0.6576578617095947
lngoc5,normal,0.7699922919273376
m0gs6p,normal,0.793078601360321
l99ajm,normal,0.6841066479682922
lgi9pd,normal,0.7516099810600281
lyuqge,normal,0.8326849937438965
k7misp,normal,0.7937989234924316
lwukyf,normal,0.7109401822090149
mqx1ao,normal,0.7987582087516785
j7dt3k,normal,0.7618865966796875
l2vssc,normal,0.7178046107292175
mejiaf,normal,0.7553945183753967
ms7kf5,normal,0.7703787684440613
ll4xjg,normal,0.7956925630569458
mgihs7,normal,0.7529032230377197
mkwizq,normal,0.8054040670394897
mjhonq,normal,0.7676429748535156
jnlklo,normal,0.7793219089508057
mnautz,normal,0.7690282464027405
mezyeg,normal,0.7780970335006714
ek7bt3,normal,0.7466350793838501
mpzocj,normal,0.7639410495758057
kvwap1,normal,0.792468786239624
g8d2k2,normal,0.8162108659744263
g3wmv2,normal,0.7936380505561829
l5qprx,normal,0.6687145233154297
hoi3lr,normal,0.778374195098877
m6onbi,normal,0.7685340046882629
gp6djo,normal,0.6524887084960938
dli6mu,normal,0.826719343662262
gam5f1,normal,0.7960346341133118
lg8933,normal,0.7871381044387817
ckpjqw,normal,0.7942559123039246
mnpimf,normal,0.80904221534729
2vwgk9,normal,0.7560204863548279
b76bye,normal,0.8105307817459106
lig48x,normal,0.8045547604560852
jm4d4r,normal,0.77510666847229
grmqfi,normal,0.7980234026908875
lkmzzy,normal,0.693394660949707
lujnp2,normal,0.8112286925315857
hrae6w,normal,0.7879404425621033
k12tn7,normal,0.7598476409912109
c4jwwk,normal,0.7867418527603149
kqfx3z,normal,0.7354435324668884
j5gnx1,normal,0.7638624906539917
jt27u1,normal,0.8107871413230896
g5nv9e,normal,0.7378228902816772
2hfitv,normal,0.7898703217506409
mm64kt,normal,0.7574631571769714
mqxgu7,normal,0.7827078104019165
mvmrqx,normal,0.7751955389976501
mnvfz9,normal,0.7656242251396179
mlg5pb,normal,0.6688521504402161
mutvkm,normal,0.6848933696746826
mb1lbf,normal,0.5487858653068542
mm5gnq,normal,0.7495620846748352
lbz9yt,normal,0.7794986367225647
melc3l,normal,0.7246784567832947
lqv81o,normal,0.6624926924705505
lke1uc,normal,0.7714122533798218
kwg8dm,normal,0.7966479063034058
mr15bj,normal,0.7526705861091614
l3bmpq,normal,0.8093236088752747
lu899g,normal,0.8152565360069275
m0wztc,normal,0.6918596029281616
mkpwx3,normal,0.7853148579597473
mle6ad,normal,0.7627404928207397
krt9s3,normal,0.7640940546989441
mlboco,normal,0.7863469123840332
lbafx3,normal,0.7937516570091248
mj4sc9,normal,0.8006037473678589
lobcc0,normal,0.81805020570755
k9sbpr,normal,0.6261537671089172
jzrycc,normal,0.7755596041679382
ku414s,normal,0.6940012574195862
m6f5e8,normal,0.8227822184562683
m2gcwg,normal,0.7487284541130066
m3ttps,normal,0.7026932239532471
mkyorg,normal,0.7241024374961853
mvnajy,normal,0.8056235909461975
jlwbmc,normal,0.6984982490539551
mt3pxc,normal,0.7700397372245789
lj7g5b,normal,0.6904715895652771
mqm7tx,normal,0.7698195576667786
mr2d51,normal,0.6387566328048706
mtwce0,normal,0.7025752663612366
k0xzus,normal,0.7422957420349121
mnk05a,normal,0.6959686279296875
lc2ds0,normal,0.8085571527481079
mrgmyf,normal,0.7558369636535645
jeqele,normal,0.7525649666786194
lz88kd,normal,0.7611258625984192
lbvu5l,normal,0.7708768248558044
jhn85i,normal,0.7359328866004944
jh30ny,normal,0.7021138072013855
jrmzy0,normal,0.7615481615066528
mutxpo,normal,0.8179867267608643
jhf3lm,normal,0.6691131591796875
m9c9df,normal,0.8257495164871216
ilgc3s,normal,0.7803441286087036
mhgy10,normal,0.7398342490196228
mhgvxn,normal,0.7642257213592529
d1fjkb,normal,0.7503746151924133
9zq7ot,normal,0.706987738609314
krsmom,normal,0.8196744322776794
8y1isd,normal,0.7964184880256653
abz7m3,normal,0.6508538722991943
5y58y6,normal,0.7894986271858215
76l1jv,normal,0.7890043258666992
1kzw13,normal,0.7902540564537048
3u4mr2,normal,0.7602946162223816
t83sr,normal,0.8018245100975037
i16wqr,normal,0.7505683302879333
ppv9p,normal,0.8129495978355408
r1s6f,normal,0.717653751373291
tio7y,normal,0.7918483018875122
pryx4,normal,0.7689569592475891
qdvbe,normal,0.8332557082176208
uasii,normal,0.8129875659942627
u3zej,normal,0.7643935680389404
s6tll,normal,0.7794743776321411
3009t7,normal,0.7820069193840027
mcuo7,normal,0.7694220542907715
7mxzja,normal,0.7589308023452759
rx0k7,normal,0.7094357013702393
243x4p,normal,0.797743022441864
txiuu,normal,0.7773148417472839
1aaigo,normal,0.7938619256019592
og3hk,normal,0.7938364148139954
fypi3j,normal,0.7694334387779236
o1wjv,normal,0.7316411733627319
11bnmq,normal,0.7334548234939575
btu4pf,normal,0.7611949443817139
qyn5y,normal,0.8142836093902588
tljde,normal,0.8465275764465332
9vx4hc,normal,0.7852969765663147
f53hyf,normal,0.7843746542930603
1ft9pw,normal,0.7119118571281433
towwb,normal,0.793974757194519
52epfu,normal,0.8025362491607666
evyvvo,offensive,0.559527575969696
1mt86y,normal,0.7867853045463562
3zw3cb,normal,0.7333610653877258
6o0h86,normal,0.6300599575042725
nw3xs,normal,0.723186731338501
jlhpu,normal,0.7920668721199036
rs2cd,normal,0.7544575333595276
mwapq0,normal,0.5911601185798645
jkhrcb,normal,0.7688011527061462
jq7e7g,normal,0.6722121238708496
khjhnm,normal,0.8276302814483643
g7evco,normal,0.7196434736251831
ln3jeu,normal,0.8240309953689575
k4st9y,normal,0.7868446111679077
lj4sx3,normal,0.7255670428276062
hvb6pk,normal,0.7603874206542969
kenrxc,normal,0.8081653714179993
lm3m4d,normal,0.7449186444282532
iatxai,normal,0.6469267010688782
jc15qs,normal,0.7302073836326599
eew08i,normal,0.6909262537956238
i7qxcn,normal,0.7941809892654419
hj3jpr,normal,0.7236159443855286
irqeak,normal,0.7537238001823425
hmxevx,normal,0.6415925621986389
goer7y,normal,0.7112748622894287
8y34d5,normal,0.7265602946281433
55g7sz,normal,0.7924246788024902
fo8oy4,normal,0.6817068457603455
gfciyh,normal,0.7708638310432434
3nwu6v,normal,0.8227206468582153
ab8qzg,normal,0.8136574029922485
7remjy,normal,0.638535737991333
ab8vq1,normal,0.6913192868232727
6wzxvw,normal,0.7249969244003296
2j9i9e,normal,0.7874209880828857
cu0men,normal,0.7630407214164734
44z9vr,normal,0.6694462299346924
77nu3g,normal,0.7930795550346375
8qmxlb,normal,0.6246740818023682
50wdqo,normal,0.7359062433242798
4gkedu,normal,0.7681324481964111
berx35,normal,0.5658907890319824
9ooj1f,normal,0.7548717856407166
3lkpk0,normal,0.7311135530471802
bcmw6s,normal,0.7396057844161987
bwtft0,normal,0.7967051863670349
4tctp8,normal,0.7605535387992859
7bmp22,normal,0.6375521421432495
7wn744,normal,0.7945631146430969
70andl,normal,0.7473075985908508
40yhw1,normal,0.6760032176971436
bdva8f,normal,0.6960839629173279
2tbciw,normal,0.7636588215827942
bdbtfg,normal,0.8010240793228149
4xy68u,normal,0.714455783367157
l7qh4f,normal,0.6839009523391724
mrvx4j,normal,0.8089008927345276
lz8iky,normal,0.7401669025421143
m4liyk,normal,0.7165793180465698
hjdml2,normal,0.7901851534843445
icyc1r,normal,0.840399444103241
frcn7f,normal,0.7953451871871948
d4e5wf,normal,0.7690232992172241
gurk53,normal,0.7565548419952393
4tfpbo,normal,0.7889562845230103
crzl1h,normal,0.6510175466537476
9tpaq6,normal,0.7483956217765808
c2v2q4,normal,0.7129592895507812
38tjow,normal,0.8339287042617798
8s3alm,normal,0.8213329911231995
p6cmh,normal,0.7826743125915527
1bn2qm,normal,0.7207607626914978
5ysq3a,normal,0.810968279838562
jth2j,normal,0.8074681162834167
4gjag8,normal,0.8262954354286194
1fok7i,normal,0.6721019148826599
jmp8cj,normal,0.80601567029953
msai0r,normal,0.7789412140846252
acfxtn,normal,0.7617356181144714
irqmu4,normal,0.797000527381897
7o4yj9,normal,0.6613852977752686
9ksaqf,normal,0.7381564378738403
15yrhe,normal,0.7350829839706421
7gn3zj,normal,0.7839570045471191
jd8g6m,normal,0.8067821860313416
c1hogc,normal,0.8082548379898071
dbg7ye,normal,0.7925848364830017
fl2dz9,normal,0.762153148651123
eu5nhg,normal,0.7795748710632324
6woszc,normal,0.6222269535064697
9odbhx,normal,0.7543123960494995
70snzi,normal,0.7273986339569092
4u2dio,normal,0.7866345047950745
6lgiaj,normal,0.5534995794296265
257uo8,normal,0.7507117986679077
5fnu1n,normal,0.8087765574455261
5q2d4f,normal,0.7745987176895142
56wet7,normal,0.7653538584709167
b9ob0u,normal,0.7688051462173462
5mguk7,normal,0.7227057218551636
6zjpez,normal,0.8175668120384216
302lo3,normal,0.8065735697746277
2vzbe0,normal,0.7709946036338806
72q3od,normal,0.7159034013748169
9r77n2,normal,0.7145758271217346
