tweet_id,classification,classification_score
mu1uyf,normal,0.6066076159477234
muduez,normal,0.7873857617378235
lwlcou,normal,0.8120157122612
m9bqdy,normal,0.7210150957107544
i36az1,normal,0.7542479634284973
kdq8q6,normal,0.7785437703132629
iloo6g,normal,0.8025940656661987
jw1hws,normal,0.7741698622703552
fr7gwp,normal,0.7730797529220581
jt7a0f,normal,0.796232283115387
e9bzow,normal,0.8015483021736145
epinhr,normal,0.7612432837486267
gz4d26,normal,0.782417356967926
hns1ps,normal,0.6539616584777832
k1r1t5,normal,0.7699567675590515
jw9zr1,normal,0.7671053409576416
f9l7wm,normal,0.8082225322723389
epfjoz,normal,0.7373546957969666
dtypde,normal,0.7920911908149719
drt2wd,normal,0.7533426880836487
c9i6dh,normal,0.7616339921951294
9ggh4y,normal,0.7491834759712219
7wacni,normal,0.7490384578704834
7uwtew,normal,0.7641617059707642
7ng2ia,normal,0.7954050898551941
7jhdee,normal,0.7361123561859131
8bnb9d,normal,0.6572843194007874
d37c8h,normal,0.7819881439208984
ab300t,normal,0.7587953805923462
ezjwxs,normal,0.7326892018318176
jauag1,normal,0.7825956344604492
ehdulz,normal,0.7537999153137207
8appfd,normal,0.7695784568786621
8cgvqz,normal,0.767622172832489
kxqbfh,normal,0.8084263801574707
i2ncwf,normal,0.7933847904205322
a19ov0,normal,0.8081693053245544
7drlc7,normal,0.7517732381820679
er55my,normal,0.7870548367500305
es37um,normal,0.7587378025054932
etgs5t,normal,0.7298967838287354
eqs0km,normal,0.7794215083122253
eqxt7k,normal,0.7073308229446411
epa8ni,normal,0.7099536061286926
epscwx,normal,0.7683922648429871
e9e003,normal,0.7671852707862854
eqwpuj,normal,0.7848591208457947
eq4wg8,normal,0.7385361194610596
k1pmw3,normal,0.7618665099143982
e2peaq,normal,0.7732500433921814
ds815u,normal,0.7894984483718872
d25jz5,normal,0.8185456991195679
dyoa6f,normal,0.8176047205924988
8k7ap8,normal,0.8130262494087219
7djbm4,normal,0.7090867757797241
jwa23b,normal,0.7946328520774841
jw9xzy,normal,0.7275019884109497
is60ck,normal,0.639699399471283
hlr3kz,hate speech,0.373634934425354
gw012b,normal,0.737488329410553
f40ow3,normal,0.7558133006095886
e95454,normal,0.8186891078948975
e95pyo,normal,0.700795590877533
e11ae7,normal,0.7098863124847412
ds38j7,normal,0.7089442610740662
dio0ew,normal,0.5744810700416565
lzdab6,normal,0.7686660885810852
kcf7uc,normal,0.7245063185691833
k01o82,normal,0.7918710112571716
jwsg9b,normal,0.8146679401397705
jtz22l,normal,0.8160817623138428
jtaczu,normal,0.8071573972702026
87096o,normal,0.730774462223053
8e3teg,normal,0.8392000198364258
citub7,normal,0.7624115943908691
99o0s5,normal,0.7949768304824829
lqec7p,normal,0.8014304041862488
mk8m8q,normal,0.7903309464454651
l9pu98,normal,0.7956956624984741
lpt2vp,normal,0.7112016081809998
lghdgo,normal,0.8024128675460815
l68jkt,normal,0.7625241875648499
le2lp3,normal,0.8253839612007141
gv7oey,normal,0.7417960166931152
j3cg1j,normal,0.7361980080604553
hy1pae,normal,0.6994723081588745
hjxr4e,normal,0.7011272311210632
cmjxmw,normal,0.6557326912879944
hvn47d,normal,0.7608873248100281
e3n3al,normal,0.7689400315284729
h16fc3,normal,0.7721027731895447
lm4pih,normal,0.73335862159729
jtubsw,normal,0.7960525155067444
g4s1y7,normal,0.6490192413330078
b3f2av,normal,0.793969452381134
9ky2go,normal,0.7669317722320557
6aqm0e,normal,0.805864691734314
68x6ep,normal,0.7841984033584595
5ps7wx,normal,0.7010304927825928
5kzw9d,normal,0.7870326042175293
51y2sq,normal,0.8188197016716003
4pv61r,normal,0.7434794902801514
4pq2wf,normal,0.8297604322433472
4kxboj,normal,0.7735008001327515
4juhvq,normal,0.819826066493988
mu4t0d,normal,0.7789002656936646
mgf197,normal,0.772243082523346
gk9kf0,normal,0.7549876570701599
lghumf,normal,0.7921733260154724
gjqb4l,normal,0.7463603615760803
fe2nc1,normal,0.7511782646179199
fcdqjt,normal,0.7810099124908447
jt62pt,normal,0.7157936692237854
cqpwbd,normal,0.8300548791885376
dbjafc,normal,0.8037478923797607
jetd1w,normal,0.8135548830032349
ifimnz,normal,0.8209055066108704
c80e59,normal,0.731275737285614
aioas3,normal,0.8133783340454102
9x6z24,normal,0.7717601656913757
7bhs7e,normal,0.8343203067779541
mvszmo,normal,0.7778735160827637
kbr9s7,normal,0.7590377926826477
8bcykk,normal,0.8343203067779541
651hue,normal,0.6757092475891113
iucdey,normal,0.7971357107162476
6i4ujd,normal,0.609714925289154
4me257,normal,0.5613111853599548
466lds,normal,0.7067520022392273
4jug3m,normal,0.7698386311531067
65w15q,normal,0.7877025604248047
6e8yc3,normal,0.6057232022285461
78nw0f,normal,0.6835922598838806
6gynvb,normal,0.776309609413147
6bqex0,normal,0.7743868231773376
7emycl,normal,0.8343203067779541
mu8zq7,normal,0.7479594349861145
gonifb,normal,0.765448272228241
4o5k77,normal,0.7722324728965759
9x3e9v,normal,0.5971872210502625
4qxuyj,normal,0.798647940158844
54cg02,normal,0.7877247333526611
4buenh,normal,0.6866666078567505
6o005u,normal,0.7619262933731079
4e77y4,normal,0.7693057656288147
8lgqup,normal,0.802145779132843
3x1osk,normal,0.7661741971969604
4naugn,normal,0.8078566193580627
4cl2wa,normal,0.6920161843299866
knveyp,normal,0.795659601688385
iqustk,normal,0.6808499693870544
iwhov1,normal,0.7467626929283142
ipnmay,normal,0.6597652435302734
9j9gai,normal,0.6743194460868835
aw70kq,normal,0.7339434027671814
9j4trp,normal,0.6869701743125916
fp4uy1,normal,0.7859055399894714
7fh4jh,normal,0.7111776471138
5z6k25,normal,0.6973468065261841
448oz0,normal,0.7534302473068237
fxwl7e,normal,0.7405304312705994
gzzarz,normal,0.7946540117263794
3hhvvz,normal,0.7301971912384033
mj3v9o,normal,0.7720597982406616
m48ih8,normal,0.7741804122924805
m1kxgb,normal,0.7890732288360596
m0twug,normal,0.7610900402069092
lush1r,normal,0.8073581457138062
ltzgdw,normal,0.7899012565612793
ld62n5,normal,0.7291799187660217
