tweet_id,classification,classification_score
mpxy1p,normal,0.6773093342781067
mkq9ph,normal,0.8093663454055786
mnl7v6,normal,0.6996204853057861
m6ijlt,normal,0.7115546464920044
lyspcn,normal,0.7382150888442993
kqw8v2,normal,0.8259764909744263
lqxu1o,normal,0.6897651553153992
l5a9f1,normal,0.7715227603912354
ldegem,normal,0.48770833015441895
jxr6iz,normal,0.7680464386940002
k590qb,normal,0.7045866250991821
jx2pvr,normal,0.7737491726875305
kcgnj1,normal,0.8237670063972473
kdrn7g,normal,0.6953305602073669
jcu82x,normal,0.7871983051300049
jkp7nw,normal,0.7664509415626526
i5x3ca,normal,0.7751886248588562
k9gkx1,normal,0.7550683617591858
jbba50,normal,0.6530985236167908
j8dhtj,normal,0.7406277656555176
j50xkw,normal,0.6613245606422424
iwwutq,normal,0.7815446257591248
imb7y9,normal,0.7729403972625732
hi15sj,normal,0.7661733627319336
i06ggv,normal,0.7706927061080933
mvoayr,normal,0.823729395866394
fctfwv,normal,0.7848177552223206
c4g4go,normal,0.6535821557044983
4qnzci,normal,0.7284674048423767
2blucl,normal,0.7080759406089783
lmsul1,normal,0.7957773804664612
lykkmc,normal,0.6521620154380798
mcd54b,normal,0.7712388634681702
md3tv2,normal,0.7360692024230957
jpvvug,normal,0.7704210877418518
ldsvxp,normal,0.7864143252372742
kadsut,normal,0.7623999118804932
l75clg,normal,0.7754150032997131
moel5f,normal,0.6496744751930237
kexwdx,normal,0.7350510358810425
mklnjt,normal,0.7107033133506775
l80rbh,normal,0.7894173860549927
j90w2d,normal,0.720514714717865
j2sakd,normal,0.7800846695899963
mx8d4e,normal,0.518082857131958
mlbb75,normal,0.7777308225631714
m2dbon,normal,0.7485607862472534
mp34uj,normal,0.7680690884590149
ktp3fh,normal,0.8018953204154968
lq8v3b,normal,0.8176376819610596
moa7m4,normal,0.7810525894165039
mgi0x2,normal,0.7674497365951538
mps3ur,normal,0.7574806213378906
kp6nre,normal,0.7736528515815735
k04oyn,normal,0.8024314641952515
ikw72l,normal,0.7171955108642578
imufig,normal,0.802048921585083
jbu82c,normal,0.7869215607643127
hd8bqy,normal,0.7349975109100342
lfokhn,normal,0.8082204461097717
mgmdgo,normal,0.7726156711578369
m5m9sm,normal,0.8030367493629456
l71wxz,normal,0.7394473552703857
kmtmy8,normal,0.7546136379241943
ktxlu3,normal,0.6872704029083252
lfjyvr,normal,0.7119030952453613
hzyl3a,normal,0.7678085565567017
i80mj1,normal,0.7822075486183167
lfpx5m,normal,0.6369033455848694
mitj6m,normal,0.7819852828979492
ip182y,normal,0.8089541792869568
j6lh4k,normal,0.7621291279792786
ma1fd6,normal,0.742766261100769
mk2fhj,normal,0.822831392288208
kghxar,normal,0.7887485027313232
mp8p26,normal,0.7908086180686951
mq4efw,normal,0.7613899111747742
mkctpt,normal,0.6032611131668091
ml1t6c,normal,0.8184658288955688
mald7g,normal,0.6058789491653442
macn06,normal,0.7998340129852295
m7tudi,normal,0.8227947950363159
m1obiq,normal,0.7691336274147034
m2j0ix,normal,0.751625120639801
m252n0,normal,0.7812299132347107
m0114f,normal,0.7664476633071899
lyl5nh,normal,0.806816041469574
lujhbq,normal,0.7955424189567566
mfh000,normal,0.6298479437828064
md370c,normal,0.7681135535240173
kz5wib,normal,0.7802940011024475
jdayqb,normal,0.7820551991462708
i689oc,normal,0.7647173404693604
9x1rdu,normal,0.7026367783546448
6j1kw3,normal,0.7064847946166992
3vjz0l,normal,0.6398714780807495
546g06,normal,0.795299768447876
mwzuhj,normal,0.7550880908966064
mq9gtj,normal,0.7930809259414673
mh6u8i,normal,0.7812061905860901
knt884,normal,0.7741162180900574
ju6439,normal,0.8139398694038391
msuw8m,normal,0.736034631729126
mvr93y,normal,0.5156769156455994
ln0cee,normal,0.7891008257865906
moebw4,normal,0.8501799702644348
m3bgzo,normal,0.6762347221374512
kg3ggo,normal,0.7321580648422241
l8ih9r,normal,0.8024297952651978
mac6mn,normal,0.747399091720581
gz2na3,normal,0.6433301568031311
m75kal,normal,0.8034363985061646
koailu,normal,0.7902248501777649
mm7rmv,normal,0.8088230490684509
l3jbtk,normal,0.8063696026802063
l14t9w,normal,0.8220952749252319
lgcxg3,normal,0.7814586162567139
l4gpcw,normal,0.7918683290481567
kuqdrk,normal,0.7830756902694702
kru2yr,normal,0.775208592414856
jj9b4c,normal,0.7640564441680908
gj6lcp,normal,0.8096564412117004
i4gcfs,normal,0.7553380727767944
dhwuql,normal,0.8063199520111084
cd5cd5,normal,0.7649732232093811
fzfs85,normal,0.8031750917434692
g6weu4,normal,0.6992640495300293
c827yn,normal,0.7813513278961182
acip12,normal,0.7098743319511414
3a3qhh,normal,0.76969313621521
9k14x5,normal,0.774296224117279
4nxjwc,normal,0.8247538805007935
4uumxm,normal,0.7927964925765991
3vj7b3,normal,0.8125258684158325
8n4723,normal,0.8207780122756958
4zp6ja,normal,0.7559765577316284
ffyvir,normal,0.7806527614593506
kuf8gy,normal,0.6315070390701294
jzlktc,normal,0.6996386647224426
k7jeqj,normal,0.7833586931228638
jc4cba,normal,0.7355523705482483
jkonb9,normal,0.7876108288764954
jw2xqm,normal,0.5399008393287659
2dc4a2,normal,0.7484860420227051
fuhhlk,normal,0.6826794743537903
i07msu,normal,0.7442061901092529
igaszu,normal,0.7627528309822083
bbs7hp,normal,0.6231772303581238
ms3sq0,normal,0.6722933053970337
lki73k,normal,0.753288984298706
m5sj3e,normal,0.7883761525154114
mlpjy1,normal,0.760686457157135
m6p3bd,normal,0.8066161870956421
mqzsmb,normal,0.782806396484375
mji2uq,normal,0.774335503578186
midtet,normal,0.7113012075424194
kjidls,normal,0.5876970291137695
l9sqrf,normal,0.4905301332473755
me0n9u,normal,0.7714636921882629
hfnkns,normal,0.7682981491088867
l980du,normal,0.6862075924873352
mseyfr,normal,0.7825328707695007
m5nvrg,normal,0.7521244883537292
ms6x7n,normal,0.7579910159111023
j1oaxh,normal,0.7429366111755371
l9gujz,normal,0.7792441844940186
ms6qan,normal,0.6209404468536377
mraz1y,normal,0.8060066103935242
mkrmax,normal,0.7249797582626343
l6old1,normal,0.7286766171455383
mqtwu3,normal,0.6914210915565491
mijzig,normal,0.657429039478302
msszx9,normal,0.7965614199638367
m0u4gw,normal,0.7658450603485107
mwylkw,normal,0.7704626321792603
mim20z,normal,0.7330923676490784
mkx2su,normal,0.8086692690849304
mssjhr,normal,0.7128446698188782
mxqmi8,normal,0.7704488635063171
mxk0wb,normal,0.8080304265022278
mxq5ui,normal,0.7740256190299988
mxmgky,normal,0.7779983282089233
my01ho,normal,0.683242678642273
mxytad,normal,0.7876166105270386
mxsz4m,normal,0.7702414989471436
mxz002,normal,0.7920069098472595
mxtezl,normal,0.7747528553009033
mxolql,normal,0.758987307548523
mxa6du,normal,0.8011696934700012
mw6udo,normal,0.8278265595436096
mxdqqv,normal,0.6785018444061279
mx9l8s,normal,0.7958657741546631
mx9ips,normal,0.7290463447570801
mkrygj,normal,0.7591606378555298
mw54a0,normal,0.6713283061981201
mpqvoq,normal,0.7483308911323547
i355il,normal,0.7844578623771667
mubfmy,normal,0.832942008972168
ksa1wo,normal,0.7783631086349487
lgwyi6,normal,0.7179381251335144
lxx3jg,normal,0.7912068963050842
meyu6j,normal,0.7031698822975159
l2w24z,normal,0.7658995389938354
m6f7js,normal,0.7168384194374084
ko4bik,normal,0.827028214931488
jqrval,normal,0.7955325245857239
ee3f9r,normal,0.7551994323730469
mgogg9,normal,0.8006145358085632
mxin93,normal,0.7025885581970215
mutold,normal,0.7240735292434692
mxuwe1,normal,0.777620255947113
mu3xo2,normal,0.7412327527999878
msjjm0,normal,0.7953338623046875
mwnsai,normal,0.6325196623802185
mw9j1d,normal,0.7477725148200989
mr243h,normal,0.6749081015586853
mpnyze,normal,0.8162415027618408
mpomb9,normal,0.7951034903526306
mp55ck,normal,0.7694932818412781
mpblvo,normal,0.776092529296875
mlq5dc,normal,0.8019496202468872
mx2d29,normal,0.7057744264602661
mwwm7b,normal,0.7735021114349365
mxjgkd,normal,0.8239932656288147
mx3404,normal,0.7787371873855591
mwevb2,normal,0.6889058351516724
mwn1jg,normal,0.7836869359016418
mwm25j,normal,0.7587047815322876
mwrru5,normal,0.8023677468299866
mvssos,normal,0.7750133872032166
mvynbv,normal,0.7803947925567627
