tweet_id,classification,classification_score
mu1uyf,normal,0.6066076159477234
muduez,normal,0.7873857617378235
lwlcou,normal,0.8120157122612
m9bqdy,normal,0.7210150957107544
i36az1,normal,0.7542479634284973
kdq8q6,normal,0.7785437703132629
iloo6g,normal,0.8025940656661987
jw1hws,normal,0.7741698622703552
fr7gwp,normal,0.7730797529220581
jt7a0f,normal,0.796232283115387
e9bzow,normal,0.8015483021736145
epinhr,normal,0.7612432837486267
gz4d26,normal,0.782417356967926
hns1ps,normal,0.6539616584777832
k1r1t5,normal,0.7699567675590515
drt2wd,normal,0.7533426880836487
dtypde,normal,0.7920911908149719
gne9b9,normal,0.6900252103805542
jw9zr1,normal,0.7671053409576416
e5h6ki,normal,0.7284281849861145
dyczd8,normal,0.7313516139984131
f9l7wm,normal,0.8082225322723389
epfjoz,normal,0.7373546957969666
c9i6dh,normal,0.7616339921951294
9ggh4y,normal,0.7491834759712219
7uwtew,normal,0.7641617059707642
7wacni,normal,0.7490384578704834
7jhdee,normal,0.7361123561859131
7ng2ia,normal,0.7954050898551941
8bnb9d,normal,0.6572843194007874
d37c8h,normal,0.7819881439208984
ab300t,normal,0.7587953805923462
ezjwxs,normal,0.7326892018318176
jauag1,normal,0.7825956344604492
ehdulz,normal,0.7537999153137207
8appfd,normal,0.7695784568786621
8cgvqz,normal,0.767622172832489
kxqbfh,normal,0.8084263801574707
i2ncwf,normal,0.7933847904205322
a19ov0,normal,0.8081693053245544
7drlc7,normal,0.7517732381820679
er55my,normal,0.7870548367500305
es37um,normal,0.7587378025054932
etgs5t,normal,0.7298967838287354
eqs0km,normal,0.7794215083122253
eqxt7k,normal,0.7073308229446411
epa8ni,normal,0.7099536061286926
epscwx,normal,0.7683922648429871
e9e003,normal,0.7671852707862854
eqwpuj,normal,0.7848591208457947
eq4wg8,normal,0.7385361194610596
k1pmw3,normal,0.7618665099143982
e2peaq,normal,0.7732500433921814
ds815u,normal,0.7894984483718872
d25jz5,normal,0.8185456991195679
dyoa6f,normal,0.8176047205924988
8k7ap8,normal,0.8130262494087219
7djbm4,normal,0.7090867757797241
jwa23b,normal,0.7946328520774841
jw9xzy,normal,0.7275019884109497
is60ck,normal,0.639699399471283
hlr3kz,hate speech,0.373634934425354
gw012b,normal,0.737488329410553
f40ow3,normal,0.7558133006095886
e95454,normal,0.8186891078948975
e95pyo,normal,0.700795590877533
e11ae7,normal,0.7098863124847412
ds38j7,normal,0.7089442610740662
dio0ew,normal,0.5744810700416565
lzdab6,normal,0.7686660885810852
kcf7uc,normal,0.7245063185691833
k01o82,normal,0.7918710112571716
jwsg9b,normal,0.8146679401397705
jtz22l,normal,0.8160817623138428
jtaczu,normal,0.8071573972702026
87096o,normal,0.730774462223053
8e3teg,normal,0.8392000198364258
7ghnvm,normal,0.6564121842384338
meu6sw,normal,0.7609729766845703
a6fv8g,normal,0.7539527416229248
dig401,normal,0.800039529800415
dp1wg1,normal,0.790839672088623
8zhuy7,normal,0.7312447428703308
lqec7p,normal,0.8014304041862488
mk8m8q,normal,0.7903309464454651
l9pu98,normal,0.7956956624984741
lpt2vp,normal,0.7112016081809998
lghdgo,normal,0.8024128675460815
l68jkt,normal,0.7625241875648499
le2lp3,normal,0.8253839612007141
gv7oey,normal,0.7417960166931152
j3cg1j,normal,0.7361980080604553
hy1pae,normal,0.6994723081588745
hjxr4e,normal,0.7011272311210632
cmjxmw,normal,0.6557326912879944
hvn47d,normal,0.7608873248100281
e3n3al,normal,0.7689400315284729
h16fc3,normal,0.7721027731895447
lm4pih,normal,0.73335862159729
jtubsw,normal,0.7960525155067444
ifimnz,normal,0.8209055066108704
hacxky,normal,0.7294758558273315
9ky2go,normal,0.7669317722320557
4pv61r,normal,0.7434794902801514
db88sc,normal,0.772219181060791
361xds,normal,0.7630664706230164
g4s1y7,normal,0.6490192413330078
46y3e3,normal,0.7943413853645325
bgqz36,normal,0.8162360191345215
651hue,normal,0.6757092475891113
b3f2av,normal,0.793969452381134
419srf,normal,0.8094528913497925
mu4t0d,normal,0.7789002656936646
mgf197,normal,0.772243082523346
gk9kf0,normal,0.7549876570701599
lghumf,normal,0.7921733260154724
gjqb4l,normal,0.7463603615760803
fe2nc1,normal,0.7511782646179199
fcdqjt,normal,0.7810099124908447
jt62pt,normal,0.7157936692237854
cqpwbd,normal,0.8300548791885376
dbjafc,normal,0.8037478923797607
jetd1w,normal,0.8135548830032349
c80e59,normal,0.731275737285614
aioas3,normal,0.8133783340454102
9x6z24,normal,0.7717601656913757
7bhs7e,normal,0.8343203067779541
mvszmo,normal,0.7778735160827637
kbr9s7,normal,0.7590377926826477
8bcykk,normal,0.8343203067779541
iucdey,normal,0.7971357107162476
6i4ujd,normal,0.609714925289154
4me257,normal,0.5613111853599548
466lds,normal,0.7067520022392273
4jug3m,normal,0.7698386311531067
65w15q,normal,0.7877025604248047
6e8yc3,normal,0.6057232022285461
78nw0f,normal,0.6835922598838806
6gynvb,normal,0.776309609413147
6bqex0,normal,0.7743868231773376
7emycl,normal,0.8343203067779541
mu8zq7,normal,0.7479594349861145
gonifb,normal,0.765448272228241
4o5k77,normal,0.7722324728965759
9x3e9v,normal,0.5971872210502625
4qxuyj,normal,0.798647940158844
54cg02,normal,0.7877247333526611
4buenh,normal,0.6866666078567505
6o005u,normal,0.7619262933731079
4e77y4,normal,0.7693057656288147
8lgqup,normal,0.802145779132843
3x1osk,normal,0.7661741971969604
4naugn,normal,0.8078566193580627
4cl2wa,normal,0.6920161843299866
knveyp,normal,0.795659601688385
iqustk,normal,0.6808499693870544
iwhov1,normal,0.7467626929283142
ipnmay,normal,0.6597652435302734
9j9gai,normal,0.6743194460868835
aw70kq,normal,0.7339434027671814
9j4trp,normal,0.6869701743125916
fp4uy1,normal,0.7859055399894714
7fh4jh,normal,0.7111776471138
5z6k25,normal,0.6973468065261841
448oz0,normal,0.7534302473068237
fxwl7e,normal,0.7405304312705994
gzzarz,normal,0.7946540117263794
3hhvvz,normal,0.7301971912384033
mj3v9o,normal,0.7720597982406616
m48ih8,normal,0.7741804122924805
m1kxgb,normal,0.7890732288360596
m0twug,normal,0.7610900402069092
lush1r,normal,0.8073581457138062
ltzgdw,normal,0.7899012565612793
ld62n5,normal,0.7291799187660217
hsyns4,normal,0.7571207284927368
mcp2eh,normal,0.8215983510017395
ll20uy,normal,0.7861467599868774
97csq3,normal,0.8067795634269714
9qfnck,normal,0.8247681856155396
4nqzfk,normal,0.795620322227478
6a8q8m,normal,0.8059870600700378
4ofvpc,normal,0.7616168856620789
4gv0v8,normal,0.7585350275039673
hry81l,normal,0.8055412769317627
1i9pc1,normal,0.7861736416816711
i8kqxg,normal,0.7751527428627014
4l4je3,normal,0.7848963141441345
kgcnc4,normal,0.7956359386444092
c8h5fw,normal,0.7913914918899536
c6bhw9,normal,0.7202446460723877
2rxcj1,normal,0.7943761348724365
a30xxn,normal,0.7873742580413818
964paa,normal,0.6540025472640991
544abx,normal,0.7647219896316528
71ghrz,normal,0.7427955865859985
2x6j0b,normal,0.7464746236801147
3ikofd,normal,0.8070916533470154
4gqgu8,normal,0.8131581544876099
6q18ty,normal,0.7479381561279297
2o9y9m,normal,0.7923761606216431
4is627,normal,0.8045439720153809
6e6o9m,normal,0.6457465887069702
4g1ua0,normal,0.750881552696228
3w0v1w,normal,0.7605068683624268
31rm5o,normal,0.7982533574104309
jotjmi,normal,0.5848261117935181
e6yva6,normal,0.822507381439209
7i9w1z,normal,0.8112146258354187
e2driy,normal,0.5993077158927917
8zkytb,normal,0.7615426778793335
ch3wn8,normal,0.7480941414833069
bjesys,normal,0.7606449723243713
7xsw4j,normal,0.7759983539581299
9n0eah,normal,0.7374340891838074
7mfo41,normal,0.5448294281959534
70ypny,normal,0.7099543213844299
5v4heh,normal,0.7320884466171265
6pln2k,normal,0.4603078365325928
gulgdn,normal,0.5886353254318237
35vrql,normal,0.7392551302909851
3e1bnh,normal,0.745216965675354
36twp2,normal,0.7788376808166504
30csxt,normal,0.746982216835022
64qz5r,normal,0.7691025733947754
d3psgv,normal,0.7567387819290161
4uaz3r,normal,0.7923731803894043
36mxmd,normal,0.7358652949333191
7t9sjg,normal,0.7283270359039307
68x7hk,normal,0.7077352404594421
67aty5,normal,0.7211961150169373
62fm94,normal,0.809299111366272
5xak6x,normal,0.756733238697052
kxeofo,normal,0.6148762702941895
j06awv,normal,0.7405040264129639
mr0uqx,normal,0.7651212811470032
m70kek,normal,0.7893041968345642
mmptiq,normal,0.7614349126815796
jn4i21,normal,0.8049230575561523
hz06al,normal,0.7578181028366089
gptfcq,normal,0.7041510939598083
ij5ek2,normal,0.6929140686988831
hponya,normal,0.7988320589065552
fmaaaq,normal,0.7853013277053833
kcf430,normal,0.7890267968177795
fg8a4d,normal,0.8040892481803894
ghpf51,normal,0.8162122368812561
b3brin,normal,0.8432229161262512
1y407u,normal,0.6538111567497253
37ox8m,normal,0.7559303641319275
43kse1,normal,0.7701951265335083
2t7no2,normal,0.8059489130973816
2m35dm,normal,0.7495447993278503
4c8x8k,normal,0.7058936357498169
c8owpq,normal,0.7527123093605042
7ek16o,normal,0.7895060777664185
3s87ft,normal,0.6277180314064026
10lhyj,normal,0.7488749027252197
jwaw4n,normal,0.6496744751930237
78okxj,normal,0.7389347553253174
ezdi4c,normal,0.7257065773010254
fqgs22,normal,0.745137095451355
36yule,normal,0.8111323714256287
k8fcq4,normal,0.7795440554618835
k89mhw,normal,0.7827756404876709
k3blqu,normal,0.8007764220237732
jmuk93,normal,0.7665221095085144
ihdfl5,normal,0.7773717641830444
ig4nyc,normal,0.7532012462615967
hzjs6o,normal,0.5873752236366272
gkuagh,normal,0.7760822176933289
eb3ikt,normal,0.7283339500427246
e8ksnj,normal,0.759253203868866
dxhgan,normal,0.7507132887840271
d6b1l4,normal,0.7671037316322327
ccw5an,normal,0.7067109942436218
bko7jh,normal,0.7362801432609558
mwkdm6,normal,0.7760950326919556
mrwtpw,normal,0.7562392950057983
ms161i,normal,0.799003005027771
mpsvue,normal,0.749326229095459
mixf9g,normal,0.7877975106239319
misvbf,normal,0.7626577615737915
metwdo,normal,0.6710097193717957
mb12a1,normal,0.8001464605331421
lqc6qw,normal,0.6641955971717834
lheet5,normal,0.7892144322395325
lgx8gd,normal,0.7570430040359497
lg0v5h,normal,0.8340500593185425
lfc9e0,normal,0.7588964700698853
ler9nc,normal,0.7786170840263367
ld0jtb,normal,0.7469044327735901
m6mdrf,normal,0.7195196151733398
mh28he,normal,0.7426177263259888
mift4h,normal,0.7440322637557983
mi8og4,normal,0.6236651539802551
kpttrv,normal,0.6319488883018494
mrt0to,normal,0.6896458864212036
lfukev,normal,0.6665195822715759
lkyi3o,normal,0.7958270907402039
loyqcd,normal,0.6388640403747559
kbldp5,normal,0.7316128015518188
ltu0tt,normal,0.7930614352226257
h856l1,normal,0.8080301284790039
mpnktn,normal,0.788364052772522
k9xneo,normal,0.7211295962333679
etn1h6,normal,0.7668172121047974
9wvug1,normal,0.8094992637634277
lc0xfz,normal,0.6987366080284119
lnvufx,normal,0.6837587952613831
dmzlae,normal,0.7407833337783813
dx1w9s,normal,0.7435754537582397
elf0ld,normal,0.7908980846405029
dpd56g,normal,0.7548391819000244
mcf7hq,normal,0.7650426626205444
dtmwun,normal,0.7558115124702454
jvms5y,normal,0.7881104946136475
k76gbd,normal,0.8199507594108582
dwxiwf,normal,0.809004008769989
k6yo21,normal,0.7906726002693176
jj7plc,normal,0.7900729775428772
mu43r1,normal,0.7540715336799622
ji18df,normal,0.7181481719017029
iwx08h,normal,0.7796118259429932
kml1jw,normal,0.8231886625289917
lcargp,normal,0.6911349296569824
lyawqk,normal,0.6257691383361816
l9ka8m,normal,0.6544221043586731
d0os4f,normal,0.7792226672172546
d4dy15,normal,0.758550763130188
ieejyp,normal,0.7939541935920715
jm28sz,normal,0.6755363941192627
jja5pb,normal,0.7431544661521912
fdehxg,normal,0.7718838453292847
lh2rpf,normal,0.7207059264183044
mq3cgm,normal,0.8262620568275452
ly04m4,normal,0.7489199638366699
lgtrsd,normal,0.7383986115455627
mhxyaf,normal,0.7872954607009888
kymjcg,normal,0.7838613390922546
d8gj5e,normal,0.7849459648132324
je82wz,normal,0.7388807535171509
a8ofe6,normal,0.8103923797607422
ikkh7k,normal,0.7512965798377991
innqp0,normal,0.7955840826034546
mvxd8v,normal,0.7588420510292053
mw515u,normal,0.7924469113349915
liq4yo,normal,0.6349012851715088
dv59my,normal,0.7778264880180359
epwqjd,normal,0.7670674324035645
l1gvk6,normal,0.7630780339241028
l568lg,normal,0.7780520915985107
d1k587,normal,0.7794221043586731
j3v869,normal,0.7791096568107605
iesj94,normal,0.7687663435935974
a3e2l6,normal,0.6539616584777832
cwobdl,normal,0.7932573556900024
k7bb35,normal,0.814774215221405
a7c79d,normal,0.6654307246208191
it4pb4,normal,0.7278524041175842
dczltf,normal,0.747808039188385
czspog,normal,0.8159359693527222
awygdj,normal,0.73285311460495
l83x67,normal,0.7186806201934814
9z30xd,normal,0.7654119729995728
hcurvf,normal,0.7717903256416321
d3qrni,normal,0.832435131072998
erso40,normal,0.7589507699012756
9zaoeu,normal,0.7485653758049011
9gow5w,normal,0.8169481158256531
9lcau6,normal,0.7224210500717163
9f4ci2,normal,0.6540080904960632
8vdsbn,normal,0.7833124995231628
dmqcao,normal,0.7940009236335754
e25xkp,normal,0.7743324041366577
d2xdpv,normal,0.7214266061782837
le5xk9,normal,0.7327420115470886
e425w9,normal,0.7769466042518616
d1wj7q,normal,0.7779228687286377
la38sd,normal,0.8020999431610107
i5z8e9,normal,0.7875859141349792
msm00c,normal,0.6932824850082397
mr3jfg,normal,0.770643949508667
mpllmb,normal,0.7905969023704529
meiko9,normal,0.7633553743362427
mp0jdm,normal,0.7440342307090759
ho05ps,normal,0.7936258912086487
mhf394,normal,0.7688910365104675
mj9gmt,normal,0.7734681367874146
lj16l4,normal,0.6506562232971191
l1seaa,normal,0.4707755446434021
jbj8ep,normal,0.7811967730522156
kjlywy,normal,0.7429758906364441
9ttkvx,normal,0.8231487274169922
92rarf,normal,0.7819857597351074
7wwhim,normal,0.765926718711853
eowsel,normal,0.805274486541748
crnlco,normal,0.7945022583007812
dx4ygw,normal,0.5131159424781799
djqdwu,normal,0.7391150593757629
egxl7t,normal,0.824897825717926
avmm9g,normal,0.7509127855300903
9ehbzk,normal,0.7995612621307373
enu289,normal,0.7603804469108582
kvlb7d,normal,0.7754368185997009
e0clbk,normal,0.6905386447906494
la93c5,normal,0.7433295845985413
jz48z2,normal,0.7885047197341919
boq8j4,normal,0.7556028366088867
kyysxd,normal,0.724744439125061
9prabs,normal,0.7666712403297424
jlxlxl,normal,0.7710193395614624
h0p9oe,normal,0.7514638304710388
iet5pm,normal,0.7411264181137085
dgermb,normal,0.755382239818573
dvmkvj,normal,0.7743632197380066
dxxso0,normal,0.7555878758430481
ixwsvd,normal,0.7340861558914185
msxebs,normal,0.7132925987243652
mtgpnn,normal,0.781990647315979
mlotal,normal,0.7721456289291382
mh4jiq,normal,0.7827193140983582
mk4kx0,normal,0.8188074231147766
ma6zq8,normal,0.7768945097923279
mc1gm2,normal,0.7637923955917358
mbnrxx,normal,0.8029031157493591
mb3sqg,normal,0.7828721404075623
mb69dm,normal,0.8061171174049377
m7o9tu,normal,0.7748094797134399
m6z1xj,normal,0.7318034172058105
m6i09b,normal,0.7543222904205322
m5qfh1,normal,0.801396369934082
lz8nda,normal,0.7769196629524231
hikfi9,normal,0.8134956955909729
lrtigi,normal,0.7347453832626343
kqiqlt,normal,0.6993149518966675
jvgg2a,normal,0.7029510140419006
i6mf5k,normal,0.5419925451278687
k5xtgj,normal,0.7628481984138489
mc3aye,normal,0.8333141803741455
knhi68,normal,0.6502372622489929
md1v9e,normal,0.7496670484542847
jw5cs4,normal,0.7106685042381287
jv5umq,normal,0.7275019884109497
hh056a,normal,0.7744600772857666
htulzn,normal,0.7379935383796692
mvnvuw,normal,0.7559034824371338
mk50dm,normal,0.7862556576728821
mge2xf,normal,0.7787735462188721
m4roih,normal,0.8225308060646057
kzntcp,normal,0.5795901417732239
kwpll4,normal,0.5797016620635986
jv6moh,normal,0.7760105729103088
jn0n92,normal,0.8226644396781921
hxla3j,normal,0.7713256478309631
huabbe,normal,0.7608586549758911
mu96bq,normal,0.7445228099822998
mumnhm,normal,0.7489334940910339
mtcqil,normal,0.8137767314910889
mwfgx0,hate speech,0.42285868525505066
mtcwrz,normal,0.7303813099861145
mqbaw6,normal,0.7022172808647156
mqj5z8,normal,0.7877985835075378
mnp6nn,normal,0.5172215700149536
mkrh5y,normal,0.7580413222312927
mk5otn,normal,0.8008420467376709
mk3tn9,normal,0.744327187538147
mfz13f,normal,0.7986745238304138
mfvvqf,normal,0.8192480802536011
mfbcb6,normal,0.7453205585479736
mi1m8b,normal,0.8173121213912964
mab3ll,normal,0.7198143005371094
mgpnkf,normal,0.7384634613990784
lt4igy,normal,0.8120653033256531
mncckj,normal,0.6743346452713013
mu4tik,normal,0.7789002656936646
mtiyho,normal,0.7859273552894592
m8vu8b,normal,0.7255657315254211
kzlv2o,normal,0.8261644244194031
k3ii2x,normal,0.7676661610603333
lr24j1,normal,0.7437807321548462
da6ttg,normal,0.8076999187469482
g78x3v,normal,0.7396975755691528
isw60n,normal,0.8125916123390198
mv9y40,normal,0.8167672753334045
mu1cv6,normal,0.7917191386222839
mqlgem,normal,0.7796129584312439
molaht,normal,0.7932685613632202
mjranx,normal,0.7804514765739441
mipz0l,normal,0.8126827478408813
mgqs10,normal,0.7590656280517578
mgdpfa,normal,0.7579571604728699
mgk654,normal,0.7730798721313477
m81au8,normal,0.7747313976287842
m7fvlu,normal,0.6751410961151123
m4dmmj,normal,0.7501294016838074
mtdof0,normal,0.7909068465232849
mrtf0r,normal,0.7176088094711304
mj48gk,normal,0.8395065665245056
lzilwg,normal,0.7211384177207947
liyc6h,normal,0.7994272708892822
mpvrhb,normal,0.7788469195365906
l82rik,normal,0.7887788414955139
lm3nas,normal,0.7944964170455933
m0gbvw,normal,0.6081078052520752
jjv85f,normal,0.806449830532074
m5vxzm,normal,0.8022132515907288
meugoi,normal,0.697867214679718
hax40d,normal,0.6506124138832092
lz1cwf,normal,0.7815910577774048
lwit22,normal,0.7428504824638367
m7hzxn,normal,0.817714273929596
lnqabl,normal,0.7909166216850281
mfjdk1,normal,0.6501986980438232
kcrhnl,normal,0.7637657523155212
m5wcon,normal,0.7596245408058167
h15w9i,normal,0.7659419775009155
lk4vd7,normal,0.7815085053443909
mkuk16,normal,0.7707875370979309
ezv0sh,normal,0.7616127133369446
lkslm8,normal,0.6968721747398376
f1mjru,normal,0.7312352061271667
e8l5xh,normal,0.7461167573928833
ffglnx,normal,0.7522463798522949
fjb9t0,normal,0.778363823890686
851b1s,normal,0.6913086175918579
mp6w3r,normal,0.7460051774978638
la8ots,normal,0.7833472490310669
jy5yyn,normal,0.6770997643470764
errefp,normal,0.7552617788314819
k1kyk4,normal,0.6467076539993286
ft1tzy,normal,0.6839547157287598
j4p31q,normal,0.7810419797897339
hqoinl,normal,0.7660812139511108
iozu5r,normal,0.6781471967697144
eox6fj,normal,0.7426207661628723
e84lvx,normal,0.794667661190033
gj9rrr,normal,0.7054743766784668
dsrepv,normal,0.6387508511543274
df0quj,normal,0.7616556286811829
lzxtqt,normal,0.7444944977760315
mpik3u,normal,0.814628541469574
lxandq,normal,0.746414303779602
jzkj90,normal,0.8036617636680603
miw0qs,normal,0.8085520267486572
lpddot,normal,0.7816109657287598
l007t8,normal,0.7052638530731201
kaert2,normal,0.7568597197532654
mp7vf8,normal,0.7120087742805481
kaadkf,normal,0.7567430138587952
mkrzoo,normal,0.7956941723823547
m6psty,normal,0.700818657875061
lrtr1h,normal,0.8042978048324585
mlvrko,normal,0.7317392230033875
mwe0n5,normal,0.7943438291549683
kea43o,normal,0.8227498531341553
mp635y,normal,0.6379899978637695
ms4fdc,normal,0.7295889854431152
kplmlm,normal,0.8050695657730103
mbx46l,normal,0.8382090330123901
m59w9m,normal,0.6937559843063354
jgp8t3,normal,0.7794778943061829
mdc1ka,normal,0.7777540683746338
kuz4yt,normal,0.7496023178100586
m0s6zd,normal,0.6557326912879944
k4xbi7,normal,0.606376051902771
lrwaoj,normal,0.677486002445221
l35hog,normal,0.7293553948402405
l36b0v,normal,0.7293553948402405
ibur66,normal,0.7298101782798767
mdhag7,normal,0.7359978556632996
mttsp0,normal,0.7551154494285583
mlkrw1,normal,0.789700448513031
mgoznm,normal,0.7891896367073059
j1u4sb,normal,0.7445061802864075
jv6ao0,normal,0.7930495738983154
icjz4x,normal,0.775518000125885
harnfz,normal,0.7391951084136963
fdgbbz,normal,0.7713795900344849
kzlqg7,normal,0.6695927381515503
ik44pm,normal,0.7585472464561462
gd3k15,normal,0.6621747016906738
mcj2k4,normal,0.7955162525177002
g3cl4c,normal,0.778433620929718
laihzl,normal,0.7887837290763855
gye7e2,normal,0.7685088515281677
juhl1h,normal,0.7420000433921814
mc5d91,normal,0.7623479962348938
mstd78,normal,0.7503857016563416
me6p92,normal,0.8029454946517944
miulsp,normal,0.7644169926643372
mfcdfd,normal,0.7286013960838318
lk2jku,normal,0.7746061682701111
lobd4i,normal,0.7405105233192444
mw5hqm,normal,0.6225560903549194
lq1guv,normal,0.792609453201294
mcm3pw,normal,0.7860196828842163
lwar3z,normal,0.7860133647918701
lqv088,normal,0.7795122265815735
m7xm9m,normal,0.8403490781784058
l3smjc,normal,0.7729276418685913
l9vq47,normal,0.8090864419937134
lw3lxu,normal,0.7952548861503601
m98e2e,normal,0.7560344338417053
jrkk6q,normal,0.6755850315093994
m53a68,normal,0.7398142218589783
mict6e,normal,0.6436964273452759
mmld2q,normal,0.7698600888252258
ms84vi,normal,0.7822962999343872
l84qbd,normal,0.7248719930648804
i6rg8v,normal,0.7196809649467468
ja4o2m,normal,0.6670241951942444
mbmahq,normal,0.7662274837493896
gpsjsx,normal,0.6814761161804199
l7b8q7,normal,0.7669113874435425
lpf1w5,normal,0.7864040732383728
mornxt,normal,0.849238932132721
mpu9u6,normal,0.7400611042976379
mi08yv,normal,0.7512847781181335
mp2x43,normal,0.7905471920967102
mw3ine,normal,0.8062024712562561
mateng,normal,0.6744478344917297
mpi1pr,normal,0.8114888072013855
m7bqds,normal,0.7621262669563293
miye84,normal,0.7961529493331909
mxjdvv,normal,0.7727435827255249
mucjqm,normal,0.7908467054367065
lvd7m6,normal,0.7833219170570374
knelzt,normal,0.7777743935585022
lkhdyy,normal,0.727734386920929
mhcw6z,normal,0.7737227082252502
mnr7kr,normal,0.7995452880859375
6haein,normal,0.7552683353424072
mtds7y,normal,0.5266155004501343
ml0juq,normal,0.7172316908836365
qj89q,normal,0.7657257914543152
k9dyws,normal,0.7548492550849915
4ajhje,normal,0.5891724228858948
379ra9,normal,0.7789754271507263
v3xe5,normal,0.7519212961196899
8da7z,normal,0.6621987223625183
97o9ms,normal,0.7510668039321899
itkfps,normal,0.7514033913612366
gs5h6q,normal,0.7480499744415283
11bmlg,normal,0.800309956073761
l2dm1,normal,0.7638407945632935
mvu4it,normal,0.596176028251648
mgrksb,normal,0.7837013602256775
mh5ma7,normal,0.7562228441238403
keal23,normal,0.6649404168128967
k4abkq,normal,0.7283275127410889
huefey,normal,0.6540213227272034
lywqwv,normal,0.6410025358200073
gthm5w,normal,0.7841352224349976
mfwlxd,normal,0.8156315088272095
m9pdvf,normal,0.5190154314041138
mnq932,normal,0.7231180667877197
l7xujv,normal,0.8332133889198303
ljhzpc,normal,0.7935438752174377
m29glh,normal,0.7832040786743164
k4tcty,normal,0.7389122843742371
lwy5xc,normal,0.7268438339233398
kk3nr8,normal,0.6682583093643188
hnkawb,normal,0.761115312576294
m2ftsw,normal,0.6651760339736938
g0wmmn,normal,0.7600868344306946
lxl5ay,normal,0.6854019165039062
dmmxgy,normal,0.6691465973854065
ms02rt,normal,0.7452223300933838
m4xrw5,normal,0.8244151473045349
cnk5oi,normal,0.7512128949165344
m6k4gv,normal,0.7657932043075562
mvg1hj,normal,0.539837121963501
m2nd6o,normal,0.7494319677352905
ml43r2,normal,0.5981371998786926
m4ivsf,normal,0.6095376014709473
kjysoz,normal,0.8267444968223572
mw8zfy,normal,0.7611236572265625
mgee5k,normal,0.6698710918426514
mbit8w,normal,0.7684755325317383
khxzap,normal,0.755704939365387
mdr8jr,normal,0.7895997762680054
k1hahw,normal,0.7601714730262756
ji1cot,normal,0.7517771124839783
mxin93,normal,0.7025885581970215
ldnj37,normal,0.7958887815475464
lw203q,normal,0.7439271807670593
mqeuwc,normal,0.7700186371803284
m8hwgn,normal,0.8147836923599243
lcdsqt,normal,0.7798736095428467
mtcrky,normal,0.8025779724121094
l9inku,normal,0.7532870173454285
ln5xe9,normal,0.7787790298461914
kujxs9,normal,0.7507676482200623
ha4t7t,normal,0.696767270565033
mrp41x,normal,0.6751977205276489
mraz1y,normal,0.8060066103935242
lgdwrf,normal,0.7625265121459961
mu60f2,normal,0.6657634377479553
lsvrco,normal,0.7998828887939453
ho3qie,normal,0.7983887195587158
ghmwqo,normal,0.6322410106658936
hez7cs,normal,0.688041627407074
mswdnc,normal,0.7207886576652527
mi4dmw,normal,0.749294638633728
ljx61o,normal,0.7839419841766357
mcgw21,normal,0.7747356295585632
lz1wrc,normal,0.6721197366714478
lh7s77,normal,0.8079037070274353
6ap2aj,normal,0.6339397430419922
h9pn6a,normal,0.7693494558334351
it05gr,normal,0.7486793994903564
6ufuvb,normal,0.7937699556350708
j7uszj,normal,0.6710874438285828
lb4zrr,normal,0.8056846857070923
mgq6lf,normal,0.716453492641449
ddlgp3,normal,0.7341541647911072
m6f3tg,normal,0.6461004614830017
fsbdfm,normal,0.8179245591163635
mvlag4,normal,0.8306695222854614
lr76m3,normal,0.753845751285553
mpkgf5,normal,0.7817637324333191
da4rm6,normal,0.8094078898429871
lnol4k,normal,0.7472285032272339
kmi8th,normal,0.8155947923660278
lijf7h,normal,0.775280773639679
43y0hq,normal,0.774613082408905
l7bled,normal,0.8042516708374023
4sgi4r,normal,0.7146835923194885
mff7n2,normal,0.6304097175598145
fz8ej8,normal,0.7721657156944275
gcupxw,normal,0.6630544662475586
musdih,normal,0.8015305995941162
if90i2,normal,0.7843140959739685
ikaf26,normal,0.7449833750724792
m4n1di,normal,0.6934279799461365
b7nvbn,normal,0.7181044816970825
ih2y9q,normal,0.796156644821167
mf812o,normal,0.7089003920555115
lzp8gf,normal,0.7186839580535889
meplix,normal,0.8292956948280334
j7mw7w,normal,0.7059481143951416
fh4cdt,normal,0.6933683753013611
lt3rwg,normal,0.7712100148200989
mkwkjq,normal,0.8023392558097839
kqj07w,normal,0.7508769631385803
kr1mjr,normal,0.7254154682159424
bc1uoe,normal,0.6447262167930603
meyu6j,normal,0.7031698822975159
j7aymk,normal,0.6931827664375305
l679vb,normal,0.8261775374412537
mpluim,normal,0.8302710652351379
mx2rk4,normal,0.776305615901947
l808td,normal,0.6976751089096069
ky69u4,normal,0.765482485294342
kyqr5g,normal,0.8058984279632568
mstw8p,normal,0.7534384727478027
lkcrqr,normal,0.7543550133705139
mkvn4m,normal,0.7036305665969849
ly0do9,normal,0.7779725193977356
muxu15,normal,0.7722209095954895
mj775l,normal,0.6947438716888428
mc8q6z,normal,0.8189380168914795
ly3g3x,normal,0.6542766094207764
mbtdmc,normal,0.7665948867797852
l2c5g4,normal,0.6406265497207642
mjww2h,normal,0.7899540662765503
l3xuxm,normal,0.6907194256782532
mhchrg,normal,0.7224898934364319
l0o86a,normal,0.723405659198761
mchnw8,normal,0.7037157416343689
mb05xh,normal,0.7531847953796387
kuo0dt,normal,0.7004059553146362
mjenuj,normal,0.7960480451583862
khjx0p,normal,0.7490307688713074
lqla3l,normal,0.6753477454185486
mt9ad6,normal,0.6800231337547302
j993qo,normal,0.7563543319702148
i7puy7,normal,0.7106758952140808
miu4vt,normal,0.7540343403816223
k5lfmp,normal,0.7882499694824219
mrrxlk,normal,0.7573637366294861
lazx0l,normal,0.7915750741958618
llsf51,normal,0.7839747071266174
mqmyiw,normal,0.740813672542572
mvtazw,normal,0.7041345238685608
leygeu,normal,0.5266958475112915
kiifud,normal,0.7716344594955444
lgbc70,normal,0.7865854501724243
k85n4o,normal,0.7311918139457703
lglt0f,normal,0.7438713312149048
llcwou,offensive,0.40695035457611084
leqryv,normal,0.8023421764373779
lf1j1b,normal,0.6596508622169495
lwxx6j,normal,0.8054593205451965
iil209,normal,0.7643172144889832
i5ozhj,normal,0.7617366909980774
lwjy7k,normal,0.7488526105880737
mtspy8,offensive,0.48640745878219604
jut0ej,normal,0.6880120038986206
mrob1t,normal,0.728453516960144
l2d6cj,normal,0.7401614785194397
kbj1k2,normal,0.7305747866630554
kr4aff,normal,0.7501260042190552
mjh2za,normal,0.6382679343223572
jhxbqk,normal,0.7745058536529541
mo6n6d,normal,0.81393963098526
kyp6ru,normal,0.7023369073867798
mxmanm,normal,0.6922211050987244
kw5ihf,normal,0.7697598934173584
jcazfe,normal,0.7703714966773987
fymre6,normal,0.8093807697296143
m1fw8v,normal,0.7893360257148743
m34ylg,normal,0.5072759389877319
lru41y,normal,0.798689067363739
k1s6nc,normal,0.8100885152816772
met5nd,normal,0.7050412893295288
etbgfc,normal,0.7557958960533142
efcru0,normal,0.7912850975990295
ipj3mt,normal,0.7540030479431152
d2aumk,normal,0.6880064010620117
aj1osh,normal,0.7189258933067322
mbdtxl,normal,0.6359596848487854
f61eqy,normal,0.7206452488899231
meibzg,normal,0.7145082354545593
ccv3be,normal,0.7472675442695618
haksqi,normal,0.7652263045310974
jb07nu,normal,0.7716437578201294
1ax3b9,normal,0.6042380928993225
4o4huf,normal,0.6632843613624573
620vlf,normal,0.8039320707321167
2b851p,normal,0.773581326007843
10e573,normal,0.8106536269187927
6ffy94,normal,0.7733702659606934
19geic,normal,0.7597917914390564
mou0ad,normal,0.7627427577972412
ktyhsp,normal,0.6949930191040039
lz6ugf,normal,0.7087224125862122
k0d4un,normal,0.5053383111953735
lpsa3n,normal,0.7615718245506287
hgwtzj,normal,0.7380955815315247
jmvfrl,normal,0.7228778600692749
khil13,normal,0.7758246660232544
llizzf,normal,0.6660284399986267
j9sjhi,normal,0.740351140499115
k21m47,normal,0.7274235486984253
kvovp6,normal,0.7334252595901489
3joyi1,normal,0.78209388256073
gg7bdr,normal,0.6694106459617615
g7msx2,normal,0.7851925492286682
lbilg3,normal,0.6824473738670349
b68kv9,normal,0.7531934380531311
kkvddl,normal,0.7788305878639221
m4hyrf,normal,0.7724945545196533
it6pm8,normal,0.7158533334732056
lo9bc3,normal,0.7452271580696106
1co179,normal,0.6735024452209473
hibg2c,normal,0.7206088304519653
1jshwz,normal,0.7396749258041382
1darjv,normal,0.6537193655967712
l8ok9d,normal,0.7788349986076355
evnm3b,normal,0.829653799533844
lnezp9,normal,0.7621489763259888
kwf0tk,normal,0.7836300730705261
m3lgq5,normal,0.5099626779556274
mm6ynt,normal,0.6322255730628967
iqou89,normal,0.4827667772769928
kqln8b,normal,0.7315848469734192
kmi8jm,normal,0.6719566583633423
5h9ol6,normal,0.8030647039413452
jj1bsw,normal,0.7086281180381775
ka76tc,normal,0.8143836855888367
as43yt,normal,0.5771756768226624
i8z2ry,normal,0.7133988738059998
jpr912,normal,0.7581112384796143
k5eogk,normal,0.6901920437812805
in5qpd,normal,0.7637178301811218
av8msq,normal,0.7824908494949341
9esjit,normal,0.7850572466850281
46ap7s,normal,0.8041092753410339
go11u7,normal,0.5961259603500366
6omlh,normal,0.7591768503189087
5ksniw,normal,0.7695770859718323
dehpwf,normal,0.7768020033836365
hgu3mg,normal,0.7812541127204895
e0m7ww,normal,0.6856378316879272
inj1d,normal,0.7659043073654175
41pp6f,normal,0.5245713591575623
gagxh,normal,0.779704213142395
jq7eqo,normal,0.7376959919929504
bmyv66,normal,0.6694530248641968
fcngpe,normal,0.7558863759040833
lh63ox,normal,0.6946882009506226
9ofed9,normal,0.7683073878288269
k670xz,normal,0.6557326912879944
h8zd6f,normal,0.8143476247787476
gll6z6,normal,0.7472385764122009
cmk9q,normal,0.7667946219444275
bqisbx,normal,0.6541557908058167
jk19dn,normal,0.79457688331604
fcb989,normal,0.7733985185623169
b3fb4b,normal,0.7916484475135803
h9m8m5,normal,0.6596463322639465
a82dkg,normal,0.5475360155105591
gaowj0,normal,0.6766496300697327
5necnp,normal,0.5724437236785889
ap0i5n,normal,0.613408625125885
a9z5u4,normal,0.4213090240955353
22ys2x,normal,0.7749168872833252
10cn5h,normal,0.6205066442489624
8jbwor,normal,0.7435414791107178
7o25k,normal,0.7433242797851562
4uqb78,normal,0.7462248206138611
a6ajo,normal,0.7776411771774292
1wx84z,normal,0.5371085405349731
4vocdt,normal,0.7137320637702942
1unaq0,normal,0.5612800717353821
me6f5u,normal,0.7643425464630127
mivde0,normal,0.8077715635299683
jmqlfl,normal,0.8195178508758545
mx59hs,normal,0.7335395216941833
g3oc4t,normal,0.7277879118919373
gf9uoi,normal,0.7641292214393616
mfx4rk,normal,0.7893778681755066
h16mcl,normal,0.7568027377128601
mdc9iy,normal,0.7819071412086487
huw307,normal,0.7524928450584412
fqwhwa,normal,0.7830398082733154
85jhby,normal,0.7880330681800842
i22dok,normal,0.7741730213165283
ibzkq2,normal,0.8229085803031921
lp8od0,normal,0.7136922478675842
cgygqp,normal,0.6903163194656372
2v5czi,normal,0.8302543759346008
kl27ne,normal,0.793208658695221
hyvs8q,normal,0.7754027247428894
k2mwm5,normal,0.8147226572036743
ht9825,normal,0.6777526140213013
hl5w23,normal,0.7379234433174133
b6812s,normal,0.7430898547172546
k2wcu1,normal,0.7988895773887634
hp5jh8,normal,0.8076381683349609
kkppy6,normal,0.6983537673950195
735q9l,normal,0.7988648414611816
lek2kn,normal,0.8076204061508179
lbtbg7,normal,0.706556499004364
hzmff1,normal,0.7467941641807556
kbvhuq,normal,0.7803059220314026
3gpi6f,normal,0.774756133556366
fxl93,normal,0.8045137524604797
22jkmz,normal,0.7652571797370911
6hyjfb,normal,0.7703771591186523
1uelx3,normal,0.7380886673927307
3g3mcy,normal,0.7846348285675049
3tpt56,normal,0.7115333676338196
elno13,normal,0.6678124666213989
6g44dh,normal,0.7212317585945129
6hqe1u,normal,0.6753717064857483
dwaeta,normal,0.7163056135177612
ll65u9,normal,0.7326327562332153
ldty5q,normal,0.7463454008102417
3s1hm5,normal,0.7263604998588562
25w5xw,normal,0.7933588027954102
ekh6ls,normal,0.7529547214508057
h84m8n,normal,0.7905169725418091
jixoqm,normal,0.811489999294281
m7644d,normal,0.8101495504379272
mo8hrq,normal,0.7504461407661438
md4w7c,normal,0.7267177700996399
m8h3u6,normal,0.6736955642700195
l262pl,normal,0.7871338129043579
milqc0,normal,0.6848093271255493
lxqxwc,normal,0.6631771922111511
l4rfmb,normal,0.756489634513855
lb2iq9,normal,0.8025617599487305
loqrwq,normal,0.7746281027793884
lhokx9,normal,0.7861585021018982
m0mkgq,normal,0.7422443628311157
mx0oge,normal,0.7035348415374756
l2rkd7,normal,0.8101626038551331
l25fu2,normal,0.7174568772315979
mftyer,normal,0.7580699324607849
ldde81,normal,0.7918323874473572
melc3l,normal,0.7246784567832947
l8iszf,normal,0.7508996725082397
kvdes1,normal,0.7253934144973755
mkebw2,normal,0.7984408140182495
jxaq0p,normal,0.7320263981819153
m17m71,normal,0.6981855034828186
ml2ciu,normal,0.6997933983802795
kyghck,normal,0.7609708905220032
l7kc9k,normal,0.7881297469139099
m5kgn3,normal,0.7582457065582275
m8npkp,normal,0.7844579815864563
kzu2ef,normal,0.799551248550415
dmg4n0,normal,0.7538506388664246
ltsy45,normal,0.6720675826072693
mx8hcc,normal,0.7868192791938782
mkh7i4,normal,0.6848093271255493
lrmi5w,normal,0.8280963897705078
kk2d1j,normal,0.7507975697517395
mh67h1,normal,0.7976747155189514
mpa6tq,normal,0.8290560841560364
fuarmf,normal,0.732922375202179
j24n9t,normal,0.781579315662384
lz9z8k,normal,0.7755352854728699
jmambv,normal,0.7041015625
lp385x,normal,0.7809327244758606
ks207w,normal,0.773457944393158
mgq36a,normal,0.779087483882904
iw8nxt,normal,0.7700034976005554
mxgw13,normal,0.5833445191383362
gzzxuq,normal,0.7626931667327881
h7pzba,normal,0.6320526599884033
mmwhk2,normal,0.6358253955841064
crsmyu,normal,0.759800136089325
m47f83,normal,0.7963160276412964
ivbo1f,normal,0.7417639493942261
frcn7f,normal,0.7953451871871948
mlsnrq,normal,0.8028092384338379
jbdoxy,normal,0.7457597255706787
gsp04p,normal,0.8243506550788879
mkjnww,normal,0.7583587169647217
lo0c10,normal,0.8154523372650146
cslr4d,normal,0.6874734163284302
mjsjx8,normal,0.6874767541885376
locr2s,normal,0.7815597653388977
lolaw0,normal,0.8215010762214661
mu4qtd,normal,0.7426795959472656
ma3rff,normal,0.7715891003608704
mdxhqb,normal,0.7456021904945374
juks3e,normal,0.8389468789100647
l7i8n3,normal,0.7510228753089905
jangj3,normal,0.718656063079834
lijw6m,normal,0.7576549053192139
itvuct,normal,0.7544622421264648
m0ld4m,normal,0.7957730889320374
mnlhrr,normal,0.7385513186454773
mthp4w,normal,0.6699267029762268
ieuydh,normal,0.6258463263511658
mxbjtc,normal,0.798111081123352
mxpmj5,normal,0.7906738519668579
mwx6wj,normal,0.8729926347732544
mw9ap1,normal,0.8176277875900269
mxo5ll,normal,0.6480260491371155
mwoqp0,normal,0.8055486083030701
mxo8a4,normal,0.6887426376342773
mv2jvy,normal,0.6549214124679565
mwhy0w,normal,0.7213340997695923
mwfqj5,normal,0.7403702735900879
mwa1kz,normal,0.6271671652793884
mw941a,normal,0.7981734275817871
mx4h25,normal,0.7604276537895203
mxpig6,normal,0.7483941316604614
mw9wmp,normal,0.7912550568580627
ms690e,normal,0.6235303282737732
legzlt,normal,0.7798673510551453
l2p5qi,normal,0.6924932599067688
mptzm4,normal,0.8170207142829895
muu5qm,normal,0.7937509417533875
ll4xjg,normal,0.7956925630569458
m1e3h7,normal,0.8011980056762695
ms7kf5,normal,0.7703787684440613
l67jtr,normal,0.6694492697715759
kpqai4,normal,0.6969954371452332
lgwr48,normal,0.7538889646530151
ivxgrd,normal,0.7609073519706726
ip17c0,normal,0.7781941890716553
k4an8f,normal,0.6646012663841248
i5gro2,normal,0.7274741530418396
gpr9ri,normal,0.7782015204429626
fmguo7,normal,0.7183188199996948
m8ce2w,normal,0.7610046863555908
g2nkn4,normal,0.7576820850372314
asrbtu,normal,0.6960499286651611
lxag52,normal,0.763703465461731
g9mwn9,normal,0.717930018901825
mm5gnq,normal,0.7495620846748352
kk887z,normal,0.769576370716095
mqyf1u,normal,0.7790770530700684
mhapk7,normal,0.7445504069328308
mc6nmv,normal,0.7510768175125122
mmfrmi,normal,0.808939516544342
llrq4e,normal,0.7970119714736938
ksmr1y,normal,0.7994903326034546
i101qg,normal,0.6783384680747986
iburc0,normal,0.6485082507133484
j078k4,normal,0.7940641045570374
jeuzb1,normal,0.7909279465675354
ha6l61,normal,0.785284698009491
i4wouv,normal,0.7722815871238708
jh90db,normal,0.6779964566230774
99thl4,normal,0.7274488210678101
fostqf,normal,0.7434412837028503
mlx3eh,normal,0.7843272686004639
dvy6k7,normal,0.7469937205314636
jvvhhk,normal,0.6259286999702454
8abtdz,normal,0.7524499893188477
hpvrz6,normal,0.7353693842887878
k892yg,normal,0.7019345760345459
6bhfki,normal,0.7812070250511169
je2kuw,normal,0.7364403009414673
3l2gvh,normal,0.48880383372306824
ew2s5i,normal,0.7957724928855896
v3hfu,normal,0.7269814014434814
2r0iax,normal,0.7391370534896851
3t1d3t,normal,0.7215157747268677
jvah6e,normal,0.7006887197494507
m0zq69,normal,0.6386164426803589
ltrbg6,normal,0.7845026850700378
40cet8,normal,0.8167408108711243
f1x2im,normal,0.7719311714172363
cm1wx5,normal,0.8012929558753967
eh9mqx,normal,0.771981418132782
5vb3ay,normal,0.7668382525444031
fspz78,normal,0.7857476472854614
e3ptn3,normal,0.7799849510192871
gzay1k,normal,0.7860696315765381
eghz1v,normal,0.6542184352874756
69qmvp,normal,0.7575756311416626
8jzqzu,normal,0.7802122831344604
mx8lqm,normal,0.7869442105293274
lxshxq,normal,0.8104792237281799
jsv1zx,normal,0.8164026737213135
lvpa4a,normal,0.663145124912262
lp568o,normal,0.800640344619751
mc0adm,normal,0.8014476895332336
kalkof,normal,0.770558774471283
luh61t,normal,0.7778552770614624
kp7fp9,normal,0.713751494884491
mqx7qf,normal,0.8053600192070007
mo4zpr,normal,0.793266236782074
kwmhtz,normal,0.6594763994216919
mnbtca,normal,0.7765989899635315
l9rrsh,normal,0.7740744948387146
m5zily,normal,0.7713165879249573
mldy3q,normal,0.7597017884254456
lw5j76,normal,0.6178964376449585
mqpdkm,normal,0.7581857442855835
lbx1eq,normal,0.736973762512207
iu86hz,normal,0.6801601648330688
m5d4t3,normal,0.7983143329620361
mm1jyu,normal,0.6858655214309692
mlsaer,normal,0.7190592288970947
lyuqge,normal,0.8326849937438965
l5gct6,normal,0.603984534740448
m9jn5u,normal,0.6576968431472778
mus2ah,normal,0.8348751068115234
mkuqad,normal,0.7813593745231628
girym5,normal,0.7899982929229736
lwktu6,normal,0.781585693359375
icpqef,normal,0.7680329084396362
m5gxxk,normal,0.8314985036849976
c27yep,normal,0.7752112150192261
m3uf2n,normal,0.739363431930542
lm7c7o,normal,0.7853386998176575
auvkz5,normal,0.7958337068557739
8i6qnu,normal,0.8048263192176819
9gnln6,normal,0.7653539776802063
l8rvwo,normal,0.750720739364624
2p7q5l,normal,0.7111897468566895
