tweet_id,classification,classification_score
lwlcou,normal,0.8120157122612
lhp3uk,normal,0.7542577981948853
kdq8q6,normal,0.7785437703132629
dggzsa,normal,0.7142955660820007
js1en7,normal,0.7610621452331543
kacukf,normal,0.7810729146003723
7ht8uo,normal,0.7825806140899658
eox9w1,normal,0.798401415348053
ebi34d,normal,0.7429938912391663
cb8j0e,normal,0.8028432726860046
c9i6dh,normal,0.7616339921951294
aipgp9,normal,0.8154016137123108
8k7ap8,normal,0.8130262494087219
81vtmr,normal,0.7995427846908569
mxgn79,normal,0.6381113529205322
jwa23b,normal,0.7946328520774841
mtcwym,normal,0.7303813099861145
meu6sw,normal,0.7609729766845703
k531ie,normal,0.6539616584777832
lzdab6,normal,0.7686660885810852
jvpztw,normal,0.784485936164856
esml1f,normal,0.7671257853507996
dp5pxq,normal,0.8132321834564209
dtrjz8,normal,0.7962863445281982
hns1ps,normal,0.6539616584777832
dtrapg,normal,0.7328541874885559
bnjkzn,normal,0.7500233054161072
hae2b1,normal,0.8155567049980164
jw9xzy,normal,0.7275019884109497
k1pmw3,normal,0.7618665099143982
jw9zr1,normal,0.7671053409576416
g3fzzo,normal,0.7991666793823242
gar8z9,normal,0.7947473526000977
a827vz,normal,0.7115928530693054
citub7,normal,0.7624115943908691
a8tb0z,normal,0.8121649026870728
bfrg6q,normal,0.8076111674308777
7ng2ia,normal,0.7954050898551941
a6fv8g,normal,0.7539527416229248
8b8xab,normal,0.6866554021835327
jtz22l,normal,0.8160817623138428
k01o82,normal,0.7918710112571716
dio0ew,normal,0.5744810700416565
7gb097,normal,0.6820573210716248
cfa0tw,normal,0.750325620174408
dig401,normal,0.800039529800415
e9e003,normal,0.7671852707862854
e95pyo,normal,0.700795590877533
dp1wg1,normal,0.790839672088623
8zhuy7,normal,0.7312447428703308
in0iqq,normal,0.7756103277206421
iqir5t,normal,0.7766109704971313
g0eggm,normal,0.8149428367614746
h05zzv,normal,0.8031684756278992
gw012b,normal,0.737488329410553
a156a9,normal,0.7796470522880554
dhzm6m,normal,0.779120683670044
d37c8h,normal,0.7819881439208984
8b7u5s,normal,0.7621417045593262
8thva7,normal,0.5214243531227112
mnwbs6,normal,0.6926848292350769
mg7wrd,normal,0.8002631664276123
mcga7g,normal,0.7952234148979187
m2vbcn,normal,0.7982856035232544
ll6qzw,normal,0.7886154651641846
lkfl9x,normal,0.7587606310844421
lghdgo,normal,0.8024128675460815
km8mfa,normal,0.7305972576141357
kc4wjh,normal,0.7851650714874268
jufm7q,normal,0.8334289789199829
jg8sr2,normal,0.7190769910812378
j4zgr5,normal,0.7981682419776917
ihkhri,normal,0.8154056072235107
i9gm0k,normal,0.6778735518455505
i66b7l,normal,0.7477337718009949
mx0mxi,normal,0.7406386137008667
mu69v2,normal,0.8199683427810669
mtn3r7,normal,0.7612339854240417
mmptiq,normal,0.7614349126815796
mi1468,normal,0.7772935032844543
mfsu10,normal,0.8090350031852722
mazegx,normal,0.8012756109237671
m82ciy,normal,0.7810410261154175
m6zkkq,normal,0.8267876505851746
m3o9et,normal,0.8097904324531555
m0twug,normal,0.7610900402069092
lwj1n5,normal,0.7929129004478455
lwydqn,normal,0.7558811902999878
j6kc9r,normal,0.7192119359970093
h8c17l,normal,0.7673177123069763
f0hrow,normal,0.6976836323738098
fex6ry,normal,0.7935880422592163
aeo057,normal,0.7762536406517029
jn72da,normal,0.7960238456726074
h16fc3,normal,0.7721027731895447
ikx0tf,normal,0.7820459008216858
g2nurw,normal,0.7488027811050415
g5zmh4,normal,0.7918061017990112
8q63w3,normal,0.7208205461502075
g852xy,normal,0.8271251320838928
hcv8g3,normal,0.7765246033668518
63nine,normal,0.7794772982597351
mvszmo,normal,0.7778735160827637
mrbn89,normal,0.7762542366981506
moaruo,normal,0.6867152452468872
mofvaz,normal,0.7922228574752808
md2fzy,normal,0.799677848815918
matcar,normal,0.8003754615783691
m92f6w,normal,0.7498557567596436
m6pkb0,normal,0.7842155694961548
liqfkp,normal,0.8178770542144775
l8s6ct,normal,0.7851276397705078
k0h1ka,normal,0.8045495748519897
itjp7g,normal,0.7763748168945312
l68jkt,normal,0.7625241875648499
lrhuqp,normal,0.7604396343231201
j0iip0,normal,0.6496744751930237
7f1ipq,normal,0.7733440399169922
8yucm5,normal,0.6715755462646484
brjerg,normal,0.7692981958389282
grad5f,normal,0.8239228129386902
786uli,normal,0.7829140424728394
fht1qx,normal,0.7481818795204163
4dazal,normal,0.8022146821022034
6cj0ib,normal,0.8031753897666931
hbo4gn,normal,0.790562629699707
bwyifn,normal,0.7983931303024292
9whl4z,normal,0.8063591122627258
4qod5i,normal,0.7825473546981812
36ry6u,normal,0.7612372636795044
5eh5ue,normal,0.7099272012710571
5j8dap,normal,0.761006772518158
3e71lq,normal,0.8055201768875122
5t1vml,normal,0.7388795614242554
3nxklu,normal,0.6358005404472351
5jyth2,normal,0.7508279085159302
718pwp,normal,0.6577253937721252
3nmhpu,normal,0.7524003982543945
f30kkn,normal,0.7755364775657654
4stdmf,normal,0.7549588680267334
ld62n5,normal,0.7291799187660217
kwqla5,normal,0.7622616291046143
lo7me1,normal,0.7763440012931824
6f0b7a,normal,0.73292475938797
gejdlx,normal,0.8278142809867859
7eq3dd,normal,0.7999382019042969
k3qrjx,normal,0.7721571326255798
kuqmu3,normal,0.7232679724693298
3shj8h,normal,0.7424019575119019
9pj9g2,normal,0.7628991603851318
5n731a,normal,0.7934921383857727
aw70kq,normal,0.7339434027671814
3607wm,normal,0.7870358824729919
7e9cvn,normal,0.7090772390365601
6yrcss,normal,0.7718313932418823
664c6j,normal,0.8160420060157776
4x3935,normal,0.812640368938446
3ikofd,normal,0.8070916533470154
82me9v,normal,0.8073025345802307
2zj93q,normal,0.8151029944419861
kgcnc4,normal,0.7956359386444092
c8h5fw,normal,0.7913914918899536
c6bhw9,normal,0.7202446460723877
2rxcj1,normal,0.7943761348724365
a30xxn,normal,0.7873742580413818
964paa,normal,0.6540025472640991
544abx,normal,0.7647219896316528
71ghrz,normal,0.7427955865859985
2x6j0b,normal,0.7464746236801147
4gqgu8,normal,0.8131581544876099
6q18ty,normal,0.7479381561279297
2o9y9m,normal,0.7923761606216431
4is627,normal,0.8045439720153809
m5bps8,normal,0.6730545163154602
mj3v9o,normal,0.7720597982406616
cdq4ss,normal,0.8186112642288208
7fyrcq,normal,0.7512715458869934
37ox8m,normal,0.7559303641319275
4ccxm0,normal,0.8148776888847351
gonifb,normal,0.765448272228241
2jccph,normal,0.845320999622345
ejp8mn,normal,0.7852412462234497
bo8pxt,normal,0.825905978679657
c8owpq,normal,0.7527123093605042
5skirq,normal,0.732912003993988
3hieb5,normal,0.7406520843505859
4e2sr8,normal,0.8230918049812317
amtk0u,normal,0.7517285943031311
3cqs81,normal,0.8010129332542419
5xak6x,normal,0.756733238697052
31avuf,normal,0.7661682963371277
374w38,normal,0.7377892732620239
33g2yl,normal,0.7370686531066895
5lcoqr,normal,0.7416660189628601
45dvvk,normal,0.7428954839706421
24gsjs,normal,0.7445768117904663
4otukh,normal,0.7898378968238831
4grxtz,normal,0.7637918591499329
34kz1n,normal,0.7486112713813782
9tl1wl,normal,0.7724401950836182
hakr92,normal,0.7467518448829651
2uuu2s,normal,0.8058081865310669
jfhdkg,normal,0.7928177118301392
djl1zu,normal,0.7455487847328186
4coldn,normal,0.7809752225875854
i8kqxg,normal,0.7751527428627014
6ofsni,normal,0.7375742197036743
2wahyn,normal,0.7453752160072327
7q338a,normal,0.7708749771118164
8lgqup,normal,0.802145779132843
4ezgs2,normal,0.7627374529838562
4bf8kt,normal,0.7757585644721985
3rsddt,normal,0.7514821887016296
2v9gtb,normal,0.7270588278770447
7ek16o,normal,0.7895060777664185
3s87ft,normal,0.6277180314064026
10lhyj,normal,0.7488749027252197
kbr9s7,normal,0.7590377926826477
gj017m,normal,0.7918061017990112
getaj7,normal,0.7918061017990112
ga7nhx,normal,0.7918061017990112
hfcef1,normal,0.7529417872428894
62gsoy,normal,0.7983312010765076
4z9dqw,normal,0.7571391463279724
4buenh,normal,0.6866666078567505
47dd7w,normal,0.7847673296928406
453fsf,normal,0.776680052280426
3rstk8,normal,0.7721021771430969
2k3qny,normal,0.8116805553436279
mwkdm6,normal,0.7760950326919556
mrwtpw,normal,0.7562392950057983
ms161i,normal,0.799003005027771
mpsvue,normal,0.749326229095459
mixf9g,normal,0.7877975106239319
misvbf,normal,0.7626577615737915
metwdo,normal,0.6710097193717957
mb12a1,normal,0.8001464605331421
lqc6qw,normal,0.6641955971717834
lheet5,normal,0.7892144322395325
lgx8gd,normal,0.7570430040359497
lg0v5h,normal,0.8340500593185425
lfc9e0,normal,0.7588964700698853
ler9nc,normal,0.7786170840263367
ld0jtb,normal,0.7469044327735901
mpiyzl,normal,0.6774128675460815
mift4h,normal,0.7440322637557983
mhh3md,normal,0.7564279437065125
lyawqk,normal,0.6257691383361816
l8sxmu,normal,0.6801318526268005
la21eb,normal,0.7882525324821472
l9jsbw,normal,0.7057771682739258
l9ka8m,normal,0.6544221043586731
l3vwt2,normal,0.6862750053405762
ku78ci,normal,0.8054335713386536
ko97mz,normal,0.7682070136070251
khqv6g,normal,0.7821019291877747
m6mdrf,normal,0.7195196151733398
mh28he,normal,0.7426177263259888
mi8og4,normal,0.6236651539802551
kpttrv,normal,0.6319488883018494
mrt0to,normal,0.6896458864212036
lfukev,normal,0.6665195822715759
lkyi3o,normal,0.7958270907402039
loyqcd,normal,0.6388640403747559
kbldp5,normal,0.7316128015518188
ltu0tt,normal,0.7930614352226257
h856l1,normal,0.8080301284790039
mpnktn,normal,0.788364052772522
k9xneo,normal,0.7211295962333679
lddo7r,normal,0.7138522863388062
k76x8s,normal,0.6623079180717468
mqj6l3,normal,0.7117472290992737
lxq07i,normal,0.7628244757652283
kgp9o1,normal,0.6756425499916077
kjlywy,normal,0.7429758906364441
mi8o63,normal,0.6238343119621277
eoner5,normal,0.7027080655097961
e367hg,normal,0.7839342355728149
mu43r1,normal,0.7540715336799622
mt60bz,normal,0.7912232279777527
mq769z,normal,0.7912477850914001
mntbu4,normal,0.6816258430480957
mj9gmt,normal,0.7734681367874146
mhxyaf,normal,0.7872954607009888
mcr6qa,normal,0.7843348383903503
m7b3bf,normal,0.8264678716659546
m1ju6x,normal,0.5515235662460327
m0wttv,normal,0.6739094257354736
etn1h6,normal,0.7668172121047974
9wvug1,normal,0.8094992637634277
ji18df,normal,0.7181481719017029
iwx08h,normal,0.7796118259429932
kml1jw,normal,0.8231886625289917
lcargp,normal,0.6911349296569824
k3blqu,normal,0.8007764220237732
d0os4f,normal,0.7792226672172546
d4dy15,normal,0.758550763130188
ieejyp,normal,0.7939541935920715
jm28sz,normal,0.6755363941192627
jmuk93,normal,0.7665221095085144
jja5pb,normal,0.7431544661521912
fdehxg,normal,0.7718838453292847
lc0xfz,normal,0.6987366080284119
lnvufx,normal,0.6837587952613831
dmzlae,normal,0.7407833337783813
dx1w9s,normal,0.7435754537582397
elf0ld,normal,0.7908980846405029
dpd56g,normal,0.7548391819000244
mcf7hq,normal,0.7650426626205444
e3t9z5,normal,0.7929381132125854
di04eu,normal,0.7596526145935059
9srkzf,normal,0.7958152294158936
iaoz7b,normal,0.6657629013061523
idbrrz,normal,0.6483505368232727
a202y9,normal,0.7968454957008362
k6bo89,normal,0.7772486209869385
hcceym,normal,0.7692025303840637
afc5m5,normal,0.6832714676856995
hqhnrx,normal,0.7483330368995667
cfa83e,normal,0.6592525839805603
dyntb8,normal,0.7926466464996338
gfb2a5,normal,0.7545823454856873
dv59my,normal,0.7778264880180359
epwqjd,normal,0.7670674324035645
l1gvk6,normal,0.7630780339241028
l568lg,normal,0.7780520915985107
d1k587,normal,0.7794221043586731
j3v869,normal,0.7791096568107605
iesj94,normal,0.7687663435935974
a3e2l6,normal,0.6539616584777832
cwobdl,normal,0.7932573556900024
k7bb35,normal,0.814774215221405
a7c79d,normal,0.6654307246208191
it4pb4,normal,0.7278524041175842
dczltf,normal,0.747808039188385
czspog,normal,0.8159359693527222
awygdj,normal,0.73285311460495
l83x67,normal,0.7186806201934814
9z30xd,normal,0.7654119729995728
hcurvf,normal,0.7717903256416321
d3qrni,normal,0.832435131072998
erso40,normal,0.7589507699012756
9zaoeu,normal,0.7485653758049011
9gow5w,normal,0.8169481158256531
9lcau6,normal,0.7224210500717163
9f4ci2,normal,0.6540080904960632
8vdsbn,normal,0.7833124995231628
dmqcao,normal,0.7940009236335754
e25xkp,normal,0.7743324041366577
mfv87z,normal,0.7336171269416809
hex4a7,normal,0.6739760637283325
d3s56j,normal,0.7021637558937073
ksdaou,normal,0.7339391112327576
kwt0us,normal,0.726908802986145
j9cqcs,normal,0.7935857176780701
kyysxd,normal,0.724744439125061
k393ti,normal,0.7801685929298401
innqp0,normal,0.7955840826034546
hyuj8x,normal,0.6169206500053406
hfy1a6,normal,0.7958061099052429
iewmmb,normal,0.7508620619773865
d2xdpv,normal,0.7214266061782837
le5xk9,normal,0.7327420115470886
e425w9,normal,0.7769466042518616
d1wj7q,normal,0.7779228687286377
ldkatb,normal,0.7585384845733643
ge13hu,normal,0.7893762588500977
kymjcg,normal,0.7838613390922546
e4rqra,normal,0.740023672580719
b5i7f8,normal,0.6835941672325134
djah17,normal,0.7518526911735535
hxw0ev,normal,0.7624449729919434
e3qd5x,normal,0.751008927822113
d0r5xf,normal,0.7285726070404053
dlfahk,normal,0.8086634278297424
cp1xiu,normal,0.7687825560569763
cr61c8,normal,0.7631741762161255
bnkadp,normal,0.6926108002662659
la38sd,normal,0.8020999431610107
i5z8e9,normal,0.7875859141349792
msm00c,normal,0.6932824850082397
mr3jfg,normal,0.770643949508667
mpllmb,normal,0.7905969023704529
meiko9,normal,0.7633553743362427
mp0jdm,normal,0.7440342307090759
ho05ps,normal,0.7936258912086487
mhf394,normal,0.7688910365104675
lj16l4,normal,0.6506562232971191
l1seaa,normal,0.4707755446434021
jbj8ep,normal,0.7811967730522156
9ttkvx,normal,0.8231487274169922
92rarf,normal,0.7819857597351074
7wwhim,normal,0.765926718711853
jv6ao0,normal,0.7930495738983154
jkoj5c,normal,0.7361383438110352
g4a5d4,normal,0.8298237323760986
jx89vj,normal,0.7807120680809021
hh056a,normal,0.7744600772857666
i6reit,normal,0.7746936082839966
mgpi5b,normal,0.7683204412460327
hl7l8h,normal,0.7226877808570862
mttsp0,normal,0.7551154494285583
m7o9tu,normal,0.7748094797134399
eu42ii,normal,0.7664200067520142
lxpei5,normal,0.775631308555603
lqr3zx,normal,0.827979564666748
kidz1m,normal,0.769355833530426
l4czur,normal,0.6862844228744507
jw5cs4,normal,0.7106685042381287
l40ksa,normal,0.7979637384414673
k7cp2r,normal,0.7662358283996582
ke4ho9,normal,0.7755444049835205
l1q115,normal,0.8015750050544739
g968cb,normal,0.7526155710220337
jv6e5p,normal,0.7747894525527954
eobwj9,normal,0.7469672560691833
helfzb,normal,0.6243441104888916
dvxxvp,normal,0.7365521192550659
cp0zv1,normal,0.7548726797103882
djedz8,normal,0.7689385414123535
jv5wb8,normal,0.7674763798713684
jlazlw,normal,0.7945353388786316
f3rdp8,normal,0.7079188227653503
hsb9f1,normal,0.7357119917869568
gwjf5s,normal,0.7263177633285522
f02scf,normal,0.7790846824645996
e7tv2l,normal,0.6748514175415039
e6vlrf,normal,0.7481639981269836
lrtr1h,normal,0.8042978048324585
kzlqg7,normal,0.6695927381515503
kqqld9,normal,0.8160718679428101
habxr7,normal,0.6965168118476868
i3pokm,normal,0.7455006241798401
fqo3df,normal,0.6967883110046387
juhl1h,normal,0.7420000433921814
mero06,normal,0.8382218480110168
dvy7ag,normal,0.7668516635894775
mlat6n,normal,0.7696641087532043
lmajgs,normal,0.7528040409088135
gj1m87,normal,0.7177306413650513
dgoctu,normal,0.7459135055541992
dh2ib2,normal,0.7765172123908997
jnfjb4,normal,0.7716854214668274
fbuj0c,normal,0.6914170980453491
fb6hdg,normal,0.8194055557250977
izds9q,normal,0.8008366823196411
fc59r6,normal,0.7670359015464783
eohme0,normal,0.724128007888794
8fv64q,normal,0.7402861714363098
kea43o,normal,0.8227498531341553
kua8uu,normal,0.6766815781593323
gmq37l,normal,0.8088123202323914
kqzc9x,normal,0.7821063995361328
mwzboy,normal,0.8146600723266602
j7fkia,normal,0.7443274259567261
kiu1gl,normal,0.7701003551483154
js8nsk,normal,0.7792815566062927
hn215w,normal,0.7372552752494812
me5efg,normal,0.8202329874038696
gs7m85,normal,0.7676604390144348
gog0iw,normal,0.7578122615814209
ht13qg,normal,0.8037592768669128
mk4kx0,normal,0.8188074231147766
jpm4by,normal,0.6900708675384521
lj5ubu,normal,0.7874277830123901
mf2gwr,normal,0.8102025389671326
g78x3v,normal,0.7396975755691528
gzlgr7,normal,0.7750892043113708
frx2xu,normal,0.7396975755691528
ignbt7,normal,0.6518030166625977
m4x0bs,normal,0.7543415427207947
imz4i8,normal,0.7556391358375549
hbgkth,normal,0.7466239333152771
mbnrxx,normal,0.8029031157493591
foyo9r,normal,0.7769397497177124
l1k2fm,normal,0.804312527179718
mp6w3r,normal,0.7460051774978638
la8ots,normal,0.7833472490310669
jy5yyn,normal,0.6770997643470764
errefp,normal,0.7552617788314819
k1kyk4,normal,0.6467076539993286
ft1tzy,normal,0.6839547157287598
j4p31q,normal,0.7810419797897339
fufqk8,normal,0.6955785751342773
l6c9rc,normal,0.7296609282493591
fs1loo,normal,0.7728424072265625
kwvhnn,normal,0.7634344696998596
lstkkt,normal,0.680216908454895
jujf6n,normal,0.6938011050224304
jg3wku,normal,0.7461205124855042
i2tfim,normal,0.7053899765014648
hg1xpf,normal,0.7416896224021912
i4yzts,normal,0.7918055653572083
jjtfk7,normal,0.7925779223442078
f4dwfg,normal,0.8028229475021362
gp4srd,normal,0.7591556310653687
huabbe,normal,0.7608586549758911
j9hu0z,normal,0.78889000415802
ljhfi5,normal,0.6597082614898682
i5slum,normal,0.7468956708908081
igdzvj,normal,0.7591413855552673
d7d5sk,normal,0.8233203291893005
gwo899,normal,0.6714583039283752
eepl8t,normal,0.7517860531806946
gm86a3,normal,0.7535611391067505
ds556g,normal,0.7525029182434082
ejrmut,normal,0.7971238493919373
ej6562,normal,0.7471191883087158
jhlaze,normal,0.780388355255127
j3hto5,normal,0.7744974493980408
ie6isn,normal,0.7852972745895386
dt60h4,normal,0.7953550219535828
lvktxu,normal,0.7917152643203735
ddu9fr,normal,0.745452880859375
k442yz,normal,0.7837266325950623
ji1byd,normal,0.6996890306472778
goqz4c,normal,0.76726233959198
f1mjru,normal,0.7312352061271667
k2in1k,normal,0.7971068620681763
f10fca,normal,0.5577799677848816
jscivw,normal,0.7650349736213684
m6i09b,normal,0.7543222904205322
evk8jw,normal,0.7431002855300903
jt00b3,normal,0.7902756333351135
jgcrhp,normal,0.7252593040466309
dzp8xo,normal,0.6744771003723145
e1pry2,normal,0.8169006705284119
ifwqxx,normal,0.7391351461410522
he3myb,normal,0.7986534833908081
gma41g,normal,0.6152357459068298
et23cg,normal,0.7073324918746948
e7moec,normal,0.7430949807167053
eriqxk,normal,0.6672792434692383
d6yetu,normal,0.7506140470504761
l35hog,normal,0.7293553948402405
l36b0v,normal,0.7293553948402405
mlvrko,normal,0.7317392230033875
ibur66,normal,0.7298101782798767
mdhag7,normal,0.7359978556632996
mlkrw1,normal,0.789700448513031
mgoznm,normal,0.7891896367073059
j1u4sb,normal,0.7445061802864075
icjz4x,normal,0.775518000125885
harnfz,normal,0.7391951084136963
h8ewl1,normal,0.5834364295005798
jgcb22,normal,0.7634902000427246
hqd4z8,normal,0.7942097783088684
5q1py4,normal,0.7651376128196716
mfvvqf,normal,0.8192480802536011
mkuk16,normal,0.7707875370979309
msxlv5,normal,0.7984856963157654
ht585v,normal,0.8119327425956726
irodrn,normal,0.7920100092887878
3kexto,normal,0.593938946723938
1kfk4j,normal,0.7474318742752075
ckq13,normal,0.7698764204978943
ckcl3,normal,0.7607381939888
139dsy,normal,0.7054405212402344
mchrwb,normal,0.812533974647522
mjbbqb,normal,0.684934139251709
mbleeb,normal,0.7508304715156555
m0r9yo,normal,0.7293407320976257
lvaxj2,normal,0.6700583100318909
lhqm9t,normal,0.7330874800682068
mrm0sm,normal,0.6125949621200562
m47x7b,normal,0.8162552118301392
mqtwu3,normal,0.6914210915565491
mwf720,normal,0.8228044509887695
mttq1q,normal,0.7454975843429565
mbtdmc,normal,0.7665948867797852
mp2x43,normal,0.7905471920967102
mrosx7,normal,0.8006495237350464
mi3p7f,normal,0.7997410893440247
mxbkfv,normal,0.7547930479049683
l0ndzl,normal,0.6929441094398499
mubc25,normal,0.7541854977607727
me7mcd,normal,0.7309579849243164
mmuot6,normal,0.7811020612716675
mw9dq6,normal,0.6291323304176331
mk78n2,normal,0.4917321503162384
mqxse5,normal,0.7063034176826477
l40prq,normal,0.8109920024871826
l2uye8,normal,0.7070888876914978
kysbx8,normal,0.7791813611984253
mevbb9,normal,0.7574746608734131
lq550t,normal,0.7954995036125183
ly5v62,normal,0.7584035992622375
mcn7jr,normal,0.7975021600723267
mohsoa,normal,0.6338594555854797
lw2s8g,hate speech,0.37659135460853577
mqhehd,normal,0.7591670751571655
mgee5k,normal,0.6698710918426514
minuai,normal,0.7705371379852295
iy5ux4,normal,0.765738308429718
msq34i,normal,0.7288130521774292
mmva38,normal,0.7374565005302429
l201xf,normal,0.8281320929527283
mefh9j,normal,0.7794113159179688
kh16yj,normal,0.7932875156402588
kj3mr8,normal,0.8084655404090881
me3cnl,normal,0.7913586497306824
an0u6t,normal,0.708922803401947
8106ll,normal,0.7819728851318359
6ul604,normal,0.7682551741600037
5hkwqt,normal,0.7758206129074097
kxo312,normal,0.6657109260559082
ljhhkh,normal,0.7434090971946716
l2ut7b,normal,0.6544629335403442
jqp909,normal,0.7726645469665527
kgckx8,offensive,0.47335296869277954
itl6w6,normal,0.7551476359367371
ityruw,normal,0.7552857995033264
6a0nyi,normal,0.805476188659668
i8yflh,normal,0.7098749876022339
hwmwen,normal,0.7625476717948914
8xozj3,normal,0.7971096038818359
mugb5i,normal,0.6645387411117554
mjs6v9,normal,0.7624236345291138
mrkbw4,normal,0.6756272912025452
lyedoc,normal,0.7476564049720764
kt7980,normal,0.7495670318603516
lw2ve6,normal,0.7630817294120789
kxlbfg,normal,0.7767860889434814
msthg7,normal,0.8016883730888367
lijt0r,normal,0.7452462315559387
mq8e7s,normal,0.7881439328193665
lnx5bs,normal,0.8143642544746399
ltokou,normal,0.5743372440338135
mwcwm1,normal,0.606806755065918
7rw0ys,normal,0.8086332082748413
bskuu,normal,0.7823922038078308
lknipw,normal,0.7671594023704529
jv7brh,normal,0.7937809824943542
lpcpmv,normal,0.6522864699363708
mwsab1,normal,0.5360288619995117
ky335j,normal,0.70186847448349
lk5y4z,normal,0.8167917728424072
llg79v,normal,0.7376850843429565
k8t285,normal,0.808796763420105
i3qmc0,normal,0.7424891591072083
i0x99m,normal,0.6166348457336426
fdj1it,normal,0.7384721636772156
m7sr1g,normal,0.7418203949928284
l4mop1,normal,0.7959022521972656
ho7bo6,normal,0.5924789905548096
kw2bca,normal,0.6884738802909851
hwo0al,normal,0.8101110458374023
kmympw,normal,0.8216392993927002
m5o22f,normal,0.7699816823005676
lrdyre,normal,0.7174168825149536
k3x76c,normal,0.7700812220573425
mxb2vt,normal,0.6379143595695496
mqrwwk,normal,0.7958821058273315
md0807,normal,0.7866148948669434
ig9v73,normal,0.7749226093292236
mw4jz9,normal,0.7856866717338562
mplvr4,normal,0.7708408832550049
mpel7a,normal,0.6744048595428467
mmy64o,normal,0.8071228861808777
m4x81x,normal,0.6650176644325256
l0wa3r,normal,0.7385928630828857
lj99rv,normal,0.8143711686134338
ej0t7t,normal,0.7657324075698853
ml0voe,normal,0.7667727470397949
jg10zn,normal,0.7979680895805359
jkdjiv,normal,0.72422856092453
ltc4ic,normal,0.7975661754608154
kpuzpo,normal,0.5983449220657349
hrm8aq,normal,0.8141977190971375
l2cxes,normal,0.7151408791542053
mi3tsr,normal,0.7588605284690857
lg24w4,normal,0.7818647623062134
kk00s7,normal,0.7913303375244141
fcem50,normal,0.6189830899238586
f41v2y,normal,0.7281175851821899
jl0k41,normal,0.790197491645813
g7hrz6,normal,0.836118757724762
j10f5p,normal,0.6502159237861633
f6eg6j,normal,0.7020549774169922
kkcleb,normal,0.6692838668823242
lqk542,normal,0.7856755256652832
lz6z6j,normal,0.48551052808761597
br2fdu,normal,0.7546576261520386
m5eso2,normal,0.7434364557266235
b20lp9,normal,0.785917341709137
a6fydd,normal,0.7555170655250549
ef29ib,normal,0.7491631507873535
irlxpq,normal,0.6989336609840393
8atmnw,normal,0.6828301548957825
l6oz4h,normal,0.8061443567276001
enrg9c,normal,0.7583875060081482
moph03,normal,0.7802572846412659
mqvx3l,normal,0.7039114832878113
m9qyk9,normal,0.8039724826812744
mhy8k5,normal,0.695740282535553
itthdd,normal,0.6506012678146362
fepkwu,normal,0.6650878190994263
mpxc8f,normal,0.7830988764762878
knq0b6,normal,0.7899157404899597
1gjbtt,normal,0.7890194654464722
mkqr92,normal,0.7838318347930908
lcv9yq,normal,0.8004589080810547
lf20f5,normal,0.5754539370536804
m6istt,normal,0.7900549173355103
d6v42f,normal,0.7458840012550354
l68o92,normal,0.7843636274337769
3d8pmb,normal,0.7574560642242432
52eueu,normal,0.7938348054885864
mdyrq4,normal,0.7863194942474365
lyltau,normal,0.8320122957229614
m5sj3e,normal,0.7883761525154114
jwjs0j,normal,0.7768746614456177
le1m6f,normal,0.7504661083221436
mcimgq,normal,0.765388011932373
jsucul,normal,0.7246344685554504
lkosdr,normal,0.7910891771316528
luez8n,normal,0.6674346923828125
mxoutz,normal,0.6389620304107666
jic73a,normal,0.7635692954063416
mfnl9y,normal,0.7723562717437744
mqel0h,normal,0.5609001517295837
kodo09,normal,0.7167576551437378
mktss3,normal,0.7499011158943176
mvzori,normal,0.8051119446754456
koc3fr,normal,0.7976758480072021
lbuhdm,normal,0.7948374152183533
ke1cx1,normal,0.7995904088020325
kohvey,normal,0.8135232329368591
knvyrj,normal,0.7986975908279419
ksiuj4,normal,0.6716830134391785
kxda1m,normal,0.7646722793579102
hm8xmj,normal,0.7517203688621521
lm2bdt,normal,0.7103123664855957
mimzop,normal,0.8298088312149048
m6vp7y,normal,0.7710631489753723
ce8jqn,normal,0.7729647755622864
mx7c80,normal,0.786381721496582
mw8h1i,normal,0.7792828679084778
lb7n70,normal,0.7810277938842773
j63gdr,normal,0.7049493193626404
mx2heg,normal,0.8114002346992493
mo7c0p,normal,0.7846207618713379
mw7m8n,normal,0.7463917136192322
mpemmy,normal,0.6414511203765869
j6tswx,normal,0.6940460801124573
mo7nwa,normal,0.7598819732666016
llsf51,normal,0.7839747071266174
mqmyiw,normal,0.740813672542572
mvtazw,normal,0.7041345238685608
leygeu,normal,0.5266958475112915
kiifud,normal,0.7716344594955444
lgbc70,normal,0.7865854501724243
k85n4o,normal,0.7311918139457703
lglt0f,normal,0.7438713312149048
llcwou,offensive,0.40695035457611084
leqryv,normal,0.8023421764373779
lf1j1b,normal,0.6596508622169495
lwxx6j,normal,0.8054593205451965
iil209,normal,0.7643172144889832
i5ozhj,normal,0.7617366909980774
lwjy7k,normal,0.7488526105880737
mtspy8,offensive,0.48640745878219604
jut0ej,normal,0.6880120038986206
mrob1t,normal,0.728453516960144
l2d6cj,normal,0.7401614785194397
kbj1k2,normal,0.7305747866630554
kr4aff,normal,0.7501260042190552
mjh2za,normal,0.6382679343223572
jhxbqk,normal,0.7745058536529541
mo6n6d,normal,0.81393963098526
kyp6ru,normal,0.7023369073867798
mxmanm,normal,0.6922211050987244
kw5ihf,normal,0.7697598934173584
jcazfe,normal,0.7703714966773987
fymre6,normal,0.8093807697296143
m1fw8v,normal,0.7893360257148743
m34ylg,normal,0.5072759389877319
lru41y,normal,0.798689067363739
k1s6nc,normal,0.8100885152816772
met5nd,normal,0.7050412893295288
etbgfc,normal,0.7557958960533142
efcru0,normal,0.7912850975990295
ipj3mt,normal,0.7540030479431152
d2aumk,normal,0.6880064010620117
aj1osh,normal,0.7189258933067322
mbdtxl,normal,0.6359596848487854
f61eqy,normal,0.7206452488899231
meibzg,normal,0.7145082354545593
ccv3be,normal,0.7472675442695618
haksqi,normal,0.7652263045310974
jb07nu,normal,0.7716437578201294
1ax3b9,normal,0.6042380928993225
4o4huf,normal,0.6632843613624573
620vlf,normal,0.8039320707321167
2b851p,normal,0.773581326007843
10e573,normal,0.8106536269187927
6ffy94,normal,0.7733702659606934
19geic,normal,0.7597917914390564
mou0ad,normal,0.7627427577972412
ktyhsp,normal,0.6949930191040039
lz6ugf,normal,0.7087224125862122
k0d4un,normal,0.5053383111953735
lpsa3n,normal,0.7615718245506287
hgwtzj,normal,0.7380955815315247
jmvfrl,normal,0.7228778600692749
khil13,normal,0.7758246660232544
llizzf,normal,0.6660284399986267
j9sjhi,normal,0.740351140499115
k21m47,normal,0.7274235486984253
kvovp6,normal,0.7334252595901489
3joyi1,normal,0.78209388256073
gg7bdr,normal,0.6694106459617615
g7msx2,normal,0.7851925492286682
lbilg3,normal,0.6824473738670349
b68kv9,normal,0.7531934380531311
kkvddl,normal,0.7788305878639221
m4hyrf,normal,0.7724945545196533
it6pm8,normal,0.7158533334732056
lo9bc3,normal,0.7452271580696106
1co179,normal,0.6735024452209473
hibg2c,normal,0.7206088304519653
1jshwz,normal,0.7396749258041382
1darjv,normal,0.6537193655967712
l8ok9d,normal,0.7788349986076355
evnm3b,normal,0.829653799533844
lnezp9,normal,0.7621489763259888
kwf0tk,normal,0.7836300730705261
m3lgq5,normal,0.5099626779556274
mm6ynt,normal,0.6322255730628967
iqou89,normal,0.4827667772769928
kqln8b,normal,0.7315848469734192
kmi8jm,normal,0.6719566583633423
5h9ol6,normal,0.8030647039413452
jj1bsw,normal,0.7086281180381775
ka76tc,normal,0.8143836855888367
as43yt,normal,0.5771756768226624
i8z2ry,normal,0.7133988738059998
jpr912,normal,0.7581112384796143
k5eogk,normal,0.6901920437812805
in5qpd,normal,0.7637178301811218
av8msq,normal,0.7824908494949341
9esjit,normal,0.7850572466850281
46ap7s,normal,0.8041092753410339
go11u7,normal,0.5961259603500366
6omlh,normal,0.7591768503189087
5ksniw,normal,0.7695770859718323
dehpwf,normal,0.7768020033836365
hgu3mg,normal,0.7812541127204895
e0m7ww,normal,0.6856378316879272
inj1d,normal,0.7659043073654175
41pp6f,normal,0.5245713591575623
gagxh,normal,0.779704213142395
jq7eqo,normal,0.7376959919929504
bmyv66,normal,0.6694530248641968
fcngpe,normal,0.7558863759040833
lh63ox,normal,0.6946882009506226
9ofed9,normal,0.7683073878288269
k670xz,normal,0.6557326912879944
h8zd6f,normal,0.8143476247787476
gll6z6,normal,0.7472385764122009
cmk9q,normal,0.7667946219444275
bqisbx,normal,0.6541557908058167
jk19dn,normal,0.79457688331604
fcb989,normal,0.7733985185623169
b3fb4b,normal,0.7916484475135803
h9m8m5,normal,0.6596463322639465
a82dkg,normal,0.5475360155105591
gaowj0,normal,0.6766496300697327
5necnp,normal,0.5724437236785889
ap0i5n,normal,0.613408625125885
a9z5u4,normal,0.4213090240955353
22ys2x,normal,0.7749168872833252
10cn5h,normal,0.6205066442489624
8jbwor,normal,0.7435414791107178
7o25k,normal,0.7433242797851562
4uqb78,normal,0.7462248206138611
a6ajo,normal,0.7776411771774292
1wx84z,normal,0.5371085405349731
4vocdt,normal,0.7137320637702942
1unaq0,normal,0.5612800717353821
me6f5u,normal,0.7643425464630127
mivde0,normal,0.8077715635299683
jmqlfl,normal,0.8195178508758545
mx59hs,normal,0.7335395216941833
g3oc4t,normal,0.7277879118919373
gf9uoi,normal,0.7641292214393616
mfx4rk,normal,0.7893778681755066
h16mcl,normal,0.7568027377128601
mdc9iy,normal,0.7819071412086487
huw307,normal,0.7524928450584412
fqwhwa,normal,0.7830398082733154
85jhby,normal,0.7880330681800842
i22dok,normal,0.7741730213165283
ibzkq2,normal,0.8229085803031921
lp8od0,normal,0.7136922478675842
cgygqp,normal,0.6903163194656372
2v5czi,normal,0.8302543759346008
kl27ne,normal,0.793208658695221
hyvs8q,normal,0.7754027247428894
k2mwm5,normal,0.8147226572036743
ht9825,normal,0.6777526140213013
hl5w23,normal,0.7379234433174133
b6812s,normal,0.7430898547172546
k2wcu1,normal,0.7988895773887634
hp5jh8,normal,0.8076381683349609
kkppy6,normal,0.6983537673950195
735q9l,normal,0.7988648414611816
lek2kn,normal,0.8076204061508179
lbtbg7,normal,0.706556499004364
hzmff1,normal,0.7467941641807556
kbvhuq,normal,0.7803059220314026
3gpi6f,normal,0.774756133556366
fxl93,normal,0.8045137524604797
22jkmz,normal,0.7652571797370911
6hyjfb,normal,0.7703771591186523
3g3mcy,normal,0.7846348285675049
1uelx3,normal,0.7380886673927307
3tpt56,normal,0.7115333676338196
elno13,normal,0.6678124666213989
6g44dh,normal,0.7212317585945129
6hqe1u,normal,0.6753717064857483
dwaeta,normal,0.7163056135177612
ll65u9,normal,0.7326327562332153
ldty5q,normal,0.7463454008102417
3s1hm5,normal,0.7263604998588562
25w5xw,normal,0.7933588027954102
ekh6ls,normal,0.7529547214508057
h84m8n,normal,0.7905169725418091
jixoqm,normal,0.811489999294281
muyji5,normal,0.7467845678329468
mxo5ll,normal,0.6480260491371155
mxax45,normal,0.7848425507545471
mxr6vk,normal,0.6487957239151001
mx4h25,normal,0.7604276537895203
mx35v0,normal,0.6708466410636902
mwk8co,normal,0.8040571808815002
mwno9q,normal,0.7124839425086975
muavk8,normal,0.7683506011962891
mv3ei1,normal,0.7322854995727539
mu4qv0,normal,0.7789337635040283
mu0zep,normal,0.7644132971763611
mtg549,normal,0.7714471220970154
mt5lhd,normal,0.7536100149154663
mt2vp4,normal,0.7341680526733398
lo4sqa,normal,0.7427968382835388
l9ixzb,normal,0.7644451260566711
mgo2ho,normal,0.7774275541305542
ioqns3,normal,0.7624285817146301
mtr4cq,normal,0.6246238350868225
g9uwwe,normal,0.7774652242660522
i9y81a,normal,0.7960236668586731
lvj0xu,normal,0.8237417936325073
hmhco2,normal,0.7854872941970825
m0zq69,normal,0.6386164426803589
mw4u11,normal,0.7624868750572205
fe75lu,normal,0.7831762433052063
kxd9y9,normal,0.7595235109329224
m3i7yy,normal,0.6892809867858887
mxn5kd,normal,0.7228814959526062
mxbjtc,normal,0.798111081123352
mxo8a4,normal,0.6887426376342773
mxpig6,normal,0.7483941316604614
mx84dv,normal,0.8069983124732971
mw3c94,normal,0.7503068447113037
mx1toj,normal,0.7666881680488586
mus2ah,normal,0.8348751068115234
mudn44,normal,0.7023150324821472
muoy09,normal,0.7358718514442444
murgmw,normal,0.6945115923881531
musogk,normal,0.6539425849914551
mixhbd,normal,0.7691219449043274
lz608g,normal,0.5460986495018005
mpisad,normal,0.7423403859138489
miv0xe,normal,0.7796217203140259
jkankf,normal,0.794465184211731
mks8nr,normal,0.8054763674736023
mggpem,normal,0.7659988403320312
mm1s7h,normal,0.769091010093689
mrdsm0,normal,0.7424705624580383
mx83o8,normal,0.7856471538543701
miqr2l,normal,0.5655803680419922
mw26fa,normal,0.8094222545623779
milqc0,normal,0.6848093271255493
mvvlgg,normal,0.6990031003952026
mwtfto,normal,0.779388427734375
mwapq0,normal,0.5911601185798645
mdoizs,normal,0.8169228434562683
m5ewwl,normal,0.8026925921440125
kogekx,normal,0.7979643940925598
k4xdzq,normal,0.7561512589454651
mnhjjj,normal,0.7021952867507935
m718ji,normal,0.7924943566322327
lqip8k,normal,0.6509567499160767
mgcn8o,normal,0.6268079876899719
lcp5q3,normal,0.6523807644844055
kmn6dr,normal,0.5867593288421631
iwdo3n,normal,0.7936954498291016
kwg8dm,normal,0.7966479063034058
k3skby,normal,0.8023587465286255
mw7qp1,normal,0.7800260782241821
mw5tn8,normal,0.8048020601272583
mt7rh6,normal,0.7926256060600281
mw8w6w,normal,0.7093920111656189
mt97t1,normal,0.6885549426078796
mtwce0,normal,0.7025752663612366
mtdlo4,normal,0.8211886286735535
msev5n,normal,0.7852105498313904
mrsdf9,normal,0.783369243144989
mwhpiw,normal,0.7592406868934631
mv93u5,normal,0.7799932360649109
mu6xoq,normal,0.6758182644844055
mu20xl,normal,0.7517102956771851
mswv9u,normal,0.8128349184989929
mqoot3,normal,0.7337573766708374
mugk3o,normal,0.790973961353302
mm5gnq,normal,0.7495620846748352
kk887z,normal,0.769576370716095
mqyf1u,normal,0.7790770530700684
mhapk7,normal,0.7445504069328308
mc6nmv,normal,0.7510768175125122
mmfrmi,normal,0.808939516544342
llrq4e,normal,0.7970119714736938
i101qg,normal,0.6783384680747986
ksmr1y,normal,0.7994903326034546
iburc0,normal,0.6485082507133484
j078k4,normal,0.7940641045570374
jeuzb1,normal,0.7909279465675354
ha6l61,normal,0.785284698009491
i4wouv,normal,0.7722815871238708
jh90db,normal,0.6779964566230774
m8t2kq,normal,0.7383100986480713
lv7gum,normal,0.7041837573051453
k4q86m,normal,0.6190701127052307
kpywn3,normal,0.7981574535369873
k5d76c,normal,0.8258040547370911
kv5lly,normal,0.7318296432495117
jwzz6t,normal,0.6060181260108948
d532ie,normal,0.7316213250160217
b3ovid,normal,0.6743346452713013
iq2res,normal,0.7743029594421387
iuh9f5,normal,0.640502393245697
ghwu7q,normal,0.6333144307136536
k6bj9y,normal,0.6075733304023743
hadhj5,normal,0.809657871723175
mx8lqm,normal,0.7869442105293274
lxshxq,normal,0.8104792237281799
jsv1zx,normal,0.8164026737213135
lvpa4a,normal,0.663145124912262
lp568o,normal,0.800640344619751
mc0adm,normal,0.8014476895332336
kalkof,normal,0.770558774471283
luh61t,normal,0.7778552770614624
kp7fp9,normal,0.713751494884491
mqx7qf,normal,0.8053600192070007
mo4zpr,normal,0.793266236782074
kwmhtz,normal,0.6594763994216919
mnbtca,normal,0.7765989899635315
l9rrsh,normal,0.7740744948387146
m5zily,normal,0.7713165879249573
mldy3q,normal,0.7597017884254456
lw5j76,normal,0.6178964376449585
mqpdkm,normal,0.7581857442855835
lbx1eq,normal,0.736973762512207
iu86hz,normal,0.6801601648330688
m5d4t3,normal,0.7983143329620361
mm1jyu,normal,0.6858655214309692
mlsaer,normal,0.7190592288970947
lyuqge,normal,0.8326849937438965
l5gct6,normal,0.603984534740448
m9jn5u,normal,0.6576968431472778
mkuqad,normal,0.7813593745231628
girym5,normal,0.7899982929229736
lwktu6,normal,0.781585693359375
lhr3mx,normal,0.7675219774246216
c9mhpg,normal,0.7699583172798157
535k3u,normal,0.7840985655784607
6iv1ua,normal,0.8094777464866638
6i9pzg,normal,0.8097816705703735
92ha92,normal,0.7992978096008301
7prfea,normal,0.8070547580718994
3rw0j1,normal,0.8031752109527588
6pv624,normal,0.7944927215576172
68pp5o,normal,0.790289580821991
659kun,normal,0.8214585185050964
5z6f45,normal,0.7925251126289368
52v8zo,normal,0.694656491279602
57klfd,normal,0.6956825852394104
mk0mjz,normal,0.6524070501327515
fevp1j,normal,0.760186493396759
ijhhc8,normal,0.7769657969474792
ipf0s7,normal,0.7833588719367981
i9urwh,normal,0.7440201640129089
gapnyb,normal,0.7200326919555664
f99j08,normal,0.7189041376113892
ikkjq9,normal,0.729546844959259
edy0tr,normal,0.8079349398612976
cwms55,normal,0.7720035314559937
fckcwm,normal,0.7626289129257202
m4vqqd,normal,0.7463468909263611
mio107,normal,0.7941495180130005
7cmf5n,normal,0.8160449862480164
lps9si,normal,0.8294590711593628
k1s9q7,normal,0.8051422238349915
lxw35h,normal,0.811869204044342
mkjnww,normal,0.7583587169647217
mlzf91,normal,0.6875482201576233
m9sji0,normal,0.7515553832054138
iw937l,normal,0.8400408625602722
lx5rkb,normal,0.7767865657806396
hvg64d,normal,0.7255553007125854
