tweet_id,classification,classification_score
ewxz3u,normal,0.7414811253547668
bcef6y,normal,0.7713485360145569
m71mr5,normal,0.7911528944969177
l3ymxn,normal,0.7497151494026184
loocn7,normal,0.619048535823822
lj9uk8,normal,0.7444096207618713
mpkaxu,normal,0.5901304483413696
lgdcj3,normal,0.7001305818557739
lgwf2k,normal,0.7236840128898621
i1n87c,normal,0.8004978895187378
bjh0iv,normal,0.7832669615745544
g6urds,normal,0.7184947729110718
hdmv4v,normal,0.6984430551528931
e9sou0,normal,0.5952036380767822
brv0vf,normal,0.7178183794021606
2ropwl,normal,0.7814556956291199
g4z49q,normal,0.736136257648468
fp20p0,normal,0.7953722476959229
aazi0e,normal,0.7207404375076294
dgxnss,normal,0.7805275917053223
b5xdh9,normal,0.668181300163269
8pglno,normal,0.7477293610572815
bd5tsy,normal,0.7601566314697266
a8ejse,normal,0.7205213904380798
csykgz,normal,0.6896633505821228
emrlvb,normal,0.7637419700622559
9nraxo,normal,0.7083123922348022
bibzwu,normal,0.7439444661140442
bmeroj,normal,0.8055588603019714
8gtlin,normal,0.7856482267379761
c0v2aa,normal,0.7914102673530579
a2xpse,normal,0.7372210621833801
bmurzz,normal,0.6631008982658386
3g59lp,normal,0.761162519454956
8obgzj,normal,0.6286365389823914
azvrku,normal,0.7556278109550476
a8ucdx,normal,0.5809212923049927
bhyiea,normal,0.7699596285820007
8g952y,normal,0.7672510743141174
bmf5nl,normal,0.7681732773780823
71ir5f,normal,0.7252045273780823
83gg8s,normal,0.7920587658882141
8gg08y,normal,0.7016273140907288
85u4hc,normal,0.8080418705940247
7glndv,normal,0.7320982813835144
apd1wy,normal,0.7798909544944763
95irrw,normal,0.7725432515144348
5fv323,normal,0.7256490588188171
6nto7s,normal,0.752894937992096
mwgisq,normal,0.8431194424629211
lt44e0,normal,0.7387261986732483
mggbzu,normal,0.7460525631904602
molqe0,normal,0.7692384123802185
lplr8u,normal,0.8092477917671204
mkk9b7,normal,0.7612180709838867
mt11jf,normal,0.6966651678085327
mdelt4,normal,0.8082183003425598
mtqzg2,normal,0.7664377689361572
m7p9dd,normal,0.8233206868171692
lo73qm,normal,0.7162865400314331
m98tjd,normal,0.7797461748123169
m9xvdq,normal,0.7346078753471375
mwb3zl,normal,0.7866275906562805
ld4e3k,normal,0.8091801404953003
lwxdvb,normal,0.8121564388275146
mo0zdq,normal,0.7785248756408691
mpgvft,normal,0.8241952061653137
mjwpdh,normal,0.7814533710479736
mu18nj,normal,0.768872082233429
lz1sir,normal,0.8183514475822449
mfxfn4,normal,0.8004791140556335
ld4cfk,normal,0.7900713682174683
mou40w,normal,0.6605476140975952
mjuo2j,normal,0.7887008190155029
l2h1ow,normal,0.7906565070152283
lt7y81,normal,0.7899483442306519
mw1oc5,normal,0.794903039932251
liyhrq,offensive,0.4999277591705322
mtxt5i,normal,0.7711048126220703
mhzsiu,normal,0.7304291129112244
lvid34,normal,0.5496953725814819
lwjt9u,normal,0.732718288898468
ltqdxy,normal,0.7208071351051331
mm8rmd,normal,0.7744677662849426
m4f62s,normal,0.8111135959625244
ln70iu,normal,0.7550202012062073
m4qi8l,normal,0.7982632517814636
mx5bv9,normal,0.8009733557701111
mo5mjc,normal,0.7891751527786255
mut8h7,normal,0.8177217245101929
lnpjqo,normal,0.8136640787124634
mpklep,normal,0.8104857802391052
mstnud,normal,0.8225428462028503
lg6pbz,normal,0.7673691511154175
llwsf3,normal,0.7745947241783142
mm4yjw,normal,0.7627220749855042
mput60,normal,0.7389897108078003
lns0aa,normal,0.75677889585495
mx44ls,normal,0.7591350674629211
mx7tsv,normal,0.7652709484100342
mv6yaf,normal,0.7499371767044067
mpd14l,normal,0.7993752956390381
ms1cu3,normal,0.7117356061935425
mookug,normal,0.6852892637252808
mrv20z,normal,0.6858627796173096
mo3jxc,normal,0.6834086775779724
mq5y94,normal,0.6704440712928772
mpjwrl,normal,0.7182940244674683
moyjk5,normal,0.5821369290351868
mo3hzg,normal,0.7312675714492798
mo3n6k,normal,0.7678989171981812
ml3g42,normal,0.7582303881645203
mkw9ka,normal,0.7952418327331543
mfysqq,normal,0.7498366236686707
meusn6,normal,0.801923930644989
mfsxp6,normal,0.7178348302841187
mahx1b,normal,0.8052314519882202
mb5zt8,normal,0.7206858992576599
m8zwmr,normal,0.8525211811065674
m5guhw,normal,0.8311508893966675
m5ct7b,normal,0.7804107666015625
m4bsgm,normal,0.7929190397262573
m4mhc8,normal,0.7764747738838196
m4b0xe,normal,0.7964429259300232
m49wsq,normal,0.7825941443443298
lzf58j,normal,0.8011007905006409
m1e15c,normal,0.8087371587753296
m0jnho,normal,0.7705479264259338
lzdbwk,normal,0.742801308631897
lywl0r,normal,0.4845997095108032
lyxnax,normal,0.7937667369842529
lyyi9o,normal,0.8041113615036011
lysxbd,normal,0.7512451410293579
lxchjm,normal,0.777111291885376
lwiqz9,normal,0.7678744196891785
lwg5qh,normal,0.75075364112854
lumd2g,normal,0.7557552456855774
lu2ssg,normal,0.7560021877288818
lszbvb,normal,0.7578264474868774
loktha,normal,0.8014119863510132
lqp3h0,normal,0.689932644367218
lq82zq,normal,0.7413979768753052
lonnc3,normal,0.8004859089851379
lk3tm6,normal,0.797529935836792
lohtk5,normal,0.7930121421813965
lmttl1,normal,0.7836819291114807
lkiaf4,normal,0.7761658430099487
lk2rvk,normal,0.6545909643173218
lk604t,normal,0.7809950709342957
hd6nn0,normal,0.6557326912879944
hz211w,normal,0.6557326912879944
cylan9,normal,0.6648597121238708
lvz8ro,normal,0.7711103558540344
lm8jlv,normal,0.7592159509658813
81nwvy,normal,0.6670811176300049
iyuh9y,normal,0.7187468409538269
7ktzfq,normal,0.666691243648529
drm19s,normal,0.5734118223190308
cic0ap,normal,0.8146408200263977
56goue,normal,0.6132871508598328
cik5vw,normal,0.8122277855873108
bqkvck,normal,0.70611572265625
4i6r5w,normal,0.7550721764564514
c5mkg8,normal,0.7752562761306763
3jkwcc,normal,0.6772351264953613
mpw7g7,normal,0.7969895601272583
lputfy,normal,0.6651316285133362
mla2o7,normal,0.703731119632721
lway0g,normal,0.7430958151817322
l8dxi9,normal,0.7692749500274658
mli6ob,normal,0.7651392221450806
lmekjr,normal,0.7838816046714783
ldd7vc,normal,0.7864512205123901
meeudu,normal,0.7857391834259033
kzhho5,normal,0.5980801582336426
mn8cf2,normal,0.7407383322715759
j2vos3,normal,0.8030028343200684
martg6,normal,0.6580475568771362
mv7h91,normal,0.6466395258903503
mgzgwk,normal,0.8120555877685547
mr3qdr,normal,0.6406059265136719
ltwjs0,normal,0.6978657245635986
mbbvhh,normal,0.5301488041877747
lsz6lr,normal,0.6210595369338989
lj1ca2,normal,0.6890023350715637
l2m4m5,normal,0.807567298412323
hulhbk,normal,0.5940697193145752
hh8e20,normal,0.7645444273948669
em0uum,normal,0.5794340968132019
mf7knn,normal,0.7249912023544312
lfg2n9,normal,0.5195633172988892
mron7b,normal,0.7135793566703796
mwfp4c,normal,0.6985243558883667
mf3c5x,normal,0.6532586812973022
mj72j2,normal,0.5539630055427551
ltsm92,normal,0.666580080986023
lbw88m,normal,0.7545633316040039
m6y4db,normal,0.769942581653595
l4tzwv,normal,0.745460033416748
lebwi7,normal,0.777162492275238
l93q8v,normal,0.7794129848480225
kzc739,normal,0.7359262704849243
ladrpy,normal,0.7162693738937378
7slxhg,normal,0.7819021940231323
j8q56j,normal,0.7394216060638428
l38tua,normal,0.7956361770629883
gwuvqj,normal,0.7918417453765869
jbjcme,normal,0.7377652525901794
iy529x,normal,0.5337702631950378
ia01ze,normal,0.7612753510475159
d8jcwi,normal,0.6875086426734924
jm5ijj,normal,0.7920352816581726
fk74or,normal,0.8181348443031311
gha0u6,normal,0.794093132019043
ipine2,normal,0.7440314292907715
g7sv50,normal,0.7927342057228088
d6u46z,normal,0.7791348695755005
fj0d59,normal,0.7437727451324463
fsybk0,normal,0.5898518562316895
g2858s,normal,0.7892279624938965
8uasoj,normal,0.6076103448867798
d4ypb9,normal,0.7506122589111328
gh863n,normal,0.7724040746688843
fgnosi,normal,0.8102474808692932
fj5pla,normal,0.7302313446998596
a40gja,normal,0.8206225633621216
difatl,normal,0.7718294262886047
cy53uw,normal,0.7972601056098938
foum6i,normal,0.6425091028213501
98c0s1,normal,0.7626165151596069
db26v4,normal,0.7837928533554077
8jex5n,normal,0.7915617227554321
bd5wpc,normal,0.7975765466690063
d31cw2,normal,0.7197799682617188
8i6xrr,normal,0.7387800216674805
dw47oy,normal,0.8133635520935059
9bfjjv,normal,0.7533413171768188
coc1l0,normal,0.7419575452804565
d5heg7,normal,0.7127410769462585
f30nqv,normal,0.8003455996513367
diyten,normal,0.8119767904281616
f2gpew,normal,0.8070765733718872
9ihl6b,normal,0.8030195236206055
cee7bv,normal,0.7645244598388672
dkqy6m,normal,0.7689208388328552
bbi7h0,normal,0.7816839814186096
muu0j9,normal,0.6830395460128784
mx9bbn,normal,0.7776032090187073
mu1shn,normal,0.7842464447021484
mss2m1,normal,0.750081479549408
mswhbu,normal,0.7966967821121216
mrtxv5,normal,0.754875123500824
mqubyz,normal,0.7738825678825378
monj2y,normal,0.7162318825721741
mi1x22,normal,0.8042578101158142
mmwbnw,normal,0.7341240048408508
mmr3bi,normal,0.8295486569404602
mmgy3w,normal,0.8227311372756958
ml8k98,normal,0.7282052636146545
mgccva,normal,0.8015950322151184
metnyt,normal,0.7466127276420593
mcipie,normal,0.7916527986526489
mcmqyw,normal,0.7331336140632629
manmv3,normal,0.7193028330802917
m6i930,normal,0.7169927954673767
m3pklo,normal,0.7767587304115295
m1zp2c,normal,0.7852145433425903
m1ai0y,normal,0.7312214970588684
lxe2ow,normal,0.7849823236465454
lxam5r,normal,0.7627853751182556
ltyjeb,normal,0.6889780163764954
lth27g,normal,0.6032653450965881
llvohf,normal,0.7706036567687988
ljnvs7,normal,0.7416304349899292
lcv4y6,normal,0.7367808818817139
lf9nlk,normal,0.7683207988739014
leuw2v,normal,0.7318508625030518
lewptw,normal,0.8001643419265747
l6aldc,normal,0.7428808808326721
l5w0q4,normal,0.6811473965644836
l3whto,normal,0.7198821902275085
l2eseq,normal,0.7719507217407227
l0kb1w,normal,0.7717496752738953
l0crsl,normal,0.7510736584663391
kwwwug,normal,0.7825976014137268
kv0uz6,normal,0.7747706770896912
ks2dup,normal,0.7332595586776733
komo3p,normal,0.8407110571861267
knhun9,normal,0.7637849450111389
klnjwi,normal,0.7467804551124573
kkr49e,normal,0.7676394581794739
kkkxos,normal,0.7507972717285156
kj1v36,normal,0.5688508749008179
gkxwr2,normal,0.8004981279373169
lnnpgc,normal,0.7621515393257141
bfgwlf,normal,0.8162655234336853
c3zii0,normal,0.8204624056816101
7jkcfq,normal,0.8081367015838623
6toi0q,normal,0.7447110414505005
c3zczm,normal,0.8135841488838196
37g2mp,normal,0.7645711898803711
4l1mi5,normal,0.7669558525085449
78hdr9,normal,0.7895756363868713
8k4f6t,normal,0.7893866896629333
97o5qe,normal,0.7754518389701843
234ipf,normal,0.7532146573066711
be1def,normal,0.7743933200836182
8014uo,normal,0.6539616584777832
g945rv,normal,0.6971001625061035
cp14mv,normal,0.8057721853256226
e4h59e,normal,0.7654855847358704
7uwplk,normal,0.8045838475227356
8do8sk,normal,0.7893834114074707
8g8l60,normal,0.7224575281143188
lifmcq,normal,0.5989711880683899
msd0au,normal,0.802040696144104
jiicxf,normal,0.5929316878318787
jxv7in,normal,0.606528103351593
mwbmj7,normal,0.8169062733650208
mr2pb8,normal,0.7986317276954651
m6pt05,normal,0.7874541878700256
k77lqo,normal,0.819689929485321
mldwix,normal,0.7441864013671875
lyyi27,normal,0.7734593749046326
mg6ot5,normal,0.7376514673233032
mg0tlp,normal,0.813412606716156
llbbi6,normal,0.767637312412262
kxchne,normal,0.4990500509738922
m5von1,normal,0.6544517278671265
djegfo,normal,0.7740407586097717
f7sf1g,normal,0.6601138710975647
lz0ul2,normal,0.7736656069755554
ltoftd,normal,0.8039905428886414
ltrc9p,normal,0.759434700012207
9hshu1,normal,0.6189782619476318
lz38rl,normal,0.7603832483291626
ma96em,normal,0.7822372317314148
lxvy3b,normal,0.7799783945083618
eir8hu,normal,0.7874900698661804
lly5js,normal,0.681725263595581
becgdo,normal,0.7043229341506958
lpssce,normal,0.7840458750724792
ezji0v,normal,0.8195131421089172
ltvgp2,normal,0.7039699554443359
m0nwm3,normal,0.7507121562957764
kbqa1u,normal,0.8312656879425049
btsjy6,normal,0.7729781270027161
lqqzkn,normal,0.7904602885246277
lkb0m2,normal,0.7191327214241028
7k7htp,normal,0.7841822504997253
7pjkt6,normal,0.7687309980392456
londs3,normal,0.7774587273597717
ldb79e,normal,0.7500368356704712
kvw3gj,normal,0.819689929485321
l5uofr,normal,0.8015636801719666
ltcuy8,normal,0.7679599523544312
ltmzyj,normal,0.730295717716217
lj91gz,normal,0.7788740396499634
conk0v,normal,0.7625328302383423
ar5tik,normal,0.7956882119178772
k936kf,normal,0.8344915509223938
lo1awj,normal,0.7414612174034119
ipzeul,normal,0.7875475883483887
j8y4gk,normal,0.8146737813949585
mtlbme,normal,0.7636728286743164
dx3pun,normal,0.7263869643211365
lt21ch,normal,0.6206845045089722
cvxzu1,normal,0.780857264995575
cd95hg,normal,0.7969913482666016
7mtlh5,normal,0.8141149878501892
mgp3cw,normal,0.756064772605896
abydyb,normal,0.799881637096405
957slx,normal,0.8075584173202515
b9io7y,normal,0.7908716201782227
m3j7el,normal,0.7399553656578064
6lw719,normal,0.8352749943733215
bj7jte,normal,0.6414581537246704
lvsnbg,normal,0.6363508105278015
bp084n,normal,0.8328248262405396
k70md6,normal,0.7898301482200623
kb3uud,normal,0.8189379572868347
f2qwra,normal,0.7357361912727356
gl6bgb,normal,0.8278212547302246
by6rw3,normal,0.7599974870681763
bjkelb,normal,0.8029083013534546
ic0lyk,normal,0.7985430955886841
8yflkk,normal,0.7891228199005127
getc41,normal,0.8091109395027161
8gfikj,normal,0.7688274383544922
mvoraz,normal,0.7316548228263855
mtmi6s,normal,0.7881267070770264
mmwfqr,normal,0.7893203496932983
lxhfah,normal,0.732133686542511
lrriyj,normal,0.7813851237297058
lacjlf,normal,0.7670657634735107
kx9s45,normal,0.706386387348175
l3hgy8,normal,0.7974324226379395
l24fvw,normal,0.7926759719848633
mskdqt,normal,0.7942712306976318
keo5tq,normal,0.7727700471878052
mv22v9,normal,0.7972806692123413
mq7cc8,normal,0.7653957605361938
kh745n,normal,0.8198139667510986
mgl81j,normal,0.7637984156608582
mcdss3,normal,0.808290421962738
mr4gna,normal,0.7574129104614258
kf346m,normal,0.7689779996871948
kdy4y0,normal,0.7724096179008484
kemekd,normal,0.7613021731376648
mu6fnk,normal,0.7982150316238403
mkmyma,normal,0.6721811890602112
mu9loz,normal,0.7795727849006653
j4ucqy,normal,0.8006042242050171
lrldn1,normal,0.7913131713867188
jafue7,normal,0.8042370676994324
m54dd6,normal,0.7011270523071289
m1k0dr,normal,0.7809402942657471
lhl311,normal,0.6664150357246399
lr888a,normal,0.7775953412055969
l8my9e,normal,0.758354902267456
lcn9tg,normal,0.8209023475646973
hzn2sr,normal,0.8194640278816223
kbmzdy,normal,0.8129490613937378
kzs3sk,normal,0.6484373211860657
k8t823,normal,0.8007709980010986
kvi5yd,normal,0.8104669451713562
kzdlt4,normal,0.8251191973686218
g5fgc5,normal,0.678245484828949
kn84gm,normal,0.7808973789215088
grwvt7,normal,0.7680667638778687
fc29dv,normal,0.7916191220283508
kzg5mo,normal,0.8283387422561646
kxw7kv,normal,0.5833629369735718
hr6fam,normal,0.7889302372932434
f6he5u,normal,0.7273828387260437
i36sny,normal,0.8411136865615845
kzat9j,normal,0.7031005620956421
fjnv6o,normal,0.8135024309158325
kxi0r9,normal,0.7784399390220642
erpdq5,normal,0.8227882981300354
jt4je9,normal,0.8092268705368042
bgk3a2,normal,0.7529815435409546
bko3g5,normal,0.7735934257507324
8qtppl,normal,0.7023401260375977
4f39qe,normal,0.7339240908622742
mt0ku3,normal,0.7967121601104736
k17n3r,normal,0.7748008370399475
mpqy0m,normal,0.7483413219451904
mwcxxt,normal,0.7446362376213074
mjj5ch,normal,0.7392668724060059
mrzyjw,normal,0.7642976641654968
hy4xtm,normal,0.763967752456665
mi7u2u,normal,0.7794443368911743
lzg53h,normal,0.8000208735466003
kmp3dz,normal,0.7280799746513367
e2a2uh,normal,0.7553940415382385
kas3ro,normal,0.677886962890625
kw771x,normal,0.7778090834617615
k87axx,normal,0.7904070019721985
jljrxx,normal,0.5990251302719116
ab9lb8,normal,0.7801428437232971
hjw4s3,normal,0.8119391798973083
iabyfh,normal,0.7224128842353821
hx0ben,normal,0.7598442435264587
i26iqq,normal,0.6743346452713013
f3wmob,normal,0.7564991116523743
gmi85d,normal,0.6939483880996704
g9pjx2,normal,0.7604480981826782
cgiglm,normal,0.8118792772293091
fhhf3x,normal,0.6404173374176025
fuwrpe,normal,0.7409223318099976
ehsmon,normal,0.6857251524925232
bcv06g,normal,0.6181195378303528
b6ktqp,normal,0.7859258055686951
bmp3xb,normal,0.7435333728790283
ek6qk1,normal,0.8287889957427979
bj2c8s,normal,0.7878685593605042
dwlrs0,normal,0.7300903797149658
brdq8i,normal,0.7139657139778137
bd4qab,normal,0.7402576208114624
big0az,normal,0.7558066844940186
b27ux4,normal,0.7511997818946838
bv7gnu,normal,0.7191608548164368
akj5qa,normal,0.7560768127441406
mfta7m,normal,0.7980345487594604
luqrqf,normal,0.7702612280845642
lrjnni,normal,0.8680523037910461
gf99jh,normal,0.7234152555465698
gg44k0,normal,0.7478523850440979
hfa95u,normal,0.7997033596038818
hq5ewq,normal,0.8033487796783447
c5pjii,normal,0.7582967281341553
dh9zam,normal,0.8230607509613037
aw3ien,normal,0.7667288184165955
9kooym,normal,0.6823465824127197
8qd5mo,normal,0.7905063033103943
4nn06g,normal,0.7831082940101624
dm4v9c,normal,0.7731801271438599
d9bezz,normal,0.779667317867279
jr21qt,normal,0.834720253944397
kdihpr,normal,0.7950360774993896
hmfiyl,normal,0.7447051405906677
ix638q,normal,0.4586794972419739
m5k5g9,normal,0.7301761507987976
kfdsxj,normal,0.7542791962623596
k9j8gm,normal,0.7945041656494141
g0zhsz,normal,0.7853777408599854
ftu8vu,normal,0.7818874716758728
dwznnm,normal,0.6778013110160828
dbx7to,normal,0.7858045101165771
biu6y4,normal,0.7910298705101013
jojbrw,normal,0.8184614777565002
kx9uzu,normal,0.8034385442733765
mqnz5n,normal,0.5674905180931091
lyst2u,normal,0.8308708071708679
lq7zq9,normal,0.7940064668655396
mr6qr0,normal,0.8267433643341064
m7fx1w,normal,0.8129590749740601
lku8ka,normal,0.7552160024642944
lrgt0m,normal,0.7306587100028992
jpwo0j,normal,0.6844162344932556
krtzaz,normal,0.7866025567054749
mw92zj,normal,0.8309003710746765
l697fu,normal,0.7431314587593079
jgvcq5,normal,0.7802237868309021
l9oyqz,normal,0.7586685419082642
lh4vvj,normal,0.7879589200019836
mtsm9a,normal,0.832045316696167
mp6e0b,normal,0.832045316696167
izs4xw,normal,0.7326996922492981
mtiazl,normal,0.8084770441055298
m0j34i,normal,0.7945263385772705
hsa97a,normal,0.796291708946228
mkc5i8,normal,0.832045316696167
jgykcb,normal,0.7537557482719421
kbs6xt,normal,0.8100800514221191
kx00jd,normal,0.7747761607170105
mkwx6k,normal,0.6074052453041077
kfswjf,normal,0.8204471468925476
mr299g,normal,0.7878292798995972
m6h5ms,normal,0.8206924200057983
lym77c,normal,0.6581254005432129
mqapti,normal,0.8184934854507446
mg2dft,normal,0.6632577776908875
jjcp7l,normal,0.8045604825019836
lrmmfw,normal,0.8020955324172974
m6npyo,normal,0.766687273979187
mm78xs,normal,0.7696511745452881
m3nhqv,normal,0.7651164531707764
lxnkfm,normal,0.7196252942085266
mwkjuy,normal,0.8113816976547241
lw1hu2,normal,0.6474319100379944
mfh8ej,normal,0.832045316696167
jsj5za,normal,0.8141456246376038
lv0jev,normal,0.7948315143585205
m5c801,normal,0.8440289497375488
maedq6,normal,0.8440289497375488
j7ko8m,normal,0.7634372115135193
lhvz2j,normal,0.744572639465332
ie4far,normal,0.7086610198020935
kt43jb,normal,0.8292872309684753
jrleu4,normal,0.8106935620307922
lqeund,normal,0.7835052013397217
ir5x1v,normal,0.7591536641120911
lr38h4,normal,0.6908981204032898
hj6zf0,normal,0.773004949092865
j8d4bk,normal,0.7997021675109863
l8yczc,normal,0.7478818893432617
euthgv,normal,0.7954038381576538
bjhcjy,normal,0.804119348526001
hrduj1,normal,0.7955811023712158
hyvt6e,normal,0.8000993132591248
htma2y,normal,0.7653487324714661
ihu7d3,normal,0.6722246408462524
fwrh79,normal,0.7369657158851624
ln0p8w,normal,0.7905189990997314
lbud5b,normal,0.7683031558990479
kysurb,normal,0.722316563129425
kyb7nd,normal,0.6883354187011719
jzs5ik,normal,0.8056694269180298
jbo3q1,normal,0.8162729740142822
hl6sov,normal,0.7440630197525024
gd5imw,normal,0.5559813976287842
g1cdct,normal,0.7850170135498047
g0wjsx,normal,0.7210136651992798
edl8tn,normal,0.761326014995575
daj0o1,normal,0.7704021334648132
d9uqps,normal,0.8030077219009399
d0r0rp,normal,0.8121460676193237
cfdi3z,normal,0.7743258476257324
ceomo9,normal,0.7649356126785278
bksdr7,normal,0.7510442733764648
b8ycmd,normal,0.8010597229003906
azgp8h,normal,0.8302487134933472
aoasgl,normal,0.7811322212219238
alttqf,normal,0.7982207536697388
8rs67n,normal,0.7786917686462402
4gqlh2,normal,0.7661619186401367
ihw6zl,normal,0.7781819701194763
avatcx,normal,0.7588320970535278
7vu8nc,normal,0.7009903788566589
lrjnfx,normal,0.8144505023956299
mv2u18,normal,0.7459637522697449
d9xk3k,normal,0.7902799844741821
bdwktl,normal,0.6860511302947998
bdepk9,normal,0.8003764748573303
azyayv,normal,0.8036827445030212
ltyli3,normal,0.7865675687789917
m53lpq,normal,0.7808631062507629
ma27o9,normal,0.7953376173973083
mkwoqe,normal,0.772289514541626
mvi8ub,normal,0.620488166809082
j95pkr,normal,0.8164516687393188
mhk37d,normal,0.7182728052139282
m8tjkr,normal,0.7309205532073975
ly6glx,normal,0.7385082840919495
mdtlwj,normal,0.7815471887588501
lu18qy,normal,0.7563536763191223
jbxlpr,normal,0.80121910572052
kqyxd1,normal,0.7908221483230591
f11mvs,normal,0.8173049092292786
jb6hhy,normal,0.7854850888252258
ipml9m,normal,0.7907088994979858
epnd0l,normal,0.7866735458374023
j65xda,normal,0.7975196242332458
9d7cnc,normal,0.8063487410545349
fw1agv,normal,0.7637237906455994
eh6kc5,normal,0.76638263463974
esezb4,normal,0.7860221266746521
8ei6tq,normal,0.7223441004753113
axtrx7,normal,0.7774466872215271
c84urv,normal,0.7719327211380005
c2e71v,normal,0.7686462998390198
bld0vr,normal,0.8190265893936157
e51ksh,normal,0.7740235924720764
aaglsc,hate speech,0.3855035603046417
9kyekh,normal,0.7823731303215027
b2wlfd,normal,0.7513712644577026
axpvd3,normal,0.7185442447662354
8esim9,normal,0.8029830455780029
9f2h11,normal,0.7526443600654602
i31160,normal,0.7569208741188049
d6gmuz,normal,0.7384276390075684
bht2aq,normal,0.8326199650764465
ash4em,normal,0.7780970335006714
mqw9e0,normal,0.7522756457328796
mrol05,normal,0.7554234862327576
mo6pxl,normal,0.7670542001724243
m6gkdd,normal,0.8036486506462097
li1845,normal,0.800510823726654
lrkyoi,normal,0.7838832139968872
lje8lt,normal,0.7443954348564148
l79r7n,normal,0.7745149731636047
mf8lir,normal,0.7994016408920288
jkp19c,normal,0.7896194458007812
mwe1ow,normal,0.7627968788146973
m861s8,normal,0.7590823769569397
mob66i,normal,0.8163053393363953
i6ewnv,normal,0.74222731590271
m2v2mp,normal,0.7711557745933533
l2s95u,normal,0.7977186441421509
iwwadq,normal,0.7644271850585938
i5ppvz,normal,0.6557326912879944
hx97fe,normal,0.7663848996162415
hp3s2m,normal,0.8117468953132629
bn62me,normal,0.7901034951210022
e8fwak,normal,0.7374562621116638
btbc7k,normal,0.7789046764373779
av488y,normal,0.7992638945579529
6j3gk2,normal,0.7071956992149353
axjzfs,normal,0.7242764234542847
ih3ucl,normal,0.7465569972991943
g0nj3i,normal,0.786672055721283
f3v8ow,normal,0.7857520580291748
b3rlim,normal,0.7975307106971741
hnqxkf,normal,0.7060515880584717
jab7tr,normal,0.6926838159561157
mgsth7,normal,0.7631513476371765
lz79dm,normal,0.8029640316963196
hmlya4,normal,0.7432153820991516
m7kxu2,normal,0.7678682804107666
le8lbz,normal,0.7138552069664001
lmr4gz,normal,0.8008274435997009
lfy1h0,normal,0.7634385824203491
fg0r9y,normal,0.7995510697364807
cz9zvj,normal,0.7613368630409241
l56fn4,normal,0.7268234491348267
dhjnuy,normal,0.763757586479187
e1ybzt,normal,0.7882979512214661
l7vjlg,normal,0.8481505513191223
an9a1o,normal,0.7790895104408264
kp8hi0,normal,0.7690685987472534
kjllb5,normal,0.7526979446411133
bv15uu,normal,0.7847067713737488
jhfbyf,normal,0.7539330124855042
jd4scd,normal,0.8300365805625916
jillur,normal,0.7852436900138855
j9perh,normal,0.785345196723938
i5zdfi,normal,0.7879829406738281
hr79ow,normal,0.7277272939682007
j1qt95,normal,0.8104565739631653
i3vnwu,normal,0.702408492565155
gmugu0,normal,0.7193773984909058
gx6s57,normal,0.7288753390312195
k4z0su,normal,0.7639180421829224
hqh63z,normal,0.7977888584136963
mu0pad,normal,0.7644919157028198
mjbnwd,normal,0.7911363244056702
mxbobf,normal,0.8206926584243774
mwrru5,normal,0.8023677468299866
mwpdum,normal,0.7951905727386475
mvg1hj,normal,0.539837121963501
muqxq6,normal,0.7550423741340637
mqzci4,normal,0.7244203090667725
mv16zh,normal,0.7951212525367737
msxbcs,normal,0.7813329696655273
mtaerd,normal,0.7998051047325134
ms7ms9,normal,0.7772025465965271
mr53sr,normal,0.7160063982009888
mndmqt,normal,0.7597440481185913
mpnk5q,normal,0.785716712474823
mpkvll,normal,0.7872899174690247
mpb0dr,normal,0.6575431227684021
mktoe9,normal,0.697135865688324
mobbgp,normal,0.6887518763542175
mn5b8u,normal,0.7845027446746826
mjwxbs,normal,0.7787325978279114
mmkxmk,normal,0.7529478073120117
mhoicc,normal,0.7104654312133789
mk3s7t,normal,0.7642479538917542
miys1h,normal,0.7954919338226318
mhk9hx,normal,0.7836243510246277
mhcmxh,normal,0.802295446395874
mgxr0r,normal,0.7918857336044312
mg7cm7,normal,0.5948465466499329
mg5oum,normal,0.7590841054916382
mg6gtv,normal,0.7523624300956726
md3s76,normal,0.7677720189094543
md34qt,normal,0.7628403902053833
mchuer,normal,0.7873746752738953
mca91j,normal,0.7664368748664856
m7rzg9,normal,0.8158327341079712
mbol0e,normal,0.6808483600616455
mbyf08,normal,0.6832793354988098
mbdmha,normal,0.7982292771339417
magmv5,normal,0.7524991035461426
mam8mq,normal,0.7133873701095581
mahz3i,normal,0.7908188700675964
m9pdvf,normal,0.5190154314041138
m9rufk,normal,0.7348542809486389
m88dki,normal,0.7924124598503113
m86tdf,normal,0.7840301394462585
m807l0,normal,0.7172370553016663
m7dl02,normal,0.7689874172210693
m6ljkr,normal,0.7885912656784058
m5cdbx,normal,0.7286359667778015
m4x81x,normal,0.6650176644325256
m4kc0c,normal,0.7786120772361755
m5nx3s,normal,0.7029212713241577
lf5hz7,normal,0.8239638209342957
ku7883,normal,0.6513752341270447
laskkc,normal,0.7544068098068237
l1ccqs,normal,0.7467273473739624
k8iv8n,normal,0.6989187598228455
iuwtys,normal,0.7523301839828491
l2af5j,normal,0.7683452367782593
iyktop,normal,0.8094468116760254
d9s7ms,normal,0.7747984528541565
iwryvb,normal,0.7793616652488708
i449ol,normal,0.7733678817749023
isktmk,normal,0.7906637191772461
idoaq0,normal,0.7191404700279236
gnl59x,normal,0.7381769418716431
8hgre4,normal,0.8335360288619995
a64a0w,normal,0.7417883276939392
f2mj9l,normal,0.7409720420837402
gmcgd2,normal,0.7673494815826416
am4obs,normal,0.7991998791694641
fhy2r8,normal,0.7805564403533936
4mecmz,normal,0.7832711338996887
dh3nuy,normal,0.7228548526763916
dcvx36,normal,0.748169481754303
4dbnnt,normal,0.7791107892990112
73pf93,normal,0.6777716875076294
5p3x5a,normal,0.781473696231842
a5z9ly,normal,0.7434446215629578
b78lpo,normal,0.800879180431366
b7h7bd,normal,0.7253585457801819
8mwipe,normal,0.5318269729614258
4ymw0m,normal,0.7460060715675354
53tk26,normal,0.7036783695220947
69ya4z,normal,0.5334393978118896
7wmgo7,normal,0.8243352770805359
2g2fyk,normal,0.7448371052742004
amgbwd,normal,0.8096569180488586
dandm,normal,0.7532902956008911
4sjif3,normal,0.7479557394981384
4vzl13,normal,0.6243892908096313
3rsjgs,normal,0.7408320903778076
5w4jka,normal,0.7096689343452454
49p25v,normal,0.7650312781333923
h6243,normal,0.7963571548461914
6r6hp7,normal,0.7366132736206055
4b73re,normal,0.5150823593139648
4epp4f,normal,0.7397986054420471
t2eal,normal,0.7718138694763184
mnmd0l,normal,0.7526817321777344
m1s4av,normal,0.7756727337837219
mru1hc,normal,0.8036597967147827
mtr5v8,normal,0.7824011445045471
mtssnb,normal,0.782920241355896
mp6x9a,normal,0.7838439345359802
msx0mo,normal,0.8006969094276428
m25gzp,normal,0.6974330544471741
me7mcd,normal,0.7309579849243164
mohsoa,normal,0.6338594555854797
m3br4l,normal,0.8324220776557922
mfxclk,normal,0.7334326505661011
movb3b,normal,0.7434548735618591
mi4ef2,normal,0.7787447571754456
mm8xz5,normal,0.7651147842407227
lyfnfa,normal,0.751171350479126
jmx3zq,normal,0.7862036824226379
j4rb8p,normal,0.7769274115562439
mqel0h,normal,0.5609001517295837
msta2s,normal,0.7597814798355103
mtmu4a,normal,0.790587306022644
mlwilk,normal,0.762916624546051
mprr1w,normal,0.7168556451797485
l2yngr,normal,0.8055405616760254
mvndpz,normal,0.8365820050239563
mwg511,normal,0.6897380948066711
mjmp8o,normal,0.7991761565208435
mijbc7,normal,0.770584225654602
mf2r9n,normal,0.790187656879425
m8d03n,normal,0.7074112296104431
ljtl46,normal,0.7523946166038513
mi8v76,normal,0.7757969498634338
m8wi31,normal,0.8021166920661926
mlq5dc,normal,0.8019496202468872
mir43l,normal,0.7853301763534546
m71uhm,normal,0.8082994222640991
mr4zy9,normal,0.8100873827934265
m0o9zy,normal,0.8347052931785583
midblg,normal,0.6320441961288452
lody5t,normal,0.8103673458099365
moda2l,normal,0.8115585446357727
modkzl,normal,0.811606764793396
m4xrw5,normal,0.8244151473045349
lf3q2i,normal,0.7696309089660645
lttizc,normal,0.8285940885543823
kygd9h,normal,0.8235348463058472
m4h9sh,normal,0.818912148475647
mlmjor,normal,0.7910093665122986
l6zt46,normal,0.7821657061576843
lkwcu6,normal,0.798443615436554
mkieif,normal,0.7303673028945923
m18suv,normal,0.6716914176940918
mvt5cx,normal,0.6560762524604797
mqt5rn,normal,0.7096627354621887
mh9ova,normal,0.6431759595870972
mc9e90,normal,0.6746717691421509
m721hr,normal,0.7403188943862915
mtik2x,normal,0.7618126273155212
ius72y,normal,0.75464928150177
ly9j4h,normal,0.7434940934181213
kd20g3,normal,0.781696081161499
kj0295,normal,0.8152282238006592
kc96b7,normal,0.666863739490509
mmxjhc,normal,0.7474066615104675
meyu6j,normal,0.7031698822975159
mugb5i,normal,0.6645387411117554
fku20u,normal,0.44370079040527344
fwknn2,normal,0.7322306036949158
keeoct,normal,0.5859506726264954
i988h3,normal,0.6761608123779297
mcll1q,normal,0.5880314707756042
kmwd5n,normal,0.7448728680610657
mx2rk4,normal,0.776305615901947
ibh67u,normal,0.8032874464988708
horigl,normal,0.6693313717842102
ak555y,normal,0.8057676553726196
mw4xng,offensive,0.5529115796089172
ihku4y,normal,0.6914598345756531
8m10oz,normal,0.7634201049804688
mkgwkv,normal,0.6842679977416992
iczi9g,normal,0.7506424188613892
msm4mp,normal,0.7989304661750793
hgwk30,normal,0.7515121102333069
mwk1ut,normal,0.7853524088859558
dhs7cw,normal,0.788067638874054
m728pc,normal,0.7326768636703491
je5uod,normal,0.6992100477218628
jf6n9c,normal,0.6417587399482727
mbjb3o,normal,0.6918995380401611
lmnkkb,normal,0.7051518559455872
ih14kv,normal,0.7320818305015564
es13u5,normal,0.44370079040527344
kdpjr3,normal,0.7808926105499268
k2co55,normal,0.7931544780731201
jmo8pt,normal,0.7608544826507568
mxc733,normal,0.6817169189453125
mt134z,normal,0.7623826265335083
fe3aqu,normal,0.714327335357666
k8xl7j,normal,0.7377248406410217
lv9z2n,normal,0.7245954275131226
ebn2h3,normal,0.6820436716079712
k9hk35,normal,0.7407174110412598
gmxf1k,normal,0.6601698398590088
iwz9cb,normal,0.6964246034622192
iqq2km,normal,0.7543354630470276
gpjgip,normal,0.7591974139213562
j2t46c,normal,0.7036186456680298
m1sdn1,normal,0.7573454976081848
mwajbr,normal,0.7337138652801514
axyml1,normal,0.7541696429252625
mrynmb,normal,0.7448630928993225
mee48k,normal,0.7769669890403748
m3ibyf,normal,0.6336926817893982
acqe4u,normal,0.7568009495735168
bvamn6,normal,0.6709819436073303
d0isys,normal,0.6844707727432251
l40w2y,normal,0.6925125122070312
m025mj,normal,0.7987992763519287
kh5nfd,normal,0.6422443389892578
febmkc,normal,0.7541696429252625
fdza9f,normal,0.7541696429252625
bvrxzg,normal,0.7291678190231323
ebeyo5,normal,0.79816734790802
lkpcim,normal,0.6959913969039917
l06ags,normal,0.7801947593688965
4d6egf,normal,0.7599189281463623
d017qo,normal,0.7076935768127441
aeo59a,normal,0.7743543386459351
5t7gji,normal,0.7586814761161804
j9znvq,normal,0.7141019701957703
7dr093,normal,0.7015624046325684
9sjjj4,normal,0.6847655177116394
j5yc1z,normal,0.6627985239028931
7xjtmo,normal,0.7838817238807678
9h5v87,normal,0.7774426341056824
jkay3n,normal,0.7493208646774292
ades1k,normal,0.7697721719741821
97ogbr,normal,0.7909207940101624
jkmcd6,normal,0.7298530340194702
iotsje,normal,0.7905643582344055
ikhn45,normal,0.8063176870346069
64vrc3,normal,0.7705000638961792
672qvd,normal,0.7637244462966919
iz3utu,normal,0.48413509130477905
j52ctg,normal,0.7535368204116821
i6zlp6,normal,0.7581468820571899
ltufqv,normal,0.6033679246902466
hvzl9z,normal,0.767900824546814
mgjagf,normal,0.7472240924835205
jm1qu7,normal,0.7789093255996704
kp39ku,normal,0.8230536580085754
kpuppw,normal,0.7654080986976624
hturls,normal,0.8207213282585144
a5yxuh,normal,0.7392041087150574
kpnkka,normal,0.7065815925598145
hgxmw1,normal,0.7938567996025085
atwcbx,normal,0.7765286564826965
8nj3ul,normal,0.7856757044792175
8parod,normal,0.794623613357544
6i6vqx,normal,0.6436994671821594
jj2c4g,normal,0.7896512746810913
fwedei,normal,0.8364393711090088
jj20c1,normal,0.807447612285614
eidghl,normal,0.805628776550293
aq72ni,normal,0.7783483266830444
4j1ctm,normal,0.7151877284049988
am2yeh,normal,0.7783483266830444
8ouoqs,normal,0.8219912052154541
tv5o7,normal,0.7571990489959717
8cx7gv,normal,0.729923665523529
bs2rxe,normal,0.7506667375564575
dfh7cx,normal,0.779046893119812
8pavz1,normal,0.8196269273757935
aumqc3,normal,0.7146089673042297
dya6ik,normal,0.6654307246208191
1y43c4,normal,0.7968018651008606
9ratkg,normal,0.7535468339920044
3pkp5h,normal,0.7463141083717346
8or39p,normal,0.7939003109931946
9riw6v,normal,0.8094315528869629
2oem6i,normal,0.7649967074394226
bv49p,normal,0.8002685904502869
2fjmyf,normal,0.8177724480628967
f452i,normal,0.7586245536804199
ft89nb,normal,0.7923322319984436
9dn9u,offensive,0.5930941104888916
1r5gln,normal,0.8137941360473633
1i5255,normal,0.7154231667518616
20q5p9,normal,0.7765892744064331
etpz5t,normal,0.7846160531044006
5a9od3,normal,0.8217771053314209
8f2sic,normal,0.7815293073654175
dig9tk,normal,0.7335542440414429
2vtzk8,normal,0.7131406664848328
20hzq4,normal,0.7585552334785461
675j79,normal,0.7678552269935608
mb297e,normal,0.7549907565116882
marr0d,normal,0.7058110237121582
lyn9k5,normal,0.7915789484977722
jxv7ac,normal,0.606528103351593
lifm59,normal,0.5989711880683899
kaqexn,normal,0.6430424451828003
lb1anz,normal,0.7159080505371094
lhs8mh,normal,0.6825532913208008
icxqbq,normal,0.7891768217086792
ksi40v,normal,0.622963547706604
jxwjyt,normal,0.6739007234573364
mvk3ey,normal,0.7163347601890564
k4rfmh,normal,0.6560537815093994
lu3l78,normal,0.6211231350898743
jvki63,normal,0.6657800078392029
jljlfe,normal,0.7512262463569641
jmrgr2,normal,0.7958559393882751
klmp47,normal,0.6746079325675964
j4nl2l,normal,0.7812100052833557
keclyn,normal,0.7891685962677002
chpmo1,normal,0.771785318851471
mjxahg,normal,0.8479114174842834
khs31p,normal,0.7723145484924316
ivhnkp,normal,0.7492300271987915
d934ij,normal,0.7484873533248901
jhevjz,normal,0.7904590964317322
jj72u9,normal,0.6340943574905396
al4cye,normal,0.7938432693481445
ds2iwy,normal,0.7018781900405884
djbgn2,normal,0.6419700384140015
chpnlc,normal,0.7800690531730652
k9ejq1,normal,0.7424187064170837
dkua94,normal,0.7830356955528259
j12dsc,normal,0.7430627942085266
mtima4,normal,0.7539077997207642
diat0o,normal,0.7478090524673462
kn74i7,normal,0.7404080033302307
f633k0,normal,0.7803440093994141
lgn0tr,normal,0.7761213779449463
etayww,normal,0.6869009733200073
mmdxnr,normal,0.7025836706161499
diqtin,normal,0.6081668138504028
delfx2,normal,0.7722122669219971
iup9hh,normal,0.7327422499656677
f9gjo1,normal,0.7552151679992676
jbqeuy,normal,0.6987606883049011
ew8kle,normal,0.479644775390625
mjt4ys,normal,0.6707839369773865
faw9zj,normal,0.786501407623291
lk0mpi,normal,0.7514401078224182
jfrqis,normal,0.7743908762931824
mwh70o,normal,0.8318660855293274
drqizz,normal,0.7456022500991821
dgp25z,normal,0.8035094738006592
fjmxr1,normal,0.670682966709137
glllp8,normal,0.7325411438941956
kzt7si,normal,0.6930503845214844
5m58lx,normal,0.7450699806213379
3wovyd,normal,0.7633755803108215
mst98z,normal,0.7458476424217224
4pweya,normal,0.7602816820144653
amfrq1,normal,0.7794433236122131
5dnbl2,normal,0.706558346748352
msyvfh,normal,0.7703670859336853
4fxd3z,normal,0.7779970169067383
kr1azf,normal,0.8035866618156433
7cnuug,normal,0.7876529693603516
9fsbnx,normal,0.8092907667160034
mpm13y,normal,0.7637644410133362
4pkf5g,normal,0.6927688121795654
3wpbvc,normal,0.774807870388031
4oqbdi,normal,0.8158606886863708
mczjhl,normal,0.7301642894744873
4m7md0,normal,0.7806687951087952
4en6j7,normal,0.7705894112586975
kwbc44,normal,0.7681944966316223
j4m726,normal,0.6898491978645325
44ru1l,normal,0.77304607629776
5192oa,normal,0.777764081954956
75wm3u,normal,0.782555103302002
4mttbu,normal,0.7621715664863586
4ko7oj,normal,0.7628175020217896
4q3sx7,normal,0.7924923896789551
3w4d93,normal,0.7529399991035461
4tjtgn,normal,0.7383853793144226
6v35bm,normal,0.6522497534751892
3w89jy,normal,0.7534008026123047
5bus5t,normal,0.7633755803108215
58rzuo,normal,0.7714044451713562
50vbie,normal,0.8215929269790649
4jsl2m,normal,0.7839646339416504
4q0ket,normal,0.7950237393379211
bbelb7,normal,0.698737382888794
cgew5e,normal,0.7955185174942017
4pdpzy,normal,0.7802680730819702
4gzrrb,normal,0.7626883387565613
k1y1bm,normal,0.7948387265205383
9w0rza,normal,0.8002996444702148
kefqjh,normal,0.6908640265464783
ke23zm,normal,0.6850360035896301
dtcc9,normal,0.7753078937530518
ao5iev,normal,0.7166677713394165
36gm66,normal,0.6471808552742004
778gjf,normal,0.755138635635376
he6ic,normal,0.7243549227714539
2g4bdw,normal,0.7123299241065979
8tzq3,normal,0.4631184935569763
b49ye,normal,0.7627021670341492
dhmp0,normal,0.7413406372070312
k4fcwz,normal,0.7507097721099854
kyp6ru,normal,0.7023369073867798
fr3kmq,normal,0.7755088806152344
74rr43,normal,0.7414799332618713
hyvs8q,normal,0.7754027247428894
l8ok9d,normal,0.7788349986076355
2coo0r,normal,0.7001707553863525
2p92m0,normal,0.7218084335327148
j0t32q,normal,0.7648468613624573
bozmqt,offensive,0.43113258481025696
i3lses,normal,0.7014163732528687
gebvtr,normal,0.7892720103263855
hf9vjy,normal,0.7052560448646545
e57mwt,normal,0.6953197121620178
c85agg,normal,0.7742303609848022
2tfj6p,normal,0.7477378845214844
9m1gu,normal,0.6674346923828125
bp33l,normal,0.7285017371177673
f325d,normal,0.8091086149215698
f1hla,normal,0.7695208787918091
foilfz,normal,0.7742081880569458
cfo9f5,normal,0.7399176359176636
3l16w9,normal,0.7025402784347534
dqezh0,normal,0.6475416421890259
hpdg66,normal,0.7246512174606323
d6en6j,normal,0.6912744045257568
ex9nde,normal,0.8004162907600403
d7eeb7,normal,0.7220375537872314
d00jgo,offensive,0.5125965476036072
1c9qvl,normal,0.7457833290100098
ecgroh,normal,0.7622710466384888
tdprj,normal,0.6880481243133545
fo8wa,normal,0.7234673500061035
g2mxjf,normal,0.7144713997840881
bnjua6,normal,0.707911491394043
22kcwv,normal,0.6789396405220032
b59kxx,normal,0.724312424659729
bf4csa,normal,0.730150580406189
d0ka5d,normal,0.5637720227241516
9ll1qs,normal,0.777783989906311
1g4zlp,normal,0.6746143102645874
czftgv,normal,0.7304364442825317
j7rxs,normal,0.7470134496688843
83na4b,normal,0.7471973896026611
31s1ti,normal,0.7686901688575745
d4adcu,normal,0.763755738735199
61dtwa,normal,0.7025485634803772
4a42iq,normal,0.6983617544174194
a0z5dx,normal,0.6871616244316101
9snjhi,normal,0.7299829125404358
mr12b3,normal,0.6842659711837769
mssn6e,normal,0.689717710018158
mqva74,normal,0.7333354353904724
mlw943,normal,0.7543834447860718
mjh2za,normal,0.6382679343223572
m99qdr,normal,0.740571141242981
m9fu68,normal,0.7743299603462219
m4g7y2,normal,0.7751601338386536
m34ylg,normal,0.5072759389877319
lz6ugf,normal,0.7087224125862122
lwp8hh,normal,0.8390659093856812
lnezp9,normal,0.7621489763259888
le3k02,normal,0.7362645864486694
l1za2j,normal,0.7712818384170532
krqhrk,normal,0.5464473366737366
kj9qfs,normal,0.7535572052001953
kgh1jf,normal,0.734978437423706
kb7ogf,normal,0.8090699911117554
kdnc5h,normal,0.7451218962669373
kad9lt,normal,0.7496562600135803
k8948o,normal,0.7688414454460144
k7egnq,normal,0.768379271030426
k3ztaa,normal,0.7280163168907166
k37b8d,normal,0.798882007598877
k2ug3f,normal,0.6901130080223083
k2nc5y,normal,0.7660016417503357
k2wcu1,normal,0.7988895773887634
k38boh,normal,0.7832942008972168
k2tetb,normal,0.7465968728065491
jydmg0,normal,0.8225497007369995
jxwzzc,normal,0.7165930271148682
jwt20q,normal,0.7084750533103943
ju46zv,normal,0.7939292192459106
jsbhjn,normal,0.7653366923332214
jobuab,normal,0.7284238934516907
mq470b,normal,0.7774956226348877
lkl7gv,normal,0.6244547963142395
leunaa,normal,0.7189964652061462
mbcqn3,normal,0.7856095433235168
jihgbg,normal,0.7672883868217468
kgrsns,normal,0.7209324240684509
mb2ggz,normal,0.7022300362586975
j9d1v9,normal,0.8068353533744812
mjxczp,normal,0.6835713982582092
lpi0ay,normal,0.7189964652061462
mooq4m,normal,0.5462016463279724
i5f9dn,normal,0.7779819369316101
i5kaem,normal,0.7128114104270935
jv5rt6,normal,0.7265949249267578
kpo0aj,normal,0.7308080792427063
mptkwe,normal,0.8344221115112305
k1nqnr,normal,0.7344402074813843
g6oq6t,normal,0.5811317563056946
j5jgkj,normal,0.7843834757804871
gojf15,normal,0.6928706169128418
k7mg04,normal,0.8050662279129028
kn8q9j,normal,0.7083073854446411
iypfgx,normal,0.8064082860946655
hj3plp,normal,0.8161259889602661
k7fz19,normal,0.7594650983810425
jnrd2n,normal,0.7862857580184937
lhh3rl,normal,0.7621279358863831
k1o8ei,normal,0.7694194316864014
jq87io,normal,0.7609966993331909
le644s,normal,0.8058800101280212
iidg1x,normal,0.7786887288093567
jws1by,normal,0.6468396782875061
g8f0a7,normal,0.7454126477241516
moj5pu,normal,0.7422159314155579
e55l12,normal,0.7368879318237305
meibzg,normal,0.7145082354545593
m7hqzs,normal,0.7530447244644165
ck9s51,normal,0.76328045129776
k040pb,normal,0.7220459580421448
ki973g,normal,0.7784065008163452
fv3uik,normal,0.7698436975479126
d2aumk,normal,0.6880064010620117
gktltx,normal,0.7692721486091614
j7eaie,normal,0.815564751625061
kl27ne,normal,0.793208658695221
lxhz2o,normal,0.7024136185646057
9f2rdf,normal,0.8038541674613953
h9wdac,normal,0.7704852819442749
kbvhuq,normal,0.7803059220314026
iqou89,normal,0.4827667772769928
gp6bk6,normal,0.7401268482208252
iv37tl,normal,0.6612547636032104
8yxdn9,normal,0.5782803893089294
2uzjpq,normal,0.7688496112823486
hd4qq,normal,0.7479798197746277
3xitl0,normal,0.7448169589042664
l6d23,normal,0.6465691924095154
u9y5j,normal,0.7862753868103027
dmaofo,normal,0.6935052871704102
2r958q,normal,0.7555422782897949
aqtueb,normal,0.7711238861083984
e1v8n,normal,0.7670313119888306
2ui11t,normal,0.7730501890182495
1pvf6c,normal,0.7250626683235168
lomqkd,normal,0.6862137913703918
lo7h9m,normal,0.7260286808013916
1qwk0f,normal,0.7248074412345886
ipa2at,normal,0.8017981648445129
gp0xgz,normal,0.656979501247406
l0vtr,normal,0.6151557564735413
kpdvy,normal,0.7652249932289124
l0099,normal,0.789162278175354
ld9mi,normal,0.7811944484710693
fuwub9,normal,0.7690367698669434
9l8bh,normal,0.7824026942253113
hgng7r,normal,0.7136425375938416
eqcq9i,normal,0.7169666886329651
a5db4s,normal,0.7538756132125854
fm83z4,normal,0.7518872022628784
g3kmab,normal,0.7229713797569275
g1yv3w,normal,0.7410516142845154
e2ng3i,normal,0.6632547974586487
85qatq,normal,0.6404121518135071
f36enm,normal,0.7478584051132202
d9rlhp,normal,0.7248862981796265
8uj0xg,normal,0.6950750350952148
3hbmn0,normal,0.6709115505218506
ay5xp0,normal,0.6909046769142151
8wyvwo,normal,0.6531151533126831
ak1d59,normal,0.6627046465873718
1coy2l,normal,0.5394814014434814
bklvr9,normal,0.769572377204895
3dg40k,normal,0.7690532207489014
9n4zkz,normal,0.7612459063529968
9t1ggt,normal,0.7303519248962402
g0cjsx,normal,0.67247074842453
khnph6,normal,0.6808648705482483
j4h063,normal,0.7267197966575623
2arv44,normal,0.7128507494926453
ir8ye3,normal,0.5769984722137451
gp1drr,normal,0.7545222640037537
h2s3v,normal,0.5976974964141846
dx6d9x,normal,0.7022546529769897
cn0eff,normal,0.786456286907196
crne82,normal,0.6980167627334595
b9gphu,normal,0.7596810460090637
aco8zp,normal,0.6987279057502747
22ifgj,normal,0.781879723072052
bc5i9q,normal,0.8434044122695923
787ma6,normal,0.5007756352424622
98d75s,normal,0.6933735013008118
3czbgs,normal,0.70863276720047
5clg1e,normal,0.7018796801567078
2fiv83,normal,0.7204557061195374
4vc68k,normal,0.582554817199707
3e4smb,normal,0.7777137160301208
a7c36,normal,0.7970724701881409
cg8vtc,normal,0.7225704789161682
7wp18r,normal,0.5816968679428101
8erw7a,normal,0.8083004951477051
drqhb,normal,0.7042911052703857
3nhkbv,normal,0.49060532450675964
2x1qbv,normal,0.5766220092773438
diuleg,normal,0.6601042747497559
dfiv7i,normal,0.7327401041984558
hznigg,normal,0.7184613943099976
aec1cs,normal,0.7854454517364502
dk9sat,normal,0.7516958117485046
63nejw,normal,0.6751027703285217
ku588l,normal,0.696190595626831
2usd66,normal,0.6665738821029663
4xnmhg,normal,0.8021098971366882
5y1wr9,normal,0.7433918118476868
g4m8sy,normal,0.7091902494430542
c0ynmf,normal,0.7631012201309204
8lwwe2,normal,0.6743346452713013
4fv4q8,normal,0.7484589219093323
8c3hgb,normal,0.6755850315093994
8lk1if,normal,0.6608171463012695
ee945n,normal,0.6503918170928955
8hqn4o,normal,0.6654307246208191
jbck2s,normal,0.68426913022995
5d04qo,normal,0.7713519334793091
8di3p2,normal,0.7561942338943481
26qn4j,normal,0.6247129440307617
2i64ar,normal,0.762535572052002
f4a5r7,normal,0.7322385907173157
gtq564,normal,0.778329610824585
aaalc0,normal,0.7730721235275269
18me75,normal,0.79654461145401
1kw6rq,normal,0.7621758580207825
ei6zqx,normal,0.7161408066749573
hpkfi2,normal,0.6021738052368164
cxeof,normal,0.7458353042602539
119wuh,normal,0.7179340720176697
effe6,normal,0.6871050596237183
deb3d,normal,0.8116447329521179
ek4fj,normal,0.6837851405143738
1833ej,normal,0.7529399991035461
829e0,normal,0.7029418349266052
81ved,normal,0.7157463431358337
81j1w,normal,0.826541006565094
81wc0,normal,0.7354691028594971
l4k9w,normal,0.8092070817947388
dqvex,normal,0.6880070567131042
dq5f8g,normal,0.7306077480316162
9llpp,normal,0.771371603012085
9l7e8,normal,0.7816734910011292
6vg1x,normal,0.7415191531181335
11sj18,normal,0.7575976252555847
malr77,normal,0.7909291982650757
k7czta,normal,0.5387617945671082
hzv6t8,normal,0.7584713101387024
cs2icp,normal,0.5886896252632141
i0r1jo,normal,0.7521893978118896
cmmfpa,normal,0.5982648730278015
ll65u9,normal,0.7326327562332153
hpwc2p,normal,0.6192405223846436
ldty5q,normal,0.7463454008102417
ipraqw,normal,0.7947998642921448
1hz491,normal,0.7862110733985901
jmxgoo,normal,0.7130698561668396
8a3u2w,normal,0.8100032806396484
hwr2r8,normal,0.47344765067100525
g8gw5,normal,0.8107306361198425
hmke4g,normal,0.7025729417800903
knshh0,normal,0.7413114905357361
izt2pp,normal,0.7139924764633179
msp7uv,normal,0.7368379235267639
k38utz,normal,0.7435175776481628
lg5crn,normal,0.6753795146942139
lax4pz,normal,0.7803083062171936
ld6rd0,normal,0.5536229610443115
lh63ox,normal,0.6946882009506226
lo9bc3,normal,0.7452271580696106
e8qywo,normal,0.7424845099449158
938sji,normal,0.7790510058403015
j0i7b3,normal,0.566615879535675
jcvsrc,normal,0.7424287796020508
79jigy,normal,0.7403221130371094
iocu8i,normal,0.8147312998771667
ffhp61,normal,0.7979549765586853
jmn07u,normal,0.7706730961799622
jbkjja,normal,0.7045539021492004
irx9qa,normal,0.8097794055938721
e0jk2g,normal,0.7036203145980835
i3hq93,normal,0.7784755229949951
8vf9d0,normal,0.7238852381706238
kdg106,normal,0.7813923358917236
jhxfte,normal,0.760322093963623
4i58ic,normal,0.7943362593650818
cnticq,normal,0.7009214758872986
7e4cmf,normal,0.7342480421066284
j8pk4o,normal,0.7505523562431335
gecei,normal,0.7993261814117432
9db1ba,normal,0.760296642780304
jixoqm,normal,0.811489999294281
7yx14j,normal,0.7537005543708801
2gl7y3,normal,0.6631268858909607
8k3hi1,normal,0.7772575616836548
aq9xac,normal,0.7901412844657898
hkmdp3,normal,0.780430793762207
i6tqeq,normal,0.6329494118690491
idppdg,normal,0.7876556515693665
gp6a5h,normal,0.7546138763427734
f6vdz,normal,0.7858396172523499
12hy1d,normal,0.7421581149101257
m5w9ep,normal,0.763871431350708
mi42i0,normal,0.7636029124259949
ltulz1,normal,0.7879060506820679
mnlhrr,normal,0.7385513186454773
mmd683,normal,0.7857146859169006
l4rfmb,normal,0.756489634513855
msroke,normal,0.7578418254852295
m8p3le,normal,0.6967034935951233
mt5l4v,normal,0.6766250133514404
mviazi,normal,0.72516268491745
m1c8cl,normal,0.7429934144020081
mptzm4,normal,0.8170207142829895
mpnwb0,normal,0.8270832300186157
ks7sbd,normal,0.8193038105964661
mi4c0y,normal,0.7935214638710022
mmx153,normal,0.7613049745559692
l9vjdg,normal,0.6557798385620117
lm37ci,normal,0.7901467084884644
mol1hg,normal,0.7703826427459717
mphzuc,normal,0.7404325604438782
mb38le,normal,0.7787824869155884
mtez8f,normal,0.6728841662406921
muctbr,normal,0.7261497378349304
mfmytt,normal,0.6391313076019287
mswqcx,normal,0.7806689143180847
mo8hrq,normal,0.7504461407661438
lbcf52,normal,0.8203993439674377
lg97e7,normal,0.771596372127533
jx3g0j,normal,0.7194589376449585
le85g5,normal,0.6998103260993958
mhgy10,normal,0.7398342490196228
kwrswq,normal,0.6146599650382996
jlwbmc,normal,0.6984982490539551
lhm8fn,normal,0.4777514636516571
kgnovv,normal,0.610609233379364
jj15sp,normal,0.7929089069366455
kgcqiv,normal,0.7778488993644714
m0ld4m,normal,0.7957730889320374
lt6ldm,normal,0.7521723508834839
mr3toa,normal,0.6965587735176086
lrpo17,normal,0.739229142665863
lsabkb,normal,0.80933678150177
l0t2pj,normal,0.8229866027832031
jdqrn7,normal,0.6758182644844055
jhn85i,normal,0.7359328866004944
m0nc1m,normal,0.8006221652030945
lydg9g,normal,0.7535406351089478
khj46j,normal,0.7944206595420837
kq9aga,normal,0.7867966294288635
mf8509,normal,0.8501340746879578
kqe761,normal,0.7857808470726013
l3cp5p,normal,0.7780124545097351
imkvk4,normal,0.7776896953582764
k1s9q7,normal,0.8051422238349915
iffux3,normal,0.7210788130760193
gj20qi,normal,0.8126503229141235
aolrxs,normal,0.7955756783485413
ghmo5p,normal,0.7747814655303955
iizafi,normal,0.6987789273262024
l4tayq,normal,0.7860412001609802
kavrwz,normal,0.6221292018890381
fw2lyd,normal,0.7959403395652771
exoetp,normal,0.7638118267059326
6v361m,normal,0.7880716919898987
f7bm9v,normal,0.7135627269744873
irqmu4,normal,0.797000527381897
7ig5jl,normal,0.8074233531951904
6ybpxn,normal,0.6553282737731934
1zig9s,normal,0.8094450235366821
apgl56,normal,0.7370598316192627
22o3fz,normal,0.7759485840797424
gj0lkk,normal,0.7712947726249695
f61ajm,normal,0.7378228902816772
j47u4b,normal,0.7964633703231812
69l9c4,normal,0.8105601668357849
6y7gm7,normal,0.7401173710823059
4sj2cp,normal,0.6373204588890076
4534zi,normal,0.7861543893814087
dxr89d,normal,0.773552417755127
hb9lwp,normal,0.7965046763420105
byrdax,normal,0.7572332620620728
c2ab2i,normal,0.685616135597229
e20thw,normal,0.7715630531311035
dxs9si,normal,0.8305950164794922
2d4sjm,normal,0.7906754612922668
bacx8v,normal,0.7493603825569153
57ju5h,normal,0.7551413774490356
hzmm8w,normal,0.7858035564422607
cz5vgw,normal,0.7326782941818237
cryy1b,normal,0.7618634700775146
4p3mng,normal,0.7227468490600586
smw8y,normal,0.7859449982643127
8r5plt,normal,0.7746323347091675
865b2f,normal,0.7007491588592529
2mqmzi,normal,0.7116910815238953
2c1nxq,normal,0.8088350892066956
9yh8v8,normal,0.8305437564849854
fczqkp,normal,0.7994535565376282
dn907g,normal,0.8402136564254761
1f1an0,normal,0.7537699341773987
iozv92,normal,0.728095293045044
i8ud6l,normal,0.788610577583313
efx69l,normal,0.7274237275123596
mr1gc7,normal,0.6802196502685547
gpaghf,normal,0.6907273530960083
flfmux,normal,0.6851077079772949
gcahpb,normal,0.7855984568595886
5nbqt2,normal,0.7963809370994568
bzcfgw,normal,0.8131669759750366
9kwg20,normal,0.7140069603919983
9tcdvs,normal,0.637721836566925
cqnv7k,normal,0.6699686646461487
fog3na,normal,0.7003632187843323
1m35j5,normal,0.6655307412147522
bx4xcr,normal,0.6347483396530151
bxyjqj,normal,0.6725078821182251
go9ix3,normal,0.7655733823776245
9rcnod,normal,0.7723812460899353
5y6td8,normal,0.6993793845176697
9pqq78,normal,0.7588498592376709
5487tt,normal,0.8067817091941833
9zg3io,normal,0.7469825744628906
7hmzq8,normal,0.7646195292472839
5zffcq,normal,0.7429636120796204
g2j2d9,normal,0.7019988298416138
52wjj0,normal,0.7768464684486389
1ylryx,normal,0.7051687240600586
htnxar,normal,0.8480724096298218
4f2q4b,normal,0.7644199132919312
88o33c,normal,0.7800183296203613
52uttx,normal,0.7288694977760315
5obfiw,normal,0.7868273854255676
4uoi4g,normal,0.7055327296257019
atsvuz,normal,0.7952848672866821
4cck3f,normal,0.8356689214706421
6d9nf2,normal,0.7170658707618713
41za3r,normal,0.7534828186035156
2ag71l,normal,0.7155843377113342
2iy7f2,normal,0.764621913433075
bpw5dl,normal,0.6853227019309998
4t1d32,normal,0.713783860206604
4gay31,normal,0.6889005303382874
8jgel9,normal,0.7343260645866394
1vni0m,normal,0.63725745677948
207hc3,normal,0.6755850315093994
4tjqls,normal,0.6940892338752747
dt483z,normal,0.8048868775367737
d0d92x,normal,0.776324987411499
1llodp,normal,0.7957196235656738
1la9t1,normal,0.7843852639198303
jmp8cj,normal,0.80601567029953
msai0r,normal,0.7789412140846252
acfxtn,normal,0.7617356181144714
7o4yj9,normal,0.6613852977752686
9ksaqf,normal,0.7381564378738403
15yrhe,normal,0.7350829839706421
7gn3zj,normal,0.7839570045471191
jd8g6m,normal,0.8067821860313416
c1hogc,normal,0.8082548379898071
dbg7ye,normal,0.7925848364830017
fl2dz9,normal,0.762153148651123
eu5nhg,normal,0.7795748710632324
6woszc,normal,0.6222269535064697
9odbhx,normal,0.7543123960494995
70snzi,normal,0.7273986339569092
4u2dio,normal,0.7866345047950745
6lgiaj,normal,0.5534995794296265
257uo8,normal,0.7507117986679077
5fnu1n,normal,0.8087765574455261
5q2d4f,normal,0.7745987176895142
56wet7,normal,0.7653538584709167
b9ob0u,normal,0.7688051462173462
5mguk7,normal,0.7227057218551636
6zjpez,normal,0.8175668120384216
302lo3,normal,0.8065735697746277
2vzbe0,normal,0.7709946036338806
72q3od,normal,0.7159034013748169
9r77n2,normal,0.7145758271217346
8fv9ju,normal,0.7938453555107117
3qan6t,normal,0.7326703071594238
7ch61z,normal,0.8426719903945923
4z4ly2,normal,0.7714070081710815
6vyqvb,normal,0.7998745441436768
85n5b3,normal,0.7186890244483948
5695ep,normal,0.7880253791809082
5e9aia,normal,0.7008388638496399
5dffq3,normal,0.7927619218826294
1ed4gm,normal,0.7537321448326111
1lvvs8,normal,0.5899220108985901
ilrdqy,normal,0.7307436466217041
dg2kjj,normal,0.7671124935150146
e09xua,normal,0.6221596002578735
cpqee4,normal,0.7657790780067444
kqzmt6,normal,0.6540777683258057
kk2d1j,normal,0.7507975697517395
7mndrt,normal,0.7151261568069458
64z94h,normal,0.7322745323181152
8gb3ad,normal,0.8123606443405151
4jrnhi,normal,0.8163679838180542
mu5csk,normal,0.7579416036605835
mtffbx,normal,0.8124974370002747
mx4h25,normal,0.7604276537895203
mwx6wj,normal,0.8729926347732544
mrhu6n,normal,0.7996371388435364
ms4yvm,normal,0.8729926347732544
mlzf91,normal,0.6875482201576233
mnj2kr,normal,0.8729926347732544
minbl4,normal,0.7691255211830139
mn1q5a,normal,0.7748645544052124
mma28n,normal,0.6797212958335876
mimt7a,normal,0.8180492520332336
mlyodl,normal,0.7790665626525879
mkpwx3,normal,0.7853148579597473
mlegqm,normal,0.69041508436203
mk8xnq,normal,0.759689211845398
mim3ad,normal,0.8729926347732544
mh4zt8,normal,0.7633526921272278
mg3f7v,normal,0.7646820545196533
mf3yxp,normal,0.760823130607605
meshkx,normal,0.8376699686050415
meeqkx,normal,0.813926637172699
mdqiu6,normal,0.8729926347732544
m8npkp,normal,0.7844579815864563
m8j49c,normal,0.8729926347732544
m6wgp8,normal,0.7423418164253235
m17m71,normal,0.6981855034828186
m0nh9a,normal,0.7754401564598083
m4gbkt,normal,0.7964238524436951
m3kk6i,normal,0.8729926347732544
m3fmj0,normal,0.7450882792472839
m44zsf,normal,0.5945777297019958
m35q6x,normal,0.6964894533157349
m2mgws,normal,0.6409766674041748
m2hh6h,normal,0.7938773036003113
m01sjs,normal,0.7799022197723389
lzv47j,normal,0.8187655210494995
lz4jsu,normal,0.7805904746055603
lw4mqq,normal,0.767828643321991
lz8iky,normal,0.7401669025421143
lyeyui,normal,0.8729926347732544
lygf3a,normal,0.8274442553520203
lxfr11,normal,0.6641188263893127
lxejsu,normal,0.7845798134803772
lvpa4a,normal,0.663145124912262
lvj0xu,normal,0.8237417936325073
lud8kc,normal,0.649552047252655
lt0oa3,normal,0.8729926347732544
lkzrq9,normal,0.5399914979934692
lok22l,normal,0.769741415977478
l7i8n3,normal,0.7510228753089905
maw9q4,normal,0.6466028690338135
m3ihbb,normal,0.810741662979126
innwta,normal,0.7271320223808289
jrlf0u,normal,0.8179932236671448
j1frka,normal,0.7633093595504761
md3t4m,normal,0.7691283226013184
bp5f4e,normal,0.7843190431594849
dgjnc6,normal,0.7476368546485901
m570co,normal,0.6369311213493347
ih2rpx,normal,0.7001316547393799
eo9vxa,normal,0.7202475666999817
mmupic,normal,0.8305076360702515
gm7wwd,normal,0.8077630400657654
4fnpqd,normal,0.8113057613372803
gb3omo,normal,0.793862521648407
jzjabj,normal,0.7163535356521606
7z2vdl,normal,0.7352422475814819
8qs3fh,normal,0.7341722846031189
5ytcwg,normal,0.8011016845703125
kr6eqn,normal,0.7226054668426514
efx0ak,normal,0.8033440113067627
k9yjf5,normal,0.7134330868721008
5opp17,normal,0.7179604768753052
9tus7o,normal,0.6047776937484741
7js8c2,normal,0.7632154822349548
j7pq86,normal,0.7734619975090027
jj5xcq,normal,0.828890323638916
ar2w8k,normal,0.7655619978904724
g2j5id,normal,0.8079971075057983
j2efkf,normal,0.7945431470870972
debwc0,normal,0.7993941903114319
4z3ttv,normal,0.6775109171867371
dz9tjx,normal,0.7423224449157715
j0lbjm,normal,0.7753129005432129
5dx755,normal,0.7618093490600586
i74g0w,normal,0.7356474995613098
dpbqgq,normal,0.7615255117416382
kovh3j,normal,0.788818359375
3893wy,normal,0.7627567052841187
djrsa9,normal,0.8033531308174133
dipj7p,normal,0.8247581720352173
7j5zqq,normal,0.7973018288612366
ifu8ad,normal,0.7959588170051575
bbx27y,normal,0.7404629588127136
dq9p9y,normal,0.7359219193458557
ioihjz,normal,0.7963860630989075
711zk1,normal,0.747613251209259
brtkrz,normal,0.8136968612670898
mw8txg,normal,0.8316769003868103
l8x2nz,normal,0.7565783858299255
ji40dd,normal,0.8003550171852112
lrp7uc,normal,0.6487100720405579
ldri8w,normal,0.7097098231315613
muaejd,normal,0.7506667375564575
jkcvda,normal,0.8036112785339355
jr8kft,normal,0.7695067524909973
l7uvje,normal,0.6221821308135986
mi5ya7,normal,0.6096482276916504
lv4ohk,normal,0.7506667375564575
jovwep,normal,0.7630747556686401
c8v86h,normal,0.6563562154769897
gof6xu,normal,0.750290036201477
gwa71s,normal,0.71031653881073
mq5j6f,normal,0.8199495077133179
k4df5h,normal,0.6956682205200195
jsfmhv,normal,0.7002890706062317
m3mjh2,normal,0.759844183921814
ikzvqk,normal,0.7726046442985535
l44wga,normal,0.6928121447563171
al63ar,normal,0.7430636286735535
mdjfph,normal,0.7952154874801636
jxo61q,normal,0.6362427473068237
lcvaq6,normal,0.7529454827308655
kjy4ap,normal,0.7913751602172852
les682,normal,0.7762646675109863
hegv4g,normal,0.7223926186561584
8f1b3q,normal,0.7892012000083923
lb5mff,normal,0.7166145443916321
ba3ygm,normal,0.7579729557037354
m4jd9q,normal,0.7379443645477295
hcjg32,normal,0.8250282406806946
ix45j2,normal,0.6274346709251404
go3cwp,normal,0.7846749424934387
edf97a,normal,0.7717501521110535
c99bjd,normal,0.7956843972206116
lj8i50,normal,0.7464007139205933
khjr7l,normal,0.7387034893035889
lg13ed,normal,0.6619614958763123
jdl3vv,normal,0.7642303109169006
a9djzz,normal,0.7226325869560242
lk46bj,normal,0.7496671676635742
d4kzh6,normal,0.7618610858917236
fi1l5z,normal,0.7666817903518677
eh93ev,normal,0.6944268345832825
kvv1h6,normal,0.7844815254211426
lvrgrm,normal,0.826695442199707
lt8gb8,normal,0.6170474290847778
