tweet_id,classification,classification_score
mk5jen,normal,0.7888391017913818
lv84dg,normal,0.5990145206451416
mprpld,normal,0.7601752281188965
m87tmr,normal,0.7796630859375
cv13cn,normal,0.7305724024772644
mb4a57,normal,0.784869909286499
mpj2mr,normal,0.5343826413154602
mh1z9e,normal,0.7178114056587219
ltr60i,normal,0.6877689361572266
kt4ij3,normal,0.7468783259391785
k6r294,normal,0.6982721090316772
kpjlzf,normal,0.7536748647689819
kcni1m,normal,0.6544482707977295
kglevz,normal,0.7575984597206116
bn3xbd,normal,0.7355506420135498
k33a1m,normal,0.7025513648986816
5nr8wk,normal,0.7142656445503235
jf0wvq,normal,0.7761123180389404
bg6r5e,normal,0.8315357565879822
igm15c,normal,0.7262294888496399
i0xlzg,normal,0.8112977147102356
g4qvf3,normal,0.7987163662910461
8enz91,normal,0.7512742280960083
bmaylt,normal,0.7753393054008484
bsl57m,normal,0.7870006561279297
mwny4v,normal,0.7662801146507263
bloapd,normal,0.7432573437690735
4deo4t,normal,0.7521817088127136
lcyb7m,normal,0.7900015115737915
mv3s63,normal,0.7715935111045837
mu286l,normal,0.7459980845451355
ljzz7d,normal,0.7553883194923401
mh8hud,normal,0.7561280727386475
lp9y8t,normal,0.7333617210388184
mvjeui,normal,0.8101890683174133
mbbmmu,normal,0.7430520057678223
lb6m75,normal,0.7721144556999207
mb3qyc,normal,0.7783960700035095
llyfmo,normal,0.7385833859443665
liezst,normal,0.7366655468940735
m5guhw,normal,0.8311508893966675
mp6ztg,normal,0.5928143858909607
kcbfkc,normal,0.7781236171722412
jgqylg,normal,0.7862560749053955
mq0tlr,normal,0.7231346368789673
j98r5r,normal,0.724644124507904
isq5v7,normal,0.7783439755439758
l10vxe,normal,0.7705204486846924
jgwfgf,normal,0.7741902470588684
mpoq7l,normal,0.7847174406051636
mr50sn,normal,0.6993635892868042
mtyx9z,normal,0.6089855432510376
mgzs31,normal,0.7527272701263428
m5pt8x,normal,0.7713623046875
l23cic,normal,0.6932276487350464
mq116k,normal,0.7714651226997375
milo43,normal,0.6741160154342651
jkly7d,normal,0.8240441679954529
hjpfpw,normal,0.7921532988548279
mf3dji,normal,0.7941517233848572
mvdc2u,normal,0.7841007113456726
mwjmiy,normal,0.7408407330513
mmqqzs,normal,0.6927784085273743
ljokgq,normal,0.7897231578826904
j4ubag,normal,0.7761375308036804
ms4k69,normal,0.7052385210990906
mtojus,normal,0.7088318467140198
macrpp,normal,0.6557326912879944
l7j80d,normal,0.773980975151062
lszbvb,normal,0.7578264474868774
mufhi1,normal,0.7935996651649475
mjfkio,normal,0.7870905995368958
igqkke,normal,0.7567863464355469
mptqi5,normal,0.7322665452957153
mktiow,normal,0.7496902942657471
lqp3h0,normal,0.689932644367218
mq45ox,normal,0.7371498346328735
mk71kd,normal,0.7727774381637573
m24p1h,normal,0.7578660249710083
modf9n,normal,0.7823561429977417
mcapd7,normal,0.723774790763855
lp6z8q,normal,0.7608367800712585
mq947j,normal,0.7429496049880981
lyo5et,normal,0.7841756343841553
mhl14d,normal,0.7796594500541687
mor8nv,normal,0.7381390929222107
hqrrhd,normal,0.7344127893447876
mr6xam,normal,0.8097420334815979
mruggv,normal,0.776216983795166
lo2hzy,normal,0.7105616927146912
m3tmmi,normal,0.714735209941864
llf0wn,normal,0.7841047048568726
mi3xgc,normal,0.8066648244857788
mb6cn1,normal,0.7521686553955078
m2tyck,normal,0.6509905457496643
men75r,normal,0.7520802617073059
l5gwla,normal,0.8027716279029846
lva3r9,normal,0.7931358814239502
lolw0k,normal,0.7259963750839233
krhx8f,normal,0.766785740852356
mubb3m,normal,0.7007417678833008
muv3ir,normal,0.8193036913871765
hmtubc,normal,0.7819954752922058
lrjfzb,normal,0.8263460993766785
meguvd,normal,0.774902880191803
kaob9h,normal,0.8033939599990845
lzdbwk,normal,0.742801308631897
bh87ya,normal,0.7968065738677979
mtywg8,normal,0.7501459121704102
lk7oab,normal,0.7911631464958191
lnnpgc,normal,0.7621515393257141
mmxa5o,normal,0.8306586146354675
f68jmk,normal,0.7438010573387146
mcrnwf,normal,0.6977933645248413
m2bnj3,normal,0.6605483293533325
lonnc3,normal,0.8004859089851379
msyhwc,normal,0.75288987159729
m27w9r,normal,0.80222487449646
amznx9,normal,0.7171642184257507
lysvof,normal,0.775904655456543
ac5xbw,normal,0.7496325373649597
ci44vn,normal,0.6202616691589355
m23k8s,normal,0.7612598538398743
m0k2nl,normal,0.6674346923828125
ly2xhh,normal,0.7728659510612488
l8a73j,normal,0.7158109545707703
m8itp9,normal,0.5929526090621948
mf46fm,normal,0.5980837941169739
mo71iv,normal,0.6902751922607422
m8v1uu,normal,0.7824501395225525
mi8rkv,normal,0.6804964542388916
ml4zqf,normal,0.7998392581939697
ddl0s2,normal,0.8158109188079834
mrb5ey,normal,0.7602880597114563
mms3sb,normal,0.7833746671676636
j3mo3f,normal,0.7649422883987427
l6h782,normal,0.7793501019477844
e733b9,normal,0.6536287665367126
moohmq,normal,0.7620989680290222
evzy6e,normal,0.7281663417816162
mnf2ol,normal,0.8276270627975464
a92xfw,normal,0.7794344425201416
b721zo,normal,0.7930164933204651
mfjr77,normal,0.6487637162208557
kcaho4,normal,0.5722353458404541
m96v8n,normal,0.5780225396156311
mmsewz,normal,0.8043836951255798
lqs1y1,normal,0.7547380924224854
mqsj2u,normal,0.8012301921844482
lpd2fe,normal,0.7962524890899658
mn5dcf,normal,0.7273762822151184
mdxf81,normal,0.8162870407104492
mtka40,normal,0.639487624168396
mkq1rb,normal,0.804043710231781
mfwok0,normal,0.747455358505249
lnppeb,normal,0.8360782861709595
miq60x,normal,0.7912301421165466
movju3,normal,0.7552599310874939
mqf1dd,normal,0.7845102548599243
kgc3wh,normal,0.7946017384529114
lwd0ws,normal,0.7768399119377136
laicw0,normal,0.7404691576957703
livuku,normal,0.8030396699905396
l8xwh8,normal,0.7788635492324829
mr5oj6,normal,0.7758611440658569
mrgra3,normal,0.7569103837013245
mlattf,normal,0.8185358643531799
mscbzi,normal,0.7052252888679504
mv6yaf,normal,0.7499371767044067
m81q5g,normal,0.8228428363800049
mj7zws,normal,0.8081122636795044
lyyi27,normal,0.7734593749046326
m0hizi,normal,0.737072765827179
laih6a,normal,0.7566208243370056
lxx2n0,normal,0.7240565419197083
kviicb,normal,0.7438300251960754
lyycb0,normal,0.700481653213501
l3y4xb,normal,0.7435377836227417
kz8zmn,normal,0.6713696122169495
khawfd,normal,0.7838342785835266
cxyeva,normal,0.7730749249458313
ld97to,normal,0.6977401375770569
b5m9nu,normal,0.7378970384597778
6jl7vl,normal,0.7750757336616516
1b56k3,normal,0.7978695034980774
7godad,normal,0.7511682510375977
hxn7b6,normal,0.6069244742393494
k0psxz,normal,0.801896333694458
94xj28,normal,0.7012415528297424
ah5a8y,normal,0.6881268620491028
if9rw0,normal,0.7565957307815552
bzco4l,normal,0.7160871028900146
i7u8ew,normal,0.7374898791313171
gi2ptl,normal,0.7067645788192749
fb73bo,normal,0.7409965991973877
glovzf,normal,0.7464985847473145
msaw9w,normal,0.7982417941093445
mr4gna,normal,0.7574129104614258
kcqx57,normal,0.7939146757125854
mgl81j,normal,0.7637984156608582
lq7zq9,normal,0.7940064668655396
mi7u2u,normal,0.7794443368911743
lyst2u,normal,0.8308708071708679
lxnkfm,normal,0.7196252942085266
i6ewnv,normal,0.74222731590271
lr38h4,normal,0.6908981204032898
lsujul,normal,0.7722587585449219
lhzrlo,normal,0.7759274840354919
lib5yh,normal,0.7863377332687378
ln0p8w,normal,0.7905189990997314
kxw7kv,normal,0.5833629369735718
hsd4xl,normal,0.8119277358055115
kzat9j,normal,0.7031005620956421
kx9pjd,normal,0.8007266521453857
k6tw1h,normal,0.7765048146247864
k9bkde,normal,0.7579934000968933
jspvk7,normal,0.8276188373565674
jnsasl,normal,0.7687126994132996
e3fwyq,normal,0.7285807132720947
cwucqw,normal,0.7402313947677612
k6vops,normal,0.6293639540672302
mu6fnk,normal,0.7982150316238403
mpg687,normal,0.7523625493049622
m5k5g9,normal,0.7301761507987976
lvtzep,normal,0.7937981486320496
lu18qy,normal,0.7563536763191223
lrc45i,normal,0.8108447194099426
lhl311,normal,0.6664150357246399
lfqp64,normal,0.7578402161598206
l9app3,normal,0.8111607432365417
l49o8a,normal,0.8072695732116699
kzawsk,normal,0.8125701546669006
kx9uzu,normal,0.8034385442733765
kodijc,normal,0.7716447114944458
kmpvg5,normal,0.7573764324188232
klajpe,normal,0.8231021761894226
klak7q,normal,0.7560886740684509
kksh62,normal,0.8133758902549744
kc7b5q,normal,0.8011922836303711
kbbk8t,normal,0.7576028108596802
kauxrn,normal,0.8360046148300171
k60yin,normal,0.7829146385192871
jt4je9,normal,0.8092268705368042
jdso8t,normal,0.8125544786453247
iykspl,normal,0.8210647702217102
m8x7ao,normal,0.7686933279037476
8btc9t,normal,0.6934994459152222
iwwadq,normal,0.7644271850585938
bgbqt6,normal,0.7934449315071106
bn62me,normal,0.7901034951210022
mbj38p,normal,0.8150880932807922
mob66i,normal,0.8163053393363953
lxz68l,normal,0.7784585952758789
m9fpgb,normal,0.7182272672653198
iwr8uo,normal,0.7176221013069153
lzg53h,normal,0.8000208735466003
lpxs16,normal,0.7930358052253723
lim8m6,normal,0.7437808513641357
lidq2f,normal,0.7925490140914917
jr0oo0,normal,0.6955737471580505
la3pqr,normal,0.7226622104644775
jtnpiu,normal,0.8075315356254578
l2zl13,normal,0.7250880599021912
kauyih,normal,0.7871674299240112
kb1fm5,normal,0.8351886868476868
cuzpm5,normal,0.8007692694664001
kasyie,normal,0.7438598871231079
jrllhe,normal,0.7080458998680115
i8pv01,normal,0.8355051875114441
ktb5ya,normal,0.7944473028182983
jifocf,normal,0.8231347799301147
m3nfho,normal,0.78130704164505
m2v2mp,normal,0.7711557745933533
m3a81f,normal,0.8199142813682556
m2i8pr,normal,0.8463820815086365
m1uaoe,normal,0.7319938540458679
m1puyt,normal,0.8463820815086365
m0z90i,normal,0.8465806841850281
m08afx,normal,0.8493867516517639
lnlk1f,normal,0.8152269721031189
l1hiup,normal,0.8231028318405151
k695wd,normal,0.7999652028083801
m8xw67,normal,0.7955166101455688
l43suz,normal,0.8278687596321106
mrokq1,normal,0.7980691194534302
mqc6sr,normal,0.7771777510643005
mx54o3,normal,0.8335001468658447
mik3m3,normal,0.7018546462059021
mh33ub,normal,0.649371862411499
mu17eu,normal,0.7751327753067017
mpnjy6,normal,0.7061079144477844
mxbjsl,normal,0.8046869039535522
mw8q41,normal,0.8190092444419861
mu9loz,normal,0.7795727849006653
mwixu1,normal,0.7840089201927185
mrs59x,normal,0.7363260388374329
mlsnh1,normal,0.7403491735458374
mmtci0,normal,0.6758182644844055
m5k7a1,normal,0.7576024532318115
mk39f3,normal,0.7605105638504028
mc8zms,normal,0.7550936937332153
mmdn3j,normal,0.7805057764053345
mkwu9b,normal,0.8432655334472656
lx4asx,normal,0.7587632536888123
lcfyiv,normal,0.8128617405891418
lz79dm,normal,0.8029640316963196
ln0wnq,normal,0.7695761322975159
kdv53p,normal,0.7997165322303772
b9izho,normal,0.7870336174964905
iysnn3,normal,0.7850500345230103
bgfu90,normal,0.794795036315918
bj2c8s,normal,0.7878685593605042
htddlh,normal,0.7859143018722534
diri7t,normal,0.6921032071113586
cclpyn,normal,0.710663914680481
bj49cn,normal,0.8015281558036804
b7bqj4,normal,0.7993630170822144
bbhpdm,normal,0.7802756428718567
dxionv,normal,0.7965337634086609
bisshy,normal,0.7830700874328613
8ev87p,normal,0.8029830455780029
fj4hri,normal,0.7831127047538757
8oqrny,normal,0.7240087985992432
aw3ien,normal,0.7667288184165955
avatcx,normal,0.7588320970535278
awycfy,normal,0.7968023419380188
bcmfrr,normal,0.6885485649108887
awc9bf,normal,0.755084216594696
89fuo1,normal,0.6426148414611816
8bip2p,normal,0.8053030371665955
f8l2d3,normal,0.7697354555130005
m5m3ph,normal,0.8009761571884155
ktgp16,normal,0.8008406758308411
mru8fm,normal,0.8107161521911621
lvwi8i,normal,0.7827175259590149
lpvn0p,normal,0.8098707795143127
ly57ny,normal,0.8197439908981323
lgr8qf,normal,0.6992881298065186
lptlcy,normal,0.742810845375061
m9dkep,normal,0.7859094142913818
mhiv0s,normal,0.528759777545929
lv0jev,normal,0.7948315143585205
jr21qt,normal,0.834720253944397
j2zpsc,normal,0.7894806265830994
j5zimb,normal,0.8003712296485901
lr5e5k,normal,0.681566059589386
i7gakk,normal,0.7012837529182434
fl3vw1,normal,0.7780383229255676
lpfl9v,normal,0.7948315143585205
lk66ht,normal,0.7948315143585205
lf27k6,normal,0.8365328311920166
lf4ifj,normal,0.7948315143585205
lg6bvd,normal,0.7877839207649231
kdjkfk,normal,0.83955317735672
mco8u0,normal,0.8297984600067139
j1o0xf,normal,0.7840749621391296
lvlm33,normal,0.7654775977134705
ixrsz5,normal,0.7197102308273315
keb7v7,normal,0.8398255705833435
f6mrol,normal,0.791329026222229
g4t42n,normal,0.8030649423599243
f1dqmn,normal,0.7839952707290649
fwrh79,normal,0.7369657158851624
dhhnvx,normal,0.7052103877067566
8ei6tq,normal,0.7223441004753113
8ny0px,normal,0.7700359225273132
kb7yu5,normal,0.7096114754676819
g3ak3k,normal,0.7681907415390015
dy5gxz,normal,0.7898922562599182
c84urv,normal,0.7719327211380005
9kooym,normal,0.6823465824127197
k6ze6l,normal,0.7663636803627014
jiv8nl,normal,0.8100857734680176
mvmycn,normal,0.5836551785469055
k0197j,normal,0.7562707662582397
g5zbxv,normal,0.7676331400871277
ixep8h,normal,0.751727819442749
lzp8gf,normal,0.7186839580535889
f1vyz9,normal,0.7906161546707153
ki4qgw,normal,0.7778533101081848
mrsvmk,normal,0.5821768641471863
mqtyvi,normal,0.7529172897338867
mdt8hm,normal,0.8009481430053711
m2ohhc,normal,0.7835012078285217
ly5ewj,normal,0.6538053154945374
kvqr90,normal,0.7823988199234009
mkh4n0,normal,0.5922275185585022
m9inrr,normal,0.773848831653595
mqxmka,normal,0.7546657919883728
m9kt40,normal,0.7986791729927063
ex8ljl,normal,0.8029226064682007
g387qo,normal,0.7748294472694397
lg9bgs,normal,0.7793949842453003
g562hh,normal,0.7598119378089905
b7qk7s,normal,0.781542181968689
lcv9yq,normal,0.8004589080810547
meogeg,normal,0.8178482055664062
lpazj1,normal,0.7979039549827576
mkulvx,normal,0.8151310086250305
kdu1ng,normal,0.7243185043334961
ls6jqs,normal,0.7358996868133545
mbjtu0,normal,0.6825371980667114
kc1ilw,normal,0.6911954283714294
mw4nrj,normal,0.7189069986343384
mornxt,normal,0.849238932132721
k7xflv,normal,0.7795037627220154
lwlbyf,normal,0.782711386680603
bozwhq,normal,0.7518812417984009
mm8m0y,normal,0.722000777721405
ljmvu6,normal,0.7590175271034241
msem7t,normal,0.6636883020401001
kqex2k,normal,0.7335383892059326
mmkymw,normal,0.6131787300109863
m14uka,normal,0.5953652262687683
iifjt3,normal,0.7744483351707458
mv4iv9,normal,0.7072758078575134
lseh00,normal,0.776572048664093
m61yfm,normal,0.6696228384971619
l93ojs,normal,0.7113666534423828
b15go1,normal,0.7728480100631714
lj8vwp,normal,0.7360026240348816
mvqra5,normal,0.7735340595245361
lnjacn,normal,0.7021216750144958
mbengg,normal,0.7858618497848511
ka106o,normal,0.7914744019508362
jrqynn,normal,0.5721129775047302
m7ato1,normal,0.7706010341644287
mgezz7,normal,0.6241710782051086
l74485,normal,0.8086156249046326
m30ej1,normal,0.7016160488128662
jsf51z,normal,0.7806402444839478
mat70j,normal,0.8173190355300903
gsadcw,normal,0.6745849847793579
lkn4z4,normal,0.7277359366416931
l5kijz,normal,0.7679509520530701
fgbmy9,normal,0.7455734014511108
lj88kt,normal,0.7122682929039001
lkv3gs,normal,0.6095224618911743
jt21e6,normal,0.7524749636650085
ewqqym,normal,0.7815216183662415
kf5pii,normal,0.8043588399887085
jn97su,normal,0.7279208302497864
mifsa9,normal,0.7775849103927612
fr9yb4,normal,0.7776370644569397
lyetf2,normal,0.6267078518867493
mqeuwc,normal,0.7700186371803284
meccr5,normal,0.5234688520431519
lq91qm,normal,0.7658589482307434
mls1px,normal,0.7664934992790222
msdn0w,normal,0.7000235915184021
lfxm5s,normal,0.7435634136199951
jlwwoa,normal,0.6935493350028992
izs1qq,normal,0.7287932634353638
kivex7,normal,0.7723435759544373
dq42e4,normal,0.7295593023300171
grkvr9,normal,0.8048299551010132
meyu6j,normal,0.7031698822975159
il6olp,normal,0.5974512100219727
joaoy1,normal,0.803806483745575
lsbtv4,normal,0.7046590447425842
lpg0oe,normal,0.837031364440918
m81f9n,normal,0.7165501117706299
93gvtg,normal,0.7877796292304993
f9fais,normal,0.7836557030677795
m7qq62,normal,0.7760029435157776
m7ji3l,normal,0.7512907385826111
mdi4rg,normal,0.7624294757843018
mmpo1h,normal,0.800761342048645
m588u7,normal,0.6517232060432434
lx6h7b,normal,0.6363628506660461
j1yvs5,normal,0.7562181949615479
m6ljkr,normal,0.7885912656784058
jjs15n,normal,0.7419056296348572
duksc2,normal,0.7520062923431396
knw37s,normal,0.7481920719146729
mvband,normal,0.7002550363540649
ig9x8e,normal,0.7737802267074585
jmief3,normal,0.8199564814567566
m0jzir,normal,0.7658397555351257
g6so7s,normal,0.7853259444236755
ln04b8,normal,0.7245980501174927
lrptb3,normal,0.7075839042663574
mgo8nb,normal,0.5992862582206726
fovf2d,normal,0.7506667375564575
lzcgl2,normal,0.7654640078544617
mk9cd4,normal,0.7673505544662476
m4ixo8,normal,0.7688539028167725
mduujo,normal,0.6907274723052979
f2c7wb,normal,0.7544644474983215
mejcbd,normal,0.7696413397789001
l4tmyq,normal,0.7679057121276855
mjprnd,normal,0.7018067240715027
kcz36z,normal,0.7497925758361816
mpvsib,normal,0.6896314024925232
j8qykz,normal,0.7536405920982361
l68w7s,normal,0.6827439069747925
m9li8t,normal,0.7290317416191101
l5ibaw,normal,0.637261152267456
jb064q,normal,0.7136818766593933
madh2o,normal,0.700592577457428
i92n0i,normal,0.7635208964347839
ms6qan,normal,0.6209404468536377
mhbucg,normal,0.7976921200752258
i4uv02,normal,0.7533090710639954
fxucvx,normal,0.6036750674247742
lt1tbz,normal,0.7924330234527588
mkx99k,normal,0.6801612973213196
gadc0d,normal,0.7838605046272278
jfr2a1,normal,0.7348427772521973
msuu60,normal,0.7698090076446533
m2nd6o,normal,0.7494319677352905
mmhx7o,normal,0.7051151394844055
mqamqi,normal,0.7764348983764648
ldxyuh,normal,0.7009444236755371
lj6qkn,normal,0.6953157186508179
gbrk9a,normal,0.7514362335205078
j1a653,normal,0.770197868347168
meq7d1,normal,0.7868539690971375
km200k,normal,0.7889014482498169
i3dflz,normal,0.8189393281936646
mjgy5n,normal,0.7964564561843872
mp6x9a,normal,0.7838439345359802
mfi383,normal,0.6176530122756958
ko2gow,normal,0.7510048151016235
m2cu4c,normal,0.7618332505226135
i8cmfk,normal,0.7490440607070923
mrqrhj,normal,0.5734282732009888
jzodlo,normal,0.7804790735244751
m9zrqm,normal,0.7410119771957397
g0px78,normal,0.7949858903884888
mva4jc,normal,0.8112186193466187
lwja0a,normal,0.7400321364402771
m4mzt6,normal,0.49579861760139465
kh9s83,normal,0.5587952733039856
m2clsm,normal,0.5614196062088013
fjcg16,normal,0.7890491485595703
jpggdx,normal,0.6270245313644409
ix5g3h,normal,0.7311151027679443
mn7xak,normal,0.7726027369499207
mf8kua,normal,0.6125033497810364
m3smdw,normal,0.7489487528800964
is1zvd,normal,0.7837555408477783
lxxl5v,normal,0.7288830876350403
a4fx53,normal,0.7714067697525024
26lacs,normal,0.8137171864509583
f45p3f,normal,0.7163230180740356
o8bla,normal,0.7114229798316956
f4qgc,normal,0.7618831396102905
7tycaj,normal,0.7417523264884949
6ku3uw,normal,0.7698167562484741
1ewp5e,normal,0.7321070432662964
6cf02l,normal,0.7965295910835266
7lk5cd,normal,0.6738941669464111
5gr0i7,normal,0.7384108304977417
96dlnh,normal,0.7759228348731995
34goct,normal,0.8161940574645996
3q5pz5,normal,0.7656052112579346
ykclh,normal,0.815043032169342
41sfln,normal,0.7644358277320862
7547gf,normal,0.8497767448425293
97nepg,offensive,0.45367732644081116
69n7ss,normal,0.7945646047592163
1a8tk5,normal,0.7752431035041809
6obiik,normal,0.721642017364502
9mj1bv,normal,0.8014408946037292
4eimic,normal,0.7619543075561523
msxn4g,normal,0.7896116971969604
mo5ewg,normal,0.7324811816215515
moj5pu,normal,0.7422159314155579
mjxczp,normal,0.6835713982582092
mjh2za,normal,0.6382679343223572
mjcacl,normal,0.8416553735733032
mg9xmq,normal,0.726963222026825
meibzg,normal,0.7145082354545593
m9mmij,normal,0.7207552194595337
m9fu68,normal,0.7743299603462219
m4t2mi,normal,0.7721351981163025
m4g7y2,normal,0.7751601338386536
m34ylg,normal,0.5072759389877319
ltumxr,normal,0.6520014405250549
le3k02,normal,0.7362645864486694
ldty5q,normal,0.7463454008102417
lairfy,normal,0.6521478891372681
l8ok9d,normal,0.7788349986076355
l54mw8,normal,0.6713323593139648
kyp6ru,normal,0.7023369073867798
kvovp6,normal,0.7334252595901489
kvfwqv,normal,0.7346372604370117
ku588l,normal,0.696190595626831
krqhrk,normal,0.5464473366737366
kmi8jm,normal,0.6719566583633423
mxmanm,normal,0.6922211050987244
mwvsua,normal,0.7865044474601746
mvisqk,normal,0.71302330493927
muh5qh,normal,0.7846384048461914
mthdma,normal,0.626775860786438
msp7uv,normal,0.7368379235267639
mssn6e,normal,0.689717710018158
mqmyiw,normal,0.740813672542572
mptkwe,normal,0.8344221115112305
mooq4m,normal,0.5462016463279724
mogw65,normal,0.7727376818656921
mo6n6d,normal,0.81393963098526
mo7zk8,normal,0.7924731373786926
mmrn8r,normal,0.7402852177619934
mm6ynt,normal,0.6322255730628967
mkyx0x,normal,0.7846736311912537
mgshqs,normal,0.798501193523407
met5nd,normal,0.7050412893295288
mdgpje,normal,0.8180460333824158
mbdtxl,normal,0.6359596848487854
mp19eb,normal,0.7807668447494507
ibz4au,normal,0.8188486099243164
kfrc7v,normal,0.7503254413604736
k92cb0,normal,0.7726688385009766
ipfzpv,normal,0.7941164970397949
cp2nc3,normal,0.7839635014533997
ioy23b,normal,0.8069642186164856
djzicc,normal,0.807902991771698
idkimd,normal,0.7758916020393372
kdnc5h,normal,0.7451218962669373
hzkcw3,normal,0.7862102389335632
llnju1,normal,0.7512791156768799
lomqkd,normal,0.6862137913703918
hw8d34,normal,0.7111970782279968
haa1ja,normal,0.7507392764091492
9y67nh,normal,0.7560520768165588
6e72vv,normal,0.7102323770523071
jkqspr,normal,0.637937068939209
mspsri,normal,0.78371661901474
mu05ye,normal,0.7737823128700256
msrp8x,normal,0.7722236514091492
mg20n5,hate speech,0.5938382744789124
md2qp0,normal,0.7231111526489258
m5q6bv,normal,0.8175405859947205
m4seqm,normal,0.7571037411689758
m0f2oz,normal,0.7910934686660767
lg5crn,normal,0.6753795146942139
ld6rd0,normal,0.5536229610443115
l0m8xi,normal,0.6140142679214478
kp6zi1,normal,0.6882283687591553
kl7pyd,normal,0.7754148244857788
kg1iej,normal,0.6933362483978271
kgh1jf,normal,0.734978437423706
kbvhuq,normal,0.7803059220314026
k9wxuw,normal,0.6789303421974182
k2wcu1,normal,0.7988895773887634
hsbavv,normal,0.7158118486404419
k5eogk,normal,0.6901920437812805
l3ny4m,normal,0.6779277920722961
hf9cjb,normal,0.7379734516143799
ic89bl,normal,0.6960710287094116
gfkrdj,normal,0.7567159533500671
mr6kyv,normal,0.7744725942611694
lo7h9m,normal,0.7260286808013916
lxhz2o,normal,0.7024136185646057
hm8zbk,normal,0.7875849604606628
iddlbx,normal,0.7620937824249268
imsws7,normal,0.8183283805847168
ii7ou0,normal,0.6600086688995361
hu2a0r,normal,0.7196477055549622
juy7j8,normal,0.7954027652740479
14n6ke,normal,0.7649371027946472
ia6b0v,normal,0.7603326439857483
ksw8e0,normal,0.8181614279747009
jld6jy,normal,0.6365221738815308
i3yrqm,normal,0.6438266038894653
ip7j1s,normal,0.7067820429801941
k6ti4p,normal,0.7105261087417603
mc0sma,normal,0.8174771070480347
l6f3cn,normal,0.7305253744125366
lfuupw,normal,0.6565362215042114
g06cgj,normal,0.7510933876037598
ij5x3k,normal,0.7280369997024536
jhw1zr,normal,0.71369868516922
jpukto,normal,0.7500396370887756
jyila4,normal,0.73337721824646
jlqz1r,normal,0.7345225811004639
ju46zv,normal,0.7939292192459106
d2olp2,normal,0.660554826259613
5vz75b,normal,0.8014392256736755
jd04i8,normal,0.7250552773475647
dvv5uw,normal,0.7423355579376221
few2d2,normal,0.6807172298431396
27ni4p,normal,0.8361396193504333
i3rgjk,normal,0.7075542211532593
gtq564,normal,0.778329610824585
egzuq,normal,0.8010690212249756
5l6w3h,normal,0.7873668670654297
hh1eci,normal,0.6475315690040588
ef2cn9,normal,0.7484400272369385
eomm6c,normal,0.6281795501708984
mkaaa7,normal,0.755181074142456
gn8zej,normal,0.792802095413208
aen2v1,normal,0.7776909470558167
iqou89,normal,0.4827667772769928
fihzs3,normal,0.8147965669631958
jeps14,normal,0.7588027119636536
iblyat,normal,0.7224833965301514
1ywobw,normal,0.6974443197250366
9vntoo,normal,0.7586656212806702
bkhezp,normal,0.7857508659362793
kad9lt,normal,0.7496562600135803
in5qpd,normal,0.7637178301811218
bas9g,normal,0.6727521419525146
8nlc2g,normal,0.714630126953125
ae10x1,normal,0.7865985631942749
6rvw1g,normal,0.7235073447227478
3fflmt,normal,0.7833703756332397
hjb4eg,normal,0.7169981002807617
hwr2r8,normal,0.47344765067100525
2xi9mo,normal,0.7803182601928711
hr87fm,normal,0.6341224908828735
29laqq,normal,0.7275208234786987
2114cw,normal,0.8034833669662476
2dpaej,normal,0.718547523021698
brfg93,normal,0.7562950253486633
6ffy94,normal,0.7733702659606934
2ie9jd,normal,0.7857969403266907
449d6v,normal,0.6882595419883728
9gy4v,normal,0.7329679727554321
2cr0f2,normal,0.7506979703903198
hgjq9a,normal,0.7483087182044983
caz32q,normal,0.6945501565933228
8xcw25,normal,0.7251344323158264
jyyhg2,normal,0.7639164924621582
kszpfq,normal,0.7838869690895081
i7gpks,normal,0.7283899784088135
6xp6wg,normal,0.6972753405570984
4gl66g,normal,0.6854683756828308
hpaiy2,normal,0.7483714818954468
h86826,normal,0.7513394951820374
jajsji,normal,0.7448188662528992
huyjfb,normal,0.7681647539138794
mudn44,normal,0.7023150324821472
m5pvlf,normal,0.7747553586959839
lvjhcy,normal,0.7716309428215027
mteyh3,normal,0.7536026239395142
lik5z6,normal,0.6359581351280212
jjf7zj,normal,0.66832435131073
j65zk6,normal,0.810051679611206
mf9w82,normal,0.6945956349372864
jy0ys0,normal,0.7244943976402283
i8f99r,normal,0.6654307246208191
l63135,normal,0.7368744015693665
icml40,normal,0.7230430245399475
mq92x0,normal,0.627912700176239
i3qbal,normal,0.7316290736198425
j9woru,normal,0.7749239206314087
ll2z20,normal,0.8012310266494751
lhduf6,normal,0.7789596915245056
mw9ap1,normal,0.8176277875900269
iu24lr,normal,0.6441240310668945
l8xplh,normal,0.781126856803894
j69vay,normal,0.8040514588356018
iynomv,normal,0.7043681740760803
mq43en,normal,0.7137148380279541
mp3wad,normal,0.8081912398338318
ma1dk3,normal,0.7782785892486572
m6k0f4,normal,0.7801401019096375
mjiiy1,normal,0.6309643983840942
m26qrf,normal,0.751400351524353
lqip8k,normal,0.6509567499160767
mpous0,normal,0.7794159650802612
m8u4h5,normal,0.8036255836486816
mthp4w,normal,0.6699267029762268
m98evi,normal,0.8038340210914612
mst7to,normal,0.711052417755127
lrn79y,normal,0.737325131893158
mtvtly,normal,0.7984150648117065
mptzm4,normal,0.8170207142829895
l19uvw,normal,0.7280159592628479
miq7ei,normal,0.6763586401939392
lz63eq,normal,0.7998687624931335
mo7f8o,normal,0.722682535648346
mm75c8,normal,0.6346742510795593
l286rz,normal,0.7570793032646179
knqrd7,normal,0.8041929006576538
kik2fh,normal,0.7908920645713806
g67mvt,normal,0.7552927732467651
mu3zix,normal,0.8158730864524841
l4nc3c,normal,0.8028915524482727
m0ld4m,normal,0.7957730889320374
mmttlf,normal,0.7639999389648438
ka1i2x,normal,0.766645610332489
jy028q,normal,0.7947400808334351
glpdbu,normal,0.8065128922462463
c2y4uf,offensive,0.4730544090270996
gjs6yp,normal,0.7283291816711426
g4rf8q,normal,0.647106409072876
9vxq5v,normal,0.7565116286277771
mlo8fr,normal,0.7721853852272034
mpa6tq,normal,0.8290560841560364
6jc5ct,normal,0.8177041411399841
lj2q0w,normal,0.7582482099533081
eji2ct,normal,0.7843712568283081
cwe26p,normal,0.7875904440879822
jo5wdy,normal,0.6696035265922546
bq5oj7,normal,0.7641307711601257
aa1nso,normal,0.7973659634590149
kd25vo,normal,0.7299490571022034
jd9uz3,normal,0.7814026474952698
71emro,normal,0.7893349528312683
31zuvx,normal,0.6509830951690674
jaxcc6,normal,0.7990838289260864
hw4bzs,normal,0.6336332559585571
gcq2k0,normal,0.7156854867935181
63z1it,normal,0.7668339014053345
24v612,normal,0.7333859205245972
kp00gl,normal,0.6648744344711304
mcasn2,normal,0.7296633720397949
kvrszw,normal,0.6437564492225647
mkr4qm,normal,0.8017241358757019
mlzf91,normal,0.6875482201576233
mm9y3b,normal,0.7995050549507141
jg72ph,normal,0.8021618127822876
mvlahv,normal,0.732837975025177
lunm8g,normal,0.6857118606567383
lqp2ew,normal,0.7025811076164246
lz21za,normal,0.7924045324325562
m2v0np,normal,0.7345243692398071
lyfiqr,normal,0.776560366153717
mm3gjy,normal,0.7529206275939941
ly33wx,normal,0.7799239158630371
kxd9y9,normal,0.7595235109329224
l3d5v1,normal,0.7436833381652832
lvj0xu,normal,0.8237417936325073
m1gtnd,normal,0.8061590790748596
mp3yql,normal,0.7110275030136108
i1s47a,normal,0.687798798084259
iikhe4,normal,0.602624237537384
l0s78e,normal,0.7789451479911804
igiwva,normal,0.7311162948608398
lrz8dn,normal,0.7621251344680786
k4yb2s,normal,0.7655042409896851
ltulz1,normal,0.7879060506820679
jfblna,normal,0.7762736082077026
mkuhlb,normal,0.7715397477149963
lcp5q3,normal,0.6523807644844055
g2r5ah,normal,0.7530528903007507
l6ctt2,normal,0.6975014209747314
jjtnpm,normal,0.7251838445663452
lpi2vo,normal,0.8034932017326355
k3wzs3,normal,0.7160215377807617
jh0zxc,normal,0.7586992383003235
ixb04r,normal,0.814231812953949
kup87k,normal,0.8196049332618713
ia22hc,normal,0.7962879538536072
bjbc29,normal,0.7647631168365479
jzqw5t,normal,0.8126294016838074
gx9gi5,normal,0.6684284806251526
c3mhs1,normal,0.6272839903831482
j23b3z,normal,0.6833023428916931
j26qed,normal,0.7733415365219116
iulgxq,normal,0.8092969059944153
gwmwis,normal,0.7428762316703796
ix9obo,normal,0.7508619427680969
kavrwz,normal,0.6221292018890381
lj8i50,normal,0.7464007139205933
lmws0s,normal,0.7603884935379028
egcgud,normal,0.6802448630332947
mcisgd,normal,0.8153221607208252
mlsnrq,normal,0.8028092384338379
l22wsb,normal,0.7446720004081726
f6skoh,normal,0.7255660891532898
mio107,normal,0.7941495180130005
dgvm22,normal,0.7987173795700073
jh2lwm,normal,0.7083749771118164
k3696g,normal,0.7979760766029358
8ybza3,normal,0.7812566161155701
mgq3zh,normal,0.7932568788528442
lzrqhu,normal,0.7882658243179321
7yabcq,normal,0.7189056277275085
cgy9oj,normal,0.6984646320343018
d9qbcl,normal,0.7775719165802002
j4ivmt,normal,0.7031149864196777
4s7rln,normal,0.7402631044387817
j5lb7i,normal,0.7428883910179138
izzggz,normal,0.752077043056488
j90obg,normal,0.7398039102554321
j6ubvh,normal,0.6991191506385803
8cogo9,normal,0.6912534236907959
fzsfcc,normal,0.7818012833595276
hd8vjd,normal,0.7755808234214783
kp3dy7,normal,0.7239831686019897
j7nuql,normal,0.7132869362831116
eqitie,normal,0.7446327209472656
g7cf6d,normal,0.7164887189865112
aezc32,normal,0.8126376867294312
el4mwn,normal,0.7327963709831238
rtk4u,normal,0.4821047782897949
e704mf,normal,0.7438887357711792
9x51f9,normal,0.7706776261329651
7z0ai9,normal,0.6284577250480652
ffu3bm,normal,0.7485395669937134
b0or0e,normal,0.7505428791046143
8l5nvz,normal,0.7690368294715881
7vnwlw,normal,0.7875763773918152
boctdx,normal,0.7710709571838379
azlthz,normal,0.8268507719039917
3jtg4l,normal,0.7650817632675171
4uzt0x,normal,0.5539029240608215
6lgkya,normal,0.7241527438163757
378zji,normal,0.6633176803588867
3amlw2,normal,0.7827956676483154
437uoa,normal,0.7419033050537109
4x01qf,normal,0.7564524412155151
1mbvzn,normal,0.7095308899879456
epf7hm,normal,0.6735885739326477
6xwzpw,normal,0.5850462913513184
irqmu4,normal,0.797000527381897
fk5rk0,normal,0.6963014006614685
huptuf,normal,0.7624102234840393
b26h9v,normal,0.7345965504646301
chbj3f,normal,0.7600738406181335
ak2vpc,normal,0.7374072074890137
7oi5ee,normal,0.7203905582427979
5f60d1,normal,0.8260253071784973
5mnbyn,normal,0.7772484421730042
4bbiii,normal,0.8159850835800171
2vhuua,normal,0.7789723873138428
3awv15,normal,0.7536855936050415
398pe9,normal,0.477871835231781
58kk6w,normal,0.6755679845809937
h8ctlq,normal,0.7290298938751221
b65jby,normal,0.7120091915130615
c5xmrs,normal,0.7210246920585632
efq9vr,normal,0.7451673150062561
4z2l1n,normal,0.6710278391838074
heoil0,normal,0.5236883163452148
67i0ln,normal,0.7539297938346863
aj84xa,normal,0.6881940364837646
gqtv9q,normal,0.7551413774490356
