tweet_id,classification,classification_score
e6xc99,normal,0.8359490633010864
768bi9,normal,0.7761358022689819
67n6zw,normal,0.7780627012252808
55adp1,normal,0.8183555006980896
5v7t8i,normal,0.7456369996070862
3o7kvn,normal,0.7459093332290649
4eucig,normal,0.8011042475700378
2tqxde,normal,0.8286076188087463
2t4h93,normal,0.8067230582237244
gu3uyb,normal,0.7739259004592896
h9bd5r,normal,0.6855818033218384
lzebdm,normal,0.6664855480194092
l8tuff,normal,0.7594714760780334
m88dki,normal,0.7924124598503113
ldcwzq,normal,0.7171119451522827
l36gp5,normal,0.760604739189148
l06ags,normal,0.7801947593688965
iyfn8m,normal,0.7489237785339355
kk2glx,normal,0.7211288213729858
48akoo,normal,0.7601248621940613
8fqju7,normal,0.6496744751930237
hxkaj9,normal,0.8148171305656433
k5022t,normal,0.7410187721252441
jfr0w5,normal,0.7739090919494629
mv2qml,normal,0.7316709160804749
ldi23o,normal,0.8215619325637817
kkd9ug,normal,0.7146173715591431
m06imz,normal,0.780857503414154
ly41fo,normal,0.7456987500190735
l58jqz,normal,0.7663081884384155
k3c3iy,normal,0.7450807094573975
kt9m7j,normal,0.7301608324050903
jz7y4n,normal,0.7352968454360962
koa5ky,normal,0.77790766954422
k2d6cl,normal,0.7721205353736877
lwxyfw,normal,0.7741290330886841
l2tklt,normal,0.7597396373748779
lvln1e,normal,0.7540155053138733
lz8vsz,normal,0.6409737467765808
mioqat,normal,0.7528045773506165
lo3ez8,normal,0.8075305819511414
lor1q5,offensive,0.47593003511428833
m3koqw,normal,0.7776172161102295
ksch46,normal,0.8304265141487122
kvmw4p,offensive,0.5341070890426636
f5rcbf,normal,0.7411713600158691
m1raqq,normal,0.7951270937919617
lzwf6q,normal,0.7536054849624634
cbhka7,normal,0.8244195580482483
9o7rsd,normal,0.7954069972038269
monwed,normal,0.8286889791488647
dst86y,normal,0.7431607246398926
mo4660,normal,0.8216848969459534
lulc2i,normal,0.8304909467697144
l4zwvu,normal,0.7698464393615723
m4n1di,normal,0.6934279799461365
e4x61t,normal,0.7771517038345337
i3z09n,normal,0.6615681052207947
io3m5u,normal,0.8013381361961365
mpuifh,normal,0.7753519415855408
msuu60,normal,0.7698090076446533
eak7cf,normal,0.7792022228240967
moijys,normal,0.6803227663040161
i7dwqg,normal,0.7903541326522827
julphc,normal,0.7836875319480896
mjmnz4,normal,0.777850866317749
m2wwuv,normal,0.830531895160675
mxm6bu,normal,0.7389737963676453
m6bi2l,normal,0.8032594919204712
mxqmi8,normal,0.7704488635063171
mxk0wb,normal,0.8080304265022278
mxq5ui,normal,0.7740256190299988
mxmgky,normal,0.7779983282089233
my01ho,normal,0.683242678642273
mxytad,normal,0.7876166105270386
mxz002,normal,0.7920069098472595
mxtezl,normal,0.7747528553009033
mxsz4m,normal,0.7702414989471436
mxolql,normal,0.758987307548523
mxa6du,normal,0.8011696934700012
mw6udo,normal,0.8278265595436096
mxdqqv,normal,0.6785018444061279
mx9l8s,normal,0.7958657741546631
mx9ips,normal,0.7290463447570801
l5dy4l,normal,0.7235001921653748
hpuulg,normal,0.716705322265625
e0uanm,offensive,0.4896652102470398
mmehzn,normal,0.8146622776985168
l5hqfz,normal,0.8009488582611084
muqxq6,normal,0.7550423741340637
mpoyi7,normal,0.7451342940330505
fvl8oa,normal,0.7315669655799866
exayz1,normal,0.8134981989860535
kwmzz4,normal,0.7879776954650879
g1ctu7,normal,0.7664549946784973
moksir,normal,0.7508530616760254
mrwwuc,normal,0.7928884625434875
lhwxqe,normal,0.6235964894294739
377635,normal,0.7704702615737915
mxllum,normal,0.7939534187316895
mxy9mb,normal,0.6895519495010376
mxb18o,normal,0.7586372494697571
mww8ms,normal,0.7580876350402832
mw8b1i,normal,0.75603848695755
mw7u57,normal,0.7539962530136108
mw3mfk,normal,0.7711437940597534
mvgro4,normal,0.7424020171165466
mxjdvv,normal,0.7727435827255249
mxy5qe,normal,0.8260810375213623
6gbnay,normal,0.7817453742027283
d8c0nr,normal,0.6176630854606628
5z516t,normal,0.7826870083808899
6fpor4,normal,0.7983551621437073
5xxwqv,normal,0.7873528599739075
60jlda,normal,0.6416144371032715
5zqyv7,normal,0.7394803166389465
9q96r4,normal,0.7896907329559326
60l8yi,normal,0.7182483673095703
a2gjo6,normal,0.7262437343597412
m8t90g,normal,0.6885896921157837
ll6qte,normal,0.8077839016914368
m34r42,normal,0.8381338119506836
ksukrk,normal,0.7019156813621521
l96ddk,normal,0.7849740982055664
kh3wfr,normal,0.7426517009735107
ikl0ci,normal,0.7342193126678467
jmhmi6,normal,0.6992340087890625
lkvmad,normal,0.72623211145401
lgrgkn,normal,0.7784585952758789
kptyrs,normal,0.7237052321434021
jih2ga,normal,0.7747334837913513
jb6dmc,normal,0.6924776434898376
hfagap,normal,0.6215454936027527
l5xa3m,normal,0.7279402613639832
jbygkn,normal,0.7551819086074829
gaix4u,normal,0.7522968053817749
bs97ze,normal,0.7801974415779114
ef9zir,normal,0.7686935067176819
brz218,normal,0.8153907060623169
3h053q,normal,0.8116933703422546
i2d0h0,normal,0.7576156258583069
d1gwhp,normal,0.8083154559135437
7gonjs,normal,0.7086194157600403
93eryp,normal,0.7388949394226074
4bx6u1,normal,0.8130074143409729
6l26v0,normal,0.7398889064788818
9wwzl4,normal,0.7549456357955933
1smupm,normal,0.780664324760437
97uan6,normal,0.7461622953414917
mueok8,normal,0.7675318121910095
mqqk9b,normal,0.7412974834442139
mp3ued,normal,0.7612048387527466
mo1h6s,normal,0.7472437620162964
mj1nkb,normal,0.8048197627067566
mccph8,normal,0.8239849209785461
maeno8,normal,0.7256142497062683
m1ksr5,normal,0.7986131906509399
m0svoq,normal,0.7964308857917786
ltj4dd,normal,0.7613538503646851
luyp0y,normal,0.770118772983551
lmlgf3,normal,0.7592819929122925
logebb,normal,0.7314437627792358
lmylhe,normal,0.6936920881271362
lmtmaw,normal,0.7816007733345032
ikzrrj,normal,0.7637072801589966
bdllej,normal,0.7826277017593384
df7mw4,normal,0.7212766408920288
e88i1v,normal,0.8070065975189209
l97315,normal,0.7518942356109619
ltcdtf,normal,0.8331989049911499
d59eva,normal,0.7815943360328674
90scat,normal,0.7310473322868347
9npfy2,normal,0.7176402807235718
jm6t5p,normal,0.7268514037132263
22f4gi,normal,0.6231719255447388
1vliit,normal,0.8215565085411072
jbxpaf,normal,0.7688776850700378
jn0h5j,normal,0.7826159596443176
5wprd7,normal,0.730545699596405
10kdju,normal,0.7120435237884521
2z93y0,normal,0.5670936703681946
5zdq0r,normal,0.5874268412590027
1roiu1,normal,0.5765706300735474
ln603a,normal,0.6433301568031311
lb2pei,normal,0.7236564755439758
kk4ae6,normal,0.8195514678955078
hw4e6a,normal,0.7298600077629089
km698e,normal,0.7957924008369446
k0gfqi,normal,0.6461264491081238
imqs8q,normal,0.842627227306366
gvu0xa,normal,0.8055160045623779
i9lm5o,normal,0.7876164317131042
fs6mvc,normal,0.7058547735214233
ieg1cm,normal,0.6828909516334534
io506t,normal,0.7985050082206726
hw0aja,normal,0.7649629712104797
he8cz3,normal,0.8239824771881104
ht7bec,normal,0.7416431307792664
mwcp4y,normal,0.8098944425582886
ms3x9r,normal,0.791296660900116
mte04d,normal,0.791070818901062
mp6q66,normal,0.7668321132659912
mp3awl,normal,0.754622220993042
mpeebp,normal,0.7826848030090332
mo2wn1,normal,0.8189412355422974
mm6opj,normal,0.8136582374572754
mm9cae,normal,0.8060383796691895
mi9tys,normal,0.7607870697975159
mhov9q,normal,0.6758182644844055
mibqdj,normal,0.7791374921798706
mvzh7l,normal,0.769622266292572
