tweet_id,classification,classification_score
l8nrn3,normal,0.7595677375793457
m1obiq,normal,0.7691336274147034
m2j0ix,normal,0.751625120639801
kc3g1s,normal,0.7654308080673218
kne5fv,normal,0.7360138893127441
khmeg9,normal,0.7638464570045471
j894hv,normal,0.8543307185173035
j1zcn6,normal,0.76358562707901
ioqu7b,normal,0.7799639701843262
j2ang8,normal,0.7988153100013733
jafaes,normal,0.7989068031311035
j16wuo,normal,0.8140060901641846
dusdyw,normal,0.7967989444732666
c9z4m8,normal,0.7957341074943542
bmohma,normal,0.7533305883407593
f9jixq,normal,0.7632558941841125
b0yz5w,normal,0.8072958588600159
bhzb7i,normal,0.7941275238990784
9ebefs,normal,0.7648129463195801
46lteu,normal,0.7970556020736694
77ys09,normal,0.7757949233055115
1g35wy,normal,0.7461344599723816
412k1k,normal,0.7639985680580139
muq7rf,normal,0.7235371470451355
mvoayr,normal,0.823729395866394
matxtk,normal,0.7983525991439819
lb8m3t,normal,0.7899704575538635
kgf18d,normal,0.7349452972412109
iej4im,normal,0.6715570092201233
hod666,normal,0.80912846326828
ifc6mp,normal,0.8188644647598267
hff06e,normal,0.6221522092819214
f41n7a,normal,0.8241432309150696
3h4uj7,normal,0.6917147636413574
bpuer4,normal,0.7868152260780334
2e3wdm,normal,0.6967310309410095
2bv8if,normal,0.7129637002944946
mc8jtb,normal,0.738285481929779
ms1p2p,normal,0.7530909180641174
mxo8ai,normal,0.7113469243049622
mky5gt,normal,0.7999392151832581
mnr8mz,normal,0.7425567507743835
kloqlm,normal,0.7224339246749878
m8j9m6,normal,0.817653477191925
m9ux4x,normal,0.8023647665977478
lufzf6,normal,0.6885693669319153
m2gd9y,normal,0.7417048811912537
ljt35h,normal,0.7144030928611755
lgf8ao,normal,0.7718570828437805
kmfy09,normal,0.7775242328643799
lb1upx,normal,0.5146498084068298
m6onl2,normal,0.7175456285476685
ln0cee,normal,0.7891008257865906
ix1sup,normal,0.714038074016571
mcp2di,normal,0.7711585164070129
mk9lqa,normal,0.7361038327217102
ml1ax8,normal,0.7696109414100647
fljk5v,normal,0.6848788261413574
m15j0i,normal,0.6569210290908813
e8kj81,normal,0.7595376372337341
lmwka4,normal,0.7055749297142029
jy0eew,normal,0.8082883358001709
kbcso2,normal,0.749147891998291
jt884z,normal,0.8051391243934631
k9h52o,normal,0.7294147610664368
l5g5j2,normal,0.7368887066841125
modrh9,normal,0.7901318669319153
ms3x9w,normal,0.7789517045021057
mjwfz5,normal,0.7530556917190552
mmagqu,normal,0.7971204519271851
ljvgg7,normal,0.7714070081710815
mnjr2a,normal,0.7900283932685852
l85ev5,normal,0.7975407242774963
kndapk,normal,0.7614679336547852
l76zt9,normal,0.5068564414978027
lb4blm,normal,0.7805969715118408
juhypi,normal,0.7386879324913025
hhqjcl,normal,0.6712032556533813
iuwwpe,normal,0.7324812412261963
lifw4b,normal,0.8177486658096313
k43xkk,normal,0.8184866905212402
ip2yfi,normal,0.850075900554657
k1k3ym,normal,0.8003450632095337
jfcket,normal,0.7860305309295654
jz7qbi,normal,0.8430591225624084
j35u4j,normal,0.7694653272628784
jf25te,normal,0.7709239721298218
icufnd,normal,0.7939507365226746
mhss7y,normal,0.7422142028808594
mp34uj,normal,0.7680690884590149
j5rjqc,normal,0.8124406337738037
le7l1s,normal,0.6908254623413086
gr4jwe,normal,0.7649277448654175
fvul3m,normal,0.685570240020752
mmiayh,normal,0.8188701868057251
mf1phz,normal,0.7752970457077026
mb4w78,normal,0.6691039204597473
lvgvfy,normal,0.7320067882537842
l4k8qd,normal,0.8253887891769409
kthfsa,normal,0.7633336782455444
kr1ipf,normal,0.7599899768829346
k836or,normal,0.7799972295761108
jmvft6,normal,0.8074945211410522
jcyzkl,normal,0.673518180847168
j715od,normal,0.8119552135467529
j5at5g,normal,0.7667625546455383
ixav4m,normal,0.7252250909805298
iw2l15,normal,0.7744575142860413
mp0njs,normal,0.7406824231147766
mi1gvq,normal,0.7874240279197693
l6rnvg,normal,0.7848275303840637
l4bdpy,normal,0.7535675168037415
mrt670,normal,0.650316059589386
k8t1ie,normal,0.7221977710723877
juvacw,normal,0.8053397536277771
kb79ou,normal,0.7504980564117432
mhyttu,normal,0.7481848001480103
j1d1c1,normal,0.7769012451171875
8xl38f,normal,0.777792751789093
66ud66,normal,0.7467663884162903
520wo6,normal,0.7538524270057678
20sb0a,normal,0.7436336874961853
f0bi81,normal,0.767624020576477
ggcmio,normal,0.6928378343582153
gdocey,normal,0.7705830931663513
i1o6v7,normal,0.8129931688308716
gkoarj,normal,0.7440839409828186
g4y5vo,normal,0.7793430685997009
eimwki,normal,0.7679424285888672
fv6uiw,normal,0.7600411176681519
cko09o,normal,0.7199217081069946
cfrlsr,normal,0.7794877886772156
gorhuo,normal,0.7930981516838074
ak8g6j,normal,0.6530353426933289
eah9mz,normal,0.795011043548584
7r9yt3,normal,0.6177834868431091
6vp4zh,normal,0.822618305683136
b7hyz0,normal,0.7197474241256714
7xsqcr,normal,0.7327567338943481
4hlmn4,normal,0.6778454780578613
3t30g9,normal,0.8159445524215698
443ckx,normal,0.6944214701652527
6lzw1r,normal,0.7350932359695435
6dw6ov,normal,0.653738796710968
2zpw2i,normal,0.7968182563781738
spbwb,normal,0.5646640062332153
3mrgyy,normal,0.8122966885566711
44h4x1,normal,0.7981470227241516
50l1x3,normal,0.7849077582359314
mw6udo,normal,0.8278265595436096
lv0nld,normal,0.8379109501838684
ezku9y,normal,0.8430756330490112
3znokt,normal,0.7526479959487915
jx57nm,normal,0.803837239742279
2jpfbe,normal,0.7844229340553284
k1spbk,normal,0.7070416808128357
8j8u1f,normal,0.7441987991333008
1q0m0u,normal,0.7253286838531494
5vcdaf,offensive,0.6546122431755066
kl9ir4,normal,0.7937146425247192
yaw1h,normal,0.8351097702980042
hzyjdl,normal,0.7062723636627197
hazswx,normal,0.7839359641075134
fj5waa,normal,0.7591087222099304
gu3uyb,normal,0.7739259004592896
h9bd5r,normal,0.6855818033218384
lzebdm,normal,0.6664855480194092
l8tuff,normal,0.7594714760780334
m88dki,normal,0.7924124598503113
ldcwzq,normal,0.7171119451522827
l36gp5,normal,0.760604739189148
l06ags,normal,0.7801947593688965
iyfn8m,normal,0.7489237785339355
48akoo,normal,0.7601248621940613
8fqju7,normal,0.6496744751930237
kk2glx,normal,0.7211288213729858
hxkaj9,normal,0.8148171305656433
k5022t,normal,0.7410187721252441
jfr0w5,normal,0.7739090919494629
l2my57,normal,0.7110117077827454
kjidls,normal,0.5876970291137695
kvxdx5,normal,0.7730070352554321
mvhkil,normal,0.7610021233558655
kzbhik,normal,0.7918314337730408
img72q,normal,0.6766337156295776
lspz1j,normal,0.6653459668159485
mnmmww,normal,0.6771122217178345
hbekaf,normal,0.7110668420791626
g88h8n,normal,0.7835732698440552
i8hqal,normal,0.820016622543335
meyu6j,normal,0.7031698822975159
jbrcmw,normal,0.7544063925743103
l5dcrp,normal,0.7914222478866577
hgdyaf,normal,0.7582705616950989
ka6neo,normal,0.8335418105125427
mutold,normal,0.7240735292434692
m2d2sb,normal,0.793064296245575
iv5t0z,normal,0.8239197731018066
hup3ab,normal,0.794244647026062
hve7g5,normal,0.7930834889411926
islvrv,normal,0.841601550579071
mwp52o,normal,0.7671214938163757
ldlj6a,normal,0.846981942653656
jg6lq2,normal,0.7963751554489136
mgsrmb,normal,0.7867342829704285
mjyxp8,normal,0.7276375889778137
mxolql,normal,0.758987307548523
imoohy,normal,0.5996053218841553
m8500s,normal,0.7706613540649414
mdpbzy,normal,0.7052062153816223
msgeun,normal,0.5667787194252014
msni12,normal,0.7866159677505493
m43jm5,normal,0.7673678398132324
m1ffdc,normal,0.763458251953125
mtjgwa,normal,0.7407913208007812
l0gpkj,normal,0.8108264207839966
lsupsk,normal,0.7843088507652283
lf7tq5,normal,0.8123394250869751
m77qp6,normal,0.7924219965934753
khxzap,normal,0.755704939365387
m6hj2n,normal,0.7022096514701843
j42fb8,normal,0.7958627939224243
m8ah39,normal,0.7377793788909912
m0k5an,normal,0.7925001382827759
kv1bq0,normal,0.7739620804786682
m70ks8,normal,0.7632826566696167
mgxpm4,normal,0.6640723943710327
lglfc3,normal,0.7882782816886902
mbjb3o,normal,0.6918995380401611
lk6627,normal,0.7147752642631531
kbz1ei,normal,0.653406023979187
kydma8,normal,0.7053377032279968
m3lteg,normal,0.6111063361167908
ms56f6,normal,0.7673681974411011
ealqf6,normal,0.7727575302124023
mpvsib,normal,0.6896314024925232
ckdrju,normal,0.8238022923469543
lx3tga,normal,0.7648892998695374
meco6b,normal,0.8111498951911926
lmz6q2,normal,0.7259975075721741
kuhyfi,normal,0.771980345249176
mugb5i,normal,0.6645387411117554
m93587,normal,0.8165379762649536
jd52ge,normal,0.778932511806488
mqz2x0,normal,0.723565399646759
j2nzbl,hate speech,0.579827606678009
i2lr7b,normal,0.7136436104774475
fwb6rh,normal,0.8173230886459351
