tweet_id,classification,classification_score
mx9c3i,normal,0.8017352819442749
mwyakq,normal,0.8056558966636658
mwcdvi,normal,0.7915610074996948
mwb7bp,normal,0.7760082483291626
mwonzp,normal,0.7895725965499878
mw2mx9,normal,0.7252642512321472
mvyx1z,normal,0.7590557336807251
mw6pst,normal,0.7427852749824524
mw054x,normal,0.7528026103973389
munf2y,normal,0.81637042760849
muyl1u,normal,0.8282445073127747
mvhkl8,normal,0.8050105571746826
mvgc02,normal,0.7669540047645569
mu33vl,normal,0.7037830352783203
mu5zr3,normal,0.6817805767059326
mt353w,normal,0.7736043334007263
mtko5e,normal,0.7642720937728882
msj5vd,normal,0.7430804371833801
ms9lza,normal,0.8144305348396301
mses9d,normal,0.7905073761940002
mse6va,normal,0.8043452501296997
mrs10v,normal,0.7376028895378113
mrkksa,normal,0.5631920099258423
ms5pjq,normal,0.7876384258270264
mrk95o,normal,0.7220642566680908
mr19o6,normal,0.8017338514328003
mrfrym,normal,0.7360731363296509
mqz53y,normal,0.7284184098243713
mq9d8x,normal,0.8024957776069641
mqjimy,normal,0.7026148438453674
mqcypc,normal,0.8016716837882996
mqi85s,normal,0.6888549327850342
mq588w,normal,0.7653562426567078
mp6t9s,normal,0.6697769165039062
mqpy0g,normal,0.735087513923645
mqbbk7,normal,0.7156226634979248
mq1grh,normal,0.794215738773346
mpsqdd,normal,0.7287213206291199
mpto8f,normal,0.6433301568031311
mp6nns,normal,0.7611826658248901
mosze0,normal,0.7732840776443481
mpbr78,normal,0.7935648560523987
moxmgg,normal,0.6988030076026917
mo7yj4,normal,0.7530784606933594
moyuok,normal,0.7129350900650024
mol4w4,normal,0.7621545195579529
mofwxt,normal,0.8180196285247803
moa1ld,normal,0.7719371318817139
mnurzx,normal,0.7624070048332214
mkwtpe,normal,0.7187988758087158
mutlmq,normal,0.7826952934265137
mahxmd,normal,0.7033026218414307
m9jbmf,normal,0.7300744652748108
mjz6me,normal,0.7674567103385925
lzfea9,normal,0.7771233916282654
mtz2dn,normal,0.7673863768577576
mnwadk,normal,0.7760743498802185
mx5w3x,normal,0.7532316446304321
lfjtxd,normal,0.7050487995147705
mvldrt,normal,0.7793018221855164
lfwbp2,normal,0.727898359298706
l5o0p7,normal,0.7862956523895264
lvp3ou,normal,0.7828084826469421
mt0j9i,normal,0.7928860783576965
lgf7f9,normal,0.7706236243247986
lebia2,normal,0.7798714637756348
mjm2az,normal,0.7586315870285034
kquzkc,normal,0.7144864201545715
mo4igq,normal,0.7487267851829529
muil9d,normal,0.743050217628479
kgxf6g,normal,0.7539376020431519
k64qxc,normal,0.7259926199913025
lmv54w,normal,0.7611289024353027
mchocr,normal,0.7496919631958008
mmn0f5,normal,0.6950230002403259
mu6a5t,normal,0.7707058787345886
mpbn1d,normal,0.7542189955711365
mruuex,normal,0.7380224466323853
mim2sz,normal,0.7403958439826965
mvm1z5,normal,0.8272765874862671
mcx2hs,normal,0.7535326480865479
llhzkm,normal,0.7865604162216187
mvn5e3,normal,0.8058844804763794
mw8hyc,normal,0.8050002455711365
msk6nw,normal,0.7572882175445557
mjdge7,normal,0.628680408000946
m9icqn,normal,0.7756138443946838
mtm3ne,normal,0.7460637092590332
k49g3x,normal,0.7848579287528992
mdhhaa,normal,0.7383173704147339
ls9wcp,normal,0.7050365805625916
mq3yln,normal,0.738036036491394
mvz3k8,normal,0.820075511932373
m3mojo,normal,0.7687773704528809
me0m6o,normal,0.7482817769050598
mkgzdi,normal,0.7969821095466614
lwop6l,normal,0.7376343607902527
la25wt,normal,0.7479755282402039
mmcs93,normal,0.7688555717468262
ll7k28,normal,0.7661060690879822
l8zp6m,normal,0.7619938850402832
lvnbyv,normal,0.7306177020072937
lt4ymt,normal,0.8009858131408691
mhp2wy,normal,0.818108081817627
kqilqn,normal,0.7551413774490356
liu8wa,normal,0.8128520846366882
lpinnb,normal,0.7925348877906799
kyuelz,normal,0.7889205813407898
kr5oro,normal,0.7196083068847656
lnw2uc,normal,0.7491198182106018
kwp72e,normal,0.7346544861793518
l3x39b,normal,0.7413582801818848
kssmjk,normal,0.7853195667266846
kip5xy,normal,0.8165985941886902
l4k2pw,normal,0.743384599685669
kte6ud,normal,0.7328217029571533
k8huln,normal,0.7619097828865051
khwkgw,normal,0.6433301568031311
kdbu3c,normal,0.6681212782859802
kl8di8,normal,0.8329809904098511
kidqkv,normal,0.6976513862609863
io4fbq,normal,0.7813719511032104
m3aag8,normal,0.7726690173149109
ks6bcc,normal,0.6579291820526123
jltfh8,normal,0.8031917810440063
jo5n70,normal,0.6575686931610107
kgk7iq,normal,0.8268315196037292
jtewf8,normal,0.7150455117225647
ko35js,normal,0.8030453324317932
k7npgk,normal,0.7819434404373169
k6q3dz,normal,0.5474587678909302
kzx9s0,normal,0.7741675972938538
fi8a4j,normal,0.8076920509338379
jk2ru4,normal,0.6966336965560913
jp8mdx,normal,0.586785614490509
l04out,normal,0.7897096872329712
ktoiew,normal,0.7919354438781738
igonus,normal,0.7840080857276917
g5ybhr,normal,0.7971875667572021
go5q2u,normal,0.8002024292945862
jwz8bp,normal,0.7219192385673523
hr9z4u,normal,0.7917731404304504
htby1u,normal,0.6310389637947083
gm8ytk,normal,0.7847100496292114
gfysul,normal,0.7947552800178528
fbfz66,normal,0.6378347277641296
mjf8d1,normal,0.8327889442443848
mva8b2,normal,0.6732705235481262
kogp9a,normal,0.783123254776001
m22th1,normal,0.7464208602905273
l63sj8,normal,0.8004915118217468
mcijyl,normal,0.7477508783340454
lg6h41,normal,0.7218359112739563
khg9eh,normal,0.7493335008621216
kbrbso,normal,0.8012120723724365
gdig7w,normal,0.7477566599845886
jskiv3,normal,0.7188456654548645
kg9cik,normal,0.8190205097198486
kmfnz2,normal,0.7296861410140991
k7oq16,normal,0.7559229135513306
lzi0vl,normal,0.7807510495185852
kk0qwf,normal,0.8100796341896057
khknbm,normal,0.6849495768547058
knd9bb,normal,0.7756055593490601
k8qszm,normal,0.7527788877487183
g4n3f0,normal,0.7886952757835388
kfmmpd,normal,0.7795700430870056
kbupj6,normal,0.7597445249557495
i0x6o3,normal,0.7160298824310303
j70pk5,normal,0.7800890803337097
auza18,normal,0.8289539217948914
i8eamq,normal,0.8224595189094543
fgpdnf,normal,0.7378271222114563
k68yrt,normal,0.7982246279716492
gt7yni,normal,0.7310090661048889
i5f9ec,normal,0.7929447293281555
gep0hp,normal,0.7804223895072937
jg2qbm,normal,0.7009313702583313
hge847,normal,0.8114202618598938
ewnnto,normal,0.7745558023452759
6rir7k,normal,0.7729809284210205
eim01n,normal,0.6305878758430481
eozp9q,normal,0.7035988569259644
bqpyhk,normal,0.777267575263977
fcqd72,normal,0.7950650453567505
76tpt8,normal,0.7954573035240173
eykdne,normal,0.6590337157249451
eonwl5,normal,0.8005465865135193
bk0frw,normal,0.7599567770957947
ep20nv,normal,0.674989640712738
dq63zz,normal,0.7877537608146667
cyyupc,normal,0.8377838134765625
esgqm9,normal,0.7986630797386169
24rja2,normal,0.8169756531715393
lqlu6g,normal,0.7631905674934387
m7rzf2,normal,0.7477970123291016
lvs9q6,normal,0.7740573883056641
lff4eg,normal,0.761319100856781
m3gpqy,normal,0.7982478737831116
m6rzin,normal,0.6954973936080933
m5tq0c,normal,0.7283796668052673
m33rve,normal,0.7649883031845093
m31tmj,normal,0.7240410447120667
lhyshl,normal,0.7734135389328003
l4x7m9,normal,0.6510366201400757
lxrn84,normal,0.8017083406448364
m0rhqo,normal,0.7509701251983643
kj63tb,normal,0.7583374381065369
lo6hxj,normal,0.7347332239151001
lwesn7,normal,0.7658966779708862
lxw8p1,normal,0.7616596817970276
llx72p,normal,0.8170360922813416
lz118c,normal,0.7456092834472656
ltc72i,normal,0.7683082222938538
lpjnf0,normal,0.7903960347175598
m1osrk,normal,0.5854328274726868
lkql8j,normal,0.7761120796203613
lzcgie,normal,0.7543131709098816
m2fpw2,normal,0.7464423775672913
ln8jpf,normal,0.7945197820663452
lnvy94,normal,0.7771936655044556
lz9ypn,normal,0.7960954308509827
m91gus,normal,0.7716037631034851
lkor5i,normal,0.8019958734512329
lkll85,normal,0.7708983421325684
m53m10,normal,0.7881670594215393
lte7an,normal,0.6427624225616455
ls8e6a,normal,0.6821721792221069
lrnha4,normal,0.6704692840576172
lb5hun,normal,0.7306652665138245
m0p6rg,normal,0.6754751801490784
lxxxbb,normal,0.8052601218223572
lafq9f,normal,0.779086172580719
m0qih1,normal,0.7884305715560913
ll3451,normal,0.8072714805603027
lipjqm,normal,0.7967677116394043
lp22ru,normal,0.7580586671829224
lg44ek,normal,0.70091712474823
lhv6jr,normal,0.7236692309379578
lrkz1b,normal,0.7203829884529114
m2drtn,normal,0.7544053196907043
m382d8,normal,0.4619339406490326
leqqlj,normal,0.8142004609107971
lbafha,normal,0.7510974407196045
kl797a,normal,0.7963914275169373
l7sq31,normal,0.603987991809845
l2r4c3,normal,0.7249679565429688
emqzse,normal,0.7513666152954102
hl3lwt,normal,0.5893454551696777
ivme5d,normal,0.5466956496238708
gdj4dg,normal,0.7706640362739563
ansdhc,normal,0.7487739324569702
ea9gge,normal,0.7611153721809387
c5w7lb,normal,0.6744478344917297
7eanmy,normal,0.7795111536979675
5w6ehz,normal,0.7755954265594482
7w729q,normal,0.8114666938781738
cfawoj,normal,0.7644861340522766
cki0w3,normal,0.7274293303489685
blxg7r,normal,0.7759456038475037
3y1jjo,normal,0.7233483791351318
6ngsg8,normal,0.722886860370636
4nxmnt,normal,0.7367895841598511
5azu2s,normal,0.755459189414978
4novrb,normal,0.6217553019523621
ms8wfw,normal,0.7926164269447327
mhk942,normal,0.7191991209983826
mgtivn,normal,0.7089106440544128
m96bd4,normal,0.713498055934906
msh05e,normal,0.6539968252182007
lsqm1x,normal,0.7875598669052124
mjbvnz,normal,0.7645793557167053
lqaj6o,normal,0.7922270894050598
mim9yb,normal,0.6978669166564941
le4uca,normal,0.7586935758590698
mn8v2q,normal,0.7857426404953003
ky7qi7,normal,0.7557482719421387
kspfn7,normal,0.7671158909797668
lhcz95,normal,0.6914651989936829
mgn0hl,normal,0.7754127979278564
mhgsoz,normal,0.6560153961181641
mn4l8e,normal,0.724856972694397
ln2qw7,normal,0.7566416263580322
m885bl,normal,0.8032017946243286
kecljs,normal,0.8120222687721252
kh7k3n,normal,0.5846999287605286
mv79cx,normal,0.7150744795799255
l3q8v2,normal,0.6510671377182007
mgzp6z,normal,0.6957775950431824
le15a6,normal,0.7838315367698669
moscjz,normal,0.7774755954742432
kdmmua,normal,0.8083602786064148
khk7dx,normal,0.7374697327613831
mrxznw,normal,0.7232868671417236
mqys2s,normal,0.6763808727264404
mlrofi,normal,0.7285590171813965
mjw73r,normal,0.5920085906982422
mezbwc,normal,0.7396000027656555
mdtnw1,normal,0.7669849991798401
m61ufi,normal,0.7430626749992371
m5ayqj,normal,0.704788088798523
lyb7zv,normal,0.7901891469955444
lm4iaw,normal,0.772736668586731
lmjsi4,normal,0.7635404467582703
llsrgr,normal,0.7690397500991821
lgm9cr,normal,0.7494539022445679
lfko4v,normal,0.7404547333717346
l78dxi,normal,0.7791837453842163
l7tk4g,normal,0.7756005525588989
l7glwg,normal,0.7242609858512878
l78s2g,normal,0.7610539793968201
l4g1f8,normal,0.7289515733718872
l42c7i,normal,0.7823525667190552
l3e0fy,normal,0.7731390595436096
l2nllf,normal,0.792222261428833
l2pjdc,normal,0.7608217000961304
l0p5oq,normal,0.6637029051780701
l034m2,normal,0.7494555711746216
l09qbj,normal,0.7809687256813049
kz6jnl,normal,0.8409438729286194
kuv1v6,normal,0.7396583557128906
ktz8c6,normal,0.7612160444259644
ktdgsy,normal,0.7400649189949036
ks5z51,normal,0.7786163687705994
koj4f5,normal,0.7275919914245605
knbnrb,normal,0.7569484114646912
klzfwd,normal,0.7454195618629456
kkuxvj,normal,0.6303805708885193
kkr5hs,normal,0.7252349853515625
kklpmf,normal,0.6730753183364868
kjn019,normal,0.6820200681686401
kja2m7,normal,0.7207164168357849
kj1j10,normal,0.7915173172950745
kigdaz,normal,0.7518138885498047
khm6xg,normal,0.83588707447052
kgs2z1,normal,0.7811681032180786
khcl2j,normal,0.7885139584541321
khrwqf,normal,0.7530043125152588
kfslwk,normal,0.7620011568069458
kg40ya,normal,0.8172891139984131
mcy91m,normal,0.5747406482696533
khuqij,normal,0.7501789927482605
lnm4c2,normal,0.788245439529419
m7wxpl,normal,0.7962866425514221
jiu9u4,normal,0.767275869846344
ljstrb,normal,0.7941857576370239
kw23b3,normal,0.6976972818374634
m6vmv3,normal,0.6922366619110107
kx91fm,normal,0.7993944883346558
kqfh1l,normal,0.7519794702529907
ku2g20,normal,0.7478539943695068
lh3062,normal,0.7425664067268372
iwysc9,normal,0.7758358120918274
l5cuv1,normal,0.7676333785057068
kvcyzv,normal,0.8022143840789795
l1lzvf,normal,0.7819667458534241
lhl826,normal,0.8009344339370728
kj3tqz,normal,0.7567686438560486
m7f1pa,normal,0.827851414680481
lelsf3,normal,0.7448977828025818
lumjuu,normal,0.8105243444442749
kcz7p3,normal,0.6869874596595764
ku0llx,normal,0.7413731813430786
jzwwz3,normal,0.6992502212524414
jty32l,normal,0.8026204109191895
luu51x,normal,0.7649580836296082
k9tdhd,normal,0.7783769965171814
kagv12,normal,0.7328103184700012
k5zljo,normal,0.7596415281295776
lemdx4,normal,0.8226262331008911
m2fm4o,normal,0.7088324427604675
kburat,normal,0.7832794785499573
kn55pv,normal,0.7997257709503174
jxq7ey,normal,0.7717923521995544
kc07jx,normal,0.7451497316360474
hr2z19,normal,0.6926026940345764
kndmfy,normal,0.7623275518417358
li5pcd,normal,0.7373840808868408
k3c09u,normal,0.754105269908905
k3g69z,normal,0.7761001586914062
ladt67,normal,0.80401611328125
jhjj25,normal,0.6963104605674744
cx8hg9,normal,0.8007941246032715
b7d73o,normal,0.7212516665458679
878u7c,normal,0.7936028242111206
6o41uv,normal,0.802014946937561
8x6rq7,normal,0.7753141522407532
3nm7gb,normal,0.7700636386871338
3zi225,normal,0.7875364422798157
5sl433,normal,0.6810776591300964
3uj8pc,normal,0.8016020655632019
4xtowa,normal,0.7704440355300903
4u3uyu,normal,0.7555454969406128
mqutgb,normal,0.8169572353363037
lmswmq,normal,0.7527663111686707
fxu5w4,normal,0.7712312340736389
khblbp,normal,0.7812718152999878
giii91,normal,0.7865292429924011
emkwv7,normal,0.5569022297859192
e36lf1,normal,0.74544358253479
diqirt,normal,0.7549737691879272
bazdlt,normal,0.7965080738067627
gf9ipl,normal,0.7367520928382874
a8bajh,normal,0.7959481477737427
aumcjo,normal,0.7286590933799744
970dvl,normal,0.816964328289032
7m1p0x,normal,0.7496886849403381
9iyq50,normal,0.7130314111709595
5hbylb,normal,0.8009379506111145
9v1qgp,normal,0.6830205917358398
9ufbuw,normal,0.5545598268508911
e258ui,normal,0.825948178768158
65armb,normal,0.8188106417655945
7ka0vs,normal,0.7645437121391296
75f8q3,normal,0.7265497446060181
3ppet9,normal,0.6586496233940125
5ewzw3,normal,0.768220841884613
40c8b0,normal,0.6751996278762817
3zbolj,normal,0.7661036252975464
lzhjm2,normal,0.6172210574150085
m6daxe,normal,0.7887930274009705
mfu4pm,normal,0.6211202144622803
jt6arz,normal,0.7590922713279724
mhkywm,normal,0.7661486268043518
mawqti,normal,0.7212091684341431
lrfw28,normal,0.8131828308105469
m1f2dx,normal,0.8328380584716797
kvbazu,normal,0.6824182868003845
jpew4q,normal,0.777305006980896
l2vk5w,normal,0.7974832057952881
ll8bwp,normal,0.815011739730835
jvcsp1,normal,0.4950515627861023
knfi04,normal,0.7761580944061279
l3s15k,normal,0.5299574732780457
lfku75,normal,0.7148332595825195
luqzvt,normal,0.8120750784873962
mx6asg,normal,0.806317150592804
mwh7cm,normal,0.7839080095291138
mvbofn,normal,0.6235734820365906
muzw3v,normal,0.7976040840148926
mvdxxi,normal,0.7885928750038147
muthkb,normal,0.764411985874176
mvms0o,normal,0.6875832676887512
mv5036,normal,0.7637868523597717
mt7vxw,normal,0.7873114347457886
l3007u,normal,0.808640718460083
hboovk,normal,0.6863651871681213
c8dnmu,normal,0.7856393456459045
bs3i2e,normal,0.743782639503479
g7glf8,normal,0.7548937201499939
e0xr5o,normal,0.6952571868896484
6nbffs,normal,0.8178787231445312
86m8ui,normal,0.7504503130912781
8wz7x0,normal,0.7541764974594116
65h5gs,normal,0.6932545900344849
l276uj,normal,0.7757210731506348
m6eo8o,normal,0.7372390627861023
ln3frn,normal,0.7872229814529419
m919g0,normal,0.7356860041618347
m4obnf,normal,0.7557631134986877
m9ualx,normal,0.7641449570655823
lytm48,normal,0.8169606328010559
lsieje,normal,0.7487339973449707
lt4gg9,normal,0.7950384616851807
m70jrd,normal,0.774034321308136
lrk4a1,normal,0.7132887244224548
lc5658,normal,0.7673609256744385
lvgykq,normal,0.7097963690757751
lqt2yx,normal,0.7471560835838318
lh5psp,normal,0.7632102370262146
lm70l8,normal,0.7949001789093018
loioqr,normal,0.8011058568954468
lbbrsx,normal,0.7978799343109131
lj8utt,normal,0.730665922164917
kpklcy,normal,0.8108152747154236
kqtv77,normal,0.7503976821899414
lvad1g,normal,0.7483413815498352
l9rb2t,normal,0.8223627805709839
le50g6,normal,0.8086392879486084
kuqr5q,normal,0.7646867632865906
kw204t,normal,0.7849216461181641
krwe07,normal,0.8015860319137573
lkq1k3,normal,0.7422605156898499
k8k4vt,normal,0.7095015645027161
lrjd66,normal,0.7777193784713745
lf7rjx,normal,0.7666296362876892
lmwcl4,normal,0.8054202795028687
lqpwj7,normal,0.7656798958778381
l77qj1,normal,0.7763676643371582
luwv2c,normal,0.7704175114631653
l4mvo9,normal,0.8463554978370667
lnf7q7,normal,0.7890955805778503
l9eqi7,normal,0.7367194890975952
lr4ial,normal,0.5934358239173889
l5mmfu,normal,0.7876142263412476
lu7gbd,normal,0.7815901637077332
kwrfnm,normal,0.8275429606437683
l0s5me,normal,0.7620612382888794
kp9xpa,normal,0.8075252175331116
lxi9az,normal,0.7895084619522095
kncafb,normal,0.798774242401123
klyp0k,normal,0.7696940898895264
lfozc5,normal,0.8007447123527527
lcgbdy,normal,0.8342404365539551
kk4t50,normal,0.7385683655738831
mstg68,normal,0.8074883818626404
mrxmqo,normal,0.7909306883811951
mp663t,normal,0.5680866241455078
mnozs8,normal,0.7846298813819885
mlam9q,normal,0.8302366733551025
mlmn5g,normal,0.8097819089889526
miso8t,normal,0.7896122932434082
mdaids,normal,0.8233346939086914
mdg637,normal,0.7846144437789917
md07j2,normal,0.8276928067207336
mav7q7,normal,0.8079725503921509
m9i2w6,normal,0.7958475351333618
m7oymd,normal,0.780716061592102
m6rgn1,normal,0.7796158194541931
m1feqi,normal,0.8074735999107361
m015vu,normal,0.7683224678039551
lz3s1x,normal,0.804701566696167
ly455g,normal,0.7552036046981812
lxaexf,normal,0.7688220739364624
lw8z4r,normal,0.8037303686141968
lur65e,normal,0.7186746597290039
ls9ssa,normal,0.8276928067207336
lq7xgs,normal,0.8067195415496826
lq43ep,normal,0.7575220465660095
lnjvzy,normal,0.6651567220687866
lmi8j7,normal,0.7873489856719971
li3mnu,normal,0.805781900882721
lgrjeq,normal,0.8408884406089783
lgehts,normal,0.7718290090560913
ldebsb,normal,0.8067843317985535
l9ao1r,normal,0.7486355900764465
l653zc,normal,0.818667471408844
l65r17,normal,0.7911994457244873
l4qq2q,normal,0.8276928067207336
l4bt91,normal,0.7566379904747009
gscyem,normal,0.8191584348678589
gbmmlv,normal,0.8004566431045532
90kb66,normal,0.8236134648323059
9ive85,normal,0.766555905342102
8yvr9y,normal,0.8183777332305908
7wnsl6,normal,0.7826617956161499
93qnry,normal,0.8092338442802429
7uv7uh,normal,0.7742524147033691
8zyxuk,normal,0.8204171061515808
6x9fuw,normal,0.7797187566757202
a2re07,normal,0.8001779913902283
5gu84i,normal,0.8189752101898193
lifodm,normal,0.7784522771835327
limxmv,normal,0.631554901599884
lfb660,normal,0.8112798929214478
ksasji,normal,0.7566197514533997
krsuru,normal,0.7798265814781189
kfak6j,normal,0.808521032333374
kfi1bk,normal,0.7953360080718994
k6sqzj,normal,0.7589949369430542
k1cryk,normal,0.8126104474067688
k02tge,normal,0.774859607219696
jf66l5,normal,0.7963306903839111
itep08,normal,0.7756768465042114
isi3a5,normal,0.7912337779998779
ijdtal,normal,0.7646710872650146
i9uydf,normal,0.6767485737800598
i75fc2,normal,0.820577085018158
hv9e5r,normal,0.6369538307189941
hq7csy,normal,0.6826323866844177
heo33f,normal,0.8001816272735596
gxc56t,normal,0.8251345753669739
gpiye0,normal,0.7592589855194092
ghb4oo,normal,0.7700091004371643
ggc7ky,normal,0.7368459701538086
fy2zpg,normal,0.7968407273292542
fxuw3b,normal,0.796177327632904
fsordd,normal,0.6276687383651733
fqy7y7,normal,0.7774544358253479
fdewvd,normal,0.8284130692481995
f0kzq6,normal,0.800807535648346
et94kx,normal,0.6908904910087585
eo38of,normal,0.7421934008598328
ekyvrb,normal,0.803866982460022
ehpxbo,normal,0.7293826341629028
edb2cj,normal,0.7856355309486389
dzroy8,normal,0.5512567758560181
dzbzvn,normal,0.7114087343215942
do0ozl,normal,0.8088824152946472
dnd3e2,normal,0.7838605046272278
dkmvta,normal,0.7824541926383972
c0domi,normal,0.7889901399612427
af1z0i,normal,0.766412079334259
ac6e2r,normal,0.7766174077987671
abfiqp,normal,0.7519655823707581
9sqd0v,normal,0.7135939598083496
9lxsuy,normal,0.7763570547103882
9hj49j,normal,0.7726547718048096
9g66q6,normal,0.77020663022995
9fx6np,normal,0.7589263319969177
m3lcwr,normal,0.8181585073471069
m6hu6j,normal,0.5725202560424805
kt6nqe,normal,0.7768892049789429
kv705l,normal,0.7695128917694092
lgc6wm,normal,0.7801105976104736
layyj0,normal,0.7969921231269836
lb1j45,normal,0.8189709186553955
ky248r,normal,0.8019682765007019
lmdgcx,normal,0.7536822557449341
lb55v0,normal,0.73956298828125
k4km37,normal,0.7969006896018982
kvk7bf,normal,0.8016315698623657
kr16b9,normal,0.8045465350151062
k1x22x,normal,0.845902144908905
lp6zxp,normal,0.8020122647285461
kb8htu,normal,0.7730900049209595
k44owh,normal,0.8208327889442444
ktnwu7,normal,0.7229371666908264
knnp6h,normal,0.7942297458648682
k2oor2,normal,0.7779005169868469
lce993,normal,0.7704054117202759
kennmm,normal,0.7528098225593567
gkcvph,normal,0.7651926875114441
lcfgz0,normal,0.7659059166908264
jqch7f,normal,0.7853024005889893
kq9kwj,normal,0.7589443922042847
jrf50a,normal,0.7894945740699768
jl6tsc,normal,0.8061202764511108
kbuonc,normal,0.789053201675415
jl37p1,normal,0.8139629364013672
jsw4e0,normal,0.7104167342185974
kilhtn,normal,0.7822962999343872
jec7bo,normal,0.7605206370353699
j29ul7,normal,0.8063789010047913
fayfgr,normal,0.7723590731620789
j8h9xd,normal,0.7897452712059021
kd8hfl,normal,0.7836296558380127
j6vqd3,normal,0.7683929204940796
fao56c,normal,0.773249089717865
66armg,normal,0.8077587485313416
mgkrhn,normal,0.770254373550415
m17e3a,normal,0.6353476047515869
lm2bdt,normal,0.7103123664855957
lrg98d,normal,0.7436169385910034
lau9d6,normal,0.8004764914512634
lt10ug,normal,0.8178166747093201
m3lw0q,normal,0.804213285446167
i459og,normal,0.8400517106056213
lngm7i,normal,0.7909864783287048
kj3mr8,normal,0.8084655404090881
khhflx,normal,0.7445236444473267
juot7z,normal,0.7535200119018555
lqooo5,normal,0.8192492723464966
k5zjf2,normal,0.614223062992096
midmf2,normal,0.7910100221633911
gp6tj1,normal,0.6827404499053955
lqr1r6,normal,0.5723756551742554
lp8dwf,normal,0.7290493249893188
m2a8he,normal,0.7139901518821716
lm3vxa,normal,0.7660635113716125
j0ugxu,normal,0.6829832196235657
l7aq1v,normal,0.6993765234947205
k61oh5,normal,0.7235435247421265
m8jwzk,normal,0.8270378708839417
kdo5vj,normal,0.7884563207626343
hhlnqn,normal,0.8078797459602356
g46t8t,normal,0.8082303404808044
l1ulla,normal,0.8178309202194214
k3gv86,normal,0.7729052901268005
km6hm8,normal,0.7736693620681763
kar81h,normal,0.7308099269866943
k7da1w,normal,0.8259701728820801
k4701s,normal,0.8431104421615601
ke51kr,normal,0.8194499611854553
j39i7d,normal,0.68821120262146
lli61l,normal,0.7979838252067566
f4c3o8,normal,0.8031622767448425
j0tlx4,normal,0.8113893866539001
fe7k0v,normal,0.8039872646331787
ifx89h,normal,0.7696849703788757
jl475k,normal,0.8331753611564636
j1yt6m,normal,0.8000389933586121
k31ogc,normal,0.7864273190498352
bi9y80,normal,0.7873236536979675
cqznle,normal,0.7610785365104675
gkj1or,normal,0.7472370862960815
m0iu5d,normal,0.8197752833366394
mx2n63,normal,0.7138755321502686
mw3ine,normal,0.8062024712562561
mwywm6,normal,0.7614324688911438
mwcwm1,normal,0.606806755065918
mwl6i7,normal,0.7867539525032043
mvwpl6,normal,0.7202794551849365
mvrjvf,normal,0.7921214699745178
mvpez8,normal,0.7250881791114807
mvg67g,normal,0.8123291730880737
mutuc5,normal,0.8061199188232422
muokro,normal,0.816410481929779
mulmp2,normal,0.7509209513664246
mui3bp,normal,0.7907485365867615
muh558,normal,0.7900332808494568
mubimx,normal,0.7112476825714111
mu5z5p,normal,0.7241644859313965
mtv1cw,normal,0.8204731345176697
msuu60,normal,0.7698090076446533
mti19c,normal,0.7494214773178101
ms8yfm,normal,0.6701692342758179
mst98z,normal,0.7458476424217224
ms2r58,normal,0.8069050312042236
msl16u,normal,0.735720694065094
mrccky,normal,0.7805882096290588
mr5cc6,normal,0.7802587747573853
mrrgnz,normal,0.7538271546363831
mrqupo,normal,0.7655383348464966
mqodd5,normal,0.8045756220817566
mrnrpk,normal,0.7363184094429016
mr4rkb,normal,0.8193110227584839
mr6ryk,normal,0.7585760951042175
mqzm05,normal,0.7706872224807739
mr4zy9,normal,0.8100873827934265
mqryix,normal,0.7894166707992554
mqmnx2,normal,0.7806011438369751
mpqr44,normal,0.6622980237007141
mq75jv,normal,0.693184494972229
mqknrd,normal,0.815245509147644
mqg719,offensive,0.3941384553909302
mqfbtm,normal,0.7791929841041565
mpjs7y,normal,0.7842626571655273
mp6sjr,normal,0.6451428532600403
mp2s81,normal,0.757853090763092
mowia3,normal,0.7530351877212524
motzlj,normal,0.7751896977424622
motcxl,normal,0.8176013827323914
motct3,normal,0.7738032341003418
mnbggz,normal,0.7562981843948364
mns24t,normal,0.7840436100959778
mo4puy,normal,0.80059415102005
mqr02i,normal,0.8222305178642273
mkieif,normal,0.7303673028945923
mgee5k,normal,0.6698710918426514
mpd3o7,normal,0.7164987921714783
mi4658,normal,0.701608419418335
mczlwk,normal,0.8214268088340759
mlbum1,normal,0.6753206253051758
mhuyru,normal,0.7317357659339905
mupg3d,normal,0.696892499923706
m1ezgs,normal,0.7455379962921143
mw5hqm,normal,0.6225560903549194
mgt63g,normal,0.7106975317001343
m0r9yo,normal,0.7293407320976257
mq1ra8,normal,0.7925476431846619
milrc7,normal,0.7590040564537048
mb297e,normal,0.7549907565116882
mv515z,normal,0.7847270965576172
m2s77z,normal,0.6842406988143921
mtqh3x,normal,0.5495270490646362
luz74x,normal,0.7899385690689087
mw6udo,normal,0.8278265595436096
lifoxa,normal,0.688018262386322
mosza4,normal,0.6491629481315613
lrpo1l,normal,0.7391260862350464
meyu6j,normal,0.7031698822975159
l652sd,normal,0.8214268088340759
lbdzed,normal,0.7553264498710632
lwdsxe,normal,0.7631704211235046
mvvj5k,normal,0.7955227494239807
lfcb6y,normal,0.734843373298645
luc9e9,normal,0.7101540565490723
mm9wp1,normal,0.773792028427124
mfx730,normal,0.7388554811477661
mm41ri,normal,0.7132247686386108
m81a54,normal,0.7795836925506592
maoywb,normal,0.7126702070236206
mwh70o,normal,0.8318660855293274
lgejdx,normal,0.7478589415550232
kv4q4p,normal,0.7379724383354187
muqxko,normal,0.7560806274414062
mrp41x,normal,0.6751977205276489
m8l6pw,normal,0.6815918684005737
lm59qs,normal,0.5835943818092346
mvf1jt,normal,0.7819095253944397
mgx1xb,normal,0.7531770467758179
kvs7aa,normal,0.6717633605003357
mqqmi8,normal,0.6145777106285095
mplvja,normal,0.7809184789657593
lvgmju,normal,0.5814222693443298
ms6x7n,normal,0.7579910159111023
mhlur1,normal,0.7996729612350464
mx3539,normal,0.8140831589698792
mvkcm4,normal,0.8068050146102905
lemrmz,normal,0.8064236044883728
mp6x9a,normal,0.7838439345359802
me1kpa,normal,0.7917269468307495
mvn4fx,normal,0.762061357498169
m5c7t5,normal,0.8518558740615845
mx79z5,normal,0.788743257522583
medop8,normal,0.7865383625030518
mw762m,normal,0.7972721457481384
mvsbk8,normal,0.7121925950050354
mfhvda,normal,0.751591145992279
mmvu3a,normal,0.7128419876098633
lb1anz,normal,0.7159080505371094
mk78n2,normal,0.4917321503162384
mqxse5,normal,0.7063034176826477
mav1ds,normal,0.8138638734817505
lwc9nn,normal,0.8083283305168152
mdok5c,normal,0.762061357498169
msidc9,normal,0.640999436378479
lnuuqt,normal,0.8011023998260498
mwts24,normal,0.7662136554718018
mqal5m,normal,0.800054132938385
mr8yrk,normal,0.8321901559829712
mp7pj4,normal,0.7266102433204651
ltgilb,normal,0.7752493619918823
m1mm6f,normal,0.8222628831863403
ms3brz,normal,0.7835193872451782
lkwcu6,normal,0.798443615436554
mfsxze,normal,0.7930787205696106
mhvlmg,normal,0.6692702174186707
mo5v8b,normal,0.7747476100921631
mhen6o,normal,0.7568246722221375
mkfasw,normal,0.739656925201416
mw8b1i,normal,0.75603848695755
mnpjyd,normal,0.734256386756897
k9hrqw,normal,0.7827090620994568
m1nzsy,normal,0.8343732953071594
l22hyg,normal,0.8116005659103394
lknipw,normal,0.7671594023704529
mjr8kb,normal,0.7472474575042725
jvjuam,normal,0.7272409200668335
l5fi8l,normal,0.7981755137443542
ho3qie,normal,0.7983887195587158
mwjnp5,normal,0.7296270728111267
luq9z3,normal,0.7778883576393127
lsallh,normal,0.7172040939331055
msnrhq,normal,0.7812204360961914
m1vnij,normal,0.8019959926605225
llcwou,offensive,0.40695035457611084
mbfmqk,normal,0.7633916735649109
m49x9t,normal,0.7830298542976379
lpooa9,normal,0.617783784866333
lte60p,normal,0.6563622355461121
m34ylg,normal,0.5072759389877319
klaefd,normal,0.6491679549217224
mkpuec,normal,0.7001914381980896
lim0rq,normal,0.6225560903549194
lox8nw,normal,0.5688315033912659
l3ysbh,normal,0.7744728326797485
l1w8h6,normal,0.587009072303772
knshh0,normal,0.7413114905357361
mr12b3,normal,0.6842659711837769
minh82,normal,0.7630364298820496
lj4knx,normal,0.8076487183570862
mexlxm,normal,0.7890322208404541
m6amoh,normal,0.5803961157798767
m78mhf,normal,0.8000818490982056
lyrdpl,normal,0.7894407510757446
ls7c4h,normal,0.7373778820037842
k945kk,normal,0.7399040460586548
jydpin,normal,0.735744059085846
lpsa3n,normal,0.7615718245506287
m4g7y2,normal,0.7751601338386536
m665ac,normal,0.8320144414901733
kl7pyd,normal,0.7754148244857788
lpiatl,normal,0.6900969743728638
llsf51,normal,0.7839747071266174
jrssol,normal,0.7727005481719971
m9ascw,normal,0.809209942817688
ld2vuk,normal,0.7155107259750366
mcfq69,normal,0.7428354024887085
kcii00,normal,0.5887513756752014
jr0oic,normal,0.7612760663032532
m1tn5f,normal,0.7512959241867065
m9fu68,normal,0.7743299603462219
lzhwil,normal,0.7977595329284668
lgqpyn,normal,0.5480747818946838
lwjwzp,normal,0.6836116909980774
iz386u,normal,0.6717717051506042
jcvsrc,normal,0.7424287796020508
ktyhsp,normal,0.6949930191040039
l3marw,normal,0.8102955222129822
k2fqvx,normal,0.7144790291786194
iepgam,normal,0.7407776713371277
kg1iej,normal,0.6933362483978271
m0l1mz,normal,0.6887422204017639
mwypv4,normal,0.8248082399368286
mvy0sg,normal,0.727516233921051
mvd62w,normal,0.7813194990158081
mvpydn,normal,0.7817714214324951
mutrou,normal,0.7542809247970581
mu9pj2,normal,0.7411120533943176
mua49d,normal,0.7449975609779358
mt9gb3,normal,0.7327187657356262
mu7vvn,normal,0.7857051491737366
mthdma,normal,0.626775860786438
msrp8x,normal,0.7722236514091492
mspsri,normal,0.78371661901474
msxa7m,normal,0.6904869675636292
mrwj3k,normal,0.7239314913749695
mschfa,normal,0.8048422932624817
ms7igy,normal,0.5920690298080444
mrktkw,normal,0.6749497652053833
mrob1t,normal,0.728453516960144
mqv78c,normal,0.8061516284942627
mr0ium,normal,0.7991289496421814
mr6kyv,normal,0.7744725942611694
mq470b,normal,0.7774956226348877
mpeykb,normal,0.7281023263931274
mpqgc8,normal,0.7965194582939148
mp19eb,normal,0.7807668447494507
mo6cdy,normal,0.8104830980300903
mo5ewg,normal,0.7324811816215515
moj5pu,normal,0.7422159314155579
mo49jl,normal,0.8347577452659607
mo04fd,normal,0.6434569358825684
mnmhhx,normal,0.7693425416946411
mmd2t8,normal,0.7377564311027527
mma37a,normal,0.735829770565033
mlhxse,normal,0.6910825371742249
mkaaa7,normal,0.755181074142456
mji7f8,normal,0.7745841145515442
mi1ys9,normal,0.7213173508644104
mi259x,normal,0.6764493584632874
mgshqs,normal,0.798501193523407
mg6ldu,normal,0.7417876124382019
metbh1,normal,0.789326012134552
mesplw,normal,0.7530769109725952
met5nd,normal,0.7050412893295288
mew4eo,normal,0.7434521317481995
me6f5u,normal,0.7643425464630127
mej2vf,normal,0.7336944937705994
mefjnt,normal,0.7499229907989502
mdllq9,normal,0.7154937386512756
mdwjsm,normal,0.7340262532234192
md24dm,normal,0.6121091842651367
mg20n5,hate speech,0.5938382744789124
md2qp0,normal,0.7231111526489258
m4seqm,normal,0.7571037411689758
lesqve,normal,0.7939464449882507
kkmpk0,normal,0.7179508209228516
jhmrs3,normal,0.817460834980011
jcwp2d,normal,0.7900353074073792
l9gkig,normal,0.8107196092605591
kgwevv,normal,0.8189340829849243
ju2yv2,normal,0.7683470249176025
k9vt5z,normal,0.5739689469337463
izywcs,normal,0.6630298495292664
k2tetb,normal,0.7465968728065491
ks233n,normal,0.7930669784545898
j6c71v,normal,0.7701340913772583
jzhgh5,normal,0.8179453015327454
g8q5jw,normal,0.7379022240638733
iij9rc,normal,0.7778028845787048
j3dw80,normal,0.736782968044281
jt07ds,normal,0.7959874868392944
j087ot,normal,0.7150166630744934
bzdgfl,normal,0.7905480265617371
jbo1ta,normal,0.8139545917510986
gk7hxz,normal,0.7461001873016357
jbflyx,normal,0.7858344316482544
imbek3,normal,0.6961615085601807
dmfmap,normal,0.7812456488609314
j1e8mj,normal,0.6255517601966858
i3y4s2,normal,0.7246069312095642
dv4z9j,normal,0.8094228506088257
kbkkv0,normal,0.7429463863372803
ic2wmn,normal,0.734743595123291
ifwbyb,normal,0.7967639565467834
ihmwa2,normal,0.7537717223167419
gnp8dg,normal,0.7826244831085205
i8tm8u,normal,0.7977142930030823
k8948o,normal,0.7688414454460144
j6fzkt,normal,0.7204036116600037
jr16jl,normal,0.7955809235572815
jjv0ou,normal,0.7137318253517151
gr6vc1,normal,0.7811552882194519
jghz34,normal,0.7642602324485779
ixc9md,normal,0.592167317867279
k6e8wt,normal,0.6433301568031311
9c1z5k,normal,0.6954911947250366
a027c9,normal,0.7730106711387634
cnysr2,normal,0.6547734141349792
khz0ys,normal,0.7591212391853333
g414az,normal,0.8291411995887756
faeivb,normal,0.8035542964935303
i666hm,normal,0.7464036345481873
fan2hs,normal,0.7612048387527466
j13kls,normal,0.6544149518013
8zlj6k,normal,0.7783204913139343
8a4s94,normal,0.7708170413970947
c7t2ia,normal,0.7840828895568848
3oqnle,normal,0.7904388308525085
36o0ol,normal,0.7183579802513123
47uwi1,normal,0.5997260212898254
ayglr,normal,0.8072247505187988
bd85tm,normal,0.7402467131614685
8pskz1,normal,0.7702244520187378
6to8rx,normal,0.8124944567680359
6inxmd,normal,0.7855773568153381
9g1q05,normal,0.7927353978157043
8wwtds,normal,0.7830778360366821
48gs07,normal,0.7876366376876831
9e4bx0,normal,0.7745600938796997
8t95dn,normal,0.8008905649185181
wea2y,normal,0.7829606533050537
8foaed,normal,0.7706270813941956
2hxdnp,normal,0.7462695240974426
8bz5f,normal,0.7648863196372986
22p48m,normal,0.81651771068573
7asw78,normal,0.719723641872406
7at8re,normal,0.719723641872406
d2diq,normal,0.8179275393486023
rwrih,normal,0.8104894161224365
bs4sk,normal,0.7852055430412292
2ht5qt,normal,0.7561889886856079
27thwf,normal,0.7101705074310303
1k7grn,normal,0.709293007850647
1enxzl,normal,0.7397758960723877
bhw7us,normal,0.7123845815658569
5bfetu,normal,0.8074491620063782
3muik1,normal,0.8070005178451538
4avx4n,normal,0.7743833065032959
dshth,normal,0.583369255065918
gabo3,normal,0.7324512600898743
5jol0c,normal,0.705466628074646
hbbgg,normal,0.6930344700813293
g0yyw,normal,0.812795102596283
fvi6e,normal,0.5940912365913391
9m0b3,normal,0.740330696105957
1fxnd2,normal,0.8359525203704834
1b04da,normal,0.7445241212844849
mw26fa,normal,0.8094222545623779
mwhy0w,normal,0.7213340997695923
mwbqfd,normal,0.7075225710868835
mvlahv,normal,0.732837975025177
muzm9p,normal,0.6537413597106934
mv343w,normal,0.7011630535125732
mujr0f,normal,0.755214273929596
mtoy1d,normal,0.7848643064498901
mtwzf7,normal,0.7950888276100159
mrm2gj,normal,0.7510059475898743
ms50f2,normal,0.7952728867530823
msg1pn,normal,0.7541590929031372
mr3toa,normal,0.6965587735176086
mq3hn0,normal,0.6826422214508057
mr18un,normal,0.6676158308982849
mpbhea,normal,0.6487253904342651
mos33k,normal,0.7489155530929565
mp3yql,normal,0.7110275030136108
mpcsfl,normal,0.7853702306747437
mp0p84,normal,0.6714882254600525
mol1hg,normal,0.7703826427459717
mo2c54,normal,0.8054301142692566
mokmj5,normal,0.7793272137641907
mmub0s,normal,0.7902336120605469
mmb903,normal,0.7819346785545349
mlg8qx,normal,0.8023419380187988
mm4tkv,normal,0.7912941575050354
mlah4l,normal,0.7877897024154663
mkppv9,normal,0.8083232045173645
mijtzn,normal,0.785660445690155
mhuhun,normal,0.714003324508667
mi5zrs,normal,0.6437103152275085
mhxf7u,normal,0.7442951798439026
mhfbkb,normal,0.7919143438339233
mgq36a,normal,0.779087483882904
mftyer,normal,0.7580699324607849
mfcr4a,normal,0.7861582040786743
meragl,normal,0.776298463344574
md8dq9,normal,0.7809865474700928
mcj5md,normal,0.8192303776741028
mbu3vo,normal,0.775488555431366
mbgdn2,normal,0.7526422142982483
mbovr1,normal,0.7993700504302979
mamwz8,normal,0.792381763458252
mbgvyg,normal,0.8317791223526001
maxhzg,normal,0.6819749474525452
madms8,normal,0.7446125149726868
m8sf0o,normal,0.8063446879386902
m7d2wb,normal,0.7675235867500305
m8bi1m,normal,0.7443491816520691
mkr4qm,normal,0.8017241358757019
mdvryr,normal,0.783510684967041
meljnc,normal,0.7794812321662903
mvk5e4,normal,0.7930359840393066
mu6jv9,normal,0.7979406118392944
mtmjjx,normal,0.7977445721626282
msl7b7,normal,0.7288534641265869
mxax45,normal,0.7848425507545471
miv0xe,normal,0.7796217203140259
mp8dlv,normal,0.7262923717498779
mb9puk,normal,0.8114086985588074
kyo4ki,normal,0.785737156867981
mlho9u,normal,0.763923168182373
lst7wo,normal,0.8120568990707397
lexol9,normal,0.8400763869285583
muv0x1,normal,0.7005682587623596
jangj3,normal,0.718656063079834
llz3nb,normal,0.7783199548721313
kqu9wi,normal,0.6932758688926697
ls6cmk,normal,0.7481483817100525
lpvbrs,normal,0.7845101356506348
mowtwq,normal,0.7670223712921143
lzde28,normal,0.7493417859077454
l8zqpe,normal,0.766043484210968
lu899g,normal,0.8152565360069275
l4rlva,normal,0.7427444458007812
ksw4xe,normal,0.790428638458252
litty8,normal,0.7666119933128357
m1e3h7,normal,0.8011980056762695
m0wztc,normal,0.6918596029281616
kv5im3,normal,0.6973292827606201
m3hpc9,normal,0.7867828011512756
m3phtw,normal,0.6897367238998413
m4xrx3,normal,0.73502516746521
m0k83e,normal,0.7869969010353088
lycg32,normal,0.7977057695388794
maq795,normal,0.7506586313247681
l56h47,normal,0.7724635601043701
lwvv6o,normal,0.78704434633255
llcwj6,normal,0.7959954142570496
kbsoma,normal,0.7500892877578735
l9vjdg,normal,0.6557798385620117
jw8sk2,normal,0.7049391269683838
mwpdoc,normal,0.7836253643035889
ld2ins,normal,0.7506667375564575
lxrzu8,normal,0.736914336681366
kuk6xk,normal,0.7816959023475647
lw3m6h,normal,0.7952548861503601
loc7m6,normal,0.784666895866394
m4gext,normal,0.8039078116416931
m6njk6,normal,0.6625968813896179
lmsc1d,normal,0.7562528848648071
mef9ei,normal,0.7487225532531738
lhokx9,normal,0.7861585021018982
mitf8f,normal,0.80662602186203
iivumw,normal,0.6248794198036194
kbw7ri,normal,0.8021210432052612
ikkral,normal,0.7841394543647766
m9olc1,normal,0.8365626335144043
jpbur0,normal,0.7520263195037842
khq65t,normal,0.7137929797172546
jrozue,normal,0.797137439250946
kw7ttb,normal,0.7997452020645142
h7r0i6,normal,0.73309326171875
juhrtr,normal,0.7664588093757629
kexyuy,normal,0.6563732624053955
isn0fn,normal,0.8017929196357727
kaypvu,normal,0.7579412460327148
jetr6g,normal,0.7655691504478455
jd3q0w,normal,0.7553085684776306
gc4wgl,normal,0.7698483467102051
iafd7z,normal,0.7080080509185791
bmjhsw,normal,0.7915728092193604
fl3oqk,normal,0.7175760865211487
f7hpat,normal,0.8290754556655884
kfmsvo,normal,0.7896400690078735
gfwxb3,normal,0.7537250518798828
cnd8am,normal,0.7983413338661194
isv516,normal,0.8009522557258606
ebxvf2,normal,0.7454588413238525
kdnj0k,normal,0.7452077865600586
chsbxw,normal,0.7817185521125793
gjb4h6,normal,0.8272374868392944
fa2828,normal,0.7887113094329834
fd08vz,normal,0.7772481441497803
ecyzja,normal,0.6976862549781799
i961d6,normal,0.7619943022727966
fcktzr,normal,0.6575927138328552
b5iapi,normal,0.7824086546897888
bb0gk0,normal,0.8172300457954407
a6723f,normal,0.7019413709640503
gsvxwt,normal,0.7581063508987427
ak31xw,normal,0.766982913017273
7vr2ze,normal,0.7432873249053955
8r26rc,normal,0.771200954914093
dceqec,normal,0.7834577560424805
6wyjrg,normal,0.7412482500076294
evd9yq,normal,0.7300029993057251
ihu2n4,normal,0.7913441061973572
agzlad,normal,0.7621966004371643
lwftie,normal,0.7812525629997253
lvnmgf,normal,0.7884188294410706
mawb66,normal,0.7627687454223633
jjw0ng,normal,0.78196781873703
hx9i91,normal,0.7688199877738953
khm8fk,normal,0.7795968055725098
jjyp5h,normal,0.7977526187896729
hdyglw,normal,0.7983769178390503
im4mid,normal,0.7598279118537903
jjxc93,normal,0.7465493679046631
e5viyu,normal,0.7774454951286316
ifa79t,normal,0.753376305103302
fi75v3,normal,0.7008317708969116
ezx1yb,normal,0.8165401816368103
kaee2d,normal,0.7949016690254211
jd26e0,normal,0.656038761138916
hhnrfh,normal,0.7239086031913757
fhk2ov,normal,0.6639915108680725
idzw8e,normal,0.7040093541145325
fb492c,normal,0.7447082996368408
i2zywh,normal,0.7861201167106628
kd4jlv,normal,0.7494513392448425
f2i6h4,normal,0.7609843015670776
i34wxd,normal,0.7679889798164368
glhmpo,normal,0.736046314239502
cro4t4,normal,0.7532804608345032
g7m2xb,normal,0.7184365391731262
c25skj,normal,0.8060109615325928
an4b9f,normal,0.803921639919281
bdmwrr,normal,0.76739901304245
9wqkwd,normal,0.7274183630943298
iymfla,normal,0.8068522810935974
ange2y,normal,0.6903618574142456
8y254x,normal,0.8118124008178711
di8h49,normal,0.7969998717308044
8a2qko,normal,0.7946559190750122
f2a8yo,normal,0.7447148561477661
8swqla,normal,0.7562689185142517
inbspj,normal,0.6153621673583984
8w2r1r,normal,0.6724714636802673
7qx71l,normal,0.7725763916969299
8zy5hu,normal,0.6442174315452576
cemilq,normal,0.7725924253463745
frzg33,normal,0.8538075685501099
9x6fwg,normal,0.8037926554679871
6k0dzo,normal,0.787006676197052
c0726p,normal,0.7834413051605225
9vbxx8,normal,0.765599250793457
93jxmp,normal,0.6553553342819214
g79n3n,normal,0.6146025657653809
