tweet_id,classification,classification_score
4pjs58,normal,0.790347695350647
hfsfm,normal,0.7944127917289734
kq4sx4,normal,0.7946628332138062
keso89,normal,0.7598650455474854
j17qfv,normal,0.8291781544685364
gs88pz,normal,0.8079572319984436
7p9ist,normal,0.7313262820243835
7maagd,normal,0.7826996445655823
99xh4x,normal,0.7909093499183655
9tnkz7,normal,0.675902247428894
wv4os,normal,0.8148922324180603
17jioc,normal,0.6757451891899109
ataxak,normal,0.7795124650001526
2frwkp,normal,0.7874308228492737
2181bt,normal,0.7744698524475098
2fx4m1,normal,0.7514167428016663
1js75c,normal,0.7868809103965759
a2u9w1,normal,0.7960205674171448
l2y0nb,normal,0.7977980971336365
l1itu0,normal,0.7413405776023865
m41gkf,normal,0.7195263504981995
fcsplv,normal,0.8098409175872803
jg23a5,normal,0.7928987145423889
kqmsjf,normal,0.8174154162406921
jsiee4,normal,0.7823939919471741
jwlg9n,normal,0.7912707924842834
614gku,normal,0.7971565127372742
k5t9ol,normal,0.6793343424797058
1iu6q3,normal,0.7393671870231628
g410a5,normal,0.7726367712020874
fhpbz1,normal,0.8048346042633057
jqkh5s,normal,0.694027841091156
md2vtb,normal,0.8198012113571167
kvhuxy,normal,0.7562177181243896
ldvtdx,normal,0.7249141335487366
mhy7m8,normal,0.8035370707511902
ln1rcv,normal,0.7598752379417419
kgwmsr,normal,0.8019778728485107
m9448u,normal,0.7510384321212769
lax8dl,normal,0.7151086330413818
mhezsz,normal,0.7893736362457275
mm23kk,normal,0.7757518291473389
l690yb,normal,0.7708751559257507
l1n5ad,normal,0.758434534072876
l0n0t5,normal,0.745402991771698
lu3bfg,normal,0.7878121137619019
mtquc6,normal,0.8038048148155212
munwwg,normal,0.767905592918396
mtq0e6,normal,0.7069621086120605
mmxexl,normal,0.8269430994987488
mng8lv,normal,0.8202894330024719
mk4c83,normal,0.7989283204078674
mjugno,normal,0.7503722310066223
mjbt8z,normal,0.6402474045753479
m9utwb,normal,0.6755316853523254
m8vou2,normal,0.7729750275611877
m7tdmn,normal,0.7830402255058289
m2xse1,normal,0.8187248110771179
lzzeju,normal,0.806880533695221
lsuld1,normal,0.7567765116691589
lno6gi,normal,0.8097160458564758
lizumj,normal,0.7895861864089966
mw2251,normal,0.8034125566482544
motmm0,normal,0.7392650246620178
mf0xjg,normal,0.8131043910980225
m4lhk5,normal,0.7662310600280762
k2vo5i,normal,0.810133695602417
koihay,normal,0.6730294823646545
kofs0f,normal,0.6162117719650269
lutbx1,normal,0.8121086955070496
murmcp,normal,0.6057276725769043
mfut48,normal,0.829863429069519
jotghf,normal,0.824266254901886
ldojie,normal,0.7337813377380371
m5htd6,normal,0.7118914723396301
mi4z7l,normal,0.6890907287597656
mhz47j,normal,0.8274828195571899
moko6v,normal,0.669674813747406
lze0tw,normal,0.7788002490997314
lqg84s,normal,0.848493218421936
lcfzx8,normal,0.7544555068016052
lc42g5,normal,0.7544555068016052
lcm54d,normal,0.7544555068016052
lc2l01,normal,0.7544555068016052
kp9zu5,normal,0.8439436554908752
ldeqg3,normal,0.7544555068016052
lc5vzb,normal,0.7378430962562561
l4pvqt,normal,0.7020279765129089
l1dcoc,normal,0.7730941772460938
kkekid,normal,0.6812359690666199
ld6oqy,normal,0.7544555068016052
jwl293,normal,0.7260521054267883
kpap2l,normal,0.6475252509117126
mrcgtg,normal,0.76783686876297
m6v6xl,normal,0.791968822479248
mmu9ka,normal,0.7597700953483582
mpy71k,normal,0.7813372611999512
mh9hmg,normal,0.7120365500450134
m27wed,normal,0.6266589164733887
mhpu2d,normal,0.7692473530769348
lyvt2o,normal,0.7757739424705505
lk8um4,normal,0.7153306007385254
mt8imn,normal,0.7829705476760864
lygzz5,normal,0.7846839427947998
lwi5ys,normal,0.7662691473960876
mlbe6f,normal,0.7974714040756226
mcqvjj,normal,0.7969835996627808
mu9ikk,normal,0.6529768705368042
m25s1v,normal,0.8035928010940552
lmolcm,normal,0.7200430035591125
m6gjut,normal,0.7726162075996399
kw7e44,normal,0.7825517654418945
l29vqk,normal,0.7691951394081116
jrr73j,normal,0.7386619448661804
k7ws1c,normal,0.8220536112785339
k8z71x,normal,0.8169902563095093
lj2qdj,normal,0.7735238075256348
jxq0yu,normal,0.7287169694900513
j17r9e,normal,0.8291781544685364
bgvyp2,normal,0.6392614841461182
hy2joj,normal,0.7117361426353455
exirs1,normal,0.7277947068214417
ca4oee,normal,0.7670305967330933
g7erkv,normal,0.7268714904785156
drp2jc,normal,0.7213840484619141
93c0g9,normal,0.721713125705719
dh5g7f,normal,0.7890363335609436
6vq18j,normal,0.7266356945037842
2mw9k8,normal,0.7484464645385742
5mg16k,normal,0.6992001533508301
3mrrgd,normal,0.7992554903030396
5jt4uy,normal,0.7899883389472961
5zyv15,normal,0.7535106539726257
mx6gdm,normal,0.8053128719329834
m884p2,normal,0.7788918018341064
mnr52u,normal,0.7711642980575562
m5ufwc,normal,0.6573614478111267
me9l1h,normal,0.7203559875488281
l8tcpu,normal,0.823387622833252
msuwzg,normal,0.8025021553039551
mt1gax,normal,0.7653902173042297
lqrhio,normal,0.7092573642730713
knnvp3,normal,0.7611976861953735
kw5dij,normal,0.7965351939201355
lnuvpg,normal,0.7625957727432251
lpb3e1,normal,0.7968790531158447
lfcaw0,normal,0.5795531868934631
jxqyng,normal,0.7085116505622864
lwyhg7,normal,0.8180825114250183
mvhxar,normal,0.7718796730041504
mdprmf,normal,0.8022795915603638
lx0nz6,normal,0.8278188109397888
gh3c38,normal,0.7519431114196777
m4t7fq,normal,0.7914824485778809
l4shjf,normal,0.760587215423584
m8avn1,normal,0.8082464337348938
ksvykn,normal,0.7129637598991394
lt1rwv,normal,0.7652226686477661
lzo7wc,normal,0.7419309020042419
loj4ju,normal,0.5827821493148804
lo7jcg,normal,0.7054221630096436
lvu77k,normal,0.7484975457191467
mtb0gm,normal,0.7714658975601196
msyqt7,normal,0.7652482390403748
mmuzw8,normal,0.7361446619033813
mkvkas,normal,0.6930158138275146
mj8wul,normal,0.7718868851661682
m8efrq,normal,0.7877916097640991
m49hgi,normal,0.7537028789520264
lzpqbd,normal,0.7100432515144348
lz10tq,normal,0.788185179233551
lu95d5,normal,0.7535573840141296
lul9s4,normal,0.8367030620574951
lt1l0j,normal,0.7798202037811279
lqji6n,normal,0.768229067325592
lepgm2,normal,0.7749014496803284
l9e144,normal,0.7264102697372437
kptrit,normal,0.8033875823020935
ke617q,normal,0.7762179970741272
ig1elm,normal,0.5293682217597961
j60ajb,normal,0.647541880607605
iwd688,normal,0.7845911383628845
hvpdk7,normal,0.6958816051483154
hxvf7p,normal,0.7587657570838928
ffhdco,normal,0.7488499283790588
a0zefc,normal,0.7875563502311707
3tglwk,normal,0.7768750786781311
9x5vbh,normal,0.7232380509376526
buij2w,normal,0.7811568379402161
as46q1,normal,0.6908442378044128
40borb,normal,0.7541040778160095
7mfd6k,normal,0.7564747929573059
mtgbbd,normal,0.827567458152771
msh3y1,normal,0.8151732087135315
lp2h9w,normal,0.6349710822105408
m1a4wm,normal,0.777822732925415
liws40,normal,0.7249911427497864
kv4f2x,normal,0.6971256732940674
lko2rv,normal,0.7754635810852051
lods6r,normal,0.6314624547958374
lux3cq,normal,0.7825525999069214
mperco,normal,0.7619543075561523
mpmrg3,normal,0.7166392207145691
m13wmb,normal,0.7300454378128052
6k4kb8,normal,0.8303567171096802
kxuecn,normal,0.6729700565338135
kplxb0,normal,0.8017326593399048
kks4mj,normal,0.6974459886550903
2lrs9w,normal,0.7755128741264343
kb0nl8,normal,0.7531071305274963
k6iyal,normal,0.7418349385261536
jp3ama,normal,0.7734960317611694
gxnbtn,normal,0.756375789642334
d3r417,normal,0.6650592684745789
9pvj7s,normal,0.7693561315536499
citj4p,normal,0.7293093204498291
5sbrxu,normal,0.8044883012771606
3vncv6,normal,0.586007297039032
morkth,normal,0.7211915850639343
mmgnoo,normal,0.789314329624176
i65ssg,normal,0.7458547353744507
