tweet_id,classification,classification_score
3kexto,normal,0.593938946723938
1kfk4j,normal,0.7474318742752075
ckq13,normal,0.7698764204978943
ckcl3,normal,0.7607381939888
139dsy,normal,0.7054405212402344
mchrwb,normal,0.812533974647522
mjbbqb,normal,0.684934139251709
mbleeb,normal,0.7508304715156555
m0r9yo,normal,0.7293407320976257
lvaxj2,normal,0.6700583100318909
lhqm9t,normal,0.7330874800682068
m47x7b,normal,0.8162552118301392
mrm0sm,normal,0.6125949621200562
mqtwu3,normal,0.6914210915565491
mwf720,normal,0.8228044509887695
mttq1q,normal,0.7454975843429565
mbtdmc,normal,0.7665948867797852
mp2x43,normal,0.7905471920967102
mrosx7,normal,0.8006495237350464
mi3p7f,normal,0.7997410893440247
mxbkfv,normal,0.7547930479049683
mwsk15,normal,0.6291323304176331
mw9dq6,normal,0.6291323304176331
mxa6du,normal,0.8011696934700012
mubc25,normal,0.7541854977607727
mwmmj7,normal,0.6914991140365601
mwko6f,normal,0.7237752079963684
mw8l16,normal,0.7692636251449585
mw4jz9,normal,0.7856866717338562
mvmura,normal,0.8176906704902649
mvjs9r,normal,0.4825006127357483
mvc5xw,normal,0.8226660490036011
mv38hc,normal,0.7110732197761536
mt33qo,normal,0.8002978563308716
msq34i,normal,0.7288130521774292
ly5v62,normal,0.7584035992622375
mcn7jr,normal,0.7975021600723267
mohsoa,normal,0.6338594555854797
lw2s8g,hate speech,0.37659135460853577
mqhehd,normal,0.7591670751571655
mgee5k,normal,0.6698710918426514
minuai,normal,0.7705371379852295
iy5ux4,normal,0.765738308429718
mmva38,normal,0.7374565005302429
l201xf,normal,0.8281320929527283
mefh9j,normal,0.7794113159179688
kh16yj,normal,0.7932875156402588
kj3mr8,normal,0.8084655404090881
me3cnl,normal,0.7913586497306824
an0u6t,normal,0.708922803401947
8106ll,normal,0.7819728851318359
6ul604,normal,0.7682551741600037
5hkwqt,normal,0.7758206129074097
kxo312,normal,0.6657109260559082
ljhhkh,normal,0.7434090971946716
l2ut7b,normal,0.6544629335403442
jqp909,normal,0.7726645469665527
kgckx8,offensive,0.47335296869277954
itl6w6,normal,0.7551476359367371
ityruw,normal,0.7552857995033264
6a0nyi,normal,0.805476188659668
i8yflh,normal,0.7098749876022339
hwmwen,normal,0.7625476717948914
8xozj3,normal,0.7971096038818359
mugb5i,normal,0.6645387411117554
mjs6v9,normal,0.7624236345291138
mrkbw4,normal,0.6756272912025452
lyedoc,normal,0.7476564049720764
mxwyrd,normal,0.8398633003234863
kt7980,normal,0.7495670318603516
lw2ve6,normal,0.7630817294120789
kxlbfg,normal,0.7767860889434814
msthg7,normal,0.8016883730888367
lijt0r,normal,0.7452462315559387
mq8e7s,normal,0.7881439328193665
lnx5bs,normal,0.8143642544746399
ltokou,normal,0.5743372440338135
7rw0ys,normal,0.8086332082748413
bskuu,normal,0.7823922038078308
lknipw,normal,0.7671594023704529
mxwgc3,normal,0.7841455936431885
jv7brh,normal,0.7937809824943542
lpcpmv,normal,0.6522864699363708
mwsab1,normal,0.5360288619995117
ky335j,normal,0.70186847448349
lk5y4z,normal,0.8167917728424072
llg79v,normal,0.7376850843429565
k8t285,normal,0.808796763420105
i3qmc0,normal,0.7424891591072083
i0x99m,normal,0.6166348457336426
fdj1it,normal,0.7384721636772156
m7sr1g,normal,0.7418203949928284
l4mop1,normal,0.7959022521972656
ho7bo6,normal,0.5924789905548096
hwo0al,normal,0.8101110458374023
kmympw,normal,0.8216392993927002
m5o22f,normal,0.7699816823005676
l6z6jl,normal,0.6765396595001221
mblmp6,normal,0.7079145312309265
mhykvx,normal,0.7534077167510986
leq777,normal,0.7858408093452454
mvti99,normal,0.7939480543136597
m1ulwv,normal,0.7690630555152893
lepv7l,normal,0.7725523710250854
iikjnv,normal,0.741835355758667
l7fdre,normal,0.7407015562057495
k5i713,normal,0.7108620405197144
m14u2s,normal,0.7746898531913757
l9h84g,normal,0.755160927772522
mlm8da,normal,0.7628522515296936
ldnkvb,normal,0.7998905777931213
kn8hub,normal,0.7614808678627014
mw9exg,normal,0.6291323304176331
mrf0bq,normal,0.7277278900146484
mjs61f,normal,0.5536647439002991
mfbd9c,normal,0.695567786693573
mbv2uv,normal,0.8258830904960632
m9xg0r,normal,0.5940952897071838
lzoiq3,normal,0.7735088467597961
luyp0y,normal,0.770118772983551
ltyqbl,normal,0.7858979105949402
ltcdtf,normal,0.8331989049911499
lo2k9g,normal,0.8072291016578674
lmylhe,normal,0.6936920881271362
llvghj,normal,0.8206687569618225
lifvys,normal,0.7692686915397644
m8ac6o,normal,0.8105491399765015
ld3had,normal,0.8320350050926208
mhbguk,normal,0.7972320318222046
m9iab8,normal,0.7873135209083557
mfs730,normal,0.8055891394615173
j5agbw,normal,0.778387725353241
l3m3lx,normal,0.7376664876937866
miz6ft,normal,0.7905073761940002
khjsmt,normal,0.83595871925354
l661eg,normal,0.811504065990448
lfhs90,normal,0.7761786580085754
jvtxbg,normal,0.7914884090423584
inn84f,normal,0.7261477112770081
jcfxwn,normal,0.7965455055236816
l3lhe1,normal,0.8067280650138855
4obtah,normal,0.7017794251441956
25nufd,normal,0.6987665891647339
zxz1b,normal,0.8029814958572388
2699m3,normal,0.8080316185951233
27lcrm,normal,0.7266018390655518
267z6e,normal,0.6819109320640564
kqhetc,normal,0.7947627305984497
iaccux,normal,0.6335421800613403
jxysfm,normal,0.7762706875801086
iz3odd,normal,0.794851541519165
hruglq,normal,0.7476227879524231
iy51tf,normal,0.7519541382789612
6xpck0,normal,0.7415207624435425
hlelw3,normal,0.7884776592254639
am7ev1,normal,0.7437479496002197
22f4gi,normal,0.6231719255447388
4jwvk9,normal,0.6741541624069214
gc2e71,normal,0.7244942784309387
5c2fbk,normal,0.7971997857093811
8kszap,normal,0.7506982088088989
9wuk17,normal,0.8367489576339722
jii8k2,normal,0.8394436836242676
iejnby,normal,0.8102899789810181
ashxox,normal,0.7371548414230347
gnis0z,normal,0.7100194096565247
56sm20,normal,0.7867386937141418
fmhp1c,normal,0.7660432457923889
l97315,normal,0.7518942356109619
w25w9,normal,0.718829870223999
6j0kk7,normal,0.6983013153076172
k3303h,normal,0.806990921497345
29e4kh,normal,0.8070089221000671
8dhff0,normal,0.639824390411377
1rtnrf,normal,0.6668423414230347
iy138f,normal,0.7866708636283875
k62juy,normal,0.7577651739120483
mvq5qk,normal,0.796356737613678
kuswur,normal,0.7665899395942688
kaf06n,normal,0.7689149379730225
ew7aar,normal,0.8043094277381897
lz2got,normal,0.7982174158096313
kr5v1b,normal,0.7934545278549194
i0ovkk,normal,0.817726194858551
c6j1hs,normal,0.7889083623886108
lcvx6w,normal,0.803632915019989
bnx366,normal,0.7381309270858765
gjcmy0,normal,0.7363816499710083
jj8aox,normal,0.7438451051712036
f8b2e8,normal,0.6588616371154785
kintoj,normal,0.7658838033676147
i19dhe,normal,0.7765477895736694
m2qgj4,normal,0.771031379699707
jbygkn,normal,0.7551819086074829
kzh3rk,normal,0.6363872289657593
jc9ct1,normal,0.773718535900116
