tweet_id,classification,classification_score
il7f6x,normal,0.7783408164978027
ggqhk3,normal,0.7723604440689087
mtqntz,normal,0.7725236415863037
f63640,normal,0.7132071852684021
mkcrmr,normal,0.7341671586036682
m2ud7z,normal,0.7104084491729736
mjrjfo,normal,0.694658637046814
kqwkt8,normal,0.7128233909606934
knxx4d,normal,0.803288996219635
k9s5i5,normal,0.7595919370651245
3ed05k,normal,0.6121849417686462
jk6yw7,normal,0.7852669954299927
hk5i0e,normal,0.699491560459137
i6ejy1,normal,0.7773182988166809
icuqdq,normal,0.751507580280304
hkyqgj,normal,0.7783791422843933
hpms60,normal,0.7868117094039917
e4kenj,normal,0.7914489507675171
bvv9oz,normal,0.7489289045333862
c029kc,normal,0.742748498916626
am0s1v,normal,0.7118008136749268
b6ir0x,normal,0.7430914640426636
d38pwf,normal,0.47991928458213806
2rvihk,normal,0.8450249433517456
mw1b18,normal,0.7467260956764221
lmf5ri,normal,0.7753193974494934
lfkcpw,normal,0.7221565246582031
koz487,normal,0.6669336557388306
k52rt1,normal,0.769350528717041
kwoa7j,normal,0.7625862956047058
k037a0,normal,0.7129343152046204
hg0yck,normal,0.7216436862945557
ilttjy,normal,0.7571245431900024
kmx6k3,normal,0.8010815382003784
i2a4r2,normal,0.6600277423858643
jcil4t,normal,0.6920194625854492
jznx6t,normal,0.7717716693878174
jwn9jq,normal,0.7880347371101379
jola58,normal,0.7281082272529602
mtngwi,normal,0.689215898513794
mhmp34,normal,0.687807023525238
mkjt4u,normal,0.7111223340034485
mmfjl9,normal,0.7571595907211304
lnq7gi,normal,0.7727219462394714
lg6zxg,normal,0.7994838356971741
l6ggm5,normal,0.7478774189949036
ijtgsq,normal,0.736111581325531
kl8qhm,normal,0.754720151424408
kguh4e,normal,0.6900122165679932
juwwgh,normal,0.7099608182907104
iz4i4p,normal,0.7863796949386597
eiasdo,normal,0.739496648311615
mmuyut,normal,0.7727153897285461
mca7r1,normal,0.7587710618972778
l9ti8g,normal,0.8053380846977234
jxb7o8,normal,0.6965644955635071
holi14,normal,0.8253962993621826
hqkxo9,normal,0.7019298076629639
hqy4ls,normal,0.7053066492080688
e3rjrx,normal,0.7795910835266113
fu8rg2,normal,0.6639489531517029
amh7u9,normal,0.7571485042572021
msjuk3,normal,0.7043920755386353
lm46v8,normal,0.7757408022880554
lk2cs7,normal,0.4925067722797394
hspzdb,normal,0.6758182644844055
k28h0h,normal,0.5790401101112366
kvai9u,normal,0.7825269103050232
ks9857,normal,0.7361211776733398
jfmhnv,normal,0.7531366944313049
ffxppb,normal,0.7027396559715271
i260to,normal,0.6405900716781616
gt3oiv,normal,0.6789889335632324
b4gqj9,normal,0.7510465383529663
3254ig,offensive,0.4956599175930023
awk1r5,normal,0.5279849171638489
989wqb,normal,0.652451753616333
eptvye,normal,0.7709415555000305
fqwobz,normal,0.5840214490890503
dbxl4c,normal,0.8013202548027039
7d90pg,normal,0.6920880079269409
eka4ma,normal,0.79408860206604
bxdde2,normal,0.7519853711128235
jxagr,normal,0.7599413394927979
cgrzq2,normal,0.7340887188911438
mw2f11,normal,0.7858386635780334
m3qexu,normal,0.7147811651229858
lx8rg7,normal,0.6699246168136597
k76znl,normal,0.7246757745742798
lwkt92,normal,0.7117345333099365
jwks2b,normal,0.7788721919059753
kmh7e2,normal,0.6671914458274841
j95nrd,normal,0.7293124794960022
jkogx7,normal,0.7804251909255981
itd45e,normal,0.7123434543609619
j97099,normal,0.7595429420471191
jeu3op,normal,0.7838717699050903
j9g6gs,normal,0.7678489089012146
mcv1ch,normal,0.7570204734802246
i9u9r7,normal,0.8104875683784485
dr9feh,normal,0.7740879058837891
ejj3i4,normal,0.7954766154289246
ghl912,normal,0.6840663552284241
8u9vg0,normal,0.7915191054344177
6keup4,normal,0.7551319599151611
1z41p4,normal,0.7450731992721558
lr848c,normal,0.8349882364273071
mqt5rn,normal,0.7096627354621887
mg5tjd,normal,0.7870344519615173
lkws2j,normal,0.7724896669387817
lk4itf,normal,0.6912438273429871
knco2v,normal,0.7975313067436218
kzc46a,normal,0.8159525394439697
leu9p5,normal,0.7923497557640076
j1stwt,normal,0.7763152718544006
kww8q9,normal,0.8078605532646179
m0hp84,normal,0.8125231862068176
gowgbh,normal,0.7812760472297668
gthdui,normal,0.6403346657752991
mtfhbr,normal,0.7875924110412598
mw6udo,normal,0.8278265595436096
mw1yrz,normal,0.8031203746795654
mx71x8,normal,0.7405298352241516
mwndyf,normal,0.8228123188018799
mw4nrj,normal,0.7189069986343384
mx3404,normal,0.7787371873855591
mwirzz,normal,0.7077990174293518
mwn1jg,normal,0.7836869359016418
mwk3im,normal,0.7214066982269287
mvrjvf,normal,0.7921214699745178
mvhplv,normal,0.7533732056617737
mv38hc,normal,0.7110732197761536
muxo6j,normal,0.8145010471343994
mrsmpz,normal,0.7954051494598389
mtq1xq,normal,0.8245481848716736
mu1hpo,normal,0.812362551689148
ms3sq0,normal,0.6722933053970337
lki73k,normal,0.753288984298706
m5sj3e,normal,0.7883761525154114
mlpjy1,normal,0.760686457157135
m6p3bd,normal,0.8066161870956421
mqzsmb,normal,0.782806396484375
mji2uq,normal,0.774335503578186
midtet,normal,0.7113012075424194
kjidls,normal,0.5876970291137695
l9sqrf,normal,0.4905301332473755
me0n9u,normal,0.7714636921882629
hfnkns,normal,0.7682981491088867
l980du,normal,0.6862075924873352
mseyfr,normal,0.7825328707695007
m5nvrg,normal,0.7521244883537292
ka6neo,normal,0.8335418105125427
mutold,normal,0.7240735292434692
m2d2sb,normal,0.793064296245575
iv5t0z,normal,0.8239197731018066
hup3ab,normal,0.794244647026062
hve7g5,normal,0.7930834889411926
islvrv,normal,0.841601550579071
ldlj6a,normal,0.846981942653656
mwp52o,normal,0.7671214938163757
jg6lq2,normal,0.7963751554489136
mgsrmb,normal,0.7867342829704285
mjyxp8,normal,0.7276375889778137
mxolql,normal,0.758987307548523
imoohy,normal,0.5996053218841553
m8500s,normal,0.7706613540649414
mn5b8u,normal,0.7845027446746826
lkivyn,normal,0.781535267829895
mk9re5,normal,0.6801916360855103
mrosx7,normal,0.8006495237350464
krbaoy,normal,0.7927350401878357
mn9344,normal,0.7371391654014587
lm0lbn,normal,0.7332378625869751
mi6bns,normal,0.7905248403549194
mcp5sb,normal,0.761035680770874
mkxr85,normal,0.8302097916603088
mq416f,normal,0.7854430675506592
m3u7z6,normal,0.8086693286895752
mwlxdq,normal,0.7734518051147461
lfhd3y,normal,0.8121840357780457
lk61io,normal,0.7474245429039001
mxqmi8,normal,0.7704488635063171
mxk0wb,normal,0.8080304265022278
mxq5ui,normal,0.7740256190299988
mxmgky,normal,0.7779983282089233
my01ho,normal,0.683242678642273
mxytad,normal,0.7876166105270386
mxz002,normal,0.7920069098472595
mxtezl,normal,0.7747528553009033
mxsz4m,normal,0.7702414989471436
mxa6du,normal,0.8011696934700012
mxdqqv,normal,0.6785018444061279
mx9l8s,normal,0.7958657741546631
mx9ips,normal,0.7290463447570801
lrdjci,normal,0.7722952365875244
lfq42z,normal,0.806377112865448
l9b4tk,normal,0.8023048639297485
komqnu,normal,0.7808001637458801
l99tye,normal,0.7866089940071106
mwibqw,normal,0.7858469486236572
j6kasd,normal,0.7736929655075073
jhoh13,normal,0.8350957632064819
j81k1z,normal,0.7110323309898376
k32gqg,normal,0.8181790709495544
