tweet_id,classification,classification_score
msxfc0,normal,0.7132925987243652
muduez,normal,0.7873857617378235
lhp3uk,normal,0.7542577981948853
jw9zr1,normal,0.7671053409576416
hj9bf7,normal,0.8088592886924744
f6t3z3,normal,0.8118043541908264
etgs5t,normal,0.7298967838287354
epinhr,normal,0.7612432837486267
dio0ew,normal,0.5744810700416565
dfyoo7,normal,0.7537204027175903
d6ohnj,normal,0.8028707504272461
citub7,normal,0.7624115943908691
a4w1cs,normal,0.8113155961036682
a3n1bv,normal,0.7714908719062805
lwlcou,normal,0.8120157122612
dggzsa,normal,0.7142955660820007
js1en7,normal,0.7610621452331543
kacukf,normal,0.7810729146003723
7ht8uo,normal,0.7825806140899658
eox9w1,normal,0.798401415348053
ebi34d,normal,0.7429938912391663
cb8j0e,normal,0.8028432726860046
c9i6dh,normal,0.7616339921951294
aipgp9,normal,0.8154016137123108
8k7ap8,normal,0.8130262494087219
81vtmr,normal,0.7995427846908569
iseeck,normal,0.7848786115646362
i8u1fe,normal,0.8056533336639404
ibualj,normal,0.7882915735244751
k1pmw3,normal,0.7618665099143982
jwa23b,normal,0.7946328520774841
jw9xzy,normal,0.7275019884109497
hmyeca,normal,0.8080956935882568
a1slrd,normal,0.785818338394165
7ghw09,normal,0.7918534874916077
gw012b,normal,0.737488329410553
8bkwtq,normal,0.8066454529762268
a156a9,normal,0.7796470522880554
mmcakk,normal,0.8266297578811646
mqr145,normal,0.7567269802093506
jvpztw,normal,0.784485936164856
7h5sr8,normal,0.8258349895477295
g3fzzo,normal,0.7991666793823242
gar8z9,normal,0.7947473526000977
a827vz,normal,0.7115928530693054
a8tb0z,normal,0.8121649026870728
bfrg6q,normal,0.8076111674308777
7ng2ia,normal,0.7954050898551941
dyczd8,normal,0.7313516139984131
dg70z4,normal,0.8185750842094421
gul77s,normal,0.8246008157730103
7dffbe,normal,0.8016472458839417
cqvmi6,normal,0.8223692774772644
iloo6g,normal,0.8025940656661987
fr7gwp,normal,0.7730797529220581
eydy4m,normal,0.7696927189826965
f92we7,normal,0.8085794448852539
f236py,normal,0.7979110479354858
fcok8z,normal,0.8109722137451172
eymj9z,normal,0.8096855282783508
ab300t,normal,0.7587953805923462
brqjxr,normal,0.7445290088653564
k1r1t5,normal,0.7699567675590515
cfvmmd,normal,0.7822860479354858
jw2val,normal,0.7190746665000916
cfgby4,normal,0.7440904974937439
glc2ed,normal,0.8239457011222839
epfjoz,normal,0.7373546957969666
a8bilz,normal,0.8074211478233337
7p8c8v,normal,0.8022213578224182
7g7rwg,normal,0.7214962840080261
7njw3x,normal,0.7824047207832336
8b8xab,normal,0.6866554021835327
jtz22l,normal,0.8160817623138428
b2qzds,normal,0.7941797971725464
7ghnvm,normal,0.6564121842384338
ds815u,normal,0.7894984483718872
8cgvqz,normal,0.767622172832489
in0iqq,normal,0.7756103277206421
iqir5t,normal,0.7766109704971313
g0eggm,normal,0.8149428367614746
h05zzv,normal,0.8031684756278992
dhzm6m,normal,0.779120683670044
d37c8h,normal,0.7819881439208984
8b7u5s,normal,0.7621417045593262
8thva7,normal,0.5214243531227112
brck0f,normal,0.8449969291687012
6atoff,normal,0.7730191349983215
6c09nn,normal,0.7402482032775879
9j9gai,normal,0.6743194460868835
5iejk0,normal,0.681784451007843
4nfupv,normal,0.8044960498809814
60kxp3,normal,0.7397358417510986
24gsjs,normal,0.7445768117904663
jetd1w,normal,0.8135548830032349
hsyns4,normal,0.7571207284927368
mcp2eh,normal,0.8215983510017395
97csq3,normal,0.8067795634269714
9qfnck,normal,0.8247681856155396
4nqzfk,normal,0.795620322227478
6a8q8m,normal,0.8059870600700378
4ofvpc,normal,0.7616168856620789
4gv0v8,normal,0.7585350275039673
hry81l,normal,0.8055412769317627
1i9pc1,normal,0.7861736416816711
i8kqxg,normal,0.7751527428627014
4l4je3,normal,0.7848963141441345
mv12dp,normal,0.7472713589668274
mu952x,normal,0.7445228099822998
m6zkkq,normal,0.8267876505851746
lzwxqh,normal,0.7391989231109619
j4zgr5,normal,0.7981682419776917
izay6a,normal,0.784172773361206
hz06al,normal,0.7578181028366089
hfsdcd,normal,0.7449995875358582
h8c17l,normal,0.7673177123069763
gzzarz,normal,0.7946540117263794
fxk17d,normal,0.7898052930831909
fi5qyi,normal,0.8154799938201904
f6j3xe,normal,0.7545387744903564
f30kkn,normal,0.7755364775657654
d8xwhd,normal,0.7335038185119629
9hf4f5,normal,0.802664577960968
bp1meb,normal,0.7370353937149048
776ciw,normal,0.45870986580848694
72x8d0,normal,0.7388555407524109
5tts8o,normal,0.8253028988838196
fe2nc1,normal,0.7511782646179199
fpwlk9,normal,0.8101974725723267
kuqmu3,normal,0.7232679724693298
ah2sbs,normal,0.7686014175415039
61863a,normal,0.7601720094680786
a30xxn,normal,0.7873742580413818
hb414g,normal,0.7521932721138
7papmw,normal,0.8185080885887146
30ln16,normal,0.8184106945991516
48h9sy,normal,0.8013339638710022
2iy1s5,normal,0.8057209253311157
2v0bal,normal,0.8244919180870056
e5up0g,normal,0.8432229161262512
clv69e,normal,0.7735146880149841
6wr7eb,normal,0.6640887260437012
ll6qzw,normal,0.7886154651641846
h0246j,normal,0.8167109489440918
gygyix,normal,0.749293863773346
gdc98l,normal,0.7922007441520691
dvy4te,normal,0.6590963006019592
7rntcf,normal,0.809584379196167
70ypny,normal,0.7099543213844299
6q18ty,normal,0.7479381561279297
6pln2k,normal,0.4603078365325928
6nwai7,normal,0.741877555847168
6k0r9b,normal,0.6335150599479675
5veqkt,normal,0.765827476978302
54cg02,normal,0.7877247333526611
9x3e9v,normal,0.5971872210502625
c8owpq,normal,0.7527123093605042
3rsddt,normal,0.7514821887016296
kb8uf5,normal,0.8375405073165894
jt62pt,normal,0.7157936692237854
mu4t0d,normal,0.7789002656936646
lf66i8,normal,0.7566786408424377
m8g0um,normal,0.7671135067939758
mr0uqx,normal,0.7651212811470032
mgf197,normal,0.772243082523346
hacxky,normal,0.7294758558273315
m82ciy,normal,0.7810410261154175
m0twug,normal,0.7610900402069092
lkfl9x,normal,0.7587606310844421
jpum6w,normal,0.7528080344200134
digq5g,normal,0.8432229161262512
dz5eb2,normal,0.7382793426513672
k2ivgn,normal,0.7957916259765625
mvszmo,normal,0.7778735160827637
lf2yqx,normal,0.7415764927864075
maqsv6,normal,0.7997674345970154
iqustk,normal,0.6808499693870544
hwkqr1,normal,0.7827668190002441
dmykwo,normal,0.7964917421340942
acq0kw,normal,0.638313353061676
5fimz1,normal,0.7774418592453003
4oi25w,normal,0.8113646507263184
2p00go,normal,0.6780778765678406
kgcnc4,normal,0.7956359386444092
c8h5fw,normal,0.7913914918899536
c6bhw9,normal,0.7202446460723877
2rxcj1,normal,0.7943761348724365
964paa,normal,0.6540025472640991
544abx,normal,0.7647219896316528
71ghrz,normal,0.7427955865859985
2x6j0b,normal,0.7464746236801147
3ikofd,normal,0.8070916533470154
4gqgu8,normal,0.8131581544876099
2o9y9m,normal,0.7923761606216431
4is627,normal,0.8045439720153809
78npwl,normal,0.5160138010978699
6v6ryz,normal,0.7338497638702393
ghpf51,normal,0.8162122368812561
b3brin,normal,0.8432229161262512
j3cg1j,normal,0.7361980080604553
1y407u,normal,0.6538111567497253
37ox8m,normal,0.7559303641319275
43kse1,normal,0.7701951265335083
2t7no2,normal,0.8059489130973816
2m35dm,normal,0.7495447993278503
4c8x8k,normal,0.7058936357498169
9ft39c,normal,0.5996407866477966
5ln9c1,normal,0.766033411026001
67631l,normal,0.7751316428184509
fv82rj,normal,0.6737135648727417
4w4q46,normal,0.7526102662086487
39v400,normal,0.7830501198768616
3jn7ka,normal,0.7721381187438965
9mv745,normal,0.8096306324005127
3s10o5,normal,0.7610137462615967
2eovwg,normal,0.7043476104736328
5skirq,normal,0.732912003993988
4m0e4h,normal,0.774921178817749
3mdaf5,normal,0.7734197378158569
gjrgc6,normal,0.8062596321105957
gonifb,normal,0.765448272228241
4qjp1i,normal,0.7309136390686035
9jih10,normal,0.7728464007377625
bxtc3u,normal,0.7843238711357117
7e2gqy,normal,0.7862273454666138
2odg2y,normal,0.8280616998672485
24vmzq,normal,0.8550454378128052
384sok,normal,0.7609089612960815
350uwe,normal,0.7450451254844666
inroux,normal,0.8117190599441528
3a8iwq,normal,0.7614851593971252
2kqthf,normal,0.8097809553146362
g428zp,normal,0.7566927075386047
jlfcqw,normal,0.7854160070419312
366b5x,offensive,0.4334716498851776
4kkig0,normal,0.7149719595909119
6y04uf,normal,0.8170219659805298
ek26re,normal,0.7363376617431641
3tgj8c,offensive,0.466896653175354
2xha3o,normal,0.7469117641448975
4cf3e9,normal,0.6443822383880615
5vf5tu,normal,0.7487500905990601
26mxpx,normal,0.7796036601066589
746y7z,normal,0.8070894479751587
2pe6af,normal,0.7550166249275208
3zxwt3,normal,0.7451222538948059
2ng1oe,normal,0.7720874547958374
30qdje,normal,0.8174105286598206
3sgty3,normal,0.7429729700088501
erfer7,normal,0.804165244102478
d8qmir,normal,0.7886017560958862
b8m4fa,normal,0.7852495312690735
9vsriz,normal,0.5865302085876465
mp0jdm,normal,0.7440342307090759
mcneqv,normal,0.8025719523429871
ma3f3q,normal,0.8340081572532654
m0wttv,normal,0.6739094257354736
m00x7e,normal,0.7976775169372559
lo4d0g,normal,0.8154815435409546
lnvufx,normal,0.6837587952613831
lfc9e0,normal,0.7588964700698853
kt7mub,normal,0.7943230867385864
kbldp5,normal,0.7316128015518188
k393ti,normal,0.7801685929298401
jp2id4,normal,0.7591183185577393
jmuk93,normal,0.7665221095085144
jm57lt,normal,0.7593551278114319
jdr8gg,normal,0.7034924626350403
k5s5bm,normal,0.7485474944114685
mj9gmt,normal,0.7734681367874146
lyawqk,normal,0.6257691383361816
ivszt9,normal,0.8144847750663757
lgx8gd,normal,0.7570430040359497
9lq9l4,normal,0.788765013217926
dux6g4,normal,0.7486357688903809
er2pap,normal,0.7404219508171082
dqwj5d,normal,0.7732188105583191
d7kkgj,normal,0.7861689925193787
e4ov23,normal,0.7889896035194397
ebxaix,normal,0.8132159113883972
d1k587,normal,0.7794221043586731
f92t7z,normal,0.7841994166374207
dqu8b6,normal,0.7487841248512268
l1gvk6,normal,0.7630780339241028
ji3vba,normal,0.5725202560424805
mpgej7,normal,0.7170239090919495
mcvaar,normal,0.736119270324707
gr160j,normal,0.7720583081245422
layv4r,normal,0.669873833656311
l9ewbr,normal,0.7737685441970825
emvn3m,normal,0.7956486940383911
cjl90k,normal,0.8170189261436462
a7s6je,normal,0.6574574112892151
d3mw0p,normal,0.7910260558128357
b752gu,normal,0.7529106736183167
eivlmr,normal,0.7294442653656006
kacwtb,normal,0.8118370771408081
lrsbz0,normal,0.7633340358734131
mrt0to,normal,0.6896458864212036
lcargp,normal,0.6911349296569824
mt60bz,normal,0.7912232279777527
mh28he,normal,0.7426177263259888
ewi14l,normal,0.705925703048706
mhh3md,normal,0.7564279437065125
mift4h,normal,0.7440322637557983
g3o41i,normal,0.6663233041763306
ldkatb,normal,0.7585384845733643
jphcs6,normal,0.7933787703514099
l1mc8d,normal,0.7422792911529541
m6d457,normal,0.7945234775543213
ms161i,normal,0.799003005027771
mt85jh,normal,0.7450299859046936
ezckg4,normal,0.8100010752677917
ku78ci,normal,0.8054335713386536
klixmb,normal,0.8042773008346558
dbi396,normal,0.7941597104072571
dcyt9w,normal,0.7783642411231995
innqp0,normal,0.7955840826034546
9w40ei,normal,0.7543296217918396
jsjza8,normal,0.7695589065551758
hqee9r,normal,0.7745999097824097
67k3mo,normal,0.7813624143600464
ji18df,normal,0.7181481719017029
hf7h5a,normal,0.7704820036888123
hc09lk,normal,0.762501060962677
h840vs,normal,0.7598302364349365
eowsel,normal,0.805274486541748
dakxrj,normal,0.7626796364784241
cw8ll5,normal,0.7886123657226562
a5s75d,normal,0.6879833340644836
e25xkp,normal,0.7743324041366577
iyzjav,normal,0.6670897603034973
919dbm,normal,0.8065510988235474
fo4im8,normal,0.7415799498558044
dxgq26,normal,0.7731655836105347
h16x2z,normal,0.7997641563415527
e4xwsk,normal,0.6202034950256348
d6a45b,normal,0.7463592290878296
dkuia9,normal,0.760979950428009
bjsx28,normal,0.8104639649391174
afs22f,normal,0.7046067714691162
9zr5oe,normal,0.7500701546669006
dhh9ig,normal,0.7519363164901733
e4q13d,normal,0.8221368789672852
dabwez,normal,0.7162256240844727
db7psj,normal,0.7098044157028198
ieejyp,normal,0.7939541935920715
dv59my,normal,0.7778264880180359
epwqjd,normal,0.7670674324035645
d2xdpv,normal,0.7214266061782837
le5xk9,normal,0.7327420115470886
e425w9,normal,0.7769466042518616
d1wj7q,normal,0.7779228687286377
ge13hu,normal,0.7893762588500977
kymjcg,normal,0.7838613390922546
e4rqra,normal,0.740023672580719
b5i7f8,normal,0.6835941672325134
djah17,normal,0.7518526911735535
hxw0ev,normal,0.7624449729919434
e3qd5x,normal,0.751008927822113
d0r5xf,normal,0.7285726070404053
dlfahk,normal,0.8086634278297424
cp1xiu,normal,0.7687825560569763
cr61c8,normal,0.7631741762161255
bnkadp,normal,0.6926108002662659
la38sd,normal,0.8020999431610107
i5z8e9,normal,0.7875859141349792
msm00c,normal,0.6932824850082397
mr3jfg,normal,0.770643949508667
mpllmb,normal,0.7905969023704529
meiko9,normal,0.7633553743362427
mu43r1,normal,0.7540715336799622
ho05ps,normal,0.7936258912086487
misvbf,normal,0.7626577615737915
mhf394,normal,0.7688910365104675
lj16l4,normal,0.6506562232971191
l1seaa,normal,0.4707755446434021
mrwtpw,normal,0.7562392950057983
jbj8ep,normal,0.7811967730522156
kjlywy,normal,0.7429758906364441
9ttkvx,normal,0.8231487274169922
92rarf,normal,0.7819857597351074
7wwhim,normal,0.765926718711853
eb3ikt,normal,0.7283339500427246
crnlco,normal,0.7945022583007812
dx4ygw,normal,0.5131159424781799
djqdwu,normal,0.7391150593757629
egxl7t,normal,0.824897825717926
avmm9g,normal,0.7509127855300903
9ehbzk,normal,0.7995612621307373
doqpo7,normal,0.7864720821380615
e95obm,normal,0.6544070839881897
k7bk4p,normal,0.7794458270072937
i83zt2,normal,0.813355565071106
i5jp4k,normal,0.77985680103302
eqy1hu,normal,0.7228055000305176
d6zslv,normal,0.6141456365585327
9ucxzk,normal,0.7164703011512756
akpxuh,normal,0.7212002277374268
9vvms7,normal,0.7233097553253174
ixwsvd,normal,0.7340861558914185
mlotal,normal,0.7721456289291382
jv6ao0,normal,0.7930495738983154
jkoj5c,normal,0.7361383438110352
m1wdvo,normal,0.7880601286888123
ja3h4o,normal,0.751261830329895
m917pv,normal,0.7946825623512268
mxhsum,normal,0.702982485294342
m70t60,normal,0.7981513142585754
mwmaw5,normal,0.7795941233634949
m6z1xj,normal,0.7318034172058105
ly8k07,normal,0.7549094557762146
kh5par,normal,0.6461144685745239
lxcl99,normal,0.8319442868232727
gm4sjd,normal,0.7935498356819153
jt00b3,normal,0.7902756333351135
m7o9tu,normal,0.7748094797134399
he3myb,normal,0.7986534833908081
lxandq,normal,0.746414303779602
mbnrxx,normal,0.8029031157493591
kua8uu,normal,0.6766815781593323
kbnszl,normal,0.7608661651611328
juhl1h,normal,0.7420000433921814
jqm7yj,normal,0.7542113661766052
jmggim,normal,0.7669471502304077
jlazlw,normal,0.7945353388786316
hnm3fu,normal,0.6249209046363831
gffh1a,normal,0.768694281578064
gb0bmk,normal,0.7605781555175781
fxssjj,normal,0.801937460899353
fegd8i,normal,0.7448616027832031
f7fi4b,normal,0.7704436182975769
mia548,normal,0.7993496656417847
mrbdjw,normal,0.6441012024879456
m53k1r,normal,0.771098792552948
m2tjvf,normal,0.6834960579872131
iqr1pf,normal,0.7478621602058411
korum1,normal,0.7366819381713867
e9xe1f,normal,0.7800617814064026
lfoqjd,normal,0.7938835620880127
h80wry,normal,0.7692219018936157
fnh9gm,normal,0.7928686738014221
jzseck,normal,0.7776893377304077
hg3slu,normal,0.6832820773124695
jv6moh,normal,0.7760105729103088
ma08sj,normal,0.7190738320350647
mpvrhb,normal,0.7788469195365906
lkt20f,normal,0.7634979486465454
k1h1jb,normal,0.7074288725852966
knhi68,normal,0.6502372622489929
jxy63c,normal,0.7777471542358398
k3rrz3,normal,0.7724667191505432
jw5cs4,normal,0.7106685042381287
ld0klh,normal,0.8074884414672852
e8oaul,normal,0.6748145222663879
jc4bdg,normal,0.753317654132843
hfkvsg,normal,0.7012396454811096
gz49c4,normal,0.7502832412719727
i5hgbc,normal,0.4832235872745514
murfhl,normal,0.7674510478973389
liyc6h,normal,0.7994272708892822
mgk654,normal,0.7730798721313477
l5vpl1,normal,0.7821611166000366
l9aosx,normal,0.800467312335968
mff7l6,normal,0.8179102540016174
lsmpxm,normal,0.7832438349723816
mc3aye,normal,0.8333141803741455
jxun4q,normal,0.7666706442832947
mbfguh,normal,0.8236997723579407
mcob3e,normal,0.7289004921913147
l3ugd8,normal,0.8357112407684326
kzw15k,normal,0.6515517830848694
m1ktf5,normal,0.8110701441764832
jv1o1x,normal,0.8043319582939148
ii0yvx,normal,0.7659631967544556
h8qvzd,normal,0.8043104410171509
jn0n92,normal,0.8226644396781921
gpwk4t,normal,0.7720322608947754
fdgbbz,normal,0.7713795900344849
erii8w,normal,0.8050695657730103
ho1akz,normal,0.7194753885269165
gpxuqm,normal,0.7993614077568054
hrs5b2,normal,0.7596864104270935
evw1xn,normal,0.8106772303581238
erp7nv,normal,0.819068968296051
kx86zw,normal,0.7945132851600647
hsz0aw,normal,0.7671753168106079
igdzvj,normal,0.7591413855552673
hnihcr,normal,0.8053163290023804
i7efh8,normal,0.7475306391716003
eowj8z,normal,0.7001147270202637
dxpn2x,normal,0.7517687678337097
lrtr1h,normal,0.8042978048324585
kzlqg7,normal,0.6695927381515503
kqqld9,normal,0.8160718679428101
habxr7,normal,0.6965168118476868
i3pokm,normal,0.7455006241798401
fqo3df,normal,0.6967883110046387
mero06,normal,0.8382218480110168
dvy7ag,normal,0.7668516635894775
mlat6n,normal,0.7696641087532043
lmajgs,normal,0.7528040409088135
gj1m87,normal,0.7177306413650513
dgoctu,normal,0.7459135055541992
dh2ib2,normal,0.7765172123908997
jnfjb4,normal,0.7716854214668274
ljhfi5,normal,0.6597082614898682
i5slum,normal,0.7468956708908081
d7d5sk,normal,0.8233203291893005
gwo899,normal,0.6714583039283752
eepl8t,normal,0.7517860531806946
gm86a3,normal,0.7535611391067505
ds556g,normal,0.7525029182434082
ejrmut,normal,0.7971238493919373
ej6562,normal,0.7471191883087158
mp6w3r,normal,0.7460051774978638
la8ots,normal,0.7833472490310669
jy5yyn,normal,0.6770997643470764
errefp,normal,0.7552617788314819
k1kyk4,normal,0.6467076539993286
ft1tzy,normal,0.6839547157287598
j4p31q,normal,0.7810419797897339
iozu5r,normal,0.6781471967697144
eox6fj,normal,0.7426207661628723
e84lvx,normal,0.794667661190033
gj9rrr,normal,0.7054743766784668
dsrepv,normal,0.6387508511543274
df0quj,normal,0.7616556286811829
jxbfzg,normal,0.7120833992958069
ifvhnl,normal,0.6594705581665039
i66neh,normal,0.7915506362915039
hznuxu,normal,0.5938007831573486
lfd74i,normal,0.7843490839004517
l6c9rc,normal,0.7296609282493591
kxaff7,normal,0.6959266066551208
lvktxu,normal,0.7917152643203735
fn5hlr,normal,0.7774396538734436
l2vjgk,normal,0.7301573753356934
jvz5gu,normal,0.7005478143692017
kwvhnn,normal,0.7634344696998596
l4vj0w,normal,0.6814775466918945
lyl3r1,normal,0.7949520945549011
l1efuy,normal,0.7370659112930298
mwe0n5,normal,0.7943438291549683
kea43o,normal,0.8227498531341553
mp635y,normal,0.6379899978637695
ms4fdc,normal,0.7295889854431152
mgdpfa,normal,0.7579571604728699
kplmlm,normal,0.8050695657730103
mbx46l,normal,0.8382090330123901
m59w9m,normal,0.6937559843063354
jgp8t3,normal,0.7794778943061829
mdc1ka,normal,0.7777540683746338
mqlgem,normal,0.7796129584312439
kuz4yt,normal,0.7496023178100586
m0s6zd,normal,0.6557326912879944
k4xbi7,normal,0.606376051902771
lrwaoj,normal,0.677486002445221
jscivw,normal,0.7650349736213684
m6i09b,normal,0.7543222904205322
evk8jw,normal,0.7431002855300903
jgcrhp,normal,0.7252593040466309
dzp8xo,normal,0.6744771003723145
e1pry2,normal,0.8169006705284119
ifwqxx,normal,0.7391351461410522
gma41g,normal,0.6152357459068298
et23cg,normal,0.7073324918746948
e7moec,normal,0.7430949807167053
eriqxk,normal,0.6672792434692383
d6yetu,normal,0.7506140470504761
k2k7vt,normal,0.7250823974609375
m6kiky,normal,0.6983311772346497
l8wsls,normal,0.8098716735839844
lnqabl,normal,0.7909166216850281
lxxl0u,normal,0.7525359392166138
kzxsa5,normal,0.7420282959938049
krfnzb,normal,0.7711061835289001
lw203q,normal,0.7439271807670593
mqeuwc,normal,0.7700186371803284
m8hwgn,normal,0.8147836923599243
lcdsqt,normal,0.7798736095428467
mtcrky,normal,0.8025779724121094
mi08yv,normal,0.7512847781181335
l9inku,normal,0.7532870173454285
ln5xe9,normal,0.7787790298461914
kujxs9,normal,0.7507676482200623
ha4t7t,normal,0.696767270565033
mrp41x,normal,0.6751977205276489
mraz1y,normal,0.8060066103935242
lgdwrf,normal,0.7625265121459961
mu60f2,normal,0.6657634377479553
lsvrco,normal,0.7998828887939453
mpu9u6,normal,0.7400611042976379
mp2x43,normal,0.7905471920967102
mw3ine,normal,0.8062024712562561
mateng,normal,0.6744478344917297
mpi1pr,normal,0.8114888072013855
m7bqds,normal,0.7621262669563293
miye84,normal,0.7961529493331909
mxjdvv,normal,0.7727435827255249
mucjqm,normal,0.7908467054367065
lvd7m6,normal,0.7833219170570374
knelzt,normal,0.7777743935585022
lkhdyy,normal,0.727734386920929
mhcw6z,normal,0.7737227082252502
mnr7kr,normal,0.7995452880859375
c2y41t,normal,0.8356257081031799
mi562i,normal,0.714289665222168
fnqgr1,normal,0.7310982942581177
gn1yz4,normal,0.6331607699394226
lyqsnl,normal,0.7802583575248718
kn3kr9,normal,0.7855791449546814
1lqxic,normal,0.7706900238990784
k9gctf,normal,0.8011030554771423
ea4tkq,normal,0.7689370512962341
25qfyy,normal,0.7508252859115601
gou0po,normal,0.7352165579795837
iqqwu8,normal,0.7798696756362915
46psqv,normal,0.7357906699180603
fnn8i6,normal,0.7601642608642578
p0qmu,normal,0.80964595079422
kb26jl,normal,0.7534868717193604
jkgelj,normal,0.7825048565864563
mqg719,offensive,0.3941384553909302
m3o1k0,normal,0.7772393226623535
mlp7uz,normal,0.7115210890769958
lpalbz,offensive,0.5162919163703918
m70ks8,normal,0.7632826566696167
mm9yay,normal,0.5687514543533325
m3r6nh,normal,0.8155996203422546
ex75j4,normal,0.6956076622009277
jkjrua,normal,0.7244739532470703
ev021b,normal,0.7905556559562683
h7misl,normal,0.814843475818634
k68th9,normal,0.7603583931922913
kp2rqb,normal,0.8046160936355591
ml4kn4,normal,0.780086874961853
ms4rkp,normal,0.7305209636688232
miwtg8,normal,0.7084242701530457
lrhn9o,normal,0.73581862449646
lrdjci,normal,0.7722952365875244
l6oz4h,normal,0.8061443567276001
m6tqlt,normal,0.7629050612449646
i3rhm0,normal,0.7149406671524048
lz6jiu,normal,0.7449226379394531
ltoyn6,normal,0.7841280698776245
jt92ru,normal,0.6114799380302429
mjenuj,normal,0.7960480451583862
lkmtk2,normal,0.6915119886398315
ifwyf7,normal,0.6883478760719299
mospo8,normal,0.7873567342758179
i2jce3,normal,0.665701687335968
me9ge0,normal,0.8109483122825623
mpnyze,normal,0.8162415027618408
ghv36u,normal,0.7807952165603638
mutpxm,normal,0.6822885274887085
lwzexy,normal,0.696570634841919
lj4xlp,normal,0.7733537554740906
l2bket,normal,0.7339333295822144
jv8ei3,normal,0.8283393979072571
kjcf1g,normal,0.7840912342071533
kpp5di,normal,0.739806592464447
jyjvo1,normal,0.6252546906471252
kk6ldv,normal,0.7759557366371155
l5f1mf,normal,0.7702727317810059
mjbnks,normal,0.8476095795631409
ltufqv,normal,0.6033679246902466
lv1vb7,normal,0.7893946170806885
l4s669,normal,0.6307287812232971
lea3ej,normal,0.8024608492851257
kn0md3,normal,0.728946328163147
iqp65d,normal,0.7157874703407288
mc2dmm,normal,0.792514443397522
m57m5e,normal,0.7426207661628723
m8d03n,normal,0.7074112296104431
lw3lxu,normal,0.7952548861503601
m98e2e,normal,0.7560344338417053
jrkk6q,normal,0.6755850315093994
m53a68,normal,0.7398142218589783
mict6e,normal,0.6436964273452759
mmld2q,normal,0.7698600888252258
ms84vi,normal,0.7822962999343872
l84qbd,normal,0.7248719930648804
i6rg8v,normal,0.7196809649467468
ja4o2m,normal,0.6670241951942444
mbmahq,normal,0.7662274837493896
gpsjsx,normal,0.6814761161804199
l7b8q7,normal,0.7669113874435425
lpf1w5,normal,0.7864040732383728
mornxt,normal,0.849238932132721
mia7bz,normal,0.7288735508918762
mljuqi,normal,0.6084175109863281
lgcsqb,normal,0.7636760473251343
g3gli8,normal,0.8097940683364868
8k0tqj,normal,0.8093519806861877
cxk1u8,normal,0.7998531460762024
ezduxc,normal,0.7212392091751099
mfofht,normal,0.8098892569541931
ffew0r,normal,0.672579288482666
lsbtv4,normal,0.7046590447425842
mcwkfh,normal,0.723720133304596
dry0r2,normal,0.8164193630218506
g3f6zu,normal,0.7617540955543518
kwbvuj,normal,0.5182541012763977
mpi9ef,normal,0.7194541692733765
httzqg,normal,0.7362474799156189
koa5ky,normal,0.77790766954422
mk6tkf,normal,0.8176301121711731
70nie6,normal,0.7193864583969116
blsdgl,normal,0.7675185203552246
lspz1j,normal,0.6653459668159485
mbol0e,normal,0.6808483600616455
kyu24i,normal,0.7559593319892883
7ov83o,normal,0.714087963104248
jta1op,normal,0.8112185597419739
jgyz54,normal,0.6490309834480286
999ar,normal,0.5642930269241333
1iv04k,normal,0.7358090281486511
i9zhft,normal,0.8044763207435608
glwef7,normal,0.8116706609725952
ennldk,normal,0.7740770578384399
dvajhp,normal,0.7791439294815063
m6f3tg,normal,0.6461004614830017
7xd0dl,normal,0.7748634815216064
jqr19v,normal,0.5252814888954163
ltc1bp,normal,0.7261589169502258
ltgt1u,normal,0.7751324772834778
97x2v6,normal,0.8253042101860046
lz583y,normal,0.7158648371696472
5h4khx,normal,0.7848401069641113
lobsky,normal,0.7410041093826294
lqsmo0,normal,0.7667410969734192
lel8tb,normal,0.7601960897445679
lp1t9r,normal,0.7554038763046265
kvcv5g,normal,0.6896730065345764
kkcleb,normal,0.6692838668823242
lqk542,normal,0.7856755256652832
lz6z6j,normal,0.48551052808761597
br2fdu,normal,0.7546576261520386
m5eso2,normal,0.7434364557266235
b20lp9,normal,0.785917341709137
a6fydd,normal,0.7555170655250549
ef29ib,normal,0.7491631507873535
irlxpq,normal,0.6989336609840393
8atmnw,normal,0.6828301548957825
enrg9c,normal,0.7583875060081482
moph03,normal,0.7802572846412659
mqvx3l,normal,0.7039114832878113
mpel7a,normal,0.6744048595428467
jlbhug,normal,0.7836921215057373
emv3p6,normal,0.8136487603187561
f1t56n,normal,0.8036996126174927
deyb2t,normal,0.5803539156913757
goq2ir,normal,0.730186939239502
mqalcb,normal,0.7508297562599182
lyso6i,normal,0.752248227596283
erkqqx,normal,0.7848279476165771
cfdcz6,normal,0.7616373300552368
cx86fn,normal,0.7547966241836548
mpomb9,normal,0.7951034903526306
cuu1gu,normal,0.7068418860435486
mjh1x7,normal,0.6090224981307983
baea4a,normal,0.8369289040565491
ftk9r2,normal,0.8121528029441833
ml59q0,normal,0.8052076697349548
ca9sg8,normal,0.7773594260215759
jn7ydu,normal,0.6593647599220276
kt3ogu,normal,0.809136688709259
6rr2zk,normal,0.7770576477050781
j1ryg0,normal,0.742034375667572
hcgat8,normal,0.790769636631012
37xrp3,normal,0.7161108255386353
kc84um,normal,0.8300706744194031
428d6u,normal,0.7365202903747559
3ere72,normal,0.5860080718994141
gl3ngz,normal,0.5911011695861816
mm6ynt,normal,0.6322255730628967
gxkvfa,normal,0.6662529706954956
m6p817,normal,0.6496837735176086
mqt5up,normal,0.7352809906005859
mqskkd,normal,0.7352809906005859
kgh1jf,normal,0.734978437423706
hkmdp3,normal,0.780430793762207
jmvfrl,normal,0.7228778600692749
57lvyp,normal,0.7736058235168457
jlt3v9,normal,0.7517347931861877
9bu71r,normal,0.6133609414100647
xqycv,normal,0.7383549213409424
amqhkh,normal,0.7753228545188904
mx59hs,normal,0.7335395216941833
mxmanm,normal,0.6922211050987244
mvisqk,normal,0.71302330493927
mqv78c,normal,0.8061516284942627
mssn6e,normal,0.689717710018158
msxn4g,normal,0.7896116971969604
mr6kyv,normal,0.7744725942611694
moj5pu,normal,0.7422159314155579
mkabnr,normal,0.6709094643592834
mjh2za,normal,0.6382679343223572
mj4q6p,normal,0.8258417248725891
mfx4rk,normal,0.7893778681755066
mf4rip,normal,0.7750639915466309
meibzg,normal,0.7145082354545593
mx1g42,normal,0.7097260355949402
mwrh5a,normal,0.7612622380256653
mvt56h,normal,0.7047814130783081
mvtazw,normal,0.7041345238685608
murw2a,normal,0.8033143281936646
mxa1cv,normal,0.78195720911026
mvd62w,normal,0.7813194990158081
mthdma,normal,0.626775860786438
msnrhq,normal,0.7812204360961914
mt56kx,normal,0.7615858912467957
mutrou,normal,0.7542809247970581
mu7vvn,normal,0.7857051491737366
mwm8mz,normal,0.7498600482940674
mr1s27,normal,0.7828010320663452
mpqgc8,normal,0.7965194582939148
mogw65,normal,0.7727376818656921
mo6n6d,normal,0.81393963098526
mo7zk8,normal,0.7924731373786926
mma37a,normal,0.735829770565033
mjcacl,normal,0.8416553735733032
mhax3j,normal,0.8223806023597717
mlhxse,normal,0.6910825371742249
m49x9t,normal,0.7830298542976379
mezg0w,normal,0.774051308631897
lek2kn,normal,0.8076204061508179
mepvsv,normal,0.6609204411506653
mo49jl,normal,0.8347577452659607
lx2sgl,normal,0.8041133284568787
l8yfbn,normal,0.7703432440757751
lx5zzt,normal,0.7910027503967285
k1u6vq,normal,0.808820366859436
m1vnij,normal,0.8019959926605225
ipj3mt,normal,0.7540030479431152
6w7dqf,normal,0.6870547533035278
mxspof,normal,0.8036928176879883
mx65fu,normal,0.7879360914230347
mwvsua,normal,0.7865044474601746
muh5qh,normal,0.7846384048461914
muikdp,normal,0.6498269438743591
l8e06n,normal,0.6835813522338867
mschfa,normal,0.8048422932624817
hq83py,normal,0.74103844165802
mjohtq,normal,0.6563119292259216
kyp6ru,normal,0.7023369073867798
lg5crn,normal,0.6753795146942139
i780oi,normal,0.6823059916496277
le3k02,normal,0.7362645864486694
k7jw96,normal,0.6153507232666016
flz5i7,normal,0.7553521990776062
khooix,normal,0.7757535576820374
ld6rd0,normal,0.5536229610443115
l5oxvd,normal,0.6892237663269043
a82dkg,normal,0.5475360155105591
gaowj0,normal,0.6766496300697327
5necnp,normal,0.5724437236785889
ap0i5n,normal,0.613408625125885
a9z5u4,normal,0.4213090240955353
22ys2x,normal,0.7749168872833252
10cn5h,normal,0.6205066442489624
8jbwor,normal,0.7435414791107178
7o25k,normal,0.7433242797851562
4uqb78,normal,0.7462248206138611
a6ajo,normal,0.7776411771774292
1wx84z,normal,0.5371085405349731
4vocdt,normal,0.7137320637702942
1unaq0,normal,0.5612800717353821
52rswj,normal,0.783896267414093
71dz2f,normal,0.69384765625
2x7tf5,normal,0.7850421071052551
2bwf0f,normal,0.7661939859390259
28e6jh,normal,0.7137303352355957
hit4te,normal,0.7879370450973511
few2d2,normal,0.6807172298431396
hmj6t7,normal,0.713965654373169
fxk5k2,normal,0.8338634967803955
hgng7r,normal,0.7136425375938416
g7opd,normal,0.7848713397979736
7l95eh,normal,0.7167920470237732
grcrgs,normal,0.7137181758880615
lz6o88,normal,0.7851822376251221
imcr48,normal,0.7245253324508667
9aivkg,normal,0.739502489566803
6v9xc7,normal,0.7663202881813049
86j35p,normal,0.7985367178916931
hiy8mb,normal,0.7719261646270752
gqiabx,normal,0.7392972111701965
995tr,normal,0.8276616930961609
grxldr,normal,0.8036283254623413
9ommty,normal,0.7720904350280762
hidwvy,normal,0.7916022539138794
e4abvm,normal,0.6764466762542725
83888,normal,0.7424708604812622
ff3rm5,normal,0.5032750368118286
hsbavv,normal,0.7158118486404419
m4t2mi,normal,0.7721351981163025
lakdoz,normal,0.8040798902511597
msxa7m,normal,0.6904869675636292
mjk3fe,normal,0.8183102011680603
k0x93q,normal,0.7203606367111206
dbb4v8,normal,0.7934194803237915
j0i7b3,normal,0.566615879535675
iddlbx,normal,0.7620937824249268
8mmc2i,normal,0.779826283454895
ku588l,normal,0.696190595626831
j9aocd,normal,0.5529714226722717
dwaeta,normal,0.7163056135177612
met5nd,normal,0.7050412893295288
ll65u9,normal,0.7326327562332153
ldty5q,normal,0.7463454008102417
3s1hm5,normal,0.7263604998588562
25w5xw,normal,0.7933588027954102
ekh6ls,normal,0.7529547214508057
h84m8n,normal,0.7905169725418091
jixoqm,normal,0.811489999294281
2tp4sf,normal,0.6954901814460754
eeubsl,normal,0.7874460220336914
hxcflc,normal,0.7810013890266418
jg90k1,normal,0.7161988019943237
506jv5,normal,0.8066793084144592
lkcfd5,normal,0.763335645198822
m0e66g,normal,0.6796618103981018
j5tpfz,normal,0.75030916929245
kbl5f5,normal,0.7771229147911072
mgnp26,normal,0.790045976638794
hga25l,normal,0.6357957124710083
j6wnen,normal,0.6743346452713013
epa48x,normal,0.76713627576828
lkl7gv,normal,0.6244547963142395
c5pb1o,normal,0.7193300724029541
lo4sqa,normal,0.7427968382835388
mwno9q,normal,0.7124839425086975
l9ixzb,normal,0.7644451260566711
mgo2ho,normal,0.7774275541305542
ioqns3,normal,0.7624285817146301
mtr4cq,normal,0.6246238350868225
g9uwwe,normal,0.7774652242660522
i9y81a,normal,0.7960236668586731
lvj0xu,normal,0.8237417936325073
hmhco2,normal,0.7854872941970825
m0zq69,normal,0.6386164426803589
mw4u11,normal,0.7624868750572205
fe75lu,normal,0.7831762433052063
kxd9y9,normal,0.7595235109329224
m3i7yy,normal,0.6892809867858887
hoayy8,normal,0.7543305158615112
la3ees,normal,0.6148567199707031
avvcmr,normal,0.6096505522727966
izz7lu,normal,0.6915342807769775
fegciy,normal,0.7427365779876709
arbdzc,normal,0.6708815693855286
7mhe1p,normal,0.8030897974967957
871sx5,normal,0.814968466758728
9qod6v,normal,0.7888341546058655
6n9vnh,normal,0.8143655061721802
6q8jmh,normal,0.7556111216545105
61umpl,normal,0.7945219278335571
7yn6dp,normal,0.7193583846092224
4g0yr1,normal,0.7199363708496094
mp22lt,normal,0.8037058711051941
mfkbr1,normal,0.7948905229568481
klro95,normal,0.6580128073692322
mldrfs,normal,0.6289699077606201
mdc2ii,normal,0.759266197681427
mhnk4v,normal,0.7565677165985107
mv3ei1,normal,0.7322854995727539
kjgs45,normal,0.7823514938354492
kzfnd5,normal,0.7501360774040222
m219yh,normal,0.6762894988059998
mmxexk,normal,0.766600489616394
kmkad1,normal,0.746510922908783
leaa1k,normal,0.8287752866744995
liwhvg,normal,0.7454878687858582
mbhqks,normal,0.8231204748153687
jj3g19,normal,0.7240256667137146
i6fcpn,normal,0.6591970324516296
mx35v0,normal,0.6708466410636902
leq0d6,normal,0.7590070366859436
m37eky,normal,0.7378127574920654
g2o0ag,normal,0.703818678855896
frisgt,normal,0.7572937607765198
lk42sz,normal,0.7710415720939636
csbb4u,normal,0.7069094181060791
j4hjj0,normal,0.7549901604652405
i4bule,normal,0.641613781452179
ce4ugm,normal,0.6626302599906921
85l319,normal,0.7711198329925537
cg8moe,normal,0.8185582756996155
bfrz0d,normal,0.685795247554779
mx5o8z,normal,0.6948344111442566
mxo5ll,normal,0.6480260491371155
mx4h25,normal,0.7604276537895203
mq7u17,normal,0.5922264456748962
mqe9bi,normal,0.7875915765762329
mp1eoy,normal,0.7682366967201233
mt9l9o,normal,0.7330506443977356
mop2ui,normal,0.7937378883361816
mr86jn,normal,0.6796148419380188
mqygq9,normal,0.7461279630661011
mlo8fr,normal,0.7721853852272034
mkwizq,normal,0.8054040670394897
mlhelu,normal,0.812818169593811
mh3sm8,normal,0.6693218350410461
me1uxv,normal,0.7992748618125916
mlg8qx,normal,0.8023419380187988
mhkeqi,normal,0.8152828216552734
mcj5md,normal,0.8192303776741028
l1irk4,normal,0.8417760133743286
la6reh,normal,0.7800798416137695
jy0ys0,normal,0.7244943976402283
lvol5e,normal,0.710239827632904
kjg1h9,normal,0.7627758979797363
munv9r,normal,0.7648419141769409
lob0mh,normal,0.7586756944656372
m9ynm5,normal,0.7609151601791382
mw4cub,normal,0.7031338810920715
mkers9,normal,0.7784731388092041
mckpqw,normal,0.7463350296020508
ls2t1k,normal,0.7819138765335083
lc26dz,normal,0.8059123158454895
m7njpy,normal,0.7965969443321228
kbz2hx,normal,0.7215592265129089
e3vwk8,normal,0.7224056124687195
hs3445,normal,0.7433333396911621
knm5ut,normal,0.7502142190933228
dmxjlz,normal,0.7254095077514648
grtp00,normal,0.7513439059257507
mm5gnq,normal,0.7495620846748352
kk887z,normal,0.769576370716095
mqyf1u,normal,0.7790770530700684
mhapk7,normal,0.7445504069328308
mc6nmv,normal,0.7510768175125122
mmfrmi,normal,0.808939516544342
llrq4e,normal,0.7970119714736938
i101qg,normal,0.6783384680747986
iburc0,normal,0.6485082507133484
ksmr1y,normal,0.7994903326034546
j078k4,normal,0.7940641045570374
jeuzb1,normal,0.7909279465675354
ha6l61,normal,0.785284698009491
i4wouv,normal,0.7722815871238708
jh90db,normal,0.6779964566230774
mldy3q,normal,0.7597017884254456
lw5j76,normal,0.6178964376449585
mqpdkm,normal,0.7581857442855835
lbx1eq,normal,0.736973762512207
iu86hz,normal,0.6801601648330688
m5d4t3,normal,0.7983143329620361
mm1jyu,normal,0.6858655214309692
mlsaer,normal,0.7190592288970947
lyuqge,normal,0.8326849937438965
l5gct6,normal,0.603984534740448
m9jn5u,normal,0.6576968431472778
mus2ah,normal,0.8348751068115234
mkuqad,normal,0.7813593745231628
girym5,normal,0.7899982929229736
lwktu6,normal,0.781585693359375
cm8csf,normal,0.794696569442749
jranex,normal,0.7955607175827026
movpcf,normal,0.7929010391235352
9tw0ky,normal,0.7182414531707764
idoq65,normal,0.803083062171936
cxgnmp,normal,0.742199718952179
klzjaz,normal,0.8117523789405823
lggv9r,normal,0.7782776355743408
kq8s6y,normal,0.8032856583595276
4ft79m,normal,0.7523410320281982
kvc3ll,normal,0.7306166887283325
ekfvtu,normal,0.5753148198127747
3qvecr,normal,0.7714483141899109
3hroew,normal,0.6708246469497681
jqijr4,normal,0.7778722643852234
mcegtt,normal,0.7961011528968811
mx3khy,normal,0.7870071530342102
jkge42,normal,0.7825048565864563
kase7c,normal,0.7534868717193604
melc3l,normal,0.7246784567832947
jim42o,normal,0.6227415204048157
f9crnu,normal,0.8026403784751892
mol1hg,normal,0.7703826427459717
j3p0l9,normal,0.7705442309379578
ha6jwc,normal,0.8180985450744629
m5zily,normal,0.7713165879249573
j5j5g9,normal,0.7803536057472229
iz7vze,normal,0.7920717597007751
j85q5i,normal,0.7836792469024658
ib0wwx,normal,0.7889044284820557
ho6qx9,normal,0.7961024641990662
mnautz,normal,0.7690282464027405
ir29sc,normal,0.6167750358581543
8dryid,normal,0.7133328318595886
dv47ov,normal,0.7602308988571167
k9sflv,normal,0.6915822625160217
f31wka,normal,0.6972457766532898
7d87w6,normal,0.7752410173416138
galp6v,normal,0.697088360786438
8s7kvg,normal,0.7589996457099915
fqi8vy,normal,0.6889867782592773
3x93mq,normal,0.6296781301498413
7cxyzf,normal,0.7685724496841431
1onuho,normal,0.7818024754524231
lps9si,normal,0.8294590711593628
k1s9q7,normal,0.8051422238349915
lxw35h,normal,0.811869204044342
mkjnww,normal,0.7583587169647217
mlzf91,normal,0.6875482201576233
m9sji0,normal,0.7515553832054138
iw937l,normal,0.8400408625602722
lx5rkb,normal,0.7767865657806396
hvg64d,normal,0.7255553007125854
hyq0vc,normal,0.7784402966499329
mtg549,normal,0.7714471220970154
muoy09,normal,0.7358718514442444
kknezv,normal,0.76882004737854
3fzux4,normal,0.7055234313011169
5alj8w,normal,0.7795954346656799
64otbf,normal,0.8150379657745361
dp87wb,normal,0.78313809633255
dhl6l3,normal,0.7688528895378113
ckrijh,normal,0.7746294736862183
6lmr1m,normal,0.772605299949646
4tsifw,normal,0.7640179395675659
