tweet_id,classification,classification_score
mremce,normal,0.7618840932846069
mc7mz2,normal,0.7390398979187012
mq6add,normal,0.7388887405395508
mnedng,normal,0.7365469336509705
m3291e,normal,0.7916878461837769
lrqnrx,normal,0.7651957273483276
metjta,normal,0.7967849969863892
mkwfje,normal,0.7338451147079468
ke1kzj,normal,0.7978872060775757
ljatf4,normal,0.7381629943847656
lxcx9f,normal,0.7876153588294983
k6639p,normal,0.7005798816680908
m8r0r8,normal,0.6749432682991028
mxpzkn,normal,0.7583865523338318
mxpcuk,normal,0.7995014786720276
mxjp3s,normal,0.6917550563812256
mx39ab,normal,0.7534571886062622
mumbeh,normal,0.8043962717056274
mvp3h6,normal,0.7816359400749207
mxj3fy,normal,0.5838464498519897
mxknp0,normal,0.7497046589851379
mx8hxf,normal,0.688378632068634
mxuzfp,normal,0.740740954875946
muqh5s,normal,0.8019487261772156
mxw93n,normal,0.7075663208961487
mtxjsj,normal,0.8143081068992615
mxcxiu,normal,0.611748993396759
mxnqhp,normal,0.706112265586853
kas25x,normal,0.7423391342163086
mj9s43,normal,0.7621490955352783
lx05zl,normal,0.7639095783233643
licm59,normal,0.6718235015869141
mjb64g,normal,0.7804768681526184
loi3t4,normal,0.7666990756988525
lllvzy,normal,0.8105847835540771
mpc9sx,normal,0.696594774723053
kkg2zp,normal,0.8202676177024841
levavl,normal,0.7129158973693848
ljeke7,normal,0.7650749087333679
m7e2eh,normal,0.8128131628036499
js0pgp,normal,0.800112783908844
lvv1dt,normal,0.7312836647033691
k41h7a,normal,0.664099931716919
m1n4pf,normal,0.6782480478286743
ll6e83,normal,0.7235736846923828
mseepn,normal,0.7797305583953857
mnpocz,normal,0.6925346851348877
mtqzg2,normal,0.7664377689361572
m6ej78,normal,0.7803581953048706
mtlhqq,normal,0.7146064639091492
m36pxq,normal,0.7875797152519226
liccda,normal,0.8343568444252014
m7csbl,normal,0.74993497133255
moc2gj,normal,0.7685092687606812
mdinq8,normal,0.8495739698410034
lp5rgm,normal,0.7407861948013306
lxkdvi,normal,0.736274778842926
mrvni1,normal,0.8104762434959412
mf24nw,normal,0.7531801462173462
mpoi74,normal,0.7827237248420715
llstri,normal,0.7253574728965759
mvaua6,normal,0.729486346244812
kxdgfb,normal,0.7653583884239197
mlh869,normal,0.7933784127235413
ls8onj,normal,0.6645238399505615
m1w80r,normal,0.7055012583732605
m0tl9y,normal,0.6854439377784729
mi6qmi,normal,0.7757745385169983
ln5ug9,normal,0.7334275245666504
lr5yzv,normal,0.7711982727050781
ic41bo,normal,0.8060898780822754
mwkx52,normal,0.7694633603096008
mxcwuy,normal,0.7411752343177795
mxwz3x,normal,0.8064219951629639
mxn8f7,normal,0.6978991627693176
mxjpvy,normal,0.7500097751617432
mxtmmb,normal,0.8034810423851013
mxcsfb,normal,0.797714352607727
mxt17z,normal,0.8041634559631348
mxcttt,normal,0.8017323017120361
mx2j1r,normal,0.6196827292442322
mwvt1g,normal,0.7433643937110901
mwhzb9,normal,0.7252423167228699
mv8oam,normal,0.8462694883346558
mwjwa0,normal,0.7386447787284851
mw6b16,normal,0.7903836369514465
mvxp5i,normal,0.8049556612968445
mxa7u5,normal,0.7434405088424683
lv1ow9,normal,0.7648387551307678
lrxtnj,normal,0.7410923838615417
mfzvnk,normal,0.7742020487785339
m9v74r,normal,0.7495738863945007
lvu8zj,normal,0.5810047388076782
m59k5k,normal,0.7224026918411255
m7y8xc,normal,0.7324987649917603
m3e84h,normal,0.8281112909317017
kyplqz,normal,0.7743421196937561
ktf9g6,normal,0.7492780685424805
l88b0j,normal,0.6055814027786255
m2yiwf,normal,0.7851067185401917
fzqhne,normal,0.6780009269714355
g1brzq,normal,0.8189342617988586
mumyka,normal,0.809518575668335
mbsf9b,normal,0.7962700128555298
mm8uec,normal,0.7555498480796814
mwpp9d,normal,0.843165397644043
mssr7s,normal,0.8189445734024048
mfzvrn,normal,0.7673613429069519
m1t191,normal,0.7948265671730042
lgxqxs,normal,0.7536376118659973
lb4484,normal,0.6889239549636841
m82h6p,normal,0.794191837310791
muokzl,normal,0.73673415184021
muokwx,normal,0.73673415184021
mx8nvp,normal,0.6379159092903137
mxmq2e,normal,0.7263579964637756
mxigod,normal,0.8256664276123047
mx6bcb,normal,0.7657135128974915
mx36lg,normal,0.6708466410636902
mwbtpb,normal,0.7662685513496399
mw7rww,normal,0.787469208240509
mvyhjr,normal,0.8136225938796997
muh2ey,normal,0.7935754656791687
mubb3m,normal,0.7007417678833008
mtrhr2,normal,0.7558484077453613
mt5t88,normal,0.738823413848877
mwpe35,normal,0.8501582741737366
mrxnmv,normal,0.8506035208702087
mnbie8,normal,0.8496953845024109
mievvp,normal,0.8495734930038452
ly72j0,normal,0.8469438552856445
mx54q8,normal,0.7937527298927307
lsste8,normal,0.7992468476295471
lnab21,normal,0.8507824540138245
li6l5u,normal,0.850763201713562
bg5o3u,normal,0.7732357978820801
6lacfi,normal,0.708794116973877
78athp,normal,0.6806201338768005
675ev9,normal,0.8174487352371216
8h1uz5,normal,0.8241424560546875
lw5so0,normal,0.7904378175735474
m4b0xe,normal,0.7964429259300232
mtka40,normal,0.639487624168396
mk5jen,normal,0.7888391017913818
if1qnt,normal,0.629414439201355
mw4ig8,normal,0.7943722009658813
mqx83e,normal,0.7592964172363281
mv1u03,normal,0.8042057752609253
mivta9,normal,0.7529029250144958
fua2ag,normal,0.8137465119361877
a5c1ag,normal,0.7918874621391296
m89kvx,normal,0.7713205218315125
lo2qy6,normal,0.8011193871498108
m5o41d,normal,0.7941482067108154
lu1iol,normal,0.8024773597717285
m1vpvq,normal,0.7181122303009033
m4964h,normal,0.5409770607948303
l8m2mg,normal,0.6807898879051208
lhv9wz,normal,0.798502504825592
lkcrbp,normal,0.7935922145843506
m0z94b,normal,0.7879343628883362
l2c34v,normal,0.8050812482833862
m2nj0l,normal,0.8354954719543457
lz2rax,normal,0.7568951845169067
lj1ca2,normal,0.6890023350715637
mxl66d,normal,0.6741185784339905
m15wjs,normal,0.6736083626747131
lzk98d,normal,0.7375149130821228
m4im6z,normal,0.7482033967971802
mxjc3v,normal,0.6260189414024353
mxvqux,normal,0.7843499779701233
mt4bpy,normal,0.6928344964981079
msnrvx,normal,0.7955859303474426
mtfyum,normal,0.7915258407592773
m22dyb,normal,0.7903497815132141
f7osmg,normal,0.8017812371253967
m550lf,normal,0.5168493986129761
mo8p7m,normal,0.7815552353858948
mktiow,normal,0.7496902942657471
mspry8,normal,0.7504789233207703
kp3xoy,normal,0.7633256912231445
lnobmg,normal,0.7920708656311035
mvw81g,normal,0.7440841794013977
mxe9ll,normal,0.7296705842018127
mxuq9a,normal,0.7699832916259766
mxqcgb,normal,0.6681023240089417
mxfsl1,normal,0.7602272033691406
mxbmst,normal,0.773995578289032
mxl8f8,normal,0.7658021450042725
mxrosz,normal,0.577488124370575
mco8u0,normal,0.8297984600067139
k60yin,normal,0.7829146385192871
j0jtgi,normal,0.7734315991401672
jskelp,normal,0.8154427409172058
m0j34i,normal,0.7945263385772705
mi73xr,normal,0.7359875440597534
lvl5a1,normal,0.8208787441253662
li2bu3,normal,0.8518887758255005
lu1buf,normal,0.7963622808456421
lw7w5a,normal,0.7682524919509888
m6j7h3,normal,0.7607300281524658
l7xwja,normal,0.8329325914382935
lrgt0m,normal,0.7306587100028992
l1hiup,normal,0.8231028318405151
lu18qy,normal,0.7563536763191223
ly4hb9,normal,0.805817186832428
khg7zi,normal,0.6919987797737122
kxzh2f,normal,0.8066107034683228
kshesq,normal,0.7223829030990601
edrk5r,normal,0.5966922640800476
kx9uzu,normal,0.8034385442733765
kash9l,normal,0.83772873878479
ba1fko,normal,0.8070703744888306
lb6bjb,normal,0.8164549469947815
mkr75z,normal,0.7576221227645874
kzq82s,normal,0.7378693222999573
m1k0dr,normal,0.7809402942657471
mhiv0s,normal,0.528759777545929
jcnvcs,normal,0.8129837512969971
lsufzm,normal,0.8194461464881897
lho204,normal,0.7963621020317078
lib5yh,normal,0.7863377332687378
ln0p8w,normal,0.7905189990997314
kyqz7q,normal,0.7591972351074219
kxf1kh,normal,0.7818087935447693
ktupnw,normal,0.7920029163360596
ktupq1,normal,0.7192074060440063
kskrkq,normal,0.773880660533905
lsqdam,normal,0.8053357005119324
mr4gna,normal,0.7574129104614258
mtr9sg,normal,0.8174548745155334
ln7aem,normal,0.8051443696022034
mi7u2u,normal,0.7794443368911743
li43xk,normal,0.8047491908073425
mwkjuy,normal,0.8113816976547241
lczw4y,normal,0.8070312738418579
m83s1q,normal,0.736869215965271
m08ae5,normal,0.8309653401374817
l7jtkn,normal,0.8062331080436707
m0z90i,normal,0.8465806841850281
luqrqf,normal,0.7702612280845642
m4asws,normal,0.7236043214797974
m4c1ef,normal,0.7904084920883179
m3ik7d,normal,0.8113361597061157
lw1hu2,normal,0.6474319100379944
l6xln7,normal,0.710381031036377
mf8lir,normal,0.7994016408920288
knxgva,normal,0.7263224124908447
mrzyjw,normal,0.7642976641654968
mixteo,normal,0.7778415679931641
mob66i,normal,0.8163053393363953
ms9zgc,normal,0.7258639335632324
mt1vc9,normal,0.8393489718437195
mu34wh,normal,0.8177374005317688
mmtci0,normal,0.6758182644844055
mnriwe,normal,0.7522919774055481
m6h5ms,normal,0.8206924200057983
lbud5b,normal,0.7683031558990479
lcqrf4,normal,0.8022313117980957
mqw9e0,normal,0.7522756457328796
mryf55,normal,0.6934184432029724
msxfmg,normal,0.7690436840057373
krtgki,normal,0.7987956404685974
mtvbpj,normal,0.7697598338127136
mjj5ch,normal,0.7392668724060059
lwc5ep,normal,0.7273030281066895
it8jwx,normal,0.8236881494522095
jyf5uv,normal,0.732207179069519
mw94uq,normal,0.7564176917076111
mu6fnk,normal,0.7982150316238403
mpg687,normal,0.7523625493049622
m5k5g9,normal,0.7301761507987976
lvtzep,normal,0.7937981486320496
lrc45i,normal,0.8108447194099426
lr38h4,normal,0.6908981204032898
lhl311,normal,0.6664150357246399
lfqp64,normal,0.7578402161598206
l9app3,normal,0.8111607432365417
l49o8a,normal,0.8072695732116699
kzawsk,normal,0.8125701546669006
kodijc,normal,0.7716447114944458
kmpvg5,normal,0.7573764324188232
lh71g6,normal,0.8011353015899658
lecsan,normal,0.6622657775878906
lep4zd,normal,0.7996070384979248
mmqza9,normal,0.7823023796081543
mcnd0k,normal,0.7675111889839172
m8x7ao,normal,0.7686933279037476
lhk4ow,normal,0.7922836542129517
kyofrr,normal,0.843008279800415
kv5pgn,normal,0.7712764143943787
kbs6xt,normal,0.8100800514221191
js6tn1,normal,0.7211861610412598
jcgs5c,normal,0.774529218673706
hcqfyh,normal,0.7863908410072327
mfuxgo,normal,0.6899207234382629
kg63sh,normal,0.6758182644844055
kxw7kv,normal,0.5833629369735718
kf90ie,normal,0.8115963339805603
fy3fne,normal,0.7360358238220215
kat5xl,normal,0.7892066240310669
fy40iy,normal,0.7615036964416504
jqke6o,normal,0.7232410311698914
jqqkj2,normal,0.7270110249519348
j4kavw,normal,0.8153801560401917
hl6sov,normal,0.7440630197525024
fkqm15,normal,0.8065465092658997
g6v4n0,normal,0.8160440921783447
bmp3xb,normal,0.7435333728790283
mvoraz,normal,0.7316548228263855
mtmi6s,normal,0.7881267070770264
mmwfqr,normal,0.7893203496932983
lxhfah,normal,0.732133686542511
lrriyj,normal,0.7813851237297058
lacjlf,normal,0.7670657634735107
kx9s45,normal,0.706386387348175
l3hgy8,normal,0.7974324226379395
l24fvw,normal,0.7926759719848633
mskdqt,normal,0.7942712306976318
keo5tq,normal,0.7727700471878052
mv22v9,normal,0.7972806692123413
mq7cc8,normal,0.7653957605361938
kh745n,normal,0.8198139667510986
mgl81j,normal,0.7637984156608582
kw3319,normal,0.7945292592048645
ii9g76,normal,0.7626833915710449
mjaizn,normal,0.8524550795555115
g8sfnb,normal,0.7430753707885742
i8eo88,normal,0.7492098212242126
jdm71p,normal,0.6493387222290039
jl83i8,normal,0.8336560130119324
jy8r3y,normal,0.8321375250816345
8am86n,normal,0.818207323551178
bgk3a2,normal,0.7529815435409546
elf67f,normal,0.7852652072906494
bhnr4q,normal,0.7756876945495605
gsa8qd,normal,0.8273454308509827
bx3qap,normal,0.7026733160018921
d4se4h,normal,0.7346333265304565
ay5qbw,normal,0.7152197360992432
9kooym,normal,0.6823465824127197
bdepk9,normal,0.8003764748573303
4f39qe,normal,0.7339240908622742
knpzsp,normal,0.7652247548103333
fh8io2,normal,0.7959491014480591
gvumaa,normal,0.8217487335205078
lo9ngh,normal,0.7634701728820801
m3ly6l,normal,0.7782261967658997
m3a81f,normal,0.8199142813682556
kyyin3,normal,0.8061601519584656
mu0635,normal,0.759067177772522
m1ctcy,normal,0.8057234883308411
lriz99,normal,0.7923941016197205
lxx3vp,normal,0.7881686091423035
lmzy63,normal,0.7227074503898621
l5vgrl,normal,0.6930041909217834
l43suz,normal,0.8278687596321106
kg41se,normal,0.7588494420051575
ka83sx,normal,0.7833683490753174
kqittm,normal,0.7002372145652771
kj8l5x,normal,0.7505534887313843
jb3a42,normal,0.7844927906990051
jgmkbf,normal,0.7157269716262817
lrsz2i,normal,0.7471532225608826
ihb20q,normal,0.7691037058830261
htddlh,normal,0.7859143018722534
jljrxx,normal,0.5990251302719116
k9j8gm,normal,0.7945041656494141
8ekq1w,normal,0.6819121837615967
iq4hmp,normal,0.7688701152801514
kavu8a,normal,0.6221292018890381
khjz11,normal,0.697306752204895
300ktm,normal,0.7554927468299866
fvgmnl,normal,0.802841067314148
kp2atu,normal,0.7798354625701904
hk7h8q,normal,0.7334173321723938
fowqoq,normal,0.8192797899246216
itfi3y,normal,0.7732200622558594
r30z1,normal,0.819295346736908
hy0pa3,normal,0.6768349409103394
tjwjt,normal,0.7528525590896606
1dzc43,normal,0.8173285126686096
fvp3ge,normal,0.8523680567741394
cls4ny,normal,0.6935237050056458
8ky8oz,normal,0.8129876255989075
cu4n2t,normal,0.7695277333259583
cfyc19,normal,0.8002637028694153
4j5tu9,normal,0.8559397459030151
9uvt5o,offensive,0.5854429006576538
t6jb8,normal,0.838162362575531
cbakdy,normal,0.7934231162071228
bsif8x,normal,0.7660245299339294
mu9jp1,normal,0.7832589149475098
mkieif,normal,0.7303673028945923
mgqous,normal,0.8288078308105469
mtdvbf,normal,0.8500048518180847
mjxahg,normal,0.8479114174842834
kvs7aa,normal,0.6717633605003357
mplvja,normal,0.7809184789657593
mf1t1m,normal,0.8506065011024475
mornxt,normal,0.849238932132721
m9xuec,normal,0.8510584235191345
ksyzli,normal,0.7754685878753662
mkvn4m,normal,0.7036305665969849
mje1qv,normal,0.8316067457199097
lozcg7,normal,0.8516805768013
mt2pwf,normal,0.8244916796684265
me39dk,normal,0.8092798590660095
k4me5t,normal,0.7742924690246582
kg5072,normal,0.6597667932510376
k5qav2,normal,0.6158714294433594
ju4oew,normal,0.7037497758865356
hnc1yu,normal,0.7208388447761536
mqmavw,normal,0.786569356918335
i9g9w6,normal,0.8265683054924011
mu1ibv,normal,0.7358871698379517
j6174a,normal,0.7796274423599243
eu8bbt,normal,0.7427167296409607
da15v3,normal,0.7848897576332092
dfsu2g,normal,0.796069324016571
f5ck1v,normal,0.6268166899681091
est3cu,normal,0.8201552033424377
m5vxw6,normal,0.7494298219680786
mough2,normal,0.8253133893013
miomy8,normal,0.7581337690353394
lqduc6,normal,0.7559592127799988
mbmahq,normal,0.7662274837493896
l8ryts,normal,0.8154408931732178
hnsg7f,normal,0.8250641822814941
e6l8bc,normal,0.7582090497016907
hodyhx,normal,0.7643823027610779
ethiof,normal,0.7857949137687683
mvsbk8,normal,0.7121925950050354
koa5ky,normal,0.77790766954422
hnqy6k,normal,0.7812548875808716
m973mz,normal,0.8005267977714539
dj6vyb,normal,0.8135324120521545
mpmejp,normal,0.7754552960395813
mjh1x7,normal,0.6090224981307983
mljxhc,normal,0.7137929797172546
kz3f9z,normal,0.7641656994819641
m7309v,normal,0.7681974172592163
jma0bg,normal,0.769322395324707
meyu6j,normal,0.7031698822975159
l5tclq,normal,0.7744215130805969
m06y9k,normal,0.7142686247825623
mpdtcf,normal,0.8153152465820312
eomh1f,normal,0.6968340873718262
mswdnc,normal,0.7207886576652527
mp5dur,normal,0.7444894909858704
lywqwv,normal,0.6410025358200073
mxnhb4,normal,0.7417227029800415
mvw1cd,normal,0.4816511571407318
mxq5ui,normal,0.7740256190299988
mxin93,normal,0.7025885581970215
mx2rk4,normal,0.776305615901947
mxytad,normal,0.7876166105270386
mxxg36,normal,0.7723296880722046
mu60yc,normal,0.8050267100334167
mxm9sc,normal,0.7479601502418518
mx2n25,normal,0.8241589665412903
mwylkw,normal,0.7704626321792603
mwts24,normal,0.7662136554718018
mx18pl,normal,0.7806798815727234
mw4nrj,normal,0.7189069986343384
mw7u57,normal,0.7539962530136108
mxw9zs,normal,0.7888405323028564
mxy8pl,normal,0.6974112391471863
mxy5qe,normal,0.8260810375213623
mxpgee,normal,0.7651233673095703
mxdtsl,normal,0.797322690486908
mw6udo,normal,0.8278265595436096
mx1u2y,normal,0.8009604811668396
mt23wy,normal,0.5308554768562317
mwc1rg,normal,0.78828364610672
mwmmj7,normal,0.6914991140365601
mwg511,normal,0.6897380948066711
mvnccd,normal,0.7742058634757996
mw4jz9,normal,0.7856866717338562
mvxwsa,normal,0.757087767124176
mvjs9r,normal,0.4825006127357483
ml0juq,normal,0.7172316908836365
m1rn8p,normal,0.8159903287887573
msxbcs,normal,0.7813329696655273
m4w1w9,normal,0.8479833006858826
gcrb3c,normal,0.7974895238876343
ig68ac,normal,0.7592311501502991
mvnk5s,normal,0.7940391302108765
mw54a0,normal,0.6713283061981201
m35qua,normal,0.776541531085968
lyfit8,normal,0.7197734117507935
lg0thg,normal,0.8047658801078796
lhrb4a,normal,0.7814546823501587
lrhzd2,normal,0.6648597121238708
kr3qs6,normal,0.7572192549705505
mefecs,normal,0.7955135107040405
m5a2w0,normal,0.7507837414741516
jbpa4l,normal,0.6576327681541443
g2j8g7,normal,0.817171037197113
mfi383,normal,0.6176530122756958
l4ifs4,normal,0.8043922781944275
lxd5a9,normal,0.7826058268547058
muo0ot,normal,0.6928576231002808
hnkrei,normal,0.8204752802848816
gj0y89,normal,0.7098615169525146
lfunap,normal,0.7588655352592468
mx9l8s,normal,0.7958657741546631
mxjton,normal,0.7813894152641296
mt4ojz,normal,0.7792817950248718
mwddid,normal,0.8182395696640015
mwn6yl,normal,0.7829572558403015
mw7m8n,normal,0.7463917136192322
mvmshe,normal,0.7473308444023132
mvv7z7,normal,0.78487628698349
muw38l,normal,0.6828662753105164
mv5b67,normal,0.8135972619056702
mtnm7x,normal,0.7545279264450073
msthg7,normal,0.8016883730888367
msux98,normal,0.7938143014907837
lu2y6s,normal,0.7775799036026001
mw2sfr,normal,0.780669629573822
lel2bq,normal,0.6529466509819031
hi152y,normal,0.5315302014350891
jkc420,normal,0.7074283957481384
f7f67c,normal,0.5609120726585388
j1fxnh,normal,0.81534743309021
hfxqiz,normal,0.5568968653678894
moyxf4,normal,0.8194488883018494
kef182,normal,0.7640921473503113
jj73ro,normal,0.8219035267829895
lkv3gs,normal,0.6095224618911743
fkghle,normal,0.8028380870819092
j83son,normal,0.7209593653678894
ikj15q,normal,0.7778884172439575
mvii6d,normal,0.7767783403396606
m45njn,normal,0.787760317325592
mdqe1w,normal,0.8080077767372131
mx4wps,normal,0.8027684688568115
kwj7vc,normal,0.693839967250824
mbp9cr,normal,0.7756615281105042
mplduk,normal,0.798096239566803
mqel0h,normal,0.5609001517295837
ig409m,normal,0.6976120471954346
mcic03,normal,0.7219305634498596
lfu46h,normal,0.6920381188392639
kg98hk,normal,0.7830898761749268
lvzyiu,normal,0.8121446967124939
l5qvsd,normal,0.7482792735099792
mhnipa,normal,0.7520570755004883
lpklpo,normal,0.7335615158081055
jpt0zy,normal,0.5026432871818542
i6alh6,normal,0.6054080724716187
gw3fgh,offensive,0.645507276058197
dq8nhv,normal,0.6366687417030334
hjpcoe,normal,0.7163220643997192
8c738r,normal,0.7114627957344055
a3iyyw,normal,0.6540815234184265
a58b2n,normal,0.6451134085655212
4hgndt,normal,0.7974339723587036
7t8fd3,normal,0.785720944404602
6lca8z,normal,0.739622950553894
4o9u1c,normal,0.7030602097511292
3tz1pj,normal,0.6432331204414368
mdzl2x,normal,0.7564127445220947
mn402x,normal,0.7720763087272644
mu0njz,normal,0.7935062646865845
msyzkt,normal,0.8042452931404114
k5am7u,normal,0.7513017654418945
k8xl7j,normal,0.7377248406410217
lytz7t,normal,0.7801734209060669
k5lfua,normal,0.7261353731155396
ktiexx,normal,0.8229473233222961
ly71rk,normal,0.8212792873382568
ktf869,normal,0.8013098835945129
hkn1k9,normal,0.7851396203041077
iql8ua,normal,0.6454676985740662
kelav9,normal,0.7789567112922668
jp7pla,normal,0.7972005009651184
m9axde,normal,0.7239423990249634
l7bdwc,normal,0.7874841690063477
loiljl,normal,0.6966280341148376
mb8v7j,normal,0.7682981491088867
lytnfe,normal,0.7944049835205078
mbg9i7,normal,0.7458023428916931
kar7k2,normal,0.8052923083305359
ldcv3i,normal,0.6961906552314758
lplwcw,normal,0.7309813499450684
3t7cpl,normal,0.5117999315261841
mxmanm,normal,0.6922211050987244
msp7uv,normal,0.7368379235267639
mvisqk,normal,0.71302330493927
mutrou,normal,0.7542809247970581
mtirhl,normal,0.5201430320739746
mr0ium,normal,0.7991289496421814
mssn6e,normal,0.689717710018158
mqzvgm,normal,0.7256948947906494
mooq4m,normal,0.5462016463279724
mo6n6d,normal,0.81393963098526
mo9nna,normal,0.6788357496261597
mmrn8r,normal,0.7402852177619934
mm6ynt,normal,0.6322255730628967
mlw943,normal,0.7543834447860718
mlu9dc,normal,0.7256643176078796
b68kv9,normal,0.7531934380531311
iegiqs,normal,0.8009995818138123
ji882n,normal,0.7148613333702087
iib4z,normal,0.7906510829925537
b6ha8o,normal,0.771104097366333
agmspj,normal,0.594505250453949
7yg0n4,normal,0.6943330764770508
50zupn,normal,0.7644226551055908
5vu2jq,normal,0.6630086898803711
898ex8,normal,0.792660117149353
2ir9hu,normal,0.7697146534919739
1fc0b2,normal,0.6743346452713013
dm4bn,normal,0.6183874607086182
1geku2,normal,0.7893245816230774
21ojk1,normal,0.6884254813194275
hpoub7,normal,0.7831808924674988
fkw7w6,normal,0.7497602701187134
m4gl23,normal,0.8223249316215515
gud2gu,normal,0.7303850650787354
f5vq5t,normal,0.7589205503463745
isetoq,normal,0.7828719615936279
l94m76,normal,0.6725984215736389
mjh2za,normal,0.6382679343223572
dkkbou,normal,0.8089979887008667
liybri,normal,0.787397563457489
m3lgq5,normal,0.5099626779556274
k25h1m,normal,0.7642194032669067
m4g7y2,normal,0.7751601338386536
k7czta,normal,0.5387617945671082
mwvsua,normal,0.7865044474601746
mwrh5a,normal,0.7612622380256653
mug6ja,normal,0.7945331931114197
mtsh74,normal,0.7775051593780518
murw2a,normal,0.8033143281936646
mrwj3k,normal,0.7239314913749695
mrktkw,normal,0.6749497652053833
msxa7m,normal,0.6904869675636292
mschfa,normal,0.8048422932624817
mrmmwb,normal,0.7773507833480835
mr6kyv,normal,0.7744725942611694
mx59hs,normal,0.7335395216941833
mvui6u,normal,0.7241535186767578
mv430f,normal,0.7218984365463257
mthdma,normal,0.626775860786438
msrp8x,normal,0.7722236514091492
msxn4g,normal,0.7896116971969604
moj5pu,normal,0.7422159314155579
moak0y,normal,0.8006154298782349
mo7qwr,normal,0.6744283437728882
mkabnr,normal,0.6709094643592834
kxoo1p,normal,0.7144141793251038
l6w4r1,normal,0.8171342015266418
j9upch,normal,0.7029402852058411
m9gl8s,normal,0.7407573461532593
eogano,normal,0.6631226539611816
ikh51b,normal,0.7804000377655029
hayxni,normal,0.7306353449821472
f88blq,normal,0.7171631455421448
k12o0s,normal,0.8111137747764587
7jm3qr,normal,0.7673954367637634
fz05vf,normal,0.8278130888938904
irf3vj,normal,0.7551298141479492
khci1u,normal,0.6696698069572449
meibzg,normal,0.7145082354545593
1hxyqq,normal,0.5783785581588745
cxu5y7,normal,0.8288657069206238
jhscv,normal,0.6637270450592041
i0w1zb,normal,0.5168227553367615
5y41k2,normal,0.7719728350639343
1hy3bz,normal,0.7028825879096985
kyp6ru,normal,0.7023369073867798
k670xz,normal,0.6557326912879944
31plfk,normal,0.756083071231842
mfglf,normal,0.744299590587616
fpog3,normal,0.6496744751930237
7amh5y,normal,0.7478460073471069
5i3adw,normal,0.7754221558570862
bauzai,normal,0.6784070134162903
nrblf,normal,0.7113574147224426
98bbx4,normal,0.7679534554481506
8x3h60,normal,0.7507299780845642
4c48n1,normal,0.7647610306739807
jv02z,normal,0.8546284437179565
xu59h,normal,0.706095278263092
mt9gb3,normal,0.7327187657356262
mjcacl,normal,0.8416553735733032
mjk3fe,normal,0.8183102011680603
mcyxs9,normal,0.7935634255409241
m9fu68,normal,0.7743299603462219
m6fz2s,normal,0.7434670329093933
m5q6bv,normal,0.8175405859947205
m4t2mi,normal,0.7721351981163025
luz3kj,normal,0.7907068133354187
muikdp,normal,0.6498269438743591
m34ylg,normal,0.5072759389877319
ljfpdh,normal,0.7492671608924866
met5nd,normal,0.7050412893295288
ivx8i0,normal,0.7728644609451294
jv5rt6,normal,0.7265949249267578
50ss40,normal,0.7785508036613464
hyvs8q,normal,0.7754027247428894
9k81v1,normal,0.7573922276496887
iw2jgz,normal,0.6659590601921082
jyyhg2,normal,0.7639164924621582
juy7j8,normal,0.7954027652740479
cmgweq,normal,0.7497096061706543
jhxjf4,normal,0.7496424317359924
lzhwil,normal,0.7977595329284668
kp6zi1,normal,0.6882283687591553
2csld7,normal,0.7920770645141602
gtq564,normal,0.778329610824585
cgdjdh,normal,0.7662510275840759
bpn1g,normal,0.6966742873191833
46en6u,normal,0.8093050122261047
1bmpz2,normal,0.7346699833869934
1bb5gs,normal,0.8083903789520264
esf22j,normal,0.8017969131469727
10wypk,normal,0.744629979133606
41wlgn,normal,0.7549245357513428
gpttn,normal,0.7320297956466675
kf15b2,normal,0.8173776865005493
j6u7cv,normal,0.8310938477516174
lnezp9,normal,0.7621489763259888
fbw68a,normal,0.7884692549705505
j0h4ac,normal,0.7562345862388611
lzb0ef,normal,0.7349510788917542
d5k2br,normal,0.7650150656700134
85b3x2,normal,0.7753833532333374
383jr8,normal,0.8336114287376404
l8qmej,normal,0.7976076602935791
jgqb2s,normal,0.7696126103401184
mqmyiw,normal,0.740813672542572
izny1b,normal,0.49488914012908936
alz52l,normal,0.7512766122817993
if0u7q,normal,0.7909707427024841
cfngp5,normal,0.708568811416626
k3ztaa,normal,0.7280163168907166
5qf18u,normal,0.7845456600189209
jgudn4,normal,0.7060790061950684
gk7hxz,normal,0.7461001873016357
jhaveo,normal,0.7882223725318909
hcv87e,normal,0.772002100944519
kbj1k2,normal,0.7305747866630554
km2080,normal,0.7785115838050842
f3by7j,normal,0.736479640007019
cdzkru,normal,0.7785950303077698
1co2o4,normal,0.7717101573944092
ccpdb8,normal,0.7574639916419983
3yx9js,normal,0.6876592040061951
j56htp,normal,0.7285066246986389
2lo0zj,normal,0.6605737209320068
m0huai,normal,0.8125831484794617
kavrwz,normal,0.6221292018890381
ioawko,normal,0.6949113011360168
7xews3,normal,0.8156599402427673
3iegcl,normal,0.7734734416007996
6nny7k,normal,0.6837798953056335
1oy2df,normal,0.7638313174247742
444h9g,normal,0.7651749849319458
mwno9q,normal,0.7124839425086975
mwk8co,normal,0.8040571808815002
mx35v0,normal,0.6708466410636902
mvx8nz,normal,0.7930701375007629
mw39c0,normal,0.7933834791183472
mus2ah,normal,0.8348751068115234
mr65vm,normal,0.7778339982032776
msunpf,normal,0.6682091951370239
mt5lhd,normal,0.7536100149154663
mqza6k,normal,0.7831724882125854
mmt0zc,normal,0.7897456288337708
mpqehg,normal,0.7768663167953491
mpffun,normal,0.7097811698913574
mphe31,normal,0.7854046821594238
mpw4q4,normal,0.7927592992782593
mutvkm,normal,0.6848933696746826
mlg5pb,normal,0.6688521504402161
m5ewwl,normal,0.8026925921440125
mos33k,normal,0.7489155530929565
ms4yvm,normal,0.8729926347732544
mnj2kr,normal,0.8729926347732544
mim3ad,normal,0.8729926347732544
mwx6wj,normal,0.8729926347732544
mdqiu6,normal,0.8729926347732544
mtuozy,normal,0.8034932017326355
mkebw2,normal,0.7984408140182495
m8j49c,normal,0.8729926347732544
m486h8,normal,0.7746791243553162
m3kk6i,normal,0.8729926347732544
lyeyui,normal,0.8729926347732544
kuwwgd,normal,0.7807236313819885
keceix,normal,0.7300429344177246
m7vztk,normal,0.734385073184967
kp7fp9,normal,0.713751494884491
mlzf91,normal,0.6875482201576233
kn4iuj,normal,0.7932794690132141
chqom2,normal,0.7349691390991211
hmu47i,normal,0.6836832761764526
lpbvrq,normal,0.7732834815979004
hmvuyg,normal,0.7394921183586121
kvkbuy,normal,0.7011504173278809
dszx7p,normal,0.7611112594604492
ehfjsk,normal,0.7423137426376343
lz8iky,normal,0.7401669025421143
m8ss6u,normal,0.7588441371917725
i2xplh,normal,0.6580270528793335
m7nw0z,normal,0.7755664587020874
muviiq,normal,0.7248586416244507
jt84fr,normal,0.783592164516449
ljmr70,normal,0.7065804600715637
mbimmn,normal,0.7632839679718018
luzjoc,normal,0.7621375322341919
mxo5ll,normal,0.6480260491371155
mdh4p1,normal,0.7734453082084656
mwyltu,normal,0.6740137338638306
mpqqdh,normal,0.7963817715644836
hpms4k,normal,0.6594163775444031
ml2kqn,normal,0.7202866077423096
acxayw,normal,0.7887707352638245
ecu8e9,normal,0.7622960805892944
aabmg6,normal,0.8213419318199158
6ehzi9,normal,0.6181591749191284
26vbkm,normal,0.7621422410011292
kl6uq,normal,0.7670766115188599
mcbqca,normal,0.6942559480667114
hol26e,normal,0.8159236311912537
46dk4e,normal,0.7694111466407776
hfb4iy,normal,0.7742062211036682
jgoo5e,normal,0.7308942079544067
47wcf3,normal,0.8118172287940979
1p7ucf,normal,0.7604150176048279
b5jgt7,normal,0.7314814329147339
8whs8h,normal,0.6710105538368225
azlthz,normal,0.8268507719039917
63i0ps,normal,0.7518067955970764
c26813,normal,0.745969831943512
5pyq5b,normal,0.7053085565567017
bp0d5p,normal,0.7804683446884155
4bi3rt,normal,0.6348633170127869
4bmoar,normal,0.6695699691772461
5vmbs2,normal,0.6563531756401062
2agup5,normal,0.8001670241355896
7qz4hp,normal,0.7860631346702576
dujxn6,normal,0.6384854912757874
6a8com,normal,0.7268762588500977
6lmr1m,normal,0.772605299949646
bb4qeh,normal,0.6857995390892029
83ngrg,normal,0.7786402106285095
58cuis,normal,0.8115617632865906
lj6o5a,normal,0.7718327045440674
linuva,normal,0.7664764523506165
mbx68d,normal,0.682161808013916
m7644d,normal,0.8101495504379272
mvvlgg,normal,0.6990031003952026
ku3906,normal,0.7959299087524414
mwz0cy,normal,0.7823426127433777
m5zily,normal,0.7713165879249573
kagawo,normal,0.7521461844444275
b5d5n6,normal,0.6936149597167969
9smzub,normal,0.6874734163284302
l63135,normal,0.7368744015693665
97k0cx,normal,0.7698174715042114
knantd,normal,0.5979731678962708
9bz4w9,normal,0.7645540237426758
iq4aw0,normal,0.7846475839614868
lkyxhx,normal,0.7635633945465088
lanjh6,normal,0.6496270895004272
jf0gbi,normal,0.7430948615074158
l9tm3q,normal,0.7676417231559753
8s7ss5,normal,0.7627556920051575
mxqfck,normal,0.7557944059371948
mxpig6,normal,0.7483941316604614
mxjijh,normal,0.8031063675880432
mxccmt,normal,0.7970801591873169
mtg549,normal,0.7714471220970154
mwpdoc,normal,0.7836253643035889
mw4xnn,normal,0.7048406004905701
musogk,normal,0.6539425849914551
mudn44,normal,0.7023150324821472
muzlpq,normal,0.7758376002311707
muevyc,normal,0.7284586429595947
msz113,normal,0.7923180460929871
ms7kf5,normal,0.7703787684440613
ms4tvo,normal,0.5522230863571167
m5pw3o,normal,0.7570759057998657
l682qu,normal,0.7796422243118286
lzimi7,normal,0.7359092235565186
mdxhqb,normal,0.7456021904945374
lmzosj,normal,0.7736349701881409
gjr44d,normal,0.7858894467353821
kp3dy7,normal,0.7239831686019897
gt6vum,normal,0.8106144666671753
kf1voo,normal,0.784806489944458
9k14a1,normal,0.6013376712799072
jj5xcq,normal,0.828890323638916
knhw9b,normal,0.7631562948226929
jmg91v,normal,0.7610900402069092
i4g0uj,normal,0.7591400742530823
mvlahv,normal,0.732837975025177
mvwzoz,normal,0.8232864737510681
mwn7dz,normal,0.7791617512702942
mwbqfd,normal,0.7075225710868835
ms8u06,normal,0.6884517073631287
mu2mai,normal,0.7921991348266602
mts5uk,normal,0.782028317451477
mpoybt,normal,0.7780158519744873
mpklbo,normal,0.8321084976196289
mop2ui,normal,0.7937378883361816
mnd5rz,normal,0.7846740484237671
mmhjn2,normal,0.7611143589019775
mag9f5,normal,0.7960700392723083
mujr0f,normal,0.755214273929596
ivknz3,normal,0.7879970669746399
hhycwy,normal,0.8080045580863953
mlsnrq,normal,0.8028092384338379
l2kgbr,normal,0.7022634744644165
lxejsu,normal,0.7845798134803772
kl9l3u,normal,0.7756654024124146
kkjpe4,normal,0.7581789493560791
dmncih,normal,0.7812805771827698
mlo8fr,normal,0.7721853852272034
eror0a,normal,0.7828185558319092
lj8i50,normal,0.7464007139205933
gnzzt0,normal,0.8016896843910217
8o3d24,normal,0.7554346919059753
ho945c,normal,0.7347638607025146
b2811a,normal,0.8230520486831665
8kltzs,normal,0.8224253058433533
106xob,normal,0.7246512174606323
mxg84t,normal,0.7197060585021973
mu6jv9,normal,0.7979406118392944
mr86jn,normal,0.6796148419380188
