tweet_id,classification,classification_score
mmz35z,normal,0.7742006182670593
mldusb,normal,0.8129374980926514
mt11jf,normal,0.6966651678085327
mqy0re,normal,0.8051929473876953
msaeht,normal,0.76682448387146
mwxpfz,normal,0.8004395961761475
llstri,normal,0.7253574728965759
mv75aj,normal,0.7265689969062805
meuvbd,normal,0.7404097318649292
m9175t,normal,0.6075735688209534
mx8qdh,normal,0.6874734163284302
mqq1j0,normal,0.7835483551025391
md4nye,normal,0.7530438899993896
moynzd,normal,0.7722760438919067
mol6y4,normal,0.7629668712615967
m39ol5,normal,0.8102743029594421
m2fce5,normal,0.7211029529571533
lqqu7s,normal,0.6996863484382629
mwicz1,normal,0.7690389752388
mp8vy4,normal,0.7945848107337952
lwnaji,normal,0.7628728151321411
lwgn7q,normal,0.7623485326766968
m9cr26,normal,0.8112651109695435
mstm8s,normal,0.7873609662055969
msdrqx,normal,0.6312022805213928
max342,normal,0.7785090208053589
mwmku3,normal,0.6848093271255493
maqm8g,normal,0.7497652173042297
mfuz6e,normal,0.748979389667511
lrfkrs,normal,0.7912843227386475
mjrydz,normal,0.7452542781829834
mizv3x,normal,0.7029284238815308
l6psq1,normal,0.7952889204025269
mh9uwk,normal,0.7340065240859985
k152bc,normal,0.8009390830993652
mp1w76,normal,0.7664002180099487
l1h025,normal,0.6849097013473511
lw22yp,normal,0.5878432989120483
m5tz7h,normal,0.7742529511451721
mg62nt,normal,0.7572718262672424
m5mpms,normal,0.7378641963005066
mpq0xu,normal,0.8014116287231445
m9231m,normal,0.7672675251960754
m44cf9,normal,0.7556942105293274
mv7vq0,normal,0.7149321436882019
mtdnaj,normal,0.8181887865066528
mlscla,normal,0.7685593962669373
lchnq1,normal,0.7331592440605164
iw3khi,normal,0.7996447086334229
lahoew,normal,0.7159818410873413
mgz4wt,normal,0.7731082439422607
mg7a9f,normal,0.7738654017448425
k8vils,normal,0.7640424966812134
mr0n6w,normal,0.786946177482605
hbn6i3,normal,0.7874037027359009
lo4l6v,normal,0.809039831161499
mxbcsl,normal,0.7419782876968384
mr7wn2,normal,0.7667132616043091
mmksae,normal,0.7019681334495544
lf5jnl,normal,0.6877060532569885
luuin4,normal,0.7684004306793213
lp2yf3,normal,0.7624308466911316
mgeub8,normal,0.7645864486694336
kn7oqb,normal,0.7667450904846191
m2vqbh,normal,0.5076100826263428
mj9s43,normal,0.7621490955352783
mf6gyi,normal,0.7471187710762024
ml3xh4,normal,0.7025589942932129
lxv77c,normal,0.8232181668281555
imkvz1,normal,0.7776896953582764
mu848r,normal,0.7995781898498535
erprpg,normal,0.7872142195701599
kqcqlp,normal,0.7772583365440369
mawwci,normal,0.7113052010536194
mml1pk,normal,0.8135969638824463
ldnqmn,normal,0.7639751434326172
m8uiwa,normal,0.7505444884300232
g0v691,normal,0.7584986686706543
mjy8wf,normal,0.7578120231628418
mh02ys,normal,0.7851066589355469
ll0za7,normal,0.7533830404281616
m6jwrd,normal,0.49760597944259644
lwxljq,normal,0.7195391058921814
ktz223,normal,0.7961339354515076
hwrzyn,normal,0.811530590057373
iajvhf,normal,0.7663617730140686
ljj601,normal,0.7494057416915894
m01au0,normal,0.8113096356391907
l4z6na,normal,0.6682025194168091
ajpnj1,normal,0.7430405616760254
kvjjhj,normal,0.709521472454071
lks3nl,normal,0.7179352641105652
lohtk5,normal,0.7930121421813965
m20nor,normal,0.8254169821739197
m4cr04,normal,0.7905768156051636
ljcndb,normal,0.7477302551269531
eb9c68,normal,0.7948796153068542
lkaklh,normal,0.6858432292938232
l2pj7r,normal,0.748816728591919
lilmcy,normal,0.7652462124824524
mx7tsv,normal,0.7652709484100342
mxfsl1,normal,0.7602272033691406
mv6yaf,normal,0.7499371767044067
mpd14l,normal,0.7993752956390381
ms1cu3,normal,0.7117356061935425
mookug,normal,0.6852892637252808
mrv20z,normal,0.6858627796173096
mo3jxc,normal,0.6834086775779724
mq5y94,normal,0.6704440712928772
mpjwrl,normal,0.7182940244674683
moyjk5,normal,0.5821369290351868
mo3hzg,normal,0.7312675714492798
mo3n6k,normal,0.7678989171981812
ml3g42,normal,0.7582303881645203
mkw9ka,normal,0.7952418327331543
mfysqq,normal,0.7498366236686707
meusn6,normal,0.801923930644989
mfsxp6,normal,0.7178348302841187
mahx1b,normal,0.8052314519882202
mb5zt8,normal,0.7206858992576599
m8zwmr,normal,0.8525211811065674
m5guhw,normal,0.8311508893966675
m5ct7b,normal,0.7804107666015625
m4bsgm,normal,0.7929190397262573
m4mhc8,normal,0.7764747738838196
m4b0xe,normal,0.7964429259300232
m49wsq,normal,0.7825941443443298
lzf58j,normal,0.8011007905006409
m1e15c,normal,0.8087371587753296
m0jnho,normal,0.7705479264259338
lzdbwk,normal,0.742801308631897
lywl0r,normal,0.4845997095108032
lyxnax,normal,0.7937667369842529
lyyi9o,normal,0.8041113615036011
lysxbd,normal,0.7512451410293579
lxchjm,normal,0.777111291885376
lwiqz9,normal,0.7678744196891785
lwg5qh,normal,0.75075364112854
lumd2g,normal,0.7557552456855774
lu2ssg,normal,0.7560021877288818
lszbvb,normal,0.7578264474868774
loktha,normal,0.8014119863510132
lqp3h0,normal,0.689932644367218
lq82zq,normal,0.7413979768753052
lonnc3,normal,0.8004859089851379
lk3tm6,normal,0.797529935836792
lmttl1,normal,0.7836819291114807
lkiaf4,normal,0.7761658430099487
lk2rvk,normal,0.6545909643173218
lck1pu,normal,0.7937827110290527
mlnqoy,normal,0.7692785859107971
mn6huh,normal,0.6707600355148315
lpuh27,normal,0.7673987150192261
mb6pda,normal,0.8165068030357361
m0fdne,normal,0.744499683380127
lj789y,normal,0.8199030756950378
kv7oi1,normal,0.7894548773765564
je1t7y,normal,0.8140235543251038
m3uqx7,normal,0.7925692796707153
kfc1f3,normal,0.683497965335846
m7tu9o,normal,0.7748123407363892
msptu0,normal,0.7967954277992249
mtcpi0,normal,0.7391769886016846
hpddl7,normal,0.8020972609519958
mv82et,normal,0.7766563892364502
m6jaqu,normal,0.7169508337974548
m2ldt7,normal,0.7692998051643372
mh7ylf,normal,0.7742481827735901
lx2ra9,normal,0.8549756407737732
fzz8oe,normal,0.7980868816375732
ikstnc,normal,0.8272026777267456
ekmpk5,normal,0.7509633898735046
mddncy,normal,0.8389261364936829
m8py43,normal,0.6551176905632019
iqoco9,normal,0.7536792159080505
gf9beo,normal,0.7234152555465698
l5tun4,normal,0.6882783770561218
gg43m7,normal,0.7478523850440979
mh1z9e,normal,0.7178114056587219
liyz99,normal,0.7158036231994629
lj0x3p,normal,0.7783936262130737
m4h9rw,normal,0.7254195213317871
i7xpqg,normal,0.7505876421928406
lz8r1v,normal,0.7835090160369873
m6zv6r,normal,0.7085046768188477
ma1nge,normal,0.7597600817680359
cjedpk,normal,0.8030784130096436
g7xbx0,normal,0.7942984700202942
bje7ra,normal,0.7782271504402161
m9qnyk,normal,0.7780977487564087
lmzpvq,normal,0.7993794679641724
kf2gkj,normal,0.7568567395210266
kqn9ds,normal,0.6013920307159424
li2rrt,normal,0.8218898177146912
kywyvv,normal,0.761580765247345
lojhqc,normal,0.6582263708114624
90incg,normal,0.7240207195281982
kpkmbz,normal,0.7722249031066895
loqjeh,normal,0.8205607533454895
mpw7g7,normal,0.7969895601272583
lputfy,normal,0.6651316285133362
mla2o7,normal,0.703731119632721
lway0g,normal,0.7430958151817322
l8dxi9,normal,0.7692749500274658
l2xwe5,normal,0.7029646039009094
mli6ob,normal,0.7651392221450806
lmekjr,normal,0.7838816046714783
ldd7vc,normal,0.7864512205123901
meeudu,normal,0.7857391834259033
kzhho5,normal,0.5980801582336426
mn8cf2,normal,0.7407383322715759
j2vos3,normal,0.8030028343200684
martg6,normal,0.6580475568771362
mv7h91,normal,0.6466395258903503
mr3qdr,normal,0.6406059265136719
ltwjs0,normal,0.6978657245635986
mbbvhh,normal,0.5301488041877747
lsz6lr,normal,0.6210595369338989
lj1ca2,normal,0.6890023350715637
l2m4m5,normal,0.807567298412323
hulhbk,normal,0.5940697193145752
hh8e20,normal,0.7645444273948669
em0uum,normal,0.5794340968132019
mf7knn,normal,0.7249912023544312
lfg2n9,normal,0.5195633172988892
mron7b,normal,0.7135793566703796
mwfp4c,normal,0.6985243558883667
mf3c5x,normal,0.6532586812973022
mj72j2,normal,0.5539630055427551
ltsm92,normal,0.666580080986023
lbw88m,normal,0.7545633316040039
l75rlr,normal,0.5562382340431213
mhdg1t,normal,0.6814346313476562
ljbb47,normal,0.5399794578552246
l4o9hr,normal,0.699244499206543
lgei00,normal,0.6784825325012207
fdn976,normal,0.5572078824043274
l8jfry,normal,0.5681582093238831
lokusu,normal,0.7758206725120544
lcwgks,normal,0.6849684119224548
lejwf2,normal,0.7524732947349548
lkvmyh,normal,0.5907462239265442
l00aj1,normal,0.65523362159729
lxp806,normal,0.7117671370506287
m4z7m1,normal,0.6364779472351074
lsnk5n,normal,0.741494357585907
ke1ztl,normal,0.6045057773590088
lzzk55,normal,0.738629162311554
mq3hht,normal,0.8456825613975525
mupxl8,normal,0.7168031930923462
m8lcti,normal,0.8131124973297119
m3muyx,normal,0.7949438095092773
fwryh1,normal,0.8288035988807678
mod88c,normal,0.7683676481246948
mpabzp,normal,0.7646974325180054
c00fja,normal,0.7356916069984436
kxbmfa,normal,0.7610963582992554
dm7obe,normal,0.688568115234375
lma4oj,normal,0.6857265830039978
61zaag,normal,0.7943860292434692
7palqv,normal,0.8048123121261597
a6iw39,normal,0.7761852741241455
970aw3,normal,0.7842571139335632
6k9bf3,normal,0.761520504951477
8pc60o,normal,0.754362165927887
bzcg2a,normal,0.8131669759750366
abg6xc,normal,0.7149485349655151
9672jr,normal,0.8067683577537537
8mf3n3,normal,0.7253404855728149
87lgov,normal,0.7732149958610535
3978ab,normal,0.7556010484695435
3lc6a2,normal,0.7710360884666443
3b4gwm,normal,0.7758898138999939
8nq9o1,normal,0.818122923374176
78haar,normal,0.7375597953796387
dvlkbo,normal,0.7696890234947205
85vh6w,normal,0.7733793258666992
3dms3a,normal,0.8148757219314575
3esvfl,normal,0.7772197127342224
3dce85,normal,0.8228104710578918
4ugalj,normal,0.7694308757781982
arnwvm,normal,0.6842032670974731
3kul2k,normal,0.8017610311508179
d6e8q0,normal,0.7612998485565186
d9d7ei,normal,0.7802557349205017
9zm4j8,normal,0.7607783675193787
8omgvn,normal,0.7272448539733887
8eer7i,normal,0.7880085110664368
360vla,normal,0.7992345690727234
759awd,normal,0.7476582527160645
8k3rnz,normal,0.7703428268432617
336yil,normal,0.6617252826690674
9jwb60,normal,0.7045164704322815
3dik38,normal,0.7463350296020508
6238c8,normal,0.7321386933326721
bngcws,normal,0.7260566353797913
bmar2m,normal,0.6326154470443726
bwea5s,normal,0.7337811589241028
ligkuc,normal,0.7966957092285156
mdoi6n,normal,0.802585780620575
m7tc6q,normal,0.8004915714263916
mw8s27,normal,0.8312847018241882
mrrnx5,normal,0.8048179149627686
moqvzn,normal,0.8151902556419373
mtl5b8,normal,0.8191972970962524
mis59y,normal,0.7217763662338257
lwr9ou,normal,0.7231435775756836
mk2jg0,normal,0.7873516082763672
lhxkvw,normal,0.8233270645141602
m2bk3j,normal,0.718562662601471
m580yj,normal,0.7660419940948486
mpxdxe,normal,0.814688503742218
lr4vvt,normal,0.7599741816520691
lr27mm,normal,0.7631285786628723
m14vu9,normal,0.7908244729042053
mnde2r,normal,0.7782378792762756
mi6b8i,normal,0.7523180842399597
lj2de9,normal,0.6654307246208191
med2y7,normal,0.8081483244895935
m4lpxt,normal,0.7651024460792542
mak47n,normal,0.7905676960945129
m2pg5z,normal,0.797798752784729
l9gv91,normal,0.7463741898536682
mfhfgl,normal,0.7539137601852417
miyy2r,normal,0.711982786655426
m3vc3v,normal,0.8179449439048767
lzb6l0,normal,0.7748557329177856
m1msn3,normal,0.8053483366966248
mu1ur2,normal,0.7969748973846436
leinzr,normal,0.7592889666557312
msovc7,normal,0.7846587896347046
mk5jen,normal,0.7888391017913818
lwi0kh,normal,0.7816253900527954
lcwdyf,normal,0.8047387003898621
ltzgik,normal,0.8142982125282288
ltkyek,normal,0.8120259642601013
mrgra3,normal,0.7569103837013245
l4b3nd,normal,0.7353603839874268
m9lthc,normal,0.7920337915420532
l9r07q,normal,0.6433301568031311
kiey1t,normal,0.7746102809906006
kb352q,normal,0.7962207794189453
mmxuth,normal,0.7641041278839111
md9srj,normal,0.7726578712463379
lcnexa,normal,0.7815537452697754
m2ccd3,normal,0.6557326912879944
hbfkpx,normal,0.7648155093193054
muu0j9,normal,0.6830395460128784
mx9bbn,normal,0.7776032090187073
mu1shn,normal,0.7842464447021484
mss2m1,normal,0.750081479549408
mswhbu,normal,0.7966967821121216
mrtxv5,normal,0.754875123500824
mqubyz,normal,0.7738825678825378
monj2y,normal,0.7162318825721741
mi1x22,normal,0.8042578101158142
mmwbnw,normal,0.7341240048408508
mmr3bi,normal,0.8295486569404602
mmgy3w,normal,0.8227311372756958
ml8k98,normal,0.7282052636146545
mgccva,normal,0.8015950322151184
metnyt,normal,0.7466127276420593
mcipie,normal,0.7916527986526489
mcmqyw,normal,0.7331336140632629
manmv3,normal,0.7193028330802917
m6i930,normal,0.7169927954673767
m3pklo,normal,0.7767587304115295
m1zp2c,normal,0.7852145433425903
m1ai0y,normal,0.7312214970588684
lxe2ow,normal,0.7849823236465454
lxam5r,normal,0.7627853751182556
ltyjeb,normal,0.6889780163764954
lth27g,normal,0.6032653450965881
llvohf,normal,0.7706036567687988
ljnvs7,normal,0.7416304349899292
lcv4y6,normal,0.7367808818817139
lf9nlk,normal,0.7683207988739014
leuw2v,normal,0.7318508625030518
lewptw,normal,0.8001643419265747
ladrpy,normal,0.7162693738937378
l6aldc,normal,0.7428808808326721
l5w0q4,normal,0.6811473965644836
l3whto,normal,0.7198821902275085
l2eseq,normal,0.7719507217407227
l0kb1w,normal,0.7717496752738953
l0crsl,normal,0.7510736584663391
kwwwug,normal,0.7825976014137268
kv0uz6,normal,0.7747706770896912
ks2dup,normal,0.7332595586776733
komo3p,normal,0.8407110571861267
knhun9,normal,0.7637849450111389
klnjwi,normal,0.7467804551124573
kkr49e,normal,0.7676394581794739
kkkxos,normal,0.7507972717285156
kj1v36,normal,0.5688508749008179
ln0p8w,normal,0.7905189990997314
lbud5b,normal,0.7683031558990479
kysurb,normal,0.722316563129425
kyb7nd,normal,0.6883354187011719
jzs5ik,normal,0.8056694269180298
jbo3q1,normal,0.8162729740142822
htma2y,normal,0.7653487324714661
hl6sov,normal,0.7440630197525024
gd5imw,normal,0.5559813976287842
g1cdct,normal,0.7850170135498047
g0wjsx,normal,0.7210136651992798
edl8tn,normal,0.761326014995575
daj0o1,normal,0.7704021334648132
d9uqps,normal,0.8030077219009399
d0r0rp,normal,0.8121460676193237
cfdi3z,normal,0.7743258476257324
ceomo9,normal,0.7649356126785278
bksdr7,normal,0.7510442733764648
b8ycmd,normal,0.8010597229003906
b27ux4,normal,0.7511997818946838
azgp8h,normal,0.8302487134933472
aoasgl,normal,0.7811322212219238
alttqf,normal,0.7982207536697388
8rs67n,normal,0.7786917686462402
4gqlh2,normal,0.7661619186401367
mvs1d5,normal,0.7922853231430054
lx7xmm,normal,0.7935283780097961
m7usqs,normal,0.8264335989952087
m7uybn,normal,0.8261094093322754
lx5lk9,normal,0.7443380355834961
mrx1p3,normal,0.7990821599960327
mw5dtq,normal,0.8042790293693542
mgl81j,normal,0.7637984156608582
m6njzk,normal,0.784396767616272
mr4gna,normal,0.7574129104614258
kd1i98,normal,0.7701157331466675
mi7u2u,normal,0.7794443368911743
mru8fm,normal,0.8107161521911621
mvkkwm,normal,0.7664363384246826
k56rzw,normal,0.7064430713653564
ksy8yi,normal,0.7305264472961426
ko52cp,normal,0.7879064679145813
mu6fnk,normal,0.7982150316238403
lq3n7f,normal,0.7608707547187805
m5nq1m,normal,0.7136076092720032
ko3oqq,normal,0.8137194514274597
kalnaj,normal,0.8390836715698242
mhiv0s,normal,0.528759777545929
m9b3to,normal,0.7697347402572632
m08ae5,normal,0.8309653401374817
ln0wnq,normal,0.7695761322975159
m1k0dr,normal,0.7809402942657471
kx9s45,normal,0.706386387348175
krtzaz,normal,0.7866025567054749
lrl5qu,normal,0.7597994208335876
lq7zq9,normal,0.7940064668655396
lim1l1,normal,0.759742021560669
lsh747,normal,0.804295539855957
lg4l63,normal,0.7967709302902222
jxet57,normal,0.7774329781532288
jrllhe,normal,0.7080458998680115
lts846,normal,0.7309442162513733
m78m38,normal,0.8355458378791809
m3nfho,normal,0.78130704164505
liyvyi,normal,0.6672887206077576
lscp5o,normal,0.8086439967155457
m98u7j,normal,0.7981637716293335
lrjnni,normal,0.8680523037910461
lij7si,normal,0.7854672074317932
lf0f2h,normal,0.8139660954475403
lorvng,normal,0.696071207523346
lo9ngh,normal,0.7634701728820801
im1oct,normal,0.7693204879760742
lho204,normal,0.7963621020317078
mf8lir,normal,0.7994016408920288
mpa821,normal,0.7582777142524719
mwixu1,normal,0.7840089201927185
m4c1ef,normal,0.7904084920883179
mtmqtd,normal,0.6869019865989685
mej3ad,normal,0.791218638420105
mqeerd,normal,0.8149881958961487
me4mzj,normal,0.7966583967208862
m3nhqv,normal,0.7651164531707764
lyd52f,normal,0.7468163967132568
mr6qr0,normal,0.8267433643341064
mnau9z,normal,0.788163423538208
m9fpgb,normal,0.7182272672653198
m83s1q,normal,0.736869215965271
m54dd6,normal,0.7011270523071289
mc64ph,normal,0.7500048875808716
l9qoac,normal,0.7678199410438538
lqw07c,normal,0.7224898934364319
mqw9e0,normal,0.7522756457328796
mt1vc9,normal,0.8393489718437195
ln4kej,normal,0.7665505409240723
m2v2mp,normal,0.7711557745933533
lje8lt,normal,0.7443954348564148
l2s95u,normal,0.7977186441421509
iwwadq,normal,0.7644271850585938
i5ppvz,normal,0.6557326912879944
hx97fe,normal,0.7663848996162415
hp3s2m,normal,0.8117468953132629
bn62me,normal,0.7901034951210022
e8fwak,normal,0.7374562621116638
btbc7k,normal,0.7789046764373779
dm4v9c,normal,0.7731801271438599
d9bezz,normal,0.779667317867279
jr21qt,normal,0.834720253944397
jgwl9o,normal,0.8167791962623596
mqapti,normal,0.8184934854507446
kb45tk,normal,0.7343714833259583
jcqu76,normal,0.8118167519569397
j4gida,normal,0.7856677174568176
lv0jev,normal,0.7948315143585205
lr38h4,normal,0.6908981204032898
luqrqf,normal,0.7702612280845642
lssrdc,normal,0.8029830455780029
frkzik,normal,0.7169420123100281
lpfl9v,normal,0.7948315143585205
lk66ht,normal,0.7948315143585205
lf4ifj,normal,0.7948315143585205
m9dkep,normal,0.7859094142913818
m8xw67,normal,0.7955166101455688
fqbo6a,normal,0.8155474662780762
fg2rum,normal,0.7056484222412109
ktupq1,normal,0.7192074060440063
l4gg33,normal,0.7948315143585205
kznmg1,normal,0.7948315143585205
kfbqfy,normal,0.7518526911735535
kfdsxj,normal,0.7542791962623596
kv35x6,normal,0.8018417358398438
ixrsz5,normal,0.7197102308273315
kcyrqb,normal,0.8231347799301147
krnrvt,normal,0.8018417358398438
f4wo8k,normal,0.6702550053596497
klrn0j,normal,0.8231347799301147
khikvf,normal,0.8231347799301147
k3wwt9,normal,0.8231347799301147
k8hpo0,normal,0.8231347799301147
jzipg7,normal,0.8231347799301147
jv7rqw,normal,0.8231347799301147
jojbrw,normal,0.8184614777565002
b23b9n,normal,0.8117496371269226
je2sb3,normal,0.8231347799301147
k85740,normal,0.812667191028595
jqyoyd,normal,0.8231347799301147
i8r90g,normal,0.7844361662864685
jmoicc,normal,0.8231347799301147
jifocf,normal,0.8231347799301147
j9s0km,normal,0.8231347799301147
j5kipy,normal,0.8231347799301147
haccvz,normal,0.7931573390960693
89fuo1,normal,0.6426148414611816
io8jfi,normal,0.8231347799301147
ijz4y2,normal,0.8231347799301147
8e6923,normal,0.7488555312156677
mpgmt8,normal,0.7907737493515015
ku7ze2,normal,0.7849553227424622
kzat9j,normal,0.7031005620956421
l79dcx,normal,0.6061685085296631
jvy1fn,normal,0.7959693670272827
g2q35c,normal,0.770423412322998
kx9uzu,normal,0.8034385442733765
kt43jb,normal,0.8292872309684753
jrleu4,normal,0.8106935620307922
lqeund,normal,0.7835052013397217
ir5x1v,normal,0.7591536641120911
hj6zf0,normal,0.773004949092865
j8d4bk,normal,0.7997021675109863
l8yczc,normal,0.7478818893432617
euthgv,normal,0.7954038381576538
bjhcjy,normal,0.804119348526001
hrduj1,normal,0.7955811023712158
hyvt6e,normal,0.8000993132591248
gmi85d,normal,0.6939483880996704
ihu7d3,normal,0.6722246408462524
fwrh79,normal,0.7369657158851624
dbx7to,normal,0.7858045101165771
ftu8vu,normal,0.7818874716758728
axtrx7,normal,0.7774466872215271
av488y,normal,0.7992638945579529
aaglsc,hate speech,0.3855035603046417
6j3gk2,normal,0.7071956992149353
bdepk9,normal,0.8003764748573303
mfta7m,normal,0.7980345487594604
gf99jh,normal,0.7234152555465698
gg44k0,normal,0.7478523850440979
jt4je9,normal,0.8092268705368042
hfa95u,normal,0.7997033596038818
hq5ewq,normal,0.8033487796783447
c5pjii,normal,0.7582967281341553
dh9zam,normal,0.8230607509613037
aw3ien,normal,0.7667288184165955
9kooym,normal,0.6823465824127197
8qd5mo,normal,0.7905063033103943
4nn06g,normal,0.7831082940101624
ihw6zl,normal,0.7781819701194763
avatcx,normal,0.7588320970535278
7vu8nc,normal,0.7009903788566589
ih3ucl,normal,0.7465569972991943
g0nj3i,normal,0.786672055721283
ash4em,normal,0.7780970335006714
l4ov4s,normal,0.7915513515472412
lh396y,normal,0.7760964035987854
l49m5x,normal,0.788851261138916
laxhfi,normal,0.7799302935600281
mn1vj0,normal,0.8170909285545349
mi1uoq,normal,0.7616704106330872
lhl311,normal,0.6664150357246399
iw5zni,normal,0.7810497879981995
lk4lvr,normal,0.7824531197547913
l8zpc8,normal,0.6849257946014404
l0oi9t,normal,0.8194448947906494
fh3n8z,normal,0.747678279876709
kgeqpn,normal,0.8043475151062012
kash9l,normal,0.83772873878479
gg4f7h,normal,0.791182816028595
ff3mdp,normal,0.7386424541473389
fgyziu,normal,0.8131550550460815
e7j7s5,normal,0.8356587290763855
ea45d0,normal,0.8166055083274841
an2yxu,normal,0.7692483067512512
awycfy,normal,0.7968023419380188
8eeql9,offensive,0.49229684472084045
4f39qe,normal,0.7339240908622742
muen4z,normal,0.7956952452659607
mmhinz,normal,0.8098952770233154
jqfsaz,normal,0.7699180841445923
i6ewnv,normal,0.74222731590271
f7g5on,normal,0.7951002717018127
dvfjmi,normal,0.7697178721427917
cuorzl,normal,0.7889301776885986
lidq2f,normal,0.7925490140914917
jg9oll,normal,0.7853776216506958
fhxvth,normal,0.7675389051437378
ehhgxt,normal,0.6013384461402893
e51rcl,normal,0.8232580423355103
bx3qap,normal,0.7026733160018921
8n29yj,normal,0.7957728505134583
4f99ty,normal,0.7842958569526672
lib5yh,normal,0.7863377332687378
f6wbdd,normal,0.7719953060150146
eslo0k,normal,0.6830140352249146
elf67f,normal,0.7852652072906494
ckb8yi,normal,0.8167705535888672
bj2c8s,normal,0.7878685593605042
biaj7v,normal,0.7403955459594727
anolwg,normal,0.6984381079673767
8kvjgu,normal,0.7018589973449707
mu81yh,normal,0.7990292310714722
k3g0nc,normal,0.7953107357025146
maufek,normal,0.7976735234260559
j39n3i,normal,0.7460445761680603
ldibsn,normal,0.7472365498542786
l0h1wo,normal,0.839159369468689
kn84gm,normal,0.7808973789215088
ewuh73,normal,0.7449780106544495
l78oub,normal,0.8084394335746765
bt137e,normal,0.8153733611106873
jdm71p,normal,0.6493387222290039
fi674u,normal,0.818148672580719
9su0ex,normal,0.742781400680542
h7w0t8,normal,0.8224806189537048
hi77ex,normal,0.6670811176300049
i8dald,normal,0.78389573097229
ddbs4e,normal,0.6358745694160461
esrunj,normal,0.7493758201599121
da8sbx,normal,0.7514932155609131
mnbggz,normal,0.7562981843948364
mpi9p3,normal,0.7886942625045776
mi2i5k,normal,0.7961735129356384
lcgakt,normal,0.6626893877983093
mjs6v9,normal,0.7624236345291138
loa4o6,normal,0.7525414228439331
mti29v,normal,0.799106240272522
m0lr8f,normal,0.5712149739265442
kt4c22,normal,0.7270053029060364
mwepef,normal,0.7487468719482422
mkvn4m,normal,0.7036305665969849
m00tk3,normal,0.7865622043609619
luwmg7,normal,0.8546090126037598
mphopz,normal,0.7919999957084656
mwsy8b,normal,0.7631174921989441
mgee5k,normal,0.6698710918426514
kmztvc,normal,0.7370288968086243
mwfxsd,normal,0.7954025864601135
m44sxp,normal,0.7085736393928528
m2v1lk,normal,0.7849140167236328
ms5lpc,normal,0.781512975692749
mhgdyd,normal,0.7021227478981018
mapuxy,normal,0.8132736086845398
lz7cch,normal,0.7875674962997437
ly9064,normal,0.8160605430603027
lqv32g,normal,0.7688747644424438
ldqu0v,normal,0.708410382270813
mfgbjo,normal,0.6999635100364685
msls1q,normal,0.7666494250297546
lrpo1l,normal,0.7391260862350464
lq550t,normal,0.7954995036125183
m87yln,normal,0.7426992058753967
mji2uq,normal,0.774335503578186
mvpez8,normal,0.7250881791114807
m4ecnr,normal,0.7310487627983093
mj775l,normal,0.6947438716888428
mhc665,normal,0.6460782289505005
ixic04,normal,0.7631222605705261
kzjgr7,normal,0.7704897522926331
lb7rtj,normal,0.7825915217399597
lpwsc9,normal,0.7482736110687256
l5enrl,normal,0.7883355617523193
m5o22f,normal,0.7699816823005676
mo8z4l,normal,0.7404923439025879
lltjgj,normal,0.7427346706390381
mtdvbf,normal,0.8500048518180847
lciqbb,normal,0.7543192505836487
mpjwt8,normal,0.8097900748252869
mqft7b,normal,0.7977054715156555
m78mqn,normal,0.8042756915092468
ltdse2,normal,0.7305948138237
mfgg9p,normal,0.7520207762718201
lcn9t9,normal,0.7885946035385132
lwd1u9,normal,0.7813995480537415
msoh4l,normal,0.8191654682159424
j62p3a,normal,0.7960430979728699
knujjz,normal,0.7613628506660461
jnpbsb,normal,0.7940876483917236
l9es9b,normal,0.736651599407196
muoaqt,normal,0.7689017057418823
lkv3gs,normal,0.6095224618911743
mhlur1,normal,0.7996729612350464
msgeun,normal,0.5667787194252014
ks6wac,normal,0.7739946842193604
cvsv1x,normal,0.8298156261444092
kpdxsl,normal,0.7714046835899353
m97o5p,normal,0.7236365079879761
mcn7jr,normal,0.7975021600723267
mgv44i,normal,0.6729599237442017
mmndbl,normal,0.8310156464576721
i7ezfk,normal,0.7986794710159302
m2g1n4,normal,0.7401142716407776
jnnd8n,normal,0.7889384627342224
msjtkg,normal,0.7900723814964294
joqcfx,normal,0.8120917081832886
gjc20e,normal,0.7260420322418213
l4ifs4,normal,0.8043922781944275
igk3hp,normal,0.704453706741333
m4ixo8,normal,0.7688539028167725
f0nu0x,normal,0.7674931287765503
j4rb8p,normal,0.7769274115562439
m3tz4m,normal,0.7345353960990906
moffeb,normal,0.8102067708969116
i3rhm0,normal,0.7149406671524048
iguh06,normal,0.7606592774391174
d023c6,normal,0.6460652351379395
f1da7d,normal,0.7459903955459595
eyt5sz,normal,0.7295818328857422
luvggo,normal,0.795360267162323
mn0nh1,normal,0.7478987574577332
hzxn0d,normal,0.6762894988059998
mtdu0e,normal,0.7202652096748352
mvjry8,normal,0.7903681993484497
mgpwvq,normal,0.8377884030342102
d6ivfs,normal,0.8097098469734192
lolx5c,normal,0.7815377116203308
km5rjt,normal,0.786379873752594
mxdvxu,normal,0.7572134137153625
fhr7u9,normal,0.7808574438095093
m4djmo,normal,0.8001118302345276
mdpbzy,normal,0.7052062153816223
lxsgoj,normal,0.8119111657142639
ka6neo,normal,0.8335418105125427
kwzlfk,normal,0.7999840974807739
inmxoz,normal,0.7772303819656372
lbc49w,normal,0.7937516570091248
mbdcpy,normal,0.7979314923286438
j22j6z,normal,0.8095237612724304
lkdiqx,normal,0.7728002071380615
jgs0dn,normal,0.7704287767410278
m471cz,normal,0.7305014729499817
lknk7n,normal,0.8060671091079712
fxa59w,normal,0.7598896026611328
m9a5bg,normal,0.7851907014846802
mc29v8,normal,0.8252748847007751
mcg7bo,normal,0.835807204246521
ilkfyh,normal,0.7721083164215088
grrao1,normal,0.8280422687530518
mpluim,normal,0.8302710652351379
ena50q,normal,0.8038683533668518
meyu6j,normal,0.7031698822975159
litb89,normal,0.818221926689148
mpk86q,normal,0.8048607110977173
m6gw72,normal,0.8231626152992249
mrapca,normal,0.7368889451026917
fcg7hf,normal,0.7998316884040833
h7qrpv,normal,0.8029149174690247
jw1ztc,normal,0.6918854117393494
e2bran,normal,0.7939284443855286
mgu4d3,normal,0.7621843814849854
lwtzwd,normal,0.7919470071792603
g8r1i5,normal,0.7832736372947693
elx6dz,normal,0.6696144938468933
ml0pve,normal,0.7083649635314941
m5d7y1,normal,0.8086458444595337
a3wpsr,normal,0.7415503859519958
g0px78,normal,0.7949858903884888
i2fbi0,normal,0.7996469736099243
b8ownq,normal,0.8382999897003174
kbcwe5,normal,0.7288416624069214
fj1lme,normal,0.7339885234832764
juy7z4,normal,0.7776870727539062
hy7jte,normal,0.7990493774414062
dm9xzf,normal,0.8225587606430054
luzhcm,normal,0.7267495393753052
ipmgs1,normal,0.8152029514312744
mi99hr,normal,0.7597411870956421
j2a2qh,normal,0.764701783657074
jtdspd,normal,0.7570855617523193
bodsyp,normal,0.7921546697616577
kdynxy,normal,0.7504754066467285
7viovy,normal,0.7955336570739746
187201,normal,0.7274987101554871
g6fbfv,normal,0.737009584903717
dvvx0h,normal,0.7601763606071472
ghy0ex,normal,0.7528939843177795
ewsqbo,normal,0.7557483911514282
gt9kia,normal,0.6416175365447998
fcw44l,normal,0.6905980110168457
d614g,normal,0.6870442628860474
fsedqb,normal,0.496693879365921
fzjic5,normal,0.8035322427749634
6jpda5,normal,0.741563081741333
d7o3fp,normal,0.801256000995636
88ugj9,normal,0.7398990988731384
1971wr,normal,0.7410827875137329
3hgh3n,normal,0.7341217994689941
bp1cru,normal,0.7337157726287842
akga5v,normal,0.6800525188446045
dqfc06,normal,0.7333903908729553
88jju7,normal,0.8077880144119263
9wky1d,normal,0.7876419425010681
4kyso7,normal,0.5998976826667786
8wpktj,normal,0.750529944896698
19c1pl,normal,0.7031593322753906
aessie,normal,0.7444282174110413
45ta52,normal,0.6897779107093811
8vjvf9,normal,0.7162613272666931
6yphgu,normal,0.722182035446167
3ez5cz,normal,0.6821495294570923
5zaf4a,normal,0.6560733914375305
6lfi2g,normal,0.7851700782775879
6j4k3q,normal,0.47784438729286194
2j27b1,normal,0.6248549818992615
59dqeu,normal,0.6433785557746887
5eciws,normal,0.8216149806976318
1or121,normal,0.7157287001609802
15ryrm,normal,0.5895125865936279
4wswmx,normal,0.7778019905090332
29bu91,normal,0.6640545725822449
49hwot,normal,0.7928150296211243
4y62vr,normal,0.6961758732795715
41092a,normal,0.747062087059021
4vuaug,normal,0.8064473867416382
3c65mn,normal,0.4824830889701843
48ctwg,normal,0.5896999835968018
4vmk1o,normal,0.7115410566329956
5s72xy,normal,0.728499710559845
mxbobf,normal,0.8206926584243774
mwrru5,normal,0.8023677468299866
mwpdum,normal,0.7951905727386475
mvg1hj,normal,0.539837121963501
muqxq6,normal,0.7550423741340637
mqzci4,normal,0.7244203090667725
mv16zh,normal,0.7951212525367737
msxbcs,normal,0.7813329696655273
mtaerd,normal,0.7998051047325134
ms7ms9,normal,0.7772025465965271
mr53sr,normal,0.7160063982009888
mndmqt,normal,0.7597440481185913
mpnk5q,normal,0.785716712474823
mpkvll,normal,0.7872899174690247
mpb0dr,normal,0.6575431227684021
mktoe9,normal,0.697135865688324
mobbgp,normal,0.6887518763542175
mn5b8u,normal,0.7845027446746826
mjwxbs,normal,0.7787325978279114
mmkxmk,normal,0.7529478073120117
mhoicc,normal,0.7104654312133789
mk3s7t,normal,0.7642479538917542
miys1h,normal,0.7954919338226318
mhk9hx,normal,0.7836243510246277
mhcmxh,normal,0.802295446395874
mgxr0r,normal,0.7918857336044312
mg7cm7,normal,0.5948465466499329
mg5oum,normal,0.7590841054916382
mg6gtv,normal,0.7523624300956726
md3s76,normal,0.7677720189094543
md34qt,normal,0.7628403902053833
mchuer,normal,0.7873746752738953
mca91j,normal,0.7664368748664856
m7rzg9,normal,0.8158327341079712
mbol0e,normal,0.6808483600616455
mbyf08,normal,0.6832793354988098
mbdmha,normal,0.7982292771339417
magmv5,normal,0.7524991035461426
mam8mq,normal,0.7133873701095581
mahz3i,normal,0.7908188700675964
m9pdvf,normal,0.5190154314041138
m9rufk,normal,0.7348542809486389
m88dki,normal,0.7924124598503113
m86tdf,normal,0.7840301394462585
m807l0,normal,0.7172370553016663
m7dl02,normal,0.7689874172210693
m6ljkr,normal,0.7885912656784058
m5cdbx,normal,0.7286359667778015
m4x81x,normal,0.6650176644325256
m4kc0c,normal,0.7786120772361755
mny06j,normal,0.751514732837677
f7o9g1,normal,0.7839548587799072
lin7hu,normal,0.7446675896644592
ltxy93,normal,0.7022345662117004
lqa24v,normal,0.78899747133255
kulitf,normal,0.7470778822898865
lp31ms,normal,0.7646291255950928
byfop8,normal,0.8079208731651306
j9a5za,normal,0.7667814493179321
lo1xzl,normal,0.7635995149612427
k7jh0y,normal,0.7635497450828552
iomcqc,normal,0.7650203108787537
lcg4dj,normal,0.7352020740509033
ak43oo,normal,0.666972279548645
ju7zdc,normal,0.7636260390281677
jmbic3,normal,0.8295227289199829
dt0h5f,normal,0.7177595496177673
dhlm03,normal,0.7925997972488403
hi9gak,normal,0.6970635056495667
ib72tq,normal,0.7682300209999084
548ncd,normal,0.8049439787864685
hzknst,normal,0.7821798920631409
87e6q8,normal,0.7345834970474243
7smosn,normal,0.7889101505279541
6wavpu,normal,0.7705585956573486
1rip2o,normal,0.7248465418815613
7037z1,normal,0.752535343170166
hfhbcj,normal,0.6909084320068359
gikh9b,normal,0.73113614320755
e9pzxk,normal,0.7893442511558533
f92rak,normal,0.7307300567626953
61eaka,normal,0.7527521252632141
3za7jj,normal,0.7729739546775818
1r0zuw,normal,0.7272863388061523
dpj6bu,normal,0.7942622303962708
ceg4ik,normal,0.7669346928596497
gmy768,normal,0.5956925749778748
a0eslw,normal,0.717487096786499
93gzln,normal,0.7567822337150574
clcf1s,normal,0.7905175685882568
83730l,normal,0.6597628593444824
1xk7xl,normal,0.8041666746139526
2mww52,normal,0.6539616584777832
2hn1jo,normal,0.7891490459442139
qiuom,normal,0.7869293093681335
ffa9xb,normal,0.8122177124023438
8ta5qy,normal,0.7445548176765442
vuj2s,normal,0.6288567781448364
dd8ud9,normal,0.7825740575790405
eym1vg,normal,0.6890784502029419
k8xl7j,normal,0.7377248406410217
lv9z2n,normal,0.7245954275131226
ebn2h3,normal,0.6820436716079712
k9hk35,normal,0.7407174110412598
gmxf1k,normal,0.6601698398590088
iwz9cb,normal,0.6964246034622192
iqq2km,normal,0.7543354630470276
gpjgip,normal,0.7591974139213562
j2t46c,normal,0.7036186456680298
m1sdn1,normal,0.7573454976081848
mwg511,normal,0.6897380948066711
mwajbr,normal,0.7337138652801514
axyml1,normal,0.7541696429252625
mrynmb,normal,0.7448630928993225
mee48k,normal,0.7769669890403748
m3ibyf,normal,0.6336926817893982
acqe4u,normal,0.7568009495735168
bvamn6,normal,0.6709819436073303
d0isys,normal,0.6844707727432251
l40w2y,normal,0.6925125122070312
m025mj,normal,0.7987992763519287
kh5nfd,normal,0.6422443389892578
febmkc,normal,0.7541696429252625
fdza9f,normal,0.7541696429252625
bvrxzg,normal,0.7291678190231323
ebeyo5,normal,0.79816734790802
lkpcim,normal,0.6959913969039917
l06ags,normal,0.7801947593688965
4d6egf,normal,0.7599189281463623
d017qo,normal,0.7076935768127441
aeo59a,normal,0.7743543386459351
5t7gji,normal,0.7586814761161804
j9znvq,normal,0.7141019701957703
7dr093,normal,0.7015624046325684
9sjjj4,normal,0.6847655177116394
j5yc1z,normal,0.6627985239028931
7xjtmo,normal,0.7838817238807678
9h5v87,normal,0.7774426341056824
jkay3n,normal,0.7493208646774292
ades1k,normal,0.7697721719741821
97ogbr,normal,0.7909207940101624
jkmcd6,normal,0.7298530340194702
iotsje,normal,0.7905643582344055
ikhn45,normal,0.8063176870346069
64vrc3,normal,0.7705000638961792
672qvd,normal,0.7637244462966919
iz3utu,normal,0.48413509130477905
j52ctg,normal,0.7535368204116821
i6zlp6,normal,0.7581468820571899
mtirhl,normal,0.5201430320739746
msxa7m,normal,0.6904869675636292
meibzg,normal,0.7145082354545593
m9fu68,normal,0.7743299603462219
m4g7y2,normal,0.7751601338386536
lrnfie,normal,0.8157638311386108
lomqkd,normal,0.6862137913703918
lo9bc3,normal,0.7452271580696106
lie2ht,normal,0.7053431272506714
lh63ox,normal,0.6946882009506226
le3k02,normal,0.7362645864486694
kycj3k,normal,0.7106372117996216
krqhrk,normal,0.5464473366737366
kp6zi1,normal,0.6882283687591553
kgh1jf,normal,0.734978437423706
kgjtxy,normal,0.8058905601501465
kb78qo,normal,0.747149646282196
k7egnq,normal,0.768379271030426
k4wqj4,normal,0.6124925017356873
k3ztaa,normal,0.7280163168907166
k2wcu1,normal,0.7988895773887634
k38boh,normal,0.7832942008972168
ju46zv,normal,0.7939292192459106
jlqz1r,normal,0.7345225811004639
jlmnq3,normal,0.7473469972610474
jk2jox,normal,0.7593182325363159
jhaveo,normal,0.7882223725318909
jf0aq0,normal,0.810767650604248
je1lvf,normal,0.7777666449546814
jd04i8,normal,0.7250552773475647
jai26b,normal,0.7486913204193115
jajakw,normal,0.6437525153160095
j7ktej,normal,0.7422164082527161
j0t32q,normal,0.7648468613624573
j0djzf,normal,0.7837438583374023
ixv3rl,normal,0.7279658317565918
iv3su6,normal,0.7278758883476257
iuauy2,normal,0.7173345685005188
irf8x9,normal,0.8106400370597839
iqou89,normal,0.4827667772769928
imzlef,normal,0.7496320009231567
ij5x3k,normal,0.7280369997024536
iiw1bn,normal,0.6302030086517334
iiygsz,normal,0.6222082376480103
id140p,normal,0.8063071966171265
ibuhub,normal,0.7144132256507874
i95xtt,normal,0.7765294909477234
i61p69,normal,0.8013423085212708
hlz8fy,normal,0.8242504000663757
mg6ldu,normal,0.7417876124382019
mocain,normal,0.7638706564903259
j4hfyb,normal,0.6515165567398071
eua8k7,normal,0.6792647242546082
fwytc0,normal,0.7708675861358643
gxa0qh,normal,0.8040486574172974
mjcacl,normal,0.8416553735733032
moj5pu,normal,0.7422159314155579
j5okur,normal,0.7520790696144104
kbvhuq,normal,0.7803059220314026
ll65u9,normal,0.7326327562332153
ldty5q,normal,0.7463454008102417
6ghz3z,normal,0.4892808198928833
g8wsb,normal,0.7868112325668335
jpuab5,normal,0.7030789852142334
hw8d34,normal,0.7111970782279968
hgwtzj,normal,0.7380955815315247
1hdtnb,normal,0.8031613826751709
88isvq,normal,0.7580855488777161
kfvqoa,normal,0.8215143084526062
jlt3v9,normal,0.7517347931861877
htgu34,normal,0.652046799659729
bpexn8,normal,0.7554765939712524
ew5a56,normal,0.6605402827262878
ayq4c,normal,0.7101402282714844
ih5g4q,normal,0.6923506259918213
cjmkh9,normal,0.6669331192970276
g8f0a7,normal,0.7454126477241516
few2d2,normal,0.6807172298431396
g7qkr5,normal,0.7926963567733765
ne55s,normal,0.7709594368934631
e36d5s,normal,0.7709518074989319
j4j6h3,normal,0.7864981293678284
d5dma1,normal,0.7325764894485474
c1pg4q,normal,0.7611598372459412
hvppcf,normal,0.7500187158584595
501tro,normal,0.7644556164741516
pet7w,normal,0.7659860849380493
gtq564,normal,0.778329610824585
asohau,normal,0.7881351113319397
htirqb,normal,0.659498393535614
einp7z,normal,0.7079035043716431
g2fnyz,normal,0.7385188937187195
j0icsr,normal,0.7472991347312927
eogano,normal,0.6631226539611816
j5zpwi,normal,0.8250977993011475
fy3u83,normal,0.7785752415657043
i9losf,normal,0.7805357575416565
bdhyhy,normal,0.7275266051292419
kt41ks,normal,0.7682864665985107
fyphta,normal,0.7472888231277466
bdvfk4,normal,0.7539395093917847
m6rga7,normal,0.7309223413467407
7unp3l,normal,0.7783170342445374
bir2zl,normal,0.6755850315093994
96uk9d,normal,0.7885941863059998
8jt8ok,normal,0.7049555778503418
7krnge,normal,0.7506917715072632
3zhswo,normal,0.6455921530723572
hwq3yv,normal,0.7402453422546387
1gie1g,normal,0.7001186013221741
lax4pz,normal,0.7803083062171936
77n3pc,normal,0.7954372763633728
d6x54p,normal,0.6249858736991882
8h9uad,normal,0.8210776448249817
ray2e,normal,0.5869163274765015
6ysoyq,normal,0.773491621017456
ht9825,normal,0.6777526140213013
jpnr4k,normal,0.6935724020004272
inpv3a,normal,0.7953121066093445
3gpvhj,normal,0.7993969321250916
hh7pdh,normal,0.7594109773635864
irdqns,normal,0.6748098134994507
e5rgge,normal,0.7613519430160522
hrqj0z,normal,0.5365457534790039
hz9n7p,normal,0.5628612041473389
a33osd,normal,0.7831658720970154
d8sk78,normal,0.7304239869117737
fjx0ed,normal,0.7017660737037659
jgh94w,normal,0.788529634475708
98e0sz,normal,0.5171756148338318
72ofgh,normal,0.8071209192276001
cdzz4,normal,0.7795780301094055
xtqs4,normal,0.6785779595375061
c1mq4,normal,0.7314157485961914
f9wcbz,normal,0.8085625171661377
lon34,normal,0.7270857095718384
33ry66,normal,0.7610360383987427
hamve,normal,0.6999174356460571
2pk0uv,normal,0.6290212273597717
14sg7i,normal,0.7298691272735596
38a36t,normal,0.7429034113883972
992tf,normal,0.7962353825569153
kyp6ru,normal,0.7023369073867798
lo7h9m,normal,0.7260286808013916
1qwk0f,normal,0.7248074412345886
ipa2at,normal,0.8017981648445129
gp0xgz,normal,0.656979501247406
l0vtr,normal,0.6151557564735413
kpdvy,normal,0.7652249932289124
l0099,normal,0.789162278175354
ld9mi,normal,0.7811944484710693
fuwub9,normal,0.7690367698669434
9l8bh,normal,0.7824026942253113
hgng7r,normal,0.7136425375938416
eqcq9i,normal,0.7169666886329651
a5db4s,normal,0.7538756132125854
fm83z4,normal,0.7518872022628784
g3kmab,normal,0.7229713797569275
g1yv3w,normal,0.7410516142845154
e2ng3i,normal,0.6632547974586487
85qatq,normal,0.6404121518135071
f36enm,normal,0.7478584051132202
d9rlhp,normal,0.7248862981796265
8uj0xg,normal,0.6950750350952148
3hbmn0,normal,0.6709115505218506
ay5xp0,normal,0.6909046769142151
8wyvwo,normal,0.6531151533126831
ak1d59,normal,0.6627046465873718
1coy2l,normal,0.5394814014434814
bklvr9,normal,0.769572377204895
3dg40k,normal,0.7690532207489014
9n4zkz,normal,0.7612459063529968
9t1ggt,normal,0.7303519248962402
9ety7w,normal,0.6971247792243958
3tm5jd,normal,0.7743529081344604
3n93dp,normal,0.6119408011436462
2a3ind,normal,0.7875189185142517
787ma6,normal,0.5007756352424622
34di0z,normal,0.6968183517456055
8yxdn9,normal,0.5782803893089294
8s28w7,normal,0.729600191116333
3lxqir,normal,0.6279126405715942
fklla,normal,0.539556086063385
uvcys,normal,0.692676305770874
8a08o6,normal,0.7656010985374451
54q2zb,normal,0.7371442317962646
2qfpdb,normal,0.7443327903747559
4uh2zl,normal,0.6704026460647583
70ft3s,normal,0.7510379552841187
a7c36,normal,0.7970724701881409
jq87io,normal,0.7609966993331909
cg8vtc,normal,0.7225704789161682
d4adcu,normal,0.763755738735199
7wp18r,normal,0.5816968679428101
8erw7a,normal,0.8083004951477051
drqhb,normal,0.7042911052703857
3nhkbv,normal,0.49060532450675964
2x1qbv,normal,0.5766220092773438
mq470b,normal,0.7774956226348877
lkl7gv,normal,0.6244547963142395
leunaa,normal,0.7189964652061462
mbcqn3,normal,0.7856095433235168
jihgbg,normal,0.7672883868217468
kgrsns,normal,0.7209324240684509
mb2ggz,normal,0.7022300362586975
j9d1v9,normal,0.8068353533744812
mjxczp,normal,0.6835713982582092
lpi0ay,normal,0.7189964652061462
mooq4m,normal,0.5462016463279724
i5f9dn,normal,0.7779819369316101
i5kaem,normal,0.7128114104270935
jv5rt6,normal,0.7265949249267578
kpo0aj,normal,0.7308080792427063
mptkwe,normal,0.8344221115112305
k1nqnr,normal,0.7344402074813843
g6oq6t,normal,0.5811317563056946
j5jgkj,normal,0.7843834757804871
gojf15,normal,0.6928706169128418
k7mg04,normal,0.8050662279129028
kn8q9j,normal,0.7083073854446411
iypfgx,normal,0.8064082860946655
hj3plp,normal,0.8161259889602661
k7fz19,normal,0.7594650983810425
jnrd2n,normal,0.7862857580184937
lhh3rl,normal,0.7621279358863831
k1o8ei,normal,0.7694194316864014
le644s,normal,0.8058800101280212
iidg1x,normal,0.7786887288093567
jws1by,normal,0.6468396782875061
e55l12,normal,0.7368879318237305
m7hqzs,normal,0.7530447244644165
ck9s51,normal,0.76328045129776
ki973g,normal,0.7784065008163452
k040pb,normal,0.7220459580421448
fv3uik,normal,0.7698436975479126
d2aumk,normal,0.6880064010620117
gktltx,normal,0.7692721486091614
j7eaie,normal,0.815564751625061
kl27ne,normal,0.793208658695221
lxhz2o,normal,0.7024136185646057
9f2rdf,normal,0.8038541674613953
h9wdac,normal,0.7704852819442749
gp6bk6,normal,0.7401268482208252
iv37tl,normal,0.6612547636032104
2uzjpq,normal,0.7688496112823486
hd4qq,normal,0.7479798197746277
3xitl0,normal,0.7448169589042664
l6d23,normal,0.6465691924095154
av0vts,normal,0.8222872018814087
av2hs0,normal,0.633585512638092
iujw7,normal,0.7714048027992249
1rtghy,normal,0.7840778231620789
2aof25,offensive,0.4693946838378906
iu9px3,normal,0.6986543536186218
5vu2jq,normal,0.6630086898803711
hqu0ne,normal,0.6978662610054016
flp8yc,normal,0.710175096988678
ej2f3y,normal,0.6794082522392273
h16mcl,normal,0.7568027377128601
7fgcwi,normal,0.7564613223075867
coyf2,normal,0.6616613268852234
3g5s16,normal,0.6543046832084656
1r08qc,normal,0.7889450788497925
ggmc7q,normal,0.7218217253684998
dwrjtw,normal,0.6839674115180969
f12riq,normal,0.6843793988227844
6kk4t,normal,0.8050393462181091
1ryfo8,normal,0.7822718024253845
4ww5by,normal,0.7999457120895386
jd0cc,normal,0.6725232005119324
1gqud4,normal,0.8151165843009949
1r07m7,normal,0.7579387426376343
1gv42m,normal,0.7818775177001953
egmi7f,normal,0.7337643504142761
zgvfm,normal,0.6816785335540771
ftpwo9,normal,0.7053614854812622
eldvd,normal,0.7420048117637634
dx7gq5,normal,0.7646023631095886
mo04fd,normal,0.6434569358825684
mlw943,normal,0.7543834447860718
kwxnlr,normal,0.8015825152397156
hzv6t8,normal,0.7584713101387024
mssn6e,normal,0.689717710018158
lhotds,normal,0.662301242351532
kkd9iv,normal,0.686907947063446
k9wxuw,normal,0.6789303421974182
cn9abw,normal,0.7278452515602112
hyvs8q,normal,0.7754027247428894
hhod0b,normal,0.8003180027008057
ivxh0q,normal,0.7436527609825134
axud1f,normal,0.7130699157714844
k0ceso,normal,0.7110660672187805
bzi0i6,normal,0.7647643685340881
j8pk4o,normal,0.7505523562431335
ay229h,normal,0.7408806085586548
gskal5,normal,0.6709946990013123
jacs6u,normal,0.6317559480667114
jg4uy0,normal,0.8085321187973022
htqntt,normal,0.7280673384666443
j26nev,normal,0.6786182522773743
1nx5rm,normal,0.8036498427391052
a4xpwr,normal,0.6952077150344849
1k7grn,normal,0.709293007850647
k9tz0r,normal,0.7524574995040894
gknhdr,normal,0.7190695405006409
jydmg0,normal,0.8225497007369995
8m1zl,normal,0.7726225852966309
5clb7m,normal,0.6547932028770447
hw6k7i,normal,0.6922968626022339
2vske9,normal,0.8184670209884644
i6ljd7,normal,0.7630182504653931
jjinah,normal,0.6316973567008972
gptbvt,normal,0.6607071757316589
in81r7,normal,0.6761412620544434
9fl3b2,normal,0.6989067792892456
8tr73v,normal,0.7822809815406799
4c16cf,normal,0.7936663627624512
59b1zz,normal,0.5582447052001953
d0g0qb,normal,0.6849616765975952
6ttjdq,normal,0.7037809491157532
e0nwnq,normal,0.7035033106803894
6yxm8e,normal,0.6700415015220642
e70t6d,normal,0.8173103332519531
md18zz,normal,0.7242558598518372
mr3toa,normal,0.6965587735176086
lw321d,normal,0.7892955541610718
mw939m,normal,0.6360612511634827
msu1lg,normal,0.7384015321731567
mszbm4,normal,0.7692973017692566
lz63eq,normal,0.7998687624931335
ll6y79,normal,0.6796318292617798
mpqehg,normal,0.7768663167953491
mcgy3w,normal,0.7527681589126587
mhyzxm,normal,0.7396068572998047
mi8lsu,normal,0.7560509443283081
mqyf1u,normal,0.7790770530700684
ki7dsv,normal,0.7894638776779175
mtcnnn,normal,0.7586960792541504
m78sc0,normal,0.731959342956543
l9a0l3,normal,0.6417357921600342
mnlpj5,normal,0.7593302130699158
mgnbdt,normal,0.7680399417877197
lreszq,normal,0.6936069130897522
mmub0s,normal,0.7902336120605469
lxp4de,normal,0.7291553616523743
mn3t2t,normal,0.7220199704170227
md21fw,normal,0.5910360813140869
lacjro,normal,0.7670657634735107
mx3bpn,normal,0.7469243407249451
ll14zd,normal,0.48883169889450073
mqek0k,normal,0.7121432423591614
m6rzs6,normal,0.7530272603034973
lpprnm,normal,0.8083490133285522
mkqnw6,normal,0.675251305103302
lj4by7,normal,0.6759928464889526
moi93t,normal,0.7804502844810486
mlfw7w,normal,0.7980899810791016
ijcbxz,normal,0.7658059597015381
mdqiu6,normal,0.8729926347732544
mvs6zi,normal,0.7844326496124268
laas3h,normal,0.7110785245895386
kp1a77,normal,0.7898676991462708
lddew7,normal,0.7369142174720764
mm3grh,normal,0.7983148694038391
mc0adm,normal,0.8014476895332336
mmreu8,normal,0.6857035756111145
mk8xnq,normal,0.759689211845398
m678ej,normal,0.7452818751335144
miew5i,normal,0.7575781941413879
k47rqt,normal,0.6110907196998596
mitqp6,normal,0.7983633279800415
md8dq9,normal,0.7809865474700928
mvne5s,normal,0.7751825451850891
mrawoh,normal,0.7185943126678467
kn38ib,normal,0.7928826212882996
kzfnd5,normal,0.7501360774040222
mrp7xn,normal,0.6547768115997314
m5ewwl,normal,0.8026925921440125
ma3rff,normal,0.7715891003608704
mefcbu,normal,0.572184681892395
l8k1j9,normal,0.8035109639167786
mgaf25,normal,0.7989242076873779
lg9z90,normal,0.6621790528297424
md2b4b,normal,0.734385073184967
m6vf8b,normal,0.43810218572616577
j7y1ep,normal,0.7359396815299988
icomwf,normal,0.7090986371040344
hqu0zl,normal,0.8285982608795166
mdb0ap,normal,0.7658138871192932
lh8gdp,normal,0.8163014650344849
l3omyk,normal,0.6589195728302002
lchtj2,normal,0.6802250146865845
mw7qp1,normal,0.7800260782241821
mufdfj,normal,0.803520679473877
kaqb0l,normal,0.6901445388793945
jdswpm,normal,0.7917607426643372
lmmu8e,normal,0.7814008593559265
mim0ab,normal,0.7804902195930481
mr1068,normal,0.5585896372795105
lwfs07,normal,0.7472173571586609
moi0uk,normal,0.7050522565841675
mozeb1,normal,0.8046041131019592
mn8oms,normal,0.6792315244674683
m2xzm5,normal,0.7493224740028381
mquejq,normal,0.7505344748497009
mgjb3r,normal,0.603516161441803
lpzpno,normal,0.7583059668540955
llcwj6,normal,0.7959954142570496
mo7f8o,normal,0.722682535648346
lwvv6o,normal,0.78704434633255
mdwrrv,normal,0.6291223764419556
moxcyv,normal,0.7644783854484558
kkku16,normal,0.7520795464515686
ma1dk3,normal,0.7782785892486572
mwx6wj,normal,0.8729926347732544
ms4yvm,normal,0.8729926347732544
msj8z8,normal,0.7832391858100891
mra1u9,normal,0.7758828401565552
mqh6ik,normal,0.8108255863189697
mo4zpr,normal,0.793266236782074
mnj2kr,normal,0.8729926347732544
mmt0zc,normal,0.7897456288337708
mkjnww,normal,0.7583587169647217
mim3ad,normal,0.8729926347732544
mf7gh5,normal,0.7260673642158508
mahnz4,normal,0.7635241150856018
m8j49c,normal,0.8729926347732544
m8npkp,normal,0.7844579815864563
m4xxsy,normal,0.704993724822998
m4ecli,normal,0.7803435325622559
m3kk6i,normal,0.8729926347732544
m35lkw,normal,0.7531353235244751
lzs7jm,normal,0.7774155735969543
lzkh5t,normal,0.7877465486526489
lyeyui,normal,0.8729926347732544
lyoald,normal,0.7760137915611267
lt0oa3,normal,0.8729926347732544
lnj99h,normal,0.8729926347732544
ljmr70,normal,0.7065804600715637
lidyil,normal,0.8729926347732544
leawb0,normal,0.8083477020263672
l2b8un,normal,0.8030027151107788
l22205,normal,0.611000657081604
kzr4lz,normal,0.7953205704689026
kxxdrd,normal,0.8729926347732544
kt5azj,normal,0.8729926347732544
ktrk3b,normal,0.5138991475105286
kp95zc,normal,0.7406650185585022
kodjre,normal,0.8729926347732544
kovh3j,normal,0.788818359375
klxu80,normal,0.6996762156486511
kk1b00,normal,0.8603804111480713
khmrxd,normal,0.6622790694236755
kfnw3c,normal,0.8603804111480713
kb5kk3,normal,0.8603804111480713
k916gp,normal,0.7758918404579163
k6np6u,normal,0.8603804111480713
k0ito5,normal,0.7198546528816223
k23vd6,normal,0.8603804111480713
k1xkpz,normal,0.7558912038803101
k0ufyq,normal,0.7801699638366699
jxrroj,normal,0.8603804111480713
jvezvh,normal,0.6334459781646729
ms1tqj,normal,0.7247626781463623
kf1z5r,normal,0.6576578617095947
lngoc5,normal,0.7699922919273376
m0gs6p,normal,0.793078601360321
l99ajm,normal,0.6841066479682922
lgi9pd,normal,0.7516099810600281
lyuqge,normal,0.8326849937438965
k7misp,normal,0.7937989234924316
lwukyf,normal,0.7109401822090149
mqx1ao,normal,0.7987582087516785
j7dt3k,normal,0.7618865966796875
l2vssc,normal,0.7178046107292175
mejiaf,normal,0.7553945183753967
ms7kf5,normal,0.7703787684440613
ll4xjg,normal,0.7956925630569458
mgihs7,normal,0.7529032230377197
mkwizq,normal,0.8054040670394897
mjhonq,normal,0.7676429748535156
jnlklo,normal,0.7793219089508057
mnautz,normal,0.7690282464027405
mezyeg,normal,0.7780970335006714
ek7bt3,normal,0.7466350793838501
mpzocj,normal,0.7639410495758057
kvwap1,normal,0.792468786239624
g8d2k2,normal,0.8162108659744263
g3wmv2,normal,0.7936380505561829
l5qprx,normal,0.6687145233154297
hoi3lr,normal,0.778374195098877
m6onbi,normal,0.7685340046882629
gp6djo,normal,0.6524887084960938
dli6mu,normal,0.826719343662262
gam5f1,normal,0.7960346341133118
lg8933,normal,0.7871381044387817
ckpjqw,normal,0.7942559123039246
mnpimf,normal,0.80904221534729
2vwgk9,normal,0.7560204863548279
b76bye,normal,0.8105307817459106
lig48x,normal,0.8045547604560852
jm4d4r,normal,0.77510666847229
grmqfi,normal,0.7980234026908875
lkmzzy,normal,0.693394660949707
lujnp2,normal,0.8112286925315857
hrae6w,normal,0.7879404425621033
k12tn7,normal,0.7598476409912109
c4jwwk,normal,0.7867418527603149
kqfx3z,normal,0.7354435324668884
j5gnx1,normal,0.7638624906539917
jt27u1,normal,0.8107871413230896
g5nv9e,normal,0.7378228902816772
2hfitv,normal,0.7898703217506409
mm64kt,normal,0.7574631571769714
mqxgu7,normal,0.7827078104019165
mvmrqx,normal,0.7751955389976501
mnvfz9,normal,0.7656242251396179
mlg5pb,normal,0.6688521504402161
mutvkm,normal,0.6848933696746826
mb1lbf,normal,0.5487858653068542
mm5gnq,normal,0.7495620846748352
lbz9yt,normal,0.7794986367225647
melc3l,normal,0.7246784567832947
lqv81o,normal,0.6624926924705505
lke1uc,normal,0.7714122533798218
kwg8dm,normal,0.7966479063034058
mr15bj,normal,0.7526705861091614
l3bmpq,normal,0.8093236088752747
lu899g,normal,0.8152565360069275
m0wztc,normal,0.6918596029281616
mkpwx3,normal,0.7853148579597473
mle6ad,normal,0.7627404928207397
krt9s3,normal,0.7640940546989441
mlboco,normal,0.7863469123840332
lbafx3,normal,0.7937516570091248
mj4sc9,normal,0.8006037473678589
k9sbpr,normal,0.6261537671089172
lobcc0,normal,0.81805020570755
jzrycc,normal,0.7755596041679382
ku414s,normal,0.6940012574195862
m6f5e8,normal,0.8227822184562683
m2gcwg,normal,0.7487284541130066
m3ttps,normal,0.7026932239532471
mkyorg,normal,0.7241024374961853
mvnajy,normal,0.8056235909461975
jlwbmc,normal,0.6984982490539551
mt3pxc,normal,0.7700397372245789
lj7g5b,normal,0.6904715895652771
mqm7tx,normal,0.7698195576667786
mr2d51,normal,0.6387566328048706
mtwce0,normal,0.7025752663612366
k0xzus,normal,0.7422957420349121
mnk05a,normal,0.6959686279296875
lc2ds0,normal,0.8085571527481079
mrgmyf,normal,0.7558369636535645
jeqele,normal,0.7525649666786194
lz88kd,normal,0.7611258625984192
lbvu5l,normal,0.7708768248558044
jhn85i,normal,0.7359328866004944
jh30ny,normal,0.7021138072013855
jrmzy0,normal,0.7615481615066528
mutxpo,normal,0.8179867267608643
jhf3lm,normal,0.6691131591796875
m9c9df,normal,0.8257495164871216
ilgc3s,normal,0.7803441286087036
mhgy10,normal,0.7398342490196228
mhgvxn,normal,0.7642257213592529
d1fjkb,normal,0.7503746151924133
9zq7ot,normal,0.706987738609314
krsmom,normal,0.8196744322776794
8y1isd,normal,0.7964184880256653
abz7m3,normal,0.6508538722991943
5y58y6,normal,0.7894986271858215
76l1jv,normal,0.7890043258666992
1kzw13,normal,0.7902540564537048
3u4mr2,normal,0.7602946162223816
t83sr,normal,0.8018245100975037
i16wqr,normal,0.7505683302879333
ppv9p,normal,0.8129495978355408
r1s6f,normal,0.717653751373291
tio7y,normal,0.7918483018875122
pryx4,normal,0.7689569592475891
qdvbe,normal,0.8332557082176208
uasii,normal,0.8129875659942627
u3zej,normal,0.7643935680389404
s6tll,normal,0.7794743776321411
3009t7,normal,0.7820069193840027
mcuo7,normal,0.7694220542907715
7mxzja,normal,0.7589308023452759
rx0k7,normal,0.7094357013702393
243x4p,normal,0.797743022441864
txiuu,normal,0.7773148417472839
1aaigo,normal,0.7938619256019592
og3hk,normal,0.7938364148139954
fypi3j,normal,0.7694334387779236
o1wjv,normal,0.7316411733627319
11bnmq,normal,0.7334548234939575
btu4pf,normal,0.7611949443817139
qyn5y,normal,0.8142836093902588
tljde,normal,0.8465275764465332
9vx4hc,normal,0.7852969765663147
f53hyf,normal,0.7843746542930603
1ft9pw,normal,0.7119118571281433
towwb,normal,0.793974757194519
52epfu,normal,0.8025362491607666
evyvvo,offensive,0.559527575969696
1mt86y,normal,0.7867853045463562
3zw3cb,normal,0.7333610653877258
6o0h86,normal,0.6300599575042725
nw3xs,normal,0.723186731338501
jlhpu,normal,0.7920668721199036
rs2cd,normal,0.7544575333595276
mwapq0,normal,0.5911601185798645
jkhrcb,normal,0.7688011527061462
jq7e7g,normal,0.6722121238708496
khjhnm,normal,0.8276302814483643
g7evco,normal,0.7196434736251831
ln3jeu,normal,0.8240309953689575
k4st9y,normal,0.7868446111679077
lj4sx3,normal,0.7255670428276062
hvb6pk,normal,0.7603874206542969
kenrxc,normal,0.8081653714179993
lm3m4d,normal,0.7449186444282532
iatxai,normal,0.6469267010688782
jc15qs,normal,0.7302073836326599
eew08i,normal,0.6909262537956238
i7qxcn,normal,0.7941809892654419
hj3jpr,normal,0.7236159443855286
irqeak,normal,0.7537238001823425
hmxevx,normal,0.6415925621986389
goer7y,normal,0.7112748622894287
8y34d5,normal,0.7265602946281433
55g7sz,normal,0.7924246788024902
fo8oy4,normal,0.6817068457603455
gfciyh,normal,0.7708638310432434
3nwu6v,normal,0.8227206468582153
ab8qzg,normal,0.8136574029922485
7remjy,normal,0.638535737991333
ab8vq1,normal,0.6913192868232727
6wzxvw,normal,0.7249969244003296
2j9i9e,normal,0.7874209880828857
cu0men,normal,0.7630407214164734
44z9vr,normal,0.6694462299346924
77nu3g,normal,0.7930795550346375
8qmxlb,normal,0.6246740818023682
50wdqo,normal,0.7359062433242798
4gkedu,normal,0.7681324481964111
berx35,normal,0.5658907890319824
9ooj1f,normal,0.7548717856407166
3lkpk0,normal,0.7311135530471802
bcmw6s,normal,0.7396057844161987
bwtft0,normal,0.7967051863670349
4tctp8,normal,0.7605535387992859
7bmp22,normal,0.6375521421432495
7wn744,normal,0.7945631146430969
70andl,normal,0.7473075985908508
40yhw1,normal,0.6760032176971436
bdva8f,normal,0.6960839629173279
2tbciw,normal,0.7636588215827942
bdbtfg,normal,0.8010240793228149
4xy68u,normal,0.714455783367157
l7qh4f,normal,0.6839009523391724
mrvx4j,normal,0.8089008927345276
lz8iky,normal,0.7401669025421143
m4liyk,normal,0.7165793180465698
hjdml2,normal,0.7901851534843445
icyc1r,normal,0.840399444103241
frcn7f,normal,0.7953451871871948
d4e5wf,normal,0.7690232992172241
gurk53,normal,0.7565548419952393
4tfpbo,normal,0.7889562845230103
crzl1h,normal,0.6510175466537476
9tpaq6,normal,0.7483956217765808
c2v2q4,normal,0.7129592895507812
38tjow,normal,0.8339287042617798
8s3alm,normal,0.8213329911231995
p6cmh,normal,0.7826743125915527
1bn2qm,normal,0.7207607626914978
5ysq3a,normal,0.810968279838562
jth2j,normal,0.8074681162834167
4gjag8,normal,0.8262954354286194
1fok7i,normal,0.6721019148826599
jmp8cj,normal,0.80601567029953
msai0r,normal,0.7789412140846252
acfxtn,normal,0.7617356181144714
irqmu4,normal,0.797000527381897
7o4yj9,normal,0.6613852977752686
9ksaqf,normal,0.7381564378738403
15yrhe,normal,0.7350829839706421
7gn3zj,normal,0.7839570045471191
jd8g6m,normal,0.8067821860313416
c1hogc,normal,0.8082548379898071
dbg7ye,normal,0.7925848364830017
fl2dz9,normal,0.762153148651123
eu5nhg,normal,0.7795748710632324
6woszc,normal,0.6222269535064697
9odbhx,normal,0.7543123960494995
70snzi,normal,0.7273986339569092
4u2dio,normal,0.7866345047950745
6lgiaj,normal,0.5534995794296265
257uo8,normal,0.7507117986679077
5fnu1n,normal,0.8087765574455261
5q2d4f,normal,0.7745987176895142
56wet7,normal,0.7653538584709167
b9ob0u,normal,0.7688051462173462
5mguk7,normal,0.7227057218551636
6zjpez,normal,0.8175668120384216
302lo3,normal,0.8065735697746277
2vzbe0,normal,0.7709946036338806
72q3od,normal,0.7159034013748169
9r77n2,normal,0.7145758271217346
