tweet_id,classification,classification_score
aklcq7,normal,0.8243233561515808
6c7749,normal,0.7988837361335754
4ho5aj,normal,0.7888665795326233
161t6v,normal,0.7445505261421204
3ua0xu,normal,0.7345204949378967
58rrh1,offensive,0.44634369015693665
mvdnyl,normal,0.7677140831947327
kl5vnp,normal,0.7570204138755798
knevr3,normal,0.7600865960121155
jmvft6,normal,0.8074945211410522
iz1chl,normal,0.8033639788627625
gc8r8f,normal,0.7680862545967102
hoxbny,normal,0.6313208937644958
6p2jn3,normal,0.4710911214351654
d0hvzz,normal,0.7436774969100952
d8n0xr,normal,0.7631339430809021
96wrok,normal,0.4426696300506592
9o95lm,normal,0.7364181876182556
96r55i,normal,0.776900589466095
9si9x3,normal,0.682562530040741
375soq,normal,0.8018987774848938
5vjv1c,normal,0.7806106209754944
6p23qp,normal,0.7369624376296997
3q03v8,normal,0.7313624024391174
30tg3m,normal,0.7814674973487854
3jqu3g,normal,0.7885047793388367
2xvfua,normal,0.6670370101928711
99emm6,normal,0.7376692295074463
1ct83x,normal,0.5548827648162842
4lfsb8,normal,0.7830961346626282
2js1v7,normal,0.7137079238891602
38d320,normal,0.6320827007293701
3vbpwa,normal,0.7232878804206848
mvlpn0,normal,0.7422005534172058
ls9kt9,normal,0.8003391027450562
kiwrg9,normal,0.757008969783783
mu5iqm,normal,0.7043453454971313
lwaujm,normal,0.7846681475639343
mv9q91,normal,0.6404396891593933
mktfqj,normal,0.6206644177436829
lmdak6,normal,0.7979910373687744
mvoayr,normal,0.823729395866394
lzlug6,normal,0.8096729516983032
lxijax,normal,0.6094886064529419
mbm7gn,normal,0.7993261218070984
k5xi7c,normal,0.7363607287406921
kzdhzz,normal,0.7803793549537659
jvj3vx,normal,0.7954673767089844
k0azli,normal,0.8189401030540466
kkmfkr,normal,0.8145534992218018
ls5aqy,normal,0.7499040365219116
i5wm6y,normal,0.7559910416603088
mfh000,normal,0.6298479437828064
l4k8qd,normal,0.8253887891769409
jqx1ph,normal,0.7372050285339355
lbl38z,normal,0.8266242146492004
ka451p,normal,0.7277156710624695
aiirnn,normal,0.7721843123435974
j4awhj,normal,0.5939116477966309
i0mwxi,normal,0.7934718132019043
2u172h,normal,0.7675057649612427
i8vt6n,normal,0.7716726660728455
gsavwg,normal,0.7426710724830627
efznmd,normal,0.7552663683891296
lb1upx,normal,0.5146498084068298
m6onl2,normal,0.7175456285476685
ln0cee,normal,0.7891008257865906
ix1sup,normal,0.714038074016571
mcp2di,normal,0.7711585164070129
mk9lqa,normal,0.7361038327217102
ml1ax8,normal,0.7696109414100647
fljk5v,normal,0.6848788261413574
m15j0i,normal,0.6569210290908813
e8kj81,normal,0.7595376372337341
lmwka4,normal,0.7055749297142029
jy0eew,normal,0.8082883358001709
kbcso2,normal,0.749147891998291
jt884z,normal,0.8051391243934631
kx7w9o,normal,0.7968189716339111
kkvchj,normal,0.6754628419876099
ineksd,normal,0.6594545841217041
lx01os,normal,0.7803216576576233
eay3jp,normal,0.8316100239753723
mq72np,normal,0.733898937702179
lb8m3t,normal,0.7899704575538635
c8xwt4,normal,0.7561920285224915
m2wduz,normal,0.7735893726348877
fjibko,normal,0.7882019281387329
dvudd8,normal,0.8118624091148376
k5ai3p,normal,0.7441537976264954
lfr4th,normal,0.7634544968605042
kjt3z7,normal,0.7787714600563049
k9h52o,normal,0.7294147610664368
l5g5j2,normal,0.7368887066841125
modrh9,normal,0.7901318669319153
ms3x9w,normal,0.7789517045021057
mjwfz5,normal,0.7530556917190552
mmagqu,normal,0.7971204519271851
ljvgg7,normal,0.7714070081710815
mnjr2a,normal,0.7900283932685852
l85ev5,normal,0.7975407242774963
kndapk,normal,0.7614679336547852
l76zt9,normal,0.5068564414978027
lb4blm,normal,0.7805969715118408
juhypi,normal,0.7386879324913025
hhqjcl,normal,0.6712032556533813
iuwwpe,normal,0.7324812412261963
lo2e9o,normal,0.7863527536392212
9qyje9,normal,0.6995190978050232
k46pmn,normal,0.7258950471878052
goghd2,normal,0.8233917355537415
fe08z7,normal,0.8136959075927734
g64iw0,normal,0.7109424471855164
d4xv7e,normal,0.7859982252120972
e9e75y,normal,0.7972278594970703
cj1k51,normal,0.7696824073791504
alpsrl,normal,0.7778769731521606
92eyn6,normal,0.6110960841178894
aw80a5,normal,0.8169567584991455
4j77qj,normal,0.7729405760765076
4x4vuf,normal,0.8025006055831909
meqx3c,normal,0.7719425559043884
e19gtp,normal,0.6871243715286255
jp3333,normal,0.8214702010154724
gw04u6,normal,0.7847094535827637
94u0ph,normal,0.7336536645889282
99mriz,normal,0.7139350175857544
397ebj,normal,0.7423177361488342
4iysqk,normal,0.7542324066162109
kg2so6,normal,0.7898874282836914
alpeah,normal,0.7478532791137695
d3t45n,normal,0.73741215467453
c06hxq,normal,0.7971813678741455
26f16c,normal,0.8032087087631226
6q0nt0,normal,0.5877664685249329
6x1vl1,normal,0.6442068815231323
mor4vj,normal,0.789812445640564
luq9z3,normal,0.7778883576393127
mov4ik,normal,0.7097114324569702
me7fw7,normal,0.7274044156074524
m8lqjg,normal,0.7777715921401978
kq8g4i,normal,0.7750880122184753
mhg8z6,normal,0.6974064707756042
lm5s30,normal,0.8044348359107971
loiljl,normal,0.6966280341148376
mphjiq,normal,0.7850127816200256
klfi03,normal,0.8137781023979187
mqmnx2,normal,0.7806011438369751
lgxa3q,normal,0.766001284122467
ltgt1u,normal,0.7751324772834778
iw1yef,normal,0.700732409954071
mw6udo,normal,0.8278265595436096
mc5w3s,normal,0.7896559834480286
m41cdw,normal,0.7885870337486267
mk6tkf,normal,0.8176301121711731
lq555v,normal,0.7324641346931458
mn7xak,normal,0.7726027369499207
mojuga,normal,0.7173207998275757
lhrb4a,normal,0.7814546823501587
k98hvf,normal,0.8167221546173096
lke7zn,normal,0.8205273151397705
m8pene,normal,0.825654923915863
lym9mv,normal,0.7696702480316162
hxrxzl,normal,0.7091590166091919
mfdj22,normal,0.762222945690155
lz4quu,normal,0.7318317890167236
mxooem,normal,0.7938832640647888
mxin93,normal,0.7025885581970215
mxxg36,normal,0.7723296880722046
mxk9hw,normal,0.8200139403343201
mx3icg,normal,0.800972044467926
mwid0l,normal,0.7343693971633911
mx1u2y,normal,0.8009604811668396
mwvrg7,normal,0.7811694145202637
mwpogn,normal,0.7828873991966248
mvtbmj,normal,0.6707294583320618
mvjry8,normal,0.7903681993484497
mvn3sd,normal,0.7836542129516602
muqxq6,normal,0.7550423741340637
mvh0v8,normal,0.7617716193199158
mu5jo1,normal,0.7652009129524231
ms6x7n,normal,0.7579910159111023
j1oaxh,normal,0.7429366111755371
l9gujz,normal,0.7792441844940186
ms6qan,normal,0.6209404468536377
mraz1y,normal,0.8060066103935242
mkrmax,normal,0.7249797582626343
l6old1,normal,0.7286766171455383
mqtwu3,normal,0.6914210915565491
mijzig,normal,0.657429039478302
msszx9,normal,0.7965614199638367
m0u4gw,normal,0.7658450603485107
mwylkw,normal,0.7704626321792603
mim20z,normal,0.7330923676490784
mkx2su,normal,0.8086692690849304
mssjhr,normal,0.7128446698188782
lmroaq,normal,0.6943761706352234
lvzgjx,normal,0.6754091382026672
k5cg8c,normal,0.6232679486274719
lxsi6m,normal,0.8486220240592957
kipn77,normal,0.7653093934059143
ki4jaf,normal,0.6277311444282532
ki6cga,normal,0.6277311444282532
90ixfp,normal,0.6571969389915466
cnk5oi,normal,0.7512128949165344
gzbyw4,normal,0.5555606484413147
m2vvd0,normal,0.6496744751930237
hvhntp,normal,0.6628312468528748
mjmnz4,normal,0.777850866317749
mirfs5,normal,0.7871878743171692
mhjxhn,normal,0.7388144731521606
mwf720,normal,0.8228044509887695
mo6r3f,normal,0.5690167546272278
kasrgl,normal,0.8156420588493347
lmtmm5,normal,0.6593886017799377
lhrka8,normal,0.7828901410102844
j0s3sr,normal,0.7714488506317139
hrz3fe,normal,0.7219822406768799
izrhdq,normal,0.7287786602973938
kxb1vo,normal,0.7401869893074036
mfhg2q,normal,0.5231664180755615
jzn68y,normal,0.7676687240600586
mlr6e2,normal,0.8088836073875427
m86tdf,normal,0.7840301394462585
mgw5e2,normal,0.7291969656944275
kz8dyv,normal,0.8510309457778931
mxvci2,normal,0.8195500373840332
my0b43,normal,0.8024212121963501
mv2qml,normal,0.7316709160804749
mxllum,normal,0.7939534187316895
my2i41,normal,0.8429998755455017
mxl5ye,normal,0.8119810819625854
mxgzdf,normal,0.7643582224845886
mxuwe1,normal,0.777620255947113
mxpgee,normal,0.7651233673095703
