tweet_id,classification,classification_score
e95pyo,normal,0.700795590877533
lwlcou,normal,0.8120157122612
k1r1t5,normal,0.7699567675590515
jwsg9b,normal,0.8146679401397705
jw9zr1,normal,0.7671053409576416
jw9xzy,normal,0.7275019884109497
jtaczu,normal,0.8071573972702026
jauag1,normal,0.7825956344604492
iai0ml,normal,0.7935673594474792
hlr3kz,hate speech,0.373634934425354
etgs5t,normal,0.7298967838287354
e4umf1,normal,0.761085569858551
cu1smp,normal,0.7383099794387817
cb8j0e,normal,0.8028432726860046
aw4duw,normal,0.7143498063087463
kdq8q6,normal,0.7785437703132629
jw2val,normal,0.7190746665000916
cfgby4,normal,0.7440904974937439
ic7ou2,normal,0.7380224466323853
glc2ed,normal,0.8239457011222839
epfjoz,normal,0.7373546957969666
gw012b,normal,0.737488329410553
a8bilz,normal,0.8074211478233337
7p8c8v,normal,0.8022213578224182
7g7rwg,normal,0.7214962840080261
7njw3x,normal,0.7824047207832336
8b8xab,normal,0.6866554021835327
muduez,normal,0.7873857617378235
meu6sw,normal,0.7609729766845703
lq6db7,normal,0.8392860293388367
k1pmw3,normal,0.7618665099143982
iqir5t,normal,0.7766109704971313
ig5ksp,normal,0.687073290348053
mxgn79,normal,0.6381113529205322
ms9dj3,normal,0.7388224005699158
k7f31o,normal,0.6949061155319214
jv3ktx,normal,0.7532190680503845
jpf9tr,normal,0.7476367354393005
ii25tv,normal,0.8293911814689636
i36az1,normal,0.7542479634284973
ge1ala,normal,0.7452436089515686
g989h5,normal,0.813238263130188
g81blo,normal,0.7388914227485657
fh0vr4,normal,0.7888568639755249
g3fzzo,normal,0.7991666793823242
gar8z9,normal,0.7947473526000977
a827vz,normal,0.7115928530693054
8k7ap8,normal,0.8130262494087219
citub7,normal,0.7624115943908691
a8tb0z,normal,0.8121649026870728
bfrg6q,normal,0.8076111674308777
7ng2ia,normal,0.7954050898551941
jtz22l,normal,0.8160817623138428
k01o82,normal,0.7918710112571716
dio0ew,normal,0.5744810700416565
88bdc0,normal,0.8119539618492126
hj9bf7,normal,0.8088592886924744
gul77s,normal,0.8246008157730103
7dffbe,normal,0.8016472458839417
cqvmi6,normal,0.8223692774772644
7ghnvm,normal,0.6564121842384338
ds815u,normal,0.7894984483718872
8cgvqz,normal,0.767622172832489
33oh7d,normal,0.7682032585144043
2xha3o,normal,0.7469117641448975
2vcfpf,normal,0.6857585310935974
ei48bs,normal,0.7936442494392395
jt62pt,normal,0.7157936692237854
4ne74z,normal,0.7871749401092529
6cqg89,normal,0.6410194635391235
4g1ua0,normal,0.750881552696228
3w0v1w,normal,0.7605068683624268
31rm5o,normal,0.7982533574104309
lrki59,normal,0.8021618723869324
elgfg2,normal,0.6880372166633606
i66b7l,normal,0.7477337718009949
dksjqc,normal,0.6996854543685913
67aty5,normal,0.7211961150169373
2kqthf,normal,0.8097809553146362
ltzgdw,normal,0.7899012565612793
mhjuz3,normal,0.8136239647865295
lf2yqx,normal,0.7415764927864075
jmn25l,normal,0.7956356406211853
j6610q,normal,0.6944997906684875
kc4cz5,normal,0.7243279218673706
i8iv5e,normal,0.6734360456466675
loihnj,normal,0.6929358243942261
g2nurw,normal,0.7488027811050415
m92f6w,normal,0.7498557567596436
fpwlk9,normal,0.8101974725723267
eiexfg,normal,0.7325219511985779
h7tp1a,normal,0.8141257166862488
elesxs,normal,0.7843483090400696
c861tf,normal,0.7942398190498352
mcga7g,normal,0.7952234148979187
m6zkkq,normal,0.8267876505851746
hakr92,normal,0.7467518448829651
hea33d,normal,0.7992655038833618
7f1ipq,normal,0.7733440399169922
7xo21v,normal,0.7519794702529907
4y9i3t,normal,0.769957959651947
hbo4gn,normal,0.790562629699707
4d3wnp,normal,0.7742013335227966
4g9ad8,normal,0.7655174732208252
37imab,normal,0.8210895657539368
g4s1y7,normal,0.6490192413330078
fjbxv6,normal,0.736486554145813
3cylav,normal,0.8059515357017517
1tmra3,normal,0.8058115839958191
7ek16o,normal,0.7895060777664185
3ikofd,normal,0.8070916533470154
3s87ft,normal,0.6277180314064026
10lhyj,normal,0.7488749027252197
jwaw4n,normal,0.6496744751930237
78okxj,normal,0.7389347553253174
ezdi4c,normal,0.7257065773010254
fqgs22,normal,0.745137095451355
36yule,normal,0.8111323714256287
12f4gi,normal,0.713104248046875
wvkip,normal,0.7696556448936462
7dgfca,normal,0.7277884483337402
4hjwrv,normal,0.7678149342536926
3dcq19,normal,0.771721363067627
30nl57,normal,0.7942123413085938
31e9i7,normal,0.5743370056152344
3l4ba9,normal,0.6814261674880981
3qi76a,normal,0.7503049373626709
hfcef1,normal,0.7529417872428894
62gsoy,normal,0.7983312010765076
4z9dqw,normal,0.7571391463279724
4buenh,normal,0.6866666078567505
47dd7w,normal,0.7847673296928406
453fsf,normal,0.776680052280426
3rstk8,normal,0.7721021771430969
2k3qny,normal,0.8116805553436279
mmptiq,normal,0.7614349126815796
9799vj,normal,0.7687257528305054
4i1yfh,normal,0.7426384687423706
7fkrde,normal,0.7850279211997986
4e77y4,normal,0.7693057656288147
3e2bcn,normal,0.8087944984436035
43clh9,normal,0.7638995051383972
3qvbqy,normal,0.7286819815635681
3vhfr8,normal,0.8246361613273621
j8qugh,normal,0.7213573455810547
is39gu,normal,0.7874798774719238
4axiap,normal,0.7786434888839722
6cnk5o,normal,0.7568432688713074
fpckwd,normal,0.7491987347602844
dtyy8s,normal,0.748937726020813
87t67a,normal,0.7963770031929016
6t0o56,normal,0.7825950980186462
366b5x,offensive,0.4334716498851776
7purab,normal,0.8151191473007202
4l3ut0,normal,0.6623320579528809
3e72cn,normal,0.7619128227233887
6jedkv,normal,0.7670903205871582
e2driy,normal,0.5993077158927917
k3qrjx,normal,0.7721571326255798
kuqmu3,normal,0.7232679724693298
3shj8h,normal,0.7424019575119019
9pj9g2,normal,0.7628991603851318
5n731a,normal,0.7934921383857727
aw70kq,normal,0.7339434027671814
3607wm,normal,0.7870358824729919
6yrcss,normal,0.7718313932418823
9whl4z,normal,0.8063591122627258
664c6j,normal,0.8160420060157776
4x3935,normal,0.812640368938446
82me9v,normal,0.8073025345802307
2zj93q,normal,0.8151029944419861
l9pu98,normal,0.7956956624984741
jotjmi,normal,0.5848261117935181
ipnmay,normal,0.6597652435302734
e6yva6,normal,0.822507381439209
7i9w1z,normal,0.8112146258354187
8zkytb,normal,0.7615426778793335
ch3wn8,normal,0.7480941414833069
bjesys,normal,0.7606449723243713
7xsw4j,normal,0.7759983539581299
9n0eah,normal,0.7374340891838074
7mfo41,normal,0.5448294281959534
70ypny,normal,0.7099543213844299
5v4heh,normal,0.7320884466171265
6pln2k,normal,0.4603078365325928
kbr9s7,normal,0.7590377926826477
gj017m,normal,0.7918061017990112
getaj7,normal,0.7918061017990112
ga7nhx,normal,0.7918061017990112
g5zmh4,normal,0.7918061017990112
mmdevk,normal,0.7182728052139282
ksqri1,normal,0.7805693745613098
lt4f9k,normal,0.6924049258232117
lg0v5h,normal,0.8340500593185425
l72nhn,normal,0.6649226546287537
jy2oj9,normal,0.7275972962379456
k041f9,normal,0.7511759996414185
mift4h,normal,0.7440322637557983
k76x8s,normal,0.6623079180717468
mi8og4,normal,0.6236651539802551
kzekq0,normal,0.7156997323036194
jjakuo,normal,0.7509087324142456
je82wz,normal,0.7388807535171509
l9ka8m,normal,0.6544221043586731
egul74,normal,0.7851208448410034
jifo9w,normal,0.6504462361335754
l0pfv0,normal,0.7987819910049438
lfc9e0,normal,0.7588964700698853
jgo2v4,normal,0.7529399991035461
jntcym,normal,0.7792366147041321
jcloxc,normal,0.7948628067970276
ir9zlj,normal,0.6856850385665894
dpea7q,normal,0.6033244729042053
jibb9i,normal,0.7957533001899719
jhhvad,normal,0.7213501334190369
cwgbnl,normal,0.8028846979141235
ghf80d,normal,0.727764368057251
dtqst9,normal,0.7978910803794861
lrsbz0,normal,0.7633340358734131
kwwj93,normal,0.8042882680892944
k1ksa9,normal,0.6557326912879944
ldkcwp,normal,0.6810749769210815
jt8jzn,normal,0.7567266225814819
hesp2c,normal,0.8178321123123169
dlnicr,normal,0.6670811176300049
d5cu19,normal,0.8020541071891785
dp8p0s,normal,0.7585616111755371
efudoc,normal,0.8081940412521362
9ymwit,normal,0.7962706089019775
guq0gm,normal,0.7763565182685852
9vre3h,normal,0.7702365517616272
kczjyz,normal,0.7624972462654114
jmuk93,normal,0.7665221095085144
d2tc9t,normal,0.7450755834579468
dwzyua,normal,0.5610891580581665
aaclxr,normal,0.7581503987312317
kbfavs,normal,0.7745014429092407
hutumx,normal,0.7028781175613403
mq769z,normal,0.7912477850914001
h0p9oe,normal,0.7514638304710388
kpttrv,normal,0.6319488883018494
kt3b9x,normal,0.7966963052749634
mmy4gh,normal,0.783881425857544
lqc6qw,normal,0.6641955971717834
mhh3md,normal,0.7564279437065125
jth5jk,normal,0.7629993557929993
k8fcq4,normal,0.7795440554618835
kliqxk,normal,0.7765516638755798
ahjjmw,normal,0.7938097715377808
kttwj0,normal,0.7562414407730103
lb4dtx,normal,0.7372578978538513
ldkatb,normal,0.7585384845733643
dlzubv,normal,0.7449924349784851
d4r0u0,normal,0.8024279475212097
jn6sct,normal,0.7176088094711304
ieejyp,normal,0.7939541935920715
heecth,normal,0.6912157535552979
e4ov23,normal,0.7889896035194397
a88yvt,normal,0.8247677683830261
eb3ikt,normal,0.7283339500427246
a63uze,normal,0.805709183216095
doidy7,normal,0.7817925214767456
a3yz94,normal,0.8285894989967346
mt85jh,normal,0.7450299859046936
lh1kuv,normal,0.6822839379310608
lh2rpf,normal,0.7207059264183044
m1ju6x,normal,0.5515235662460327
jiqpc8,normal,0.7017119526863098
j13kws,normal,0.7608300447463989
m6igxe,normal,0.7918973565101624
lc0xfz,normal,0.6987366080284119
kyqqv2,normal,0.8015649914741516
ldwfi0,normal,0.7726000547409058
mt60bz,normal,0.7912232279777527
mj9gmt,normal,0.7734681367874146
gm3rby,normal,0.7790979743003845
ifzit2,normal,0.7977303266525269
kxo9mm,normal,0.73218834400177
mixf9g,normal,0.7877975106239319
mg8md1,normal,0.7832435965538025
mb12a1,normal,0.8001464605331421
fbl946,normal,0.786443293094635
lyawqk,normal,0.6257691383361816
l9ewbr,normal,0.7737685441970825
iaoz7b,normal,0.6657629013061523
iewmmb,normal,0.7508620619773865
gckj9d,normal,0.772727906703949
jijozq,normal,0.7549842596054077
ifftnl,normal,0.7785643339157104
ecay4q,normal,0.7755451798439026
d2krdm,normal,0.7716271281242371
dqwj5d,normal,0.7732188105583191
e4yy1b,normal,0.7884863018989563
afga5o,normal,0.7870833277702332
dz4hxx,normal,0.6591480374336243
e3t9z5,normal,0.7929381132125854
di04eu,normal,0.7596526145935059
9srkzf,normal,0.7958152294158936
idbrrz,normal,0.6483505368232727
a202y9,normal,0.7968454957008362
k6bo89,normal,0.7772486209869385
hcceym,normal,0.7692025303840637
afc5m5,normal,0.6832714676856995
hqhnrx,normal,0.7483330368995667
cfa83e,normal,0.6592525839805603
dyntb8,normal,0.7926466464996338
gfb2a5,normal,0.7545823454856873
dv59my,normal,0.7778264880180359
epwqjd,normal,0.7670674324035645
d2xdpv,normal,0.7214266061782837
le5xk9,normal,0.7327420115470886
e425w9,normal,0.7769466042518616
d1wj7q,normal,0.7779228687286377
la38sd,normal,0.8020999431610107
i5z8e9,normal,0.7875859141349792
msm00c,normal,0.6932824850082397
mr3jfg,normal,0.770643949508667
mpllmb,normal,0.7905969023704529
meiko9,normal,0.7633553743362427
mp0jdm,normal,0.7440342307090759
mu43r1,normal,0.7540715336799622
ho05ps,normal,0.7936258912086487
misvbf,normal,0.7626577615737915
mhf394,normal,0.7688910365104675
lj16l4,normal,0.6506562232971191
l1seaa,normal,0.4707755446434021
mrwtpw,normal,0.7562392950057983
migywu,normal,0.7886631488800049
e11pvl,normal,0.8015503287315369
ebxaix,normal,0.8132159113883972
9tit57,normal,0.5932613611221313
a2oqgv,normal,0.7872954607009888
9sgnem,normal,0.522565484046936
jbj8ep,normal,0.7811967730522156
kjlywy,normal,0.7429758906364441
9ttkvx,normal,0.8231487274169922
92rarf,normal,0.7819857597351074
7wwhim,normal,0.765926718711853
eowsel,normal,0.805274486541748
crnlco,normal,0.7945022583007812
dx4ygw,normal,0.5131159424781799
djqdwu,normal,0.7391150593757629
egxl7t,normal,0.824897825717926
avmm9g,normal,0.7509127855300903
9ehbzk,normal,0.7995612621307373
l8ei74,normal,0.7898181080818176
e4gozp,normal,0.7733304500579834
ahu8z3,normal,0.7430352568626404
k3blqu,normal,0.8007764220237732
b75to6,normal,0.7717236280441284
ixwsvd,normal,0.7340861558914185
i2cyci,normal,0.7839693427085876
gfa3ze,normal,0.7423107624053955
e0cez0,normal,0.7715196013450623
d4n0qe,normal,0.738792896270752
e3lcq2,normal,0.7809973955154419
a0kj1l,normal,0.6407438516616821
dqu8b6,normal,0.7487841248512268
e0a92f,normal,0.7226325273513794
enu289,normal,0.7603804469108582
doqpo7,normal,0.7864720821380615
e95obm,normal,0.6544070839881897
k7bk4p,normal,0.7794458270072937
ji18df,normal,0.7181481719017029
i83zt2,normal,0.813355565071106
i5jp4k,normal,0.77985680103302
eqy1hu,normal,0.7228055000305176
d6zslv,normal,0.6141456365585327
9ucxzk,normal,0.7164703011512756
akpxuh,normal,0.7212002277374268
moqhq0,normal,0.632398784160614
m48a5w,normal,0.8023294806480408
mlotal,normal,0.7721456289291382
k7sh9o,normal,0.7398166060447693
dr7q7w,normal,0.7152843475341797
lstkkt,normal,0.680216908454895
kooxsr,normal,0.7608069777488708
l4snn5,normal,0.7826517820358276
l1efuy,normal,0.7370659112930298
j92g8f,normal,0.6377243995666504
kk7drv,normal,0.7689738273620605
iouptr,normal,0.7309314608573914
f2o83d,normal,0.7987038493156433
hh056a,normal,0.7744600772857666
jkoj5c,normal,0.7361383438110352
g4a5d4,normal,0.8298237323760986
mge2xf,normal,0.7787735462188721
m0gbvw,normal,0.6081078052520752
jjv85f,normal,0.806449830532074
m5vxzm,normal,0.8022132515907288
meugoi,normal,0.697867214679718
hax40d,normal,0.6506124138832092
lz1cwf,normal,0.7815910577774048
lwit22,normal,0.7428504824638367
m7hzxn,normal,0.817714273929596
mbnrxx,normal,0.8029031157493591
lnqabl,normal,0.7909166216850281
mfjdk1,normal,0.6501986980438232
kcrhnl,normal,0.7637657523155212
m5wcon,normal,0.7596245408058167
h15w9i,normal,0.7659419775009155
mm9rek,normal,0.7745236754417419
mk4kx0,normal,0.8188074231147766
moe45c,normal,0.6458616852760315
mn1dke,normal,0.709112823009491
lwj4q8,normal,0.7581509947776794
lyb2df,normal,0.8399999141693115
lj5ubu,normal,0.7874277830123901
lhzk7u,normal,0.7129612565040588
mdsnr8,normal,0.6647133231163025
l2aje2,normal,0.8337163925170898
l6rdle,normal,0.8372570872306824
mhhf6v,normal,0.7531724572181702
jsn1gi,normal,0.8028825521469116
j7xrw4,normal,0.8192716240882874
ltgfqm,normal,0.82950359582901
g2me72,normal,0.7723610997200012
jv6moh,normal,0.7760105729103088
ee9snh,normal,0.7954895496368408
hfndzl,normal,0.7613264322280884
hsb9f1,normal,0.7357119917869568
gi39x1,normal,0.7826572060585022
gwjf5s,normal,0.7263177633285522
ed2b17,normal,0.8337405920028687
mu3ann,normal,0.7504404783248901
mtcwrz,normal,0.7303813099861145
mkaoly,normal,0.7261016368865967
kxnhpa,normal,0.8085606694221497
ldqvqh,normal,0.8042516112327576
m3s7le,normal,0.7493582367897034
k9ptt3,normal,0.7000619769096375
mh2fe3,normal,0.7422181963920593
l6c9rc,normal,0.7296609282493591
k24cqs,normal,0.6843335628509521
ma6zq8,normal,0.7768945097923279
jx89vj,normal,0.7807120680809021
mre16s,normal,0.8073076605796814
m5qfh1,normal,0.801396369934082
jfcxdy,normal,0.7545949220657349
8udity,normal,0.7772738933563232
9f9mx4,normal,0.7999200820922852
6e5l98,normal,0.799411952495575
mc1gm2,normal,0.7637923955917358
lv05bd,normal,0.7995433807373047
m5gjte,normal,0.7934049963951111
mlvrko,normal,0.7317392230033875
klgied,normal,0.8194959759712219
l9aosx,normal,0.800467312335968
mu9rrl,normal,0.7414401173591614
mgpi5b,normal,0.7683204412460327
m5i0kv,normal,0.7863554954528809
jawu0j,normal,0.730757474899292
m059bb,normal,0.7769026756286621
l8errw,normal,0.7477383017539978
m73kvi,normal,0.692527174949646
m82xv1,normal,0.8103011250495911
g3x0qv,normal,0.7552374005317688
ljhfi5,normal,0.6597082614898682
i5slum,normal,0.7468956708908081
igdzvj,normal,0.7591413855552673
d7d5sk,normal,0.8233203291893005
gwo899,normal,0.6714583039283752
eepl8t,normal,0.7517860531806946
gm86a3,normal,0.7535611391067505
i6reit,normal,0.7746936082839966
hl7l8h,normal,0.7226877808570862
mttsp0,normal,0.7551154494285583
m7o9tu,normal,0.7748094797134399
eu42ii,normal,0.7664200067520142
lxpei5,normal,0.775631308555603
knhi68,normal,0.6502372622489929
lqr3zx,normal,0.827979564666748
kidz1m,normal,0.769355833530426
l4czur,normal,0.6862844228744507
jw5cs4,normal,0.7106685042381287
l40ksa,normal,0.7979637384414673
jv06zo,normal,0.8066027760505676
lk4vd7,normal,0.7815085053443909
md1v9e,normal,0.7496670484542847
mkuk16,normal,0.7707875370979309
ezv0sh,normal,0.7616127133369446
lkslm8,normal,0.6968721747398376
f1mjru,normal,0.7312352061271667
e8l5xh,normal,0.7461167573928833
ffglnx,normal,0.7522463798522949
fjb9t0,normal,0.778363823890686
851b1s,normal,0.6913086175918579
mp6w3r,normal,0.7460051774978638
la8ots,normal,0.7833472490310669
jy5yyn,normal,0.6770997643470764
errefp,normal,0.7552617788314819
k1kyk4,normal,0.6467076539993286
ft1tzy,normal,0.6839547157287598
j4p31q,normal,0.7810419797897339
hqoinl,normal,0.7660812139511108
iozu5r,normal,0.6781471967697144
eox6fj,normal,0.7426207661628723
e84lvx,normal,0.794667661190033
gj9rrr,normal,0.7054743766784668
dsrepv,normal,0.6387508511543274
df0quj,normal,0.7616556286811829
k2k7vt,normal,0.7250823974609375
m6kiky,normal,0.6983311772346497
l8wsls,normal,0.8098716735839844
lxxl0u,normal,0.7525359392166138
kzxsa5,normal,0.7420282959938049
krfnzb,normal,0.7711061835289001
jn0n92,normal,0.8226644396781921
emhcm9,normal,0.7201045155525208
i7ebrc,normal,0.7694610357284546
jlazlw,normal,0.7945353388786316
erii8w,normal,0.8050695657730103
g94dr2,normal,0.762181282043457
lcjnjv,normal,0.77827388048172
mafhyd,normal,0.7393539547920227
ifxutx,normal,0.789183497428894
jyazhs,normal,0.6949548125267029
gs5u4s,normal,0.7288133502006531
exru3z,normal,0.7724714279174805
gma41g,normal,0.6152357459068298
dcz78x,normal,0.7700309157371521
l35hog,normal,0.7293553948402405
l36b0v,normal,0.7293553948402405
ibur66,normal,0.7298101782798767
mdhag7,normal,0.7359978556632996
mlkrw1,normal,0.789700448513031
mgoznm,normal,0.7891896367073059
j1u4sb,normal,0.7445061802864075
icjz4x,normal,0.775518000125885
harnfz,normal,0.7391951084136963
fdgbbz,normal,0.7713795900344849
kzlqg7,normal,0.6695927381515503
m6i09b,normal,0.7543222904205322
ik44pm,normal,0.7585472464561462
gd3k15,normal,0.6621747016906738
mcj2k4,normal,0.7955162525177002
g3cl4c,normal,0.778433620929718
laihzl,normal,0.7887837290763855
gye7e2,normal,0.7685088515281677
juhl1h,normal,0.7420000433921814
joc8d0,normal,0.8046024441719055
h8ewl1,normal,0.5834364295005798
mvnccd,normal,0.7742058634757996
mvhplv,normal,0.7533732056617737
mxq5ui,normal,0.7740256190299988
muw3tt,normal,0.63373863697052
mx2rk4,normal,0.776305615901947
mxdtsl,normal,0.797322690486908
mxif9b,normal,0.8150957822799683
mwrfi1,normal,0.7926266193389893
mwpdum,normal,0.7951905727386475
mwc1rg,normal,0.78828364610672
mwlxdq,normal,0.7734518051147461
mwkbl4,normal,0.8040289282798767
mvil13,normal,0.7963211536407471
mv5hzu,normal,0.7906895875930786
mu8c63,normal,0.8395791053771973
msxbcs,normal,0.7813329696655273
mmwrji,normal,0.7842526435852051
mi3829,normal,0.8050265908241272
mco0om,normal,0.7930829524993896
mfoe84,normal,0.8330642580986023
lgeob5,normal,0.7880305647850037
m7diw9,normal,0.6224538683891296
mji2uq,normal,0.774335503578186
m3pqlw,normal,0.7490200996398926
lwjj7k,normal,0.8133919835090637
kz3f9z,normal,0.7641656994819641
lyxrgc,normal,0.634922981262207
mrveg8,normal,0.7911372184753418
mp2x43,normal,0.7905471920967102
mx7c80,normal,0.786381721496582
mod4jf,normal,0.8029749393463135
ma3fqf,normal,0.795647382736206
mc82dc,normal,0.7761462926864624
ly0do9,normal,0.7779725193977356
mbjxg2,normal,0.8200286030769348
muxu15,normal,0.7722209095954895
mj775l,normal,0.6947438716888428
ly3g3x,normal,0.6542766094207764
mm41ri,normal,0.7132247686386108
m8zs18,normal,0.7985938787460327
mw0om4,normal,0.7600791454315186
l2c5g4,normal,0.6406265497207642
mephcr,normal,0.7735294699668884
lya9mo,normal,0.7466123104095459
mhfrk5,normal,0.734255850315094
lijt0r,normal,0.7452462315559387
lnjacn,normal,0.7021216750144958
mm4kcb,normal,0.7747743129730225
mbengg,normal,0.7858618497848511
m3gun2,normal,0.6004121899604797
mc5w3s,normal,0.7896559834480286
mar3q0,normal,0.5427348017692566
mmwa25,normal,0.7538829445838928
mb93j9,normal,0.7992866039276123
mvu4it,normal,0.596176028251648
m7ato1,normal,0.7706010341644287
m493p7,normal,0.7528306841850281
mpu9u6,normal,0.7400611042976379
mi08yv,normal,0.7512847781181335
mw3ine,normal,0.8062024712562561
mateng,normal,0.6744478344917297
mpi1pr,normal,0.8114888072013855
m7bqds,normal,0.7621262669563293
miye84,normal,0.7961529493331909
mxjdvv,normal,0.7727435827255249
mucjqm,normal,0.7908467054367065
lvd7m6,normal,0.7833219170570374
knelzt,normal,0.7777743935585022
lkhdyy,normal,0.727734386920929
mhcw6z,normal,0.7737227082252502
mnr7kr,normal,0.7995452880859375
ml4kn4,normal,0.780086874961853
ms4rkp,normal,0.7305209636688232
miwtg8,normal,0.7084242701530457
lrhn9o,normal,0.73581862449646
mlp7uz,normal,0.7115210890769958
lrdjci,normal,0.7722952365875244
l6oz4h,normal,0.8061443567276001
m6tqlt,normal,0.7629050612449646
i3rhm0,normal,0.7149406671524048
lz6jiu,normal,0.7449226379394531
ltoyn6,normal,0.7841280698776245
jt92ru,normal,0.6114799380302429
mjenuj,normal,0.7960480451583862
lkmtk2,normal,0.6915119886398315
ifwyf7,normal,0.6883478760719299
kzwl9i,normal,0.7591661810874939
l20yqk,normal,0.5130473375320435
mn12ik,normal,0.795867383480072
mpi9ef,normal,0.7194541692733765
lyoa4p,normal,0.8113676309585571
l3w6r5,normal,0.7985230684280396
miudee,normal,0.6482298970222473
l2rb0x,normal,0.7571055293083191
j4i4l2,normal,0.7986413836479187
mowr53,normal,0.7791361212730408
mhe2rh,normal,0.819708526134491
lyueow,normal,0.7880886793136597
mn9yeu,normal,0.7792052030563354
e6piru,normal,0.7741585969924927
mm9nzl,normal,0.7620583176612854
kgagpu,normal,0.7607808709144592
m8rsc6,normal,0.8156607747077942
mstmmx,normal,0.7165266871452332
k8gu3u,normal,0.7093843817710876
g5jpbj,normal,0.6885393261909485
mo7nwa,normal,0.7598819732666016
mmwspq,normal,0.7695016264915466
i674uz,normal,0.764948308467865
mpud5r,normal,0.8074787259101868
mc5d91,normal,0.7623479962348938
mstd78,normal,0.7503857016563416
me6p92,normal,0.8029454946517944
miulsp,normal,0.7644169926643372
mfcdfd,normal,0.7286013960838318
lk2jku,normal,0.7746061682701111
lobd4i,normal,0.7405105233192444
mw5hqm,normal,0.6225560903549194
lq1guv,normal,0.792609453201294
mcm3pw,normal,0.7860196828842163
lwar3z,normal,0.7860133647918701
lqv088,normal,0.7795122265815735
m7xm9m,normal,0.8403490781784058
l3smjc,normal,0.7729276418685913
l9vq47,normal,0.8090864419937134
lw3lxu,normal,0.7952548861503601
m98e2e,normal,0.7560344338417053
jrkk6q,normal,0.6755850315093994
m53a68,normal,0.7398142218589783
mict6e,normal,0.6436964273452759
mmld2q,normal,0.7698600888252258
ms84vi,normal,0.7822962999343872
l84qbd,normal,0.7248719930648804
i6rg8v,normal,0.7196809649467468
ja4o2m,normal,0.6670241951942444
mbmahq,normal,0.7662274837493896
gpsjsx,normal,0.6814761161804199
l7b8q7,normal,0.7669113874435425
lpf1w5,normal,0.7864040732383728
mornxt,normal,0.849238932132721
mhchrg,normal,0.7224898934364319
j2641p,normal,0.7216707468032837
lc1h7p,normal,0.6570113897323608
k4qiz6,normal,0.7160272002220154
m1f6ih,normal,0.7710142135620117
mnaspb,normal,0.7731287479400635
krw50t,normal,0.642251193523407
lm3495,normal,0.7766101956367493
mh5ma7,normal,0.7562228441238403
mmwdjq,normal,0.6862353682518005
mq3qub,normal,0.6353150606155396
mbjtu0,normal,0.6825371980667114
lmvcne,normal,0.6198400855064392
l0pzvq,normal,0.7898430228233337
mlcmbb,normal,0.5901598334312439
mip9sm,normal,0.8116414546966553
ktqkhe,normal,0.7894084453582764
ixic04,normal,0.7631222605705261
lty9rk,normal,0.7587032914161682
lkwam7,normal,0.7753660082817078
kzhonj,normal,0.816846489906311
kdnkke,normal,0.7369700074195862
k6h2ip,normal,0.7701078653335571
mm9yay,normal,0.5687514543533325
g88h8n,normal,0.7835732698440552
mtfhbr,normal,0.7875924110412598
gz5sfx,normal,0.7584956884384155
lomo45,normal,0.7851411700248718
mwcwm1,normal,0.606806755065918
mia7bz,normal,0.7288735508918762
mljuqi,normal,0.6084175109863281
lgcsqb,normal,0.7636760473251343
g3gli8,normal,0.8097940683364868
8k0tqj,normal,0.8093519806861877
cxk1u8,normal,0.7998531460762024
ezduxc,normal,0.7212392091751099
mfofht,normal,0.8098892569541931
ffew0r,normal,0.672579288482666
lsbtv4,normal,0.7046590447425842
mcwkfh,normal,0.723720133304596
dry0r2,normal,0.8164193630218506
g3f6zu,normal,0.7617540955543518
kwbvuj,normal,0.5182541012763977
kkcleb,normal,0.6692838668823242
lqk542,normal,0.7856755256652832
lz6z6j,normal,0.48551052808761597
br2fdu,normal,0.7546576261520386
m5eso2,normal,0.7434364557266235
b20lp9,normal,0.785917341709137
a6fydd,normal,0.7555170655250549
ef29ib,normal,0.7491631507873535
irlxpq,normal,0.6989336609840393
8atmnw,normal,0.6828301548957825
llsf51,normal,0.7839747071266174
mqmyiw,normal,0.740813672542572
mvtazw,normal,0.7041345238685608
leygeu,normal,0.5266958475112915
kiifud,normal,0.7716344594955444
lgbc70,normal,0.7865854501724243
k85n4o,normal,0.7311918139457703
lglt0f,normal,0.7438713312149048
llcwou,offensive,0.40695035457611084
leqryv,normal,0.8023421764373779
lf1j1b,normal,0.6596508622169495
lwxx6j,normal,0.8054593205451965
iil209,normal,0.7643172144889832
i5ozhj,normal,0.7617366909980774
lwjy7k,normal,0.7488526105880737
mtspy8,offensive,0.48640745878219604
jut0ej,normal,0.6880120038986206
mrob1t,normal,0.728453516960144
l2d6cj,normal,0.7401614785194397
kbj1k2,normal,0.7305747866630554
kr4aff,normal,0.7501260042190552
mjh2za,normal,0.6382679343223572
jhxbqk,normal,0.7745058536529541
mo6n6d,normal,0.81393963098526
kyp6ru,normal,0.7023369073867798
mxmanm,normal,0.6922211050987244
kw5ihf,normal,0.7697598934173584
jcazfe,normal,0.7703714966773987
fymre6,normal,0.8093807697296143
m1fw8v,normal,0.7893360257148743
m34ylg,normal,0.5072759389877319
lru41y,normal,0.798689067363739
k1s6nc,normal,0.8100885152816772
met5nd,normal,0.7050412893295288
etbgfc,normal,0.7557958960533142
efcru0,normal,0.7912850975990295
ipj3mt,normal,0.7540030479431152
d2aumk,normal,0.6880064010620117
aj1osh,normal,0.7189258933067322
mbdtxl,normal,0.6359596848487854
f61eqy,normal,0.7206452488899231
meibzg,normal,0.7145082354545593
ccv3be,normal,0.7472675442695618
haksqi,normal,0.7652263045310974
jb07nu,normal,0.7716437578201294
1ax3b9,normal,0.6042380928993225
4o4huf,normal,0.6632843613624573
620vlf,normal,0.8039320707321167
2b851p,normal,0.773581326007843
10e573,normal,0.8106536269187927
6ffy94,normal,0.7733702659606934
19geic,normal,0.7597917914390564
mou0ad,normal,0.7627427577972412
ktyhsp,normal,0.6949930191040039
lz6ugf,normal,0.7087224125862122
k0d4un,normal,0.5053383111953735
lpsa3n,normal,0.7615718245506287
hgwtzj,normal,0.7380955815315247
jmvfrl,normal,0.7228778600692749
khil13,normal,0.7758246660232544
llizzf,normal,0.6660284399986267
j9sjhi,normal,0.740351140499115
k21m47,normal,0.7274235486984253
kvovp6,normal,0.7334252595901489
3joyi1,normal,0.78209388256073
gg7bdr,normal,0.6694106459617615
g7msx2,normal,0.7851925492286682
lbilg3,normal,0.6824473738670349
b68kv9,normal,0.7531934380531311
kkvddl,normal,0.7788305878639221
m4hyrf,normal,0.7724945545196533
it6pm8,normal,0.7158533334732056
lo9bc3,normal,0.7452271580696106
1co179,normal,0.6735024452209473
hibg2c,normal,0.7206088304519653
1jshwz,normal,0.7396749258041382
1darjv,normal,0.6537193655967712
l8ok9d,normal,0.7788349986076355
evnm3b,normal,0.829653799533844
lnezp9,normal,0.7621489763259888
kwf0tk,normal,0.7836300730705261
m3lgq5,normal,0.5099626779556274
mm6ynt,normal,0.6322255730628967
iqou89,normal,0.4827667772769928
kqln8b,normal,0.7315848469734192
kmi8jm,normal,0.6719566583633423
5h9ol6,normal,0.8030647039413452
jj1bsw,normal,0.7086281180381775
ka76tc,normal,0.8143836855888367
as43yt,normal,0.5771756768226624
i8z2ry,normal,0.7133988738059998
jpr912,normal,0.7581112384796143
k5eogk,normal,0.6901920437812805
in5qpd,normal,0.7637178301811218
av8msq,normal,0.7824908494949341
9esjit,normal,0.7850572466850281
46ap7s,normal,0.8041092753410339
go11u7,normal,0.5961259603500366
6omlh,normal,0.7591768503189087
5ksniw,normal,0.7695770859718323
dehpwf,normal,0.7768020033836365
hgu3mg,normal,0.7812541127204895
e0m7ww,normal,0.6856378316879272
inj1d,normal,0.7659043073654175
41pp6f,normal,0.5245713591575623
gagxh,normal,0.779704213142395
jq7eqo,normal,0.7376959919929504
bmyv66,normal,0.6694530248641968
fcngpe,normal,0.7558863759040833
lh63ox,normal,0.6946882009506226
9ofed9,normal,0.7683073878288269
k670xz,normal,0.6557326912879944
h8zd6f,normal,0.8143476247787476
gll6z6,normal,0.7472385764122009
cmk9q,normal,0.7667946219444275
bqisbx,normal,0.6541557908058167
jk19dn,normal,0.79457688331604
fcb989,normal,0.7733985185623169
b3fb4b,normal,0.7916484475135803
h9m8m5,normal,0.6596463322639465
a82dkg,normal,0.5475360155105591
gaowj0,normal,0.6766496300697327
5necnp,normal,0.5724437236785889
ap0i5n,normal,0.613408625125885
a9z5u4,normal,0.4213090240955353
22ys2x,normal,0.7749168872833252
10cn5h,normal,0.6205066442489624
8jbwor,normal,0.7435414791107178
7o25k,normal,0.7433242797851562
4uqb78,normal,0.7462248206138611
a6ajo,normal,0.7776411771774292
1wx84z,normal,0.5371085405349731
4vocdt,normal,0.7137320637702942
1unaq0,normal,0.5612800717353821
me6f5u,normal,0.7643425464630127
mivde0,normal,0.8077715635299683
jmqlfl,normal,0.8195178508758545
mx59hs,normal,0.7335395216941833
g3oc4t,normal,0.7277879118919373
gf9uoi,normal,0.7641292214393616
mfx4rk,normal,0.7893778681755066
h16mcl,normal,0.7568027377128601
mdc9iy,normal,0.7819071412086487
huw307,normal,0.7524928450584412
fqwhwa,normal,0.7830398082733154
85jhby,normal,0.7880330681800842
i22dok,normal,0.7741730213165283
ibzkq2,normal,0.8229085803031921
lp8od0,normal,0.7136922478675842
cgygqp,normal,0.6903163194656372
2v5czi,normal,0.8302543759346008
kl27ne,normal,0.793208658695221
hyvs8q,normal,0.7754027247428894
k2mwm5,normal,0.8147226572036743
ht9825,normal,0.6777526140213013
hl5w23,normal,0.7379234433174133
b6812s,normal,0.7430898547172546
k2wcu1,normal,0.7988895773887634
hp5jh8,normal,0.8076381683349609
kkppy6,normal,0.6983537673950195
735q9l,normal,0.7988648414611816
lek2kn,normal,0.8076204061508179
lbtbg7,normal,0.706556499004364
hzmff1,normal,0.7467941641807556
kbvhuq,normal,0.7803059220314026
3gpi6f,normal,0.774756133556366
fxl93,normal,0.8045137524604797
22jkmz,normal,0.7652571797370911
6hyjfb,normal,0.7703771591186523
3g3mcy,normal,0.7846348285675049
1uelx3,normal,0.7380886673927307
3tpt56,normal,0.7115333676338196
elno13,normal,0.6678124666213989
6g44dh,normal,0.7212317585945129
6hqe1u,normal,0.6753717064857483
dwaeta,normal,0.7163056135177612
ll65u9,normal,0.7326327562332153
ldty5q,normal,0.7463454008102417
3s1hm5,normal,0.7263604998588562
25w5xw,normal,0.7933588027954102
ekh6ls,normal,0.7529547214508057
h84m8n,normal,0.7905169725418091
jixoqm,normal,0.811489999294281
muyji5,normal,0.7467845678329468
mxo5ll,normal,0.6480260491371155
mxax45,normal,0.7848425507545471
mxr6vk,normal,0.6487957239151001
mx4h25,normal,0.7604276537895203
mx35v0,normal,0.6708466410636902
mwk8co,normal,0.8040571808815002
mwno9q,normal,0.7124839425086975
muavk8,normal,0.7683506011962891
mv3ei1,normal,0.7322854995727539
mu4qv0,normal,0.7789337635040283
mu0zep,normal,0.7644132971763611
mtg549,normal,0.7714471220970154
mt5lhd,normal,0.7536100149154663
mt2vp4,normal,0.7341680526733398
mm5gnq,normal,0.7495620846748352
kk887z,normal,0.769576370716095
mqyf1u,normal,0.7790770530700684
mhapk7,normal,0.7445504069328308
mc6nmv,normal,0.7510768175125122
mmfrmi,normal,0.808939516544342
llrq4e,normal,0.7970119714736938
i101qg,normal,0.6783384680747986
ksmr1y,normal,0.7994903326034546
iburc0,normal,0.6485082507133484
j078k4,normal,0.7940641045570374
jeuzb1,normal,0.7909279465675354
ha6l61,normal,0.785284698009491
i4wouv,normal,0.7722815871238708
jh90db,normal,0.6779964566230774
mxn5kd,normal,0.7228814959526062
mxbjtc,normal,0.798111081123352
mxo8a4,normal,0.6887426376342773
mxpig6,normal,0.7483941316604614
mx84dv,normal,0.8069983124732971
mw3c94,normal,0.7503068447113037
mx1toj,normal,0.7666881680488586
mus2ah,normal,0.8348751068115234
mudn44,normal,0.7023150324821472
muoy09,normal,0.7358718514442444
murgmw,normal,0.6945115923881531
musogk,normal,0.6539425849914551
mxkv4x,normal,0.7770082950592041
mxmw0e,normal,0.6164934635162354
mx7zkb,normal,0.8086177110671997
mx3bpn,normal,0.7469243407249451
mw4cub,normal,0.7031338810920715
mxix30,normal,0.7021212577819824
mwbqfd,normal,0.7075225710868835
mx83o8,normal,0.7856471538543701
mva8ff,normal,0.7566975355148315
mw39c0,normal,0.7933834791183472
mxm1q1,normal,0.6810694932937622
mwapq0,normal,0.5911601185798645
mdoizs,normal,0.8169228434562683
m5ewwl,normal,0.8026925921440125
kogekx,normal,0.7979643940925598
k4xdzq,normal,0.7561512589454651
mnhjjj,normal,0.7021952867507935
m718ji,normal,0.7924943566322327
lqip8k,normal,0.6509567499160767
mgcn8o,normal,0.6268079876899719
lcp5q3,normal,0.6523807644844055
kmn6dr,normal,0.5867593288421631
iwdo3n,normal,0.7936954498291016
kwg8dm,normal,0.7966479063034058
k3skby,normal,0.8023587465286255
mw7qp1,normal,0.7800260782241821
mxhya1,normal,0.7374053597450256
mwwcb0,normal,0.754128098487854
mwmkvq,normal,0.7846023440361023
mxpmj5,normal,0.7906738519668579
mxog6m,normal,0.7959789037704468
mxo3rv,normal,0.7944364547729492
mx2h2v,normal,0.7832755446434021
mwzvvb,normal,0.8159087896347046
mw9wmp,normal,0.7912550568580627
mxg84t,normal,0.7197060585021973
mx2zq9,normal,0.786114513874054
mx7wox,normal,0.7761725783348083
kl1qnb,normal,0.7351864576339722
mtfwux,normal,0.7484873533248901
kxrjzx,normal,0.7879163026809692
gwq9lx,normal,0.5532572865486145
girym5,normal,0.7899982929229736
mufdfj,normal,0.803520679473877
ih06xr,normal,0.73386549949646
k3coli,normal,0.7928829193115234
hnsxlh,normal,0.689792275428772
milrcg,normal,0.7934156060218811
lo4sqa,normal,0.7427968382835388
l9ixzb,normal,0.7644451260566711
mgo2ho,normal,0.7774275541305542
ioqns3,normal,0.7624285817146301
mtr4cq,normal,0.6246238350868225
g9uwwe,normal,0.7774652242660522
i9y81a,normal,0.7960236668586731
lvj0xu,normal,0.8237417936325073
hmhco2,normal,0.7854872941970825
m0zq69,normal,0.6386164426803589
mw4u11,normal,0.7624868750572205
fe75lu,normal,0.7831762433052063
kxd9y9,normal,0.7595235109329224
m3i7yy,normal,0.6892809867858887
jpnnov,normal,0.7427523732185364
mp3yql,normal,0.7110275030136108
gl7xym,normal,0.6895742416381836
lwx5wn,normal,0.7763885259628296
9ayive,normal,0.7434127330780029
kqpymd,normal,0.6512761116027832
b0xfqx,normal,0.7270072102546692
kczivw,normal,0.5628935694694519
jy24yh,normal,0.6804038286209106
6b17vs,normal,0.6523282527923584
5l7uds,normal,0.7152039408683777
6ouols,normal,0.7195222973823547
7s7k69,normal,0.787019670009613
jfhjgs,normal,0.7569603323936462
lehd5u,normal,0.6871213316917419
ge3y4i,normal,0.6802064776420593
jno5fw,normal,0.6676458120346069
lxvuut,normal,0.7210403680801392
m6dguz,normal,0.7693420648574829
kqxgxd,normal,0.7776627540588379
lp2xbh,normal,0.754349946975708
evibh2,normal,0.7391834855079651
avuov5,normal,0.5204060077667236
eyra42,normal,0.6500517725944519
k0sb83,normal,0.7875560522079468
55e3b4,normal,0.7345006465911865
jx5lj9,normal,0.7668089866638184
jcs5gn,normal,0.7522035241127014
lexol9,normal,0.8400763869285583
m75yf1,normal,0.5935529470443726
m6vf8b,normal,0.43810218572616577
mmjegd,normal,0.6814241409301758
koe2uz,normal,0.7930206656455994
exwejs,normal,0.8318830132484436
k9yjf5,normal,0.7134330868721008
ltrryl,normal,0.7834930419921875
infy6s,normal,0.77604740858078
hami3u,normal,0.7715103030204773
efgehx,normal,0.7720707058906555
kdcans,normal,0.7211489677429199
jo7g70,normal,0.7877449989318848
m8t2kq,normal,0.7383100986480713
lv7gum,normal,0.7041837573051453
k4q86m,normal,0.6190701127052307
kpywn3,normal,0.7981574535369873
k5d76c,normal,0.8258040547370911
kv5lly,normal,0.7318296432495117
jwzz6t,normal,0.6060181260108948
d532ie,normal,0.7316213250160217
b3ovid,normal,0.6743346452713013
iq2res,normal,0.7743029594421387
iuh9f5,normal,0.640502393245697
ghwu7q,normal,0.6333144307136536
k6bj9y,normal,0.6075733304023743
hadhj5,normal,0.809657871723175
mldy3q,normal,0.7597017884254456
lw5j76,normal,0.6178964376449585
mqpdkm,normal,0.7581857442855835
lbx1eq,normal,0.736973762512207
iu86hz,normal,0.6801601648330688
m5d4t3,normal,0.7983143329620361
mm1jyu,normal,0.6858655214309692
mlsaer,normal,0.7190592288970947
lyuqge,normal,0.8326849937438965
l5gct6,normal,0.603984534740448
m9jn5u,normal,0.6576968431472778
mkuqad,normal,0.7813593745231628
lwktu6,normal,0.781585693359375
lhr3mx,normal,0.7675219774246216
c9mhpg,normal,0.7699583172798157
535k3u,normal,0.7840985655784607
6iv1ua,normal,0.8094777464866638
6i9pzg,normal,0.8097816705703735
92ha92,normal,0.7992978096008301
7prfea,normal,0.8070547580718994
3rw0j1,normal,0.8031752109527588
6pv624,normal,0.7944927215576172
68pp5o,normal,0.790289580821991
