tweet_id,classification,classification_score
h0a8c5,normal,0.7736574411392212
hbdwh4,normal,0.7814245820045471
hp6fcq,normal,0.6815322637557983
cma3l4,normal,0.7051686644554138
guoqy3,normal,0.771764874458313
e0m2rj,normal,0.7655588388442993
8itb28,normal,0.7991706728935242
cfff12,normal,0.7443448901176453
cq2jw1,normal,0.8017071485519409
cg5mas,normal,0.7630990743637085
cgpxy6,normal,0.7505697011947632
cmkj9n,normal,0.7692000865936279
cgd8lj,normal,0.7039072513580322
chxpws,normal,0.6820974349975586
64laar,normal,0.760339081287384
a59imt,normal,0.743037760257721
bhtw2y,normal,0.7937712073326111
8b0v1s,normal,0.7758302092552185
4egcrr,normal,0.7403976321220398
7q23gf,normal,0.7779089212417603
6h0zoa,normal,0.7269983887672424
2nj1qm,normal,0.7734895944595337
4gf5dx,normal,0.7521359324455261
lznvke,normal,0.6784055829048157
ei2lqn,normal,0.7664365172386169
mtywg8,normal,0.7501459121704102
65bicf,normal,0.7337802052497864
lvpd7p,normal,0.7984040975570679
74bweq,normal,0.7791717052459717
2um57e,normal,0.7844309210777283
5gzj4t,normal,0.8163699507713318
32hksw,normal,0.754856526851654
564aje,normal,0.5484232306480408
fdbvgi,normal,0.7510170936584473
g266j2,normal,0.8021855354309082
6denb5,normal,0.8141999244689941
5y4i1m,normal,0.6465432643890381
dgxnp4,normal,0.704032301902771
mo6kwl,normal,0.7637712359428406
m9km9b,normal,0.7433985471725464
mxl2s0,normal,0.8128701448440552
mgavm4,normal,0.8064336776733398
mpr5u5,normal,0.6061205267906189
ldjg06,normal,0.7411975264549255
mp07ye,normal,0.7966188788414001
m9x6x5,normal,0.7866332530975342
mr7hjr,normal,0.7834264039993286
mxxhjl,normal,0.6808955669403076
moxf1i,normal,0.8015514016151428
l221is,normal,0.7909526824951172
m23mww,normal,0.7732774615287781
m1i817,normal,0.7315182685852051
lk1ohj,normal,0.7238380908966064
8ghmmj,normal,0.7685176730155945
38fr0u,normal,0.7176236510276794
j4h7fy,normal,0.6979472041130066
bhzlnz,normal,0.7844355702400208
bj5x56,normal,0.7445179224014282
82i9hi,normal,0.6350914835929871
3huzjh,normal,0.7763946056365967
2jisjs,normal,0.7809765338897705
kas25x,normal,0.7423391342163086
mj9s43,normal,0.7621490955352783
lx05zl,normal,0.7639095783233643
licm59,normal,0.6718235015869141
mjb64g,normal,0.7804768681526184
loi3t4,normal,0.7666990756988525
lllvzy,normal,0.8105847835540771
mpc9sx,normal,0.696594774723053
kkg2zp,normal,0.8202676177024841
levavl,normal,0.7129158973693848
ljeke7,normal,0.7650749087333679
m7e2eh,normal,0.8128131628036499
js0pgp,normal,0.800112783908844
lvv1dt,normal,0.7312836647033691
k41h7a,normal,0.664099931716919
lp6a8j,normal,0.7418647408485413
mlq96t,normal,0.7684054970741272
meo6kh,normal,0.6419427990913391
lqkpk7,normal,0.8269827365875244
lc08yq,normal,0.7467269897460938
lzhua6,normal,0.8041918277740479
mgsycu,normal,0.7956156134605408
le1t84,normal,0.7863254547119141
kw6ef7,normal,0.7208433747291565
mw4ig8,normal,0.7943722009658813
mq64eg,normal,0.8186957240104675
muqgsz,normal,0.7714982032775879
lzdsr0,normal,0.7829805016517639
loa6hb,normal,0.7778288125991821
dgga18,normal,0.7811233401298523
m24p1h,normal,0.7578660249710083
modf9n,normal,0.7823561429977417
mcapd7,normal,0.723774790763855
lp6z8q,normal,0.7608367800712585
mq947j,normal,0.7429496049880981
lyo5et,normal,0.7841756343841553
mhl14d,normal,0.7796594500541687
mor8nv,normal,0.7381390929222107
hqrrhd,normal,0.7344127893447876
mr6xam,normal,0.8097420334815979
mruggv,normal,0.776216983795166
lo2hzy,normal,0.7105616927146912
m3tmmi,normal,0.714735209941864
llf0wn,normal,0.7841047048568726
mi3xgc,normal,0.8066648244857788
l9q9xm,normal,0.7282545566558838
msnzb9,normal,0.7897211909294128
mgi6yp,normal,0.7575305104255676
m7wlld,normal,0.7531673908233643
lliqij,normal,0.7876577973365784
mtj1r8,normal,0.6300476789474487
llnf03,normal,0.6433301568031311
liqauo,normal,0.5594592690467834
mo2x25,normal,0.7652013301849365
lc4pxj,normal,0.7167351841926575
mo11ao,normal,0.7673637866973877
mkbxxl,normal,0.6993979811668396
loi8dn,normal,0.7510392069816589
lzpqxa,normal,0.8089320659637451
lau38i,normal,0.8032812476158142
loor2h,normal,0.7823556661605835
m9vmb1,normal,0.6793912649154663
muokzl,normal,0.73673415184021
muokwx,normal,0.73673415184021
mxpzkn,normal,0.7583865523338318
mx8nvp,normal,0.6379159092903137
mxmq2e,normal,0.7263579964637756
mxigod,normal,0.8256664276123047
mx6bcb,normal,0.7657135128974915
mx36lg,normal,0.6708466410636902
mwbtpb,normal,0.7662685513496399
mw7rww,normal,0.787469208240509
mvyhjr,normal,0.8136225938796997
muh2ey,normal,0.7935754656791687
mubb3m,normal,0.7007417678833008
mtrhr2,normal,0.7558484077453613
mt5t88,normal,0.738823413848877
m4im6z,normal,0.7482033967971802
mxjc3v,normal,0.6260189414024353
mxvqux,normal,0.7843499779701233
mt4bpy,normal,0.6928344964981079
msnrvx,normal,0.7955859303474426
mtfyum,normal,0.7915258407592773
m22dyb,normal,0.7903497815132141
f7osmg,normal,0.8017812371253967
m550lf,normal,0.5168493986129761
mo8p7m,normal,0.7815552353858948
mktiow,normal,0.7496902942657471
mxw93n,normal,0.7075663208961487
mspry8,normal,0.7504789233207703
kp3xoy,normal,0.7633256912231445
lnobmg,normal,0.7920708656311035
mumyka,normal,0.809518575668335
mbsf9b,normal,0.7962700128555298
mm8uec,normal,0.7555498480796814
mwpp9d,normal,0.843165397644043
mssr7s,normal,0.8189445734024048
mfzvrn,normal,0.7673613429069519
m1t191,normal,0.7948265671730042
lgxqxs,normal,0.7536376118659973
lb4484,normal,0.6889239549636841
m82h6p,normal,0.794191837310791
lu3zo5,normal,0.7799460887908936
lrdnfw,normal,0.7938337326049805
lz4c3e,normal,0.7353172898292542
js6hwm,normal,0.7595690488815308
mjz0xf,normal,0.749538242816925
kuxtke,normal,0.7230757474899292
lsdipt,normal,0.7927055358886719
lj4o28,normal,0.753994345664978
lweolr,normal,0.7047293782234192
lhrpby,normal,0.7269085049629211
kbt7ej,normal,0.838059663772583
ml7isw,normal,0.7966037392616272
i6zqvb,normal,0.7866275906562805
mgg1kp,normal,0.763300359249115
mremce,normal,0.7618840932846069
mt65l5,normal,0.7601144313812256
meskda,normal,0.6209728717803955
mjcg1d,normal,0.6420509815216064
mqe6zb,normal,0.7969236373901367
mx6j5a,normal,0.8118613958358765
kjev5b,normal,0.8203248977661133
ixx47m,normal,0.7240229845046997
dksxmn,normal,0.7939010262489319
mw6n54,normal,0.7470093369483948
m84wdp,normal,0.7918608784675598
msd0au,normal,0.802040696144104
monj2y,normal,0.7162318825721741
m10kxo,normal,0.7411593794822693
mjkm0l,normal,0.7936193943023682
msx0xl,normal,0.7438508868217468
ljhadn,normal,0.7158219218254089
mpjwrl,normal,0.7182940244674683
kaob9h,normal,0.8033939599990845
mxj6b4,normal,0.7429807186126709
mr80ls,normal,0.707184374332428
mt1ie4,normal,0.46646368503570557
k6b7ow,normal,0.7647419571876526
mj8mzc,normal,0.769609272480011
mjoeyo,normal,0.7737444043159485
mveji3,normal,0.7880699038505554
m6iu3a,normal,0.7781457304954529
mbpaay,normal,0.7675613164901733
mpf1gd,normal,0.7447662949562073
mq116k,normal,0.7714651226997375
mrktxh,normal,0.703025758266449
milo43,normal,0.6741160154342651
evm5nb,normal,0.7404811382293701
m4pvde,normal,0.7524228692054749
mu1shn,normal,0.7842464447021484
ct6ve6,normal,0.7775269150733948
llbbi6,normal,0.767637312412262
c5xzs5,normal,0.7807302474975586
ds2gq6,normal,0.7931129932403564
mv0rwt,normal,0.7428776621818542
ly6z5h,normal,0.814551055431366
m4uega,normal,0.8019499778747559
mu6fnk,normal,0.7982150316238403
lxnkfm,normal,0.7196252942085266
kznzg1,normal,0.6853539943695068
kb1fm5,normal,0.8351886868476868
k0lf5c,normal,0.7954045534133911
fhhf3x,normal,0.6404173374176025
bgbqt6,normal,0.7934449315071106
mnqlqz,normal,0.7694438695907593
m1k0dr,normal,0.7809402942657471
luqrqf,normal,0.7702612280845642
lf6zqg,normal,0.7773917317390442
jyz5y3,normal,0.7235239744186401
lrc45i,normal,0.8108447194099426
itwcj1,normal,0.7361180782318115
ihw6zl,normal,0.7781819701194763
ihu7d3,normal,0.6722246408462524
d6f23m,normal,0.757064700126648
dgg0zf,normal,0.7610747218132019
dd100g,normal,0.6870241761207581
4f39qe,normal,0.7339240908622742
mw92zj,normal,0.8309003710746765
mx1ydt,normal,0.7686057686805725
mp6e0b,normal,0.832045316696167
mtsm9a,normal,0.832045316696167
mrn889,normal,0.7224205732345581
mkc5i8,normal,0.832045316696167
mrc1b4,normal,0.8000280261039734
mlon11,normal,0.7684280872344971
m30wip,normal,0.7720896005630493
mv2r81,normal,0.8020966649055481
mgvw2w,normal,0.6519652605056763
mwoolp,normal,0.794238805770874
licc4v,normal,0.8343568444252014
mfh8ej,normal,0.832045316696167
mfuxgo,normal,0.6899207234382629
kg63sh,normal,0.6758182644844055
kxw7kv,normal,0.5833629369735718
kf90ie,normal,0.8115963339805603
fy3fne,normal,0.7360358238220215
kat5xl,normal,0.7892066240310669
fy40iy,normal,0.7615036964416504
jqke6o,normal,0.7232410311698914
jqqkj2,normal,0.7270110249519348
j4kavw,normal,0.8153801560401917
hl6sov,normal,0.7440630197525024
fkqm15,normal,0.8065465092658997
g6v4n0,normal,0.8160440921783447
bmp3xb,normal,0.7435333728790283
ls8o6r,normal,0.7705718874931335
kxfy85,normal,0.7629091739654541
mv5bt5,normal,0.7906362414360046
jlqd3e,normal,0.7788004279136658
jrllhe,normal,0.7080458998680115
lg1vif,normal,0.7537619471549988
m7y9xp,normal,0.7324987649917603
lhvz2j,normal,0.744572639465332
lb2oj0,normal,0.8012287020683289
m3smch,normal,0.7926719784736633
l4ov4s,normal,0.7915513515472412
gj397e,normal,0.7364270687103271
la3pqr,normal,0.7226622104644775
lbm42c,normal,0.7266557216644287
kx9uzu,normal,0.8034385442733765
mrzyjw,normal,0.7642976641654968
mr4gna,normal,0.7574129104614258
mqapti,normal,0.8184934854507446
mk75at,normal,0.8124816417694092
mixteo,normal,0.7778415679931641
mi7u2u,normal,0.7794443368911743
mf8lir,normal,0.7994016408920288
m7s8rw,normal,0.6233657598495483
m5k5g9,normal,0.7301761507987976
lrriyj,normal,0.7813851237297058
lr2r71,normal,0.7845370769500732
lsujul,normal,0.7722587585449219
lo2qil,normal,0.6594167351722717
mgl81j,normal,0.7637984156608582
msfh78,normal,0.7359991669654846
mx2z63,normal,0.7474684119224548
mhgrar,normal,0.7543915510177612
mnowp7,normal,0.7868795394897461
lh1wlt,normal,0.7468346357345581
lqnmr0,normal,0.777531087398529
l22ywi,normal,0.8311151266098022
kzat9j,normal,0.7031005620956421
lbud5b,normal,0.7683031558990479
l3hjqj,normal,0.8072053790092468
kvfwp2,normal,0.7830816507339478
kyb7nd,normal,0.6883354187011719
kfdsxj,normal,0.7542791962623596
mvoraz,normal,0.7316548228263855
mtmi6s,normal,0.7881267070770264
mmwfqr,normal,0.7893203496932983
lxhfah,normal,0.732133686542511
lacjlf,normal,0.7670657634735107
kx9s45,normal,0.706386387348175
l3hgy8,normal,0.7974324226379395
l24fvw,normal,0.7926759719848633
mskdqt,normal,0.7942712306976318
keo5tq,normal,0.7727700471878052
mmqza9,normal,0.7823023796081543
mcnd0k,normal,0.7675111889839172
m8x7ao,normal,0.7686933279037476
m6h5ms,normal,0.8206924200057983
ln0p8w,normal,0.7905189990997314
lib5yh,normal,0.7863377332687378
lhk4ow,normal,0.7922836542129517
kyofrr,normal,0.843008279800415
kv5pgn,normal,0.7712764143943787
kbs6xt,normal,0.8100800514221191
js6tn1,normal,0.7211861610412598
jcgs5c,normal,0.774529218673706
hcqfyh,normal,0.7863908410072327
lrmr0a,normal,0.7784247398376465
kltxsb,normal,0.5895107984542847
bgk3a2,normal,0.7529815435409546
lj2ebu,normal,0.6654307246208191
l20kry,normal,0.7367070317268372
l54n79,normal,0.7410960793495178
kv3v7x,normal,0.7539554834365845
jyilbi,normal,0.7953420877456665
gn00ee,normal,0.7707327604293823
cqpr0f,normal,0.8426337838172913
d4se4h,normal,0.7346333265304565
mkxk2r,normal,0.760686457157135
m8ui8z,normal,0.7871986627578735
jt4je9,normal,0.8092268705368042
biaj7v,normal,0.7403955459594727
lh71g6,normal,0.8011353015899658
lhl311,normal,0.6664150357246399
lecsan,normal,0.6622657775878906
lep4zd,normal,0.7996070384979248
jskelp,normal,0.8154427409172058
ilfcfr,normal,0.7998782396316528
c2n9lt,normal,0.7759279608726501
jjj6i1,normal,0.7967537641525269
axtrx7,normal,0.7774466872215271
bblsks,normal,0.7810584902763367
cybp3t,normal,0.7315257787704468
f8fb03,normal,0.8049637079238892
av488y,normal,0.7992638945579529
ceomo9,normal,0.7649356126785278
b2wlfd,normal,0.7513712644577026
knpzsp,normal,0.7652247548103333
ktupnw,normal,0.7920029163360596
fh8io2,normal,0.7959491014480591
m0z90i,normal,0.8465806841850281
gvumaa,normal,0.8217487335205078
lo9ngh,normal,0.7634701728820801
m3ly6l,normal,0.7782261967658997
m3a81f,normal,0.8199142813682556
kyyin3,normal,0.8061601519584656
l1hiup,normal,0.8231028318405151
kdoosb,normal,0.8306856751441956
muvmr9,normal,0.790225625038147
mvkkwm,normal,0.7664363384246826
melbd3,normal,0.7900502681732178
mhiv0s,normal,0.528759777545929
lsgxik,normal,0.8133189678192139
hsa97a,normal,0.796291708946228
ll9up2,normal,0.7692455649375916
lfiz7w,normal,0.8556907176971436
lwbs83,normal,0.7354292869567871
ke9zjj,normal,0.6758182644844055
m76xic,normal,0.7322507500648499
lh6vaw,normal,0.8024753332138062
jr3c8q,normal,0.7814605832099915
lhy4wz,normal,0.7767972946166992
l78oub,normal,0.8084394335746765
flpfg8,normal,0.8102664351463318
jftdui,normal,0.8346135020256042
kkl9vj,normal,0.7486882209777832
aic83h,normal,0.7703456878662109
fvp3ge,normal,0.8523680567741394
6lu5ov,normal,0.8206004500389099
1q6i66,normal,0.8429661989212036
ay62ag,normal,0.7723198533058167
m2kzfl,normal,0.7145304083824158
7ecg32,normal,0.8161084651947021
2d9hix,normal,0.7792935371398926
2kmutb,normal,0.7939882874488831
12l1j5,normal,0.7502630949020386
1idztl,normal,0.7602201700210571
luzhcm,normal,0.7267495393753052
g6wset,normal,0.7991970777511597
7avgiw,normal,0.44100600481033325
7n4otg,normal,0.5187782049179077
9y2o6z,normal,0.8538691997528076
3225rq,normal,0.6732972264289856
mtaerd,normal,0.7998051047325134
lu370t,normal,0.7801228165626526
lhe8ic,normal,0.7413917183876038
kq7ikz,normal,0.7850776314735413
k1x5g9,normal,0.7964929342269897
mgee5k,normal,0.6698710918426514
ltyukb,normal,0.7400672435760498
mnygai,normal,0.7913826704025269
egdtej,normal,0.7494423985481262
j4prdw,normal,0.7774888277053833
h0hd86,normal,0.6722344160079956
msoqba,normal,0.6798513531684875
jabelf,normal,0.6918597221374512
moyxf4,normal,0.8194488883018494
mp5zhv,normal,0.6620776057243347
mhdlxn,normal,0.7860967516899109
mel6dq,normal,0.8272168636322021
mc8dua,normal,0.808660626411438
mfif5i,normal,0.7087177634239197
lxjryp,normal,0.7730383276939392
lpff1p,normal,0.8143314123153687
k3t89q,normal,0.5896509885787964
ldrqll,normal,0.8464974761009216
i181e3,normal,0.7348999977111816
kfrzum,normal,0.768395721912384
lubhgt,normal,0.6995725631713867
lbzaj3,normal,0.8068851828575134
htkx44,normal,0.6440231800079346
l5dy4l,normal,0.7235001921653748
j0ugxu,normal,0.6829832196235657
movb3b,normal,0.7434548735618591
lof4rk,normal,0.7068944573402405
mfhrxk,normal,0.8059611320495605
metik8,normal,0.7559856176376343
m2n7v3,normal,0.776001513004303
ly55e7,normal,0.796969473361969
mx9l8s,normal,0.7958657741546631
mtvz37,normal,0.6638798117637634
l8k75k,normal,0.761258602142334
le1m6f,normal,0.7504661083221436
mxw9zs,normal,0.7888405323028564
l0jtlc,normal,0.7414924502372742
m8znji,normal,0.7171959280967712
lngxna,normal,0.7781829833984375
mn402x,normal,0.7720763087272644
lu2y6s,normal,0.7775799036026001
mw2sfr,normal,0.780669629573822
lel2bq,normal,0.6529466509819031
hi152y,normal,0.5315302014350891
jkc420,normal,0.7074283957481384
f7f67c,normal,0.5609120726585388
j1fxnh,normal,0.81534743309021
hfxqiz,normal,0.5568968653678894
kef182,normal,0.7640921473503113
jj73ro,normal,0.8219035267829895
lkv3gs,normal,0.6095224618911743
fkghle,normal,0.8028380870819092
j83son,normal,0.7209593653678894
ikj15q,normal,0.7778884172439575
mdzl2x,normal,0.7564127445220947
mu0njz,normal,0.7935062646865845
msyzkt,normal,0.8042452931404114
k5am7u,normal,0.7513017654418945
k8xl7j,normal,0.7377248406410217
lytz7t,normal,0.7801734209060669
k5lfua,normal,0.7261353731155396
ktiexx,normal,0.8229473233222961
ly71rk,normal,0.8212792873382568
ktf869,normal,0.8013098835945129
hkn1k9,normal,0.7851396203041077
iql8ua,normal,0.6454676985740662
kelav9,normal,0.7789567112922668
jp7pla,normal,0.7972005009651184
mpqr44,normal,0.6622980237007141
mlfqf7,normal,0.6804414987564087
mjs6v9,normal,0.7624236345291138
mfln8u,normal,0.7827186584472656
mqodd5,normal,0.8045756220817566
lhvjse,normal,0.7359940409660339
krtj57,normal,0.729776918888092
mwl6i7,normal,0.7867539525032043
moutv6,normal,0.8116365671157837
lxd06d,normal,0.8062381148338318
lpwsc9,normal,0.7482736110687256
ku04jd,normal,0.819794774055481
maaf4c,normal,0.7730252742767334
lpcq57,normal,0.8308713436126709
moxtei,normal,0.8396943211555481
m8eggp,normal,0.7822520136833191
mr12ui,normal,0.79043048620224
mnvkqm,normal,0.7992587089538574
jdmnsw,normal,0.6554232239723206
ixic04,normal,0.7631222605705261
kg0k8n,normal,0.7740523219108582
m8d03n,normal,0.7074112296104431
mn3zan,normal,0.742224931716919
mhjzyw,normal,0.7952555418014526
mhw7zv,normal,0.779672384262085
mxin93,normal,0.7025885581970215
mxjton,normal,0.7813894152641296
mt4ojz,normal,0.7792817950248718
mwddid,normal,0.8182395696640015
mwn6yl,normal,0.7829572558403015
mw7m8n,normal,0.7463917136192322
mvmshe,normal,0.7473308444023132
mvv7z7,normal,0.78487628698349
muw38l,normal,0.6828662753105164
mvnk5s,normal,0.7940391302108765
mv5b67,normal,0.8135972619056702
mtnm7x,normal,0.7545279264450073
msthg7,normal,0.8016883730888367
msux98,normal,0.7938143014907837
mr72io,normal,0.6150738596916199
j8qykz,normal,0.7536405920982361
mqf92u,normal,0.7620182633399963
mrhp7s,normal,0.7219072580337524
mo9hdi,normal,0.705653727054596
gqfrz7,normal,0.7003609538078308
j5nadf,normal,0.6890209913253784
fwjdst,normal,0.7481913566589355
hf1vzp,normal,0.6872242093086243
kbq2kg,normal,0.743767261505127
i3mba7,normal,0.6897596716880798
mphopz,normal,0.7919999957084656
ibijk2,normal,0.7527289390563965
lw0i2c,normal,0.7951027154922485
lwzexy,normal,0.696570634841919
mu9jp1,normal,0.7832589149475098
me0n9u,normal,0.7714636921882629
m2d2sb,normal,0.793064296245575
j43kfu,normal,0.8310439586639404
m39q2a,normal,0.7053091526031494
kfohzp,normal,0.7182199954986572
lgix9q,normal,0.7626326084136963
lgxdh8,normal,0.7652243375778198
mket3u,normal,0.7574493885040283
jrqynn,normal,0.5721129775047302
kehoaa,normal,0.7538230419158936
fj3jpu,normal,0.7672950625419617
lsbtv4,normal,0.7046590447425842
lzp8gf,normal,0.7186839580535889
ly5ewj,normal,0.6538053154945374
mhfrk5,normal,0.734255850315094
mmwrji,normal,0.7842526435852051
mbjxg2,normal,0.8200286030769348
lijt0r,normal,0.7452462315559387
lnjacn,normal,0.7021216750144958
mm4kcb,normal,0.7747743129730225
mbengg,normal,0.7858618497848511
m3gun2,normal,0.6004121899604797
mc5w3s,normal,0.7896559834480286
mar3q0,normal,0.5427348017692566
mmwa25,normal,0.7538829445838928
mb93j9,normal,0.7992866039276123
mvu4it,normal,0.596176028251648
m7ato1,normal,0.7706010341644287
m493p7,normal,0.7528306841850281
ilwrto,normal,0.7160099744796753
lrmoso,normal,0.7820469737052917
j8yf70,normal,0.7499305605888367
mn8j8t,normal,0.7979066967964172
j6vw29,normal,0.623119592666626
jodi58,normal,0.7741726636886597
i8yjse,normal,0.7053225636482239
f8xnsk,normal,0.8015140891075134
h11q51,normal,0.6342573761940002
g2sntk,normal,0.7734164595603943
fjreza,normal,0.651408851146698
mtnwc3,normal,0.7602777481079102
lgdtsc,normal,0.8154710531234741
jd2dxq,normal,0.7802549004554749
fjifj6,normal,0.8090065121650696
msc2ok,normal,0.8163117170333862
lhlfzr,normal,0.7985352873802185
mkk60b,normal,0.6859371066093445
kos2ir,normal,0.7759196162223816
lr6qcf,normal,0.7413297295570374
fyhu6x,normal,0.7277430295944214
lyxrgc,normal,0.634922981262207
j94iti,normal,0.7962101697921753
lufz3i,normal,0.7737851142883301
lw0h33,normal,0.8008747100830078
ddo8p,normal,0.7717525959014893
mxmanm,normal,0.6922211050987244
mt9gb3,normal,0.7327187657356262
mvisqk,normal,0.71302330493927
mspsri,normal,0.78371661901474
mu3yln,normal,0.7889111042022705
murw2a,normal,0.8033143281936646
muh5qh,normal,0.7846384048461914
muikdp,normal,0.6498269438743591
mu5e3u,normal,0.7714565992355347
mu7vvn,normal,0.7857051491737366
mthdma,normal,0.626775860786438
mtirhl,normal,0.5201430320739746
mqv78c,normal,0.8061516284942627
msrp8x,normal,0.7722236514091492
mssn6e,normal,0.689717710018158
mwm8mz,normal,0.7498600482940674
mg6ldu,normal,0.7417876124382019
imvj5z,normal,0.7574185729026794
lhbyn2,normal,0.7721524238586426
hhhvsb,normal,0.7455684542655945
jhrql0,normal,0.7986484169960022
iuli77,normal,0.7843939661979675
m34ylg,normal,0.5072759389877319
m69vcj,normal,0.7376563549041748
gsc6qu,normal,0.7392630577087402
erjs4l,normal,0.7323733568191528
gm6ld6,normal,0.6450377702713013
m0f2oz,normal,0.7910934686660767
lgd7n7,normal,0.7501428723335266
m6amoh,normal,0.5803961157798767
k302mz,normal,0.7902318835258484
ki6e8e,normal,0.6998068690299988
8vwk9c,normal,0.7180837988853455
jlj68l,normal,0.7813363671302795
k6d5bt,normal,0.560682475566864
afrqop,normal,0.7621291279792786
12x9cw,normal,0.7081157565116882
jm9qxd,normal,0.774929940700531
13kiw5,normal,0.8031137585639954
iv56ie,normal,0.7599685192108154
38ahaq,normal,0.7073797583580017
jz11pc,normal,0.7656981348991394
lek2kn,normal,0.8076204061508179
ii173i,normal,0.8089370131492615
e4abvm,normal,0.6764466762542725
l8yfbn,normal,0.7703432440757751
mcyxs9,normal,0.7935634255409241
mjh2za,normal,0.6382679343223572
mo6n6d,normal,0.81393963098526
lcox03,normal,0.769412100315094
irx9qa,normal,0.8097794055938721
m4g7y2,normal,0.7751601338386536
kvovp6,normal,0.7334252595901489
k37v0t,normal,0.7997501492500305
4pnjas,normal,0.7928768992424011
mlw943,normal,0.7543834447860718
m0pq2t,normal,0.7469351887702942
jy55x9,normal,0.7478212714195251
kb7ogf,normal,0.8090699911117554
jixoqm,normal,0.811489999294281
lnezp9,normal,0.7621489763259888
f6q3y2,normal,0.748207688331604
j5kfet,normal,0.7870191931724548
f21b0a,normal,0.7064388990402222
mb20bi,normal,0.7700392603874207
mwvsua,normal,0.7865044474601746
f83vuf,normal,0.8488049507141113
fdoyzd,normal,0.7105650305747986
met5nd,normal,0.7050412893295288
mx59hs,normal,0.7335395216941833
mxa1cv,normal,0.78195720911026
mwrh5a,normal,0.7612622380256653
mvd62w,normal,0.7813194990158081
mv430f,normal,0.7218984365463257
msxn4g,normal,0.7896116971969604
msxqfb,normal,0.7985580563545227
msp7uv,normal,0.7368379235267639
mt56kx,normal,0.7615858912467957
mschfa,normal,0.8048422932624817
mgf1cl,normal,0.7350975871086121
mqmyiw,normal,0.740813672542572
lglt0f,normal,0.7438713312149048
lplvp7,normal,0.7752150893211365
muxp6t,normal,0.6850308775901794
mnh7rb,normal,0.7799745798110962
jcm3no,normal,0.6632911562919617
kyp6ru,normal,0.7023369073867798
k670xz,normal,0.6557326912879944
31plfk,normal,0.756083071231842
mfglf,normal,0.744299590587616
fpog3,normal,0.6496744751930237
7amh5y,normal,0.7478460073471069
5i3adw,normal,0.7754221558570862
bauzai,normal,0.6784070134162903
nrblf,normal,0.7113574147224426
98bbx4,normal,0.7679534554481506
8x3h60,normal,0.7507299780845642
4c48n1,normal,0.7647610306739807
jv02z,normal,0.8546284437179565
xu59h,normal,0.706095278263092
moj5pu,normal,0.7422159314155579
mjcacl,normal,0.8416553735733032
mjk3fe,normal,0.8183102011680603
m9fu68,normal,0.7743299603462219
m6fz2s,normal,0.7434670329093933
m5q6bv,normal,0.8175405859947205
m4t2mi,normal,0.7721351981163025
luz3kj,normal,0.7907068133354187
lpooa9,normal,0.617783784866333
jqeod2,normal,0.7513928413391113
lo3d6c,normal,0.7660120725631714
j0r097,normal,0.5601201057434082
k3llhz,normal,0.7063982486724854
m78mhf,normal,0.8000818490982056
j8fg4u,normal,0.6883901357650757
iz5t4j,normal,0.7984375953674316
jz6k8v,normal,0.8202188014984131
ifs39a,normal,0.7740870118141174
mooq4m,normal,0.5462016463279724
l70x0h,normal,0.7791926860809326
hwoodl,normal,0.7134145498275757
lurcig,normal,0.7018503546714783
k945kk,normal,0.7399040460586548
jhxjf4,normal,0.7496424317359924
lzhwil,normal,0.7977595329284668
kp6zi1,normal,0.6882283687591553
2csld7,normal,0.7920770645141602
gtq564,normal,0.778329610824585
cgdjdh,normal,0.7662510275840759
bpn1g,normal,0.6966742873191833
46en6u,normal,0.8093050122261047
1bmpz2,normal,0.7346699833869934
1bb5gs,normal,0.8083903789520264
esf22j,normal,0.8017969131469727
10wypk,normal,0.744629979133606
41wlgn,normal,0.7549245357513428
gpttn,normal,0.7320297956466675
hkmdp3,normal,0.780430793762207
llnju1,normal,0.7512791156768799
hit4te,normal,0.7879370450973511
hf9sea,normal,0.8084720969200134
hzp33,normal,0.7628330588340759
akiocz,normal,0.7657687067985535
d68242,normal,0.7020120024681091
9l852n,normal,0.7994652986526489
gagxh,normal,0.779704213142395
6nh5eg,normal,0.8157263398170471
7t5hzo,normal,0.7100760340690613
2q9wo7,normal,0.7005965113639832
3djin4,normal,0.8028596639633179
lu0bfe,normal,0.7557029724121094
m7hqzs,normal,0.7530447244644165
gczyr5,normal,0.6166326999664307
g3sxjj,normal,0.7854453921318054
dcs7hx,normal,0.7992960810661316
mjdcau,normal,0.7492859363555908
7xwpss,normal,0.7368369102478027
gjtf9l,normal,0.8007305860519409
8sxgtq,normal,0.795000433921814
lt22zw,normal,0.7650023698806763
d0tspq,normal,0.795866072177887
lpz5q8,normal,0.717821478843689
glm7w7,normal,0.650397002696991
g95q1y,normal,0.6720069050788879
4w9xlh,normal,0.6646047234535217
7xnhvs,normal,0.6398793458938599
df9ud,normal,0.6900320649147034
j7ho9b,normal,0.7173368334770203
gc2kss,normal,0.6935790777206421
99cga,normal,0.7944647073745728
s3br3,normal,0.7327836155891418
md18zz,normal,0.7242558598518372
mr3toa,normal,0.6965587735176086
lw321d,normal,0.7892955541610718
mw939m,normal,0.6360612511634827
msu1lg,normal,0.7384015321731567
mszbm4,normal,0.7692973017692566
lz63eq,normal,0.7998687624931335
ll6y79,normal,0.6796318292617798
mpqehg,normal,0.7768663167953491
mcgy3w,normal,0.7527681589126587
mhyzxm,normal,0.7396068572998047
mi8lsu,normal,0.7560509443283081
ki7dsv,normal,0.7894638776779175
mqyf1u,normal,0.7790770530700684
mtcnnn,normal,0.7586960792541504
mxwyq0,offensive,0.4551538825035095
mxr6vk,normal,0.6487957239151001
mwn7dz,normal,0.7791617512702942
mwapq0,normal,0.5911601185798645
mrawoh,normal,0.7185943126678467
moi93t,normal,0.7804502844810486
mqpdkm,normal,0.7581857442855835
mpxap7,normal,0.6259869337081909
movpcf,normal,0.7929010391235352
mm3grh,normal,0.7983148694038391
mn8oms,normal,0.6792315244674683
mmfmth,normal,0.742391049861908
mlsnrq,normal,0.8028092384338379
mlegqm,normal,0.69041508436203
mkjnww,normal,0.7583587169647217
l9vjdg,normal,0.6557798385620117
mbfzu7,normal,0.794152557849884
l2kosh,normal,0.8072919845581055
mrp7xn,normal,0.6547768115997314
mx3khy,normal,0.7870071530342102
mdlha1,normal,0.7174763083457947
mwlgb1,normal,0.8116899132728577
mbndtn,normal,0.7984638214111328
m0ld4m,normal,0.7957730889320374
mio107,normal,0.7941495180130005
ksefuj,normal,0.7681066989898682
mju6ht,normal,0.7579787373542786
lwfs07,normal,0.7472173571586609
lt45bf,normal,0.6905308961868286
la8iix,normal,0.7641693949699402
g4w0ko,normal,0.6836273670196533
7wpw50,normal,0.7135518193244934
23asc6,normal,0.7892913818359375
vdsdq,normal,0.7146528363227844
buw6np,normal,0.8040252923965454
buqfly,normal,0.7295071482658386
b5maay,normal,0.8372077941894531
4w8ztz,normal,0.7732892036437988
m812po,normal,0.7622191309928894
mhgt5x,normal,0.6484184265136719
md2zpc,normal,0.8181450366973877
kz9n14,normal,0.783843457698822
mk9x3m,normal,0.757010817527771
mdo287,normal,0.741732656955719
mw3c94,normal,0.7503068447113037
m678ej,normal,0.7452818751335144
kqu9wi,normal,0.6932758688926697
ks7sbd,normal,0.8193038105964661
mlma5o,normal,0.7250245213508606
lexol9,normal,0.8400763869285583
kuomch,normal,0.729479193687439
ma1dk3,normal,0.7782785892486572
m90zyp,normal,0.7836257219314575
j7e6v4,normal,0.6352883577346802
lys5cj,normal,0.7219449877738953
mmjegd,normal,0.6814241409301758
mjwqs9,normal,0.7930591702461243
lf3s8h,normal,0.7696145176887512
g7y4vs,normal,0.75201016664505
l1xlsi,normal,0.7934011816978455
l4pg1h,normal,0.8236382603645325
m6p8cf,normal,0.7509360313415527
jt9ec9,normal,0.7310529351234436
g9muek,normal,0.7558753490447998
fj6ghw,normal,0.758918821811676
mnbtca,normal,0.7765989899635315
lps9si,normal,0.8294590711593628
k09t35,normal,0.6406352519989014
mctmir,normal,0.7073731422424316
ju97fv,normal,0.759442925453186
k3z0rg,normal,0.7895268201828003
hv3xr7,normal,0.6504879593849182
msewtw,normal,0.7379891872406006
hf2jbt,normal,0.6487098336219788
h7gp5q,normal,0.7227911353111267
lweaov,normal,0.7994723320007324
g90w5q,normal,0.8178415298461914
loqrwq,normal,0.7746281027793884
ltl0i0,normal,0.8161181211471558
hjh5xy,normal,0.7328817844390869
lm5077,normal,0.6702136397361755
ms9xh4,normal,0.8088091015815735
m1t8rn,normal,0.75614994764328
mqw0rq,normal,0.7770006060600281
meloas,normal,0.8028378486633301
mfp9hc,normal,0.7330988049507141
mp8fcl,normal,0.8102260231971741
mhapk7,normal,0.7445504069328308
m0ave2,normal,0.786403238773346
m0aq3e,normal,0.8034932017326355
k1bjcw,normal,0.7818437218666077
j335yw,normal,0.7576671242713928
gsx88c,normal,0.7829400897026062
me7vrd,normal,0.690650999546051
ijcbxz,normal,0.7658059597015381
j1auhr,normal,0.7047997713088989
mx35v0,normal,0.6708466410636902
m5zily,normal,0.7713165879249573
kagawo,normal,0.7521461844444275
b5d5n6,normal,0.6936149597167969
9smzub,normal,0.6874734163284302
l63135,normal,0.7368744015693665
97k0cx,normal,0.7698174715042114
knantd,normal,0.5979731678962708
9bz4w9,normal,0.7645540237426758
iq4aw0,normal,0.7846475839614868
lkyxhx,normal,0.7635633945465088
lanjh6,normal,0.6496270895004272
jf0gbi,normal,0.7430948615074158
l9tm3q,normal,0.7676417231559753
8s7ss5,normal,0.7627556920051575
mx3bpn,normal,0.7469243407249451
mvrhli,normal,0.7384400367736816
mx83o8,normal,0.7856471538543701
mteyh3,normal,0.7536026239395142
mwlkor,normal,0.816711962223053
mvfzyd,normal,0.7730476260185242
mts5uk,normal,0.782028317451477
mt9l9o,normal,0.7330506443977356
mr1vn2,normal,0.6182783246040344
mos33k,normal,0.7489155530929565
mo5ftt,normal,0.8242683410644531
muvj6h,normal,0.7645453214645386
jr211y,normal,0.7885617017745972
jxqtkr,normal,0.7009556889533997
jr5trn,normal,0.7714239358901978
gfusvk,normal,0.7646276354789734
golo9g,normal,0.8231063485145569
dm27pg,normal,0.5976569652557373
fvnyd5,normal,0.7692956924438477
gbkt1h,normal,0.6670811176300049
h11bm7,normal,0.8124392032623291
fwak5i,normal,0.6090335249900818
m14xj6,normal,0.6666521430015564
md3t4m,normal,0.7691283226013184
5zm2kp,normal,0.7829483151435852
kqzmt6,normal,0.6540777683258057
kzieae,normal,0.7547988891601562
mjsjx8,normal,0.6874767541885376
g2vnhc,normal,0.7923497557640076
cm7fd1,normal,0.7209948301315308
fc6go9,normal,0.7949374914169312
7ipflr,normal,0.75858473777771
e2i5co,normal,0.7612798810005188
8a6e1l,normal,0.7619187831878662
7q1xfq,normal,0.781762957572937
aojg6j,normal,0.6787686944007874
6vczad,normal,0.7799533605575562
7fwz99,normal,0.7396207451820374
8x37dc,normal,0.7978566884994507
mx1yac,normal,0.7478165030479431
mm4tkv,normal,0.7912941575050354
heimvx,normal,0.634187638759613
jtgijf,normal,0.6755850315093994
k7zccm,normal,0.7036560773849487
ilupiw,normal,0.7200983762741089
m396w0,normal,0.7783927321434021
lhv8x2,normal,0.600744366645813
j8ltzi,normal,0.6294052004814148
bf9db6,normal,0.7671862840652466
lfqc61,normal,0.7303925156593323
7agjcc,normal,0.6743346452713013
g9cwrp,normal,0.7322980165481567
l57ag4,normal,0.7777683734893799
btjkyr,normal,0.7385585308074951
mkr4qm,normal,0.8017241358757019
mr5uiq,normal,0.7591370940208435
kcis3l,normal,0.6235911846160889
m8npkp,normal,0.7844579815864563
mg1el5,normal,0.623339056968689
fh6pbj,normal,0.6413092017173767
m6r72s,normal,0.7401210069656372
idezoi,normal,0.7344478964805603
kpurz8,normal,0.8339238166809082
m6onbi,normal,0.7685340046882629
