tweet_id,classification,classification_score
lpkq38,normal,0.7330054640769958
jnlxzm,normal,0.8023510575294495
kgfo4h,normal,0.8171463012695312
kams4f,normal,0.7660602331161499
j68tql,normal,0.8057228326797485
mu5zr3,normal,0.6817805767059326
mrjidl,normal,0.8302804231643677
jga0kw,normal,0.7517123818397522
lofjg4,normal,0.7257134914398193
i0y3xn,normal,0.7601323127746582
l9k3mx,normal,0.5686888098716736
i0qbts,normal,0.7335217595100403
koiiko,normal,0.7705367803573608
lunv6k,normal,0.7812742590904236
l4iomd,normal,0.7169377207756042
eyap1e,normal,0.8131809830665588
mj76tq,normal,0.7807621955871582
ltpo55,normal,0.8260857462882996
k7vuht,normal,0.7925013303756714
lkokpt,normal,0.5699401497840881
e5kn9x,normal,0.7783816456794739
gawhxe,normal,0.8305110931396484
ltutac,normal,0.7387972474098206
ee16iq,normal,0.7750096321105957
fgehfd,normal,0.79196697473526
lh15jb,normal,0.4086771011352539
fqyddy,normal,0.7536134719848633
ctda1i,normal,0.7504770755767822
k72keb,normal,0.7900599241256714
k1ei09,normal,0.7790952920913696
kna1ma,normal,0.7517914772033691
69dfs5,normal,0.7507290244102478
ln541n,normal,0.7004225254058838
e7i9xn,normal,0.8006811738014221
krfx1m,normal,0.8146665692329407
khbtys,normal,0.7774019241333008
ay42qh,normal,0.7265454530715942
53u03c,normal,0.7509151101112366
k8scqb,normal,0.7831550240516663
k88owe,normal,0.8409091234207153
l4gk6m,normal,0.7456867694854736
anvz97,normal,0.8257759213447571
3w83de,normal,0.7938882112503052
8ccwyk,normal,0.7858501076698303
9wdqgc,normal,0.7769052386283875
jxresn,normal,0.8294121026992798
inyfb4,normal,0.8017162680625916
k7f83a,normal,0.7195379137992859
8gdam7,normal,0.7716307640075684
59n4dk,normal,0.8106451630592346
kp87mi,normal,0.8125677704811096
i41mog,normal,0.6828517913818359
mn37g8,normal,0.7175871133804321
hzfg0v,normal,0.7869778871536255
gepz74,normal,0.7339218258857727
atiuo1,normal,0.7078176140785217
em0j40,normal,0.8348289132118225
mdstem,normal,0.6848199963569641
cnalm9,normal,0.7881816029548645
c8a2i3,normal,0.7807754874229431
kgdoif,normal,0.7599551677703857
9r5si5,normal,0.772969126701355
814f9q,normal,0.7786318063735962
90eudx,normal,0.7528814077377319
k6wvy0,normal,0.701816737651825
kgn04t,normal,0.7723724246025085
7bdp1k,normal,0.7746142148971558
71sndr,normal,0.8228497505187988
6o99ga,normal,0.798225462436676
kj5e9u,normal,0.7782185673713684
43aogk,normal,0.7667374610900879
3vz5dz,normal,0.758521556854248
jxp4sw,normal,0.8008920550346375
kboogl,normal,0.7966335415840149
5hur9h,normal,0.761748194694519
idhg6g,normal,0.812553882598877
gu9rme,normal,0.7341245412826538
fp0e4i,normal,0.5921367406845093
geddz6,normal,0.7950127124786377
i9dwks,normal,0.7881563901901245
dazuin,normal,0.727372944355011
e1tfyj,normal,0.7451272010803223
e8ho72,normal,0.8027283549308777
elt462,normal,0.7935981154441833
72uo79,normal,0.7736724019050598
eiti87,normal,0.7307762503623962
eqqhat,normal,0.6985172629356384
e20kvk,normal,0.7269046902656555
cyaim9,normal,0.7767307162284851
ed13ha,normal,0.752198338508606
elpqdy,normal,0.6945187449455261
g8aray,normal,0.6964048743247986
egcr8y,normal,0.7742538452148438
7mhw6a,normal,0.7803813815116882
dlpn51,normal,0.8238592743873596
4rp3pi,normal,0.8012101650238037
92it6x,normal,0.7597360610961914
ahtofi,normal,0.7835811972618103
8ulyr6,normal,0.8305557370185852
lnyk2j,normal,0.7313704490661621
jl8ufv,normal,0.734441876411438
ikoy2j,normal,0.7588796019554138
khbjy9,normal,0.6660568714141846
mhgys8,normal,0.7142574787139893
i9mqb4,normal,0.7446156144142151
8bokl5,normal,0.6218720078468323
k782bq,normal,0.7802179455757141
b0w757,normal,0.8062301874160767
lhek0z,normal,0.7165061831474304
l3x39b,normal,0.7413582801818848
ldu496,normal,0.7257044911384583
k1fxtn,normal,0.7747073769569397
9gpb0b,normal,0.7692291736602783
khci5w,normal,0.634708046913147
jjg0cm,normal,0.7718872427940369
2b3ppb,normal,0.8114925622940063
gat2q4,normal,0.7390906810760498
isak7l,normal,0.725954532623291
fc6fri,normal,0.7576088905334473
3pitmg,normal,0.70624178647995
giqve5,normal,0.5502235889434814
335er0,normal,0.750800371170044
34tomz,normal,0.7818426489830017
3uu4du,normal,0.7872809767723083
gx1jq,normal,0.8071618676185608
2i5mma,normal,0.7375438809394836
2zck5s,normal,0.7754101753234863
1uba16,normal,0.746809184551239
daffm,normal,0.8106209635734558
ei9bj5,normal,0.6652607321739197
7d2f5q,normal,0.7221761345863342
fl8fx1,normal,0.7268697023391724
gyjwk8,normal,0.6585450768470764
3xid32,normal,0.7887505888938904
7qbqui,normal,0.7182167768478394
f8tdhn,normal,0.431306391954422
f1w54b,normal,0.7323502898216248
gc0lv9,normal,0.655448853969574
eim3cf,normal,0.6731529831886292
c96a4a,normal,0.7181487083435059
ekb6vc,normal,0.6373980641365051
eocdm9,normal,0.750898540019989
e31jut,normal,0.6135243773460388
5wepgl,normal,0.770858108997345
4h0gao,normal,0.7441540956497192
b3m8m1,normal,0.6624755263328552
esvcil,normal,0.6503493785858154
7t2b0n,normal,0.5922155380249023
5ktc63,normal,0.7659367918968201
mjo3x9,normal,0.6555559039115906
ids073,normal,0.540990948677063
elsnyx,normal,0.789420485496521
51axwf,normal,0.6458123326301575
m6yej5,normal,0.7609981894493103
jkgs4k,normal,0.7319160103797913
krot0g,normal,0.7836828231811523
g4bclg,normal,0.7093037366867065
jwvt6g,normal,0.7616977095603943
i1gq0j,normal,0.6787495017051697
ioh5pg,normal,0.7986477613449097
i53fy0,normal,0.8099148273468018
ghm1ey,normal,0.7886927723884583
e6j7vh,normal,0.7505881786346436
hasx8x,normal,0.7649735808372498
2wj2e9,normal,0.7478733062744141
83hfvg,normal,0.778205931186676
f077oj,normal,0.8229170441627502
h0u8yn,normal,0.7033582925796509
e0qq96,normal,0.7512062788009644
eqesrd,normal,0.6846123337745667
gjpp97,normal,0.7709187269210815
eq1n47,normal,0.7473652362823486
ep8bhn,normal,0.7439887523651123
83wweh,normal,0.7611804604530334
e38afm,normal,0.7196210622787476
f3cn9s,normal,0.6952632665634155
es8b8,normal,0.7082537412643433
7yw5mi,normal,0.7761980891227722
8by29j,normal,0.6997129917144775
edztio,normal,0.7911701202392578
a7qfw6,normal,0.7596042156219482
658le3,normal,0.7490382194519043
7q4zbn,normal,0.6039406061172485
egiijs,normal,0.5367903113365173
d1nucj,normal,0.7083446979522705
fpykix,normal,0.7131730914115906
edwfhf,normal,0.7545629739761353
aqr8gk,normal,0.715648889541626
axzq1g,normal,0.7310234308242798
7se9uu,normal,0.48067280650138855
96d3l4,normal,0.7625895738601685
8x6izb,normal,0.7967005968093872
as7rvv,normal,0.6482192277908325
a9h9wk,normal,0.7952607870101929
9mzjxy,normal,0.8010812997817993
5j0o72,normal,0.8243731260299683
7mc55m,normal,0.7689463496208191
969bra,normal,0.7927338480949402
81am76,normal,0.781835675239563
muhlke,normal,0.8179149031639099
bh2ed8,normal,0.7143740653991699
bl50qa,normal,0.6068471670150757
4kdb0j,normal,0.7589924931526184
9ab4nc,normal,0.792540431022644
b1n0q0,normal,0.757337749004364
e5hyeb,normal,0.6520437598228455
e03rs5,normal,0.697113037109375
jverfs,normal,0.7912040948867798
kf5fqp,normal,0.7577905654907227
ikkuf4,normal,0.6212170720100403
b9edb9,normal,0.7550483345985413
cy6t62,normal,0.8095760345458984
dn4b1i,normal,0.7813907265663147
3wzb20,normal,0.7979487776756287
erqxaj,normal,0.7330582141876221
3xk7fe,normal,0.7469911575317383
3xfifw,normal,0.6518929600715637
1ngo38,normal,0.7416366338729858
1ro9sb,normal,0.7861464023590088
fdoel,normal,0.7214760184288025
asuli8,normal,0.7582378387451172
8vrmcc,normal,0.7602499723434448
24hakr,normal,0.7999337315559387
54mjxf,normal,0.7848833203315735
6yqfjc,normal,0.7821469902992249
nycxg,normal,0.7259616255760193
3187lu,normal,0.8240756988525391
kmdbb,normal,0.754200279712677
102e4e,normal,0.8257127404212952
zqzt1,normal,0.7919643521308899
l2udd6,normal,0.6624634861946106
mw8p2k,normal,0.7888561487197876
mtmso1,normal,0.7642568945884705
mwjvlm,normal,0.8326176404953003
mo5sys,normal,0.8337675333023071
ljpmgj,normal,0.82172030210495
ltyizy,normal,0.7886754274368286
mh2lqb,normal,0.7862536311149597
msnvym,normal,0.7199496626853943
m3evm1,normal,0.8080430030822754
lod3ou,normal,0.7246824502944946
m80ukh,normal,0.7526629567146301
m2gw84,normal,0.7095987200737
mqzpyj,normal,0.7619909644126892
msdnhb,normal,0.7831483483314514
ldgkxt,normal,0.7610918283462524
l7xo4w,normal,0.7770453691482544
m1zx4y,normal,0.7173348069190979
m9wn33,normal,0.7764818668365479
lwhm59,normal,0.7149786353111267
l0lahy,normal,0.736280083656311
ldzorg,normal,0.762527346611023
iqt3v7,normal,0.8133945465087891
mi5wfz,normal,0.7730988264083862
lyz69f,normal,0.7552637457847595
kmpbje,normal,0.7797994613647461
krdvgg,normal,0.7441734671592712
lq8850,normal,0.7586131691932678
kxu0a8,normal,0.7903662323951721
lu5ovo,normal,0.5551559925079346
l12dh0,normal,0.752241849899292
l7w0pv,normal,0.8047080636024475
mx8ou1,normal,0.7341804504394531
mn1hq0,normal,0.7913627624511719
m3f395,normal,0.8159706592559814
l843el,normal,0.7849099636077881
ll8mgq,hate speech,0.6494334936141968
kyx7we,normal,0.7128840088844299
libgbl,normal,0.7963413000106812
lqyaoh,normal,0.7238928079605103
l4uw0c,normal,0.7994333505630493
kxf3fq,normal,0.6463156342506409
kgf0sf,normal,0.6496744751930237
l8i8d6,normal,0.772136390209198
gccq93,normal,0.7571926712989807
ldg775,normal,0.810958981513977
mvqjbj,normal,0.7794445753097534
kh83ca,normal,0.5482417941093445
m0gxsr,normal,0.768370509147644
m9oykk,normal,0.6295229196548462
ltc04b,normal,0.7119640111923218
mgp5gw,normal,0.7430909872055054
ksi45x,normal,0.622963547706604
ka8yo7,normal,0.8104177117347717
dge0f6,normal,0.5900135040283203
marpa2,normal,0.7181404829025269
lzg8f9,normal,0.795721709728241
m6j9bi,normal,0.8449246883392334
e6l39o,normal,0.7872301936149597
lerdiu,normal,0.7747818231582642
ls5ras,normal,0.7935546040534973
ktpfjx,normal,0.7693290114402771
ebm0yy,normal,0.7580814361572266
ejcx6c,normal,0.7300180196762085
l7xeim,normal,0.7958323359489441
dqoqhb,normal,0.7467789053916931
kg3ef6,normal,0.8057708740234375
mjf8d1,normal,0.8327889442443848
msj5vz,normal,0.8099135160446167
mu54kx,normal,0.7595586776733398
kquzkc,normal,0.7144864201545715
mx5w3x,normal,0.7532316446304321
leerd7,normal,0.791915774345398
mermu4,normal,0.8012027740478516
mwwr8v,normal,0.7928665280342102
m5ymdm,normal,0.7057154178619385
mt353w,normal,0.7736043334007263
mn72pw,normal,0.7941988706588745
kqjayi,normal,0.6520206928253174
kld8pc,normal,0.7722750306129456
mohdgl,normal,0.7903250455856323
mfynyz,normal,0.7241411805152893
mnkz97,normal,0.7908748984336853
mnrtql,normal,0.7967603802680969
k6ved8,normal,0.7795079946517944
mo9blh,normal,0.7907798290252686
mofwxt,normal,0.8180196285247803
kh01f5,normal,0.772826075553894
mr5chs,normal,0.7919875383377075
mktoel,normal,0.7510039210319519
mcbszv,normal,0.7140449285507202
mqb02q,normal,0.7188261151313782
lcuy7n,normal,0.8092350363731384
m3zp7w,normal,0.7703480124473572
m8ymve,normal,0.7383365035057068
mtygn3,normal,0.7669742703437805
lnpqnn,normal,0.6295528411865234
lsykjp,normal,0.7657280564308167
mn8bhi,normal,0.7446601986885071
ki2nor,normal,0.7268545627593994
mcnt77,normal,0.8120134472846985
mm2a7r,normal,0.7948923707008362
mczppa,normal,0.7529214024543762
kjlkby,normal,0.6702026724815369
k9hwvm,normal,0.5345466732978821
lrwy0b,normal,0.8044741153717041
m2cdod,normal,0.7886218428611755
mg4tkb,normal,0.7520740628242493
lvlkps,normal,0.751288652420044
mdsgld,normal,0.8411327600479126
lkt1j4,normal,0.7991781830787659
l8tlek,normal,0.7288811802864075
makrb9,normal,0.7874403595924377
m5x1n4,normal,0.789717972278595
mitwvc,normal,0.8002509474754333
ma1pgj,normal,0.7950560450553894
m31chd,normal,0.8074063062667847
mr79fy,normal,0.7898783087730408
m09win,normal,0.751190185546875
lwrs7d,normal,0.7632696032524109
lqzami,normal,0.7026277780532837
lg44ek,normal,0.70091712474823
l034m2,normal,0.7494555711746216
kvym36,normal,0.7953680753707886
ksj59z,normal,0.7657833695411682
kq1efp,normal,0.7826574444770813
km7baq,normal,0.7623802423477173
kdxlag,normal,0.7086004018783569
kdk9dc,normal,0.7885187268257141
kbxwsn,normal,0.7374347448348999
k80wmo,normal,0.7895302772521973
k82pv5,normal,0.6325138807296753
k7k77y,normal,0.6761323809623718
k7jgpd,normal,0.8230986595153809
k4f8l5,normal,0.7976075410842896
k4aw8u,normal,0.5705069899559021
jyvf42,normal,0.7515064477920532
jz0inn,normal,0.5959821343421936
jwjl5n,normal,0.6501457691192627
jw4hvv,normal,0.7005209922790527
juzrb5,normal,0.8012194037437439
jtuzqs,normal,0.733592689037323
jp7ccs,normal,0.5830303430557251
jg0dpn,normal,0.8017584681510925
jdfai4,normal,0.7589406371116638
j8ird0,normal,0.7712054252624512
j3gmbx,normal,0.7220515608787537
i8ph0x,normal,0.7626247406005859
i05h86,normal,0.7691495418548584
hyaj8u,normal,0.7009996771812439
hlmaqk,normal,0.7393652200698853
hls3q9,normal,0.6459867358207703
hjzj3o,normal,0.766417384147644
hecl7q,normal,0.7205367088317871
hfdkiy,normal,0.6726251244544983
hcgj1d,normal,0.7156776189804077
hawskq,normal,0.7120810747146606
gxad9y,normal,0.8266637325286865
gmcfo7,normal,0.8192340731620789
gls6di,normal,0.8049831986427307
gl30l9,normal,0.7492778301239014
ges1kp,normal,0.6989437341690063
g9w5an,normal,0.727271556854248
fy0mue,normal,0.8253690600395203
ftklz7,offensive,0.4126473367214203
fs5ven,normal,0.756638765335083
fi9eoe,normal,0.7891438007354736
l3pyyd,normal,0.749382734298706
dlw1ea,normal,0.6842173933982849
ge49gp,normal,0.7455613017082214
a76pmi,normal,0.6551239490509033
4m8d6w,normal,0.6911124587059021
3vyyj8,normal,0.8055000305175781
k02mwa,normal,0.774859607219696
h8fw97,normal,0.7968864440917969
edvxn0,normal,0.7761383056640625
enawub,normal,0.6750572919845581
fdyl4q,normal,0.7558428049087524
ctp316,normal,0.831087052822113
fcsgcl,normal,0.7899149060249329
eeuzuu,normal,0.7560880184173584
coyd9z,normal,0.8006536364555359
b3syq5,normal,0.7254536747932434
do02bx,normal,0.7757590413093567
937251,normal,0.7696338295936584
bezt39,normal,0.8133472204208374
emikoc,normal,0.7618663907051086
dmfq6a,normal,0.7378457188606262
aqcpql,normal,0.7265121340751648
8i74pq,normal,0.7414380311965942
7o9ckx,normal,0.7190032005310059
aado70,normal,0.7434350848197937
3t10h4,normal,0.5969047546386719
5alvsd,normal,0.7991843223571777
4svf9f,normal,0.7839088439941406
59cqp2,normal,0.6944579482078552
6doygs,normal,0.7770728468894958
5sguhw,normal,0.768181562423706
5xy95u,normal,0.7661166787147522
7czshb,normal,0.7369506359100342
3ytzom,normal,0.7935931086540222
41p4rv,normal,0.7608807682991028
601q3w,normal,0.761690080165863
407yrr,normal,0.7804439663887024
mo8rex,normal,0.8118557929992676
le4uca,normal,0.7586935758590698
kr2gmk,normal,0.8321099281311035
kecljs,normal,0.8120222687721252
kh7k3n,normal,0.5846999287605286
llx72p,normal,0.8170360922813416
kk0p0l,normal,0.8235076069831848
j3lfot,normal,0.7179679274559021
kgjc85,normal,0.7532405257225037
l4vg7q,normal,0.6980758905410767
mif4vz,normal,0.7979325652122498
k4a6j2,normal,0.7542302012443542
cw7a7n,normal,0.6317224502563477
k64p99,normal,0.7933638691902161
jzpeqp,normal,0.7685924172401428
jvqi1t,normal,0.7537543177604675
k52y43,normal,0.8194529414176941
isxjkd,normal,0.7496756911277771
jj5gpg,normal,0.782804548740387
4w5jzt,normal,0.7748000621795654
hdsi1f,normal,0.6984379291534424
ekxkrh,normal,0.6572762727737427
3xuc1y,normal,0.7105771899223328
hdxisa,normal,0.6678836345672607
fey546,normal,0.7304213047027588
dbnvt8,normal,0.7672982811927795
eddxbb,normal,0.7037949562072754
ebjbal,normal,0.7843505144119263
ds2pun,normal,0.697433590888977
d3d3yq,normal,0.7399239540100098
a97z2f,normal,0.80704265832901
cwngm4,normal,0.7067168951034546
du98u4,normal,0.7067168951034546
baqgim,normal,0.7052711844444275
ej3nox,normal,0.7604414224624634
e7hcsv,normal,0.7406426668167114
d6mfxm,normal,0.5759382247924805
dbex03,normal,0.7550927996635437
ecx9r4,normal,0.5579388737678528
a9pa19,normal,0.7359824180603027
9nuw3r,normal,0.7368738651275635
8wm5ba,normal,0.7647076845169067
am7vio,normal,0.7858116030693054
ct5naw,normal,0.65067058801651
cwmcnu,normal,0.7967779040336609
8gs4y2,normal,0.7813898921012878
boffnz,normal,0.7925927042961121
7mos6s,normal,0.8148608207702637
7q61zc,normal,0.8011332154273987
b6o03z,normal,0.824201226234436
98aaq5,normal,0.7743644118309021
797ted,normal,0.7855452299118042
96yw5s,normal,0.62452632188797
cw7x0i,normal,0.7487404942512512
5b5y1i,normal,0.7479334473609924
6yj5co,normal,0.6948793530464172
923bhd,normal,0.7858208417892456
m7g0ue,normal,0.7509034276008606
kff2pc,normal,0.8042294383049011
lcjezb,normal,0.7613295912742615
jd0dfn,normal,0.711937665939331
dlc2sw,normal,0.6791287660598755
jmg6v5,normal,0.7645337581634521
kavx81,normal,0.7891070246696472
k5o3qn,normal,0.7496668100357056
jzyiva,normal,0.6573070883750916
bclhdp,normal,0.7198798656463623
iqglpd,normal,0.7690056562423706
fq1zu0,normal,0.7301518321037292
e9lpjz,normal,0.774806559085846
dh1132,normal,0.7918382287025452
561iue,normal,0.7653214931488037
ehgqtn,normal,0.7860040068626404
ecian5,normal,0.6937366724014282
gjyilr,normal,0.644425094127655
e71200,normal,0.6390577554702759
e7kvg2,normal,0.7850047945976257
9mtk8c,normal,0.7835487127304077
am4r2a,normal,0.6888951659202576
40dfop,normal,0.7087411284446716
c2vhk9,normal,0.7465523481369019
cu0aes,normal,0.7926937937736511
eehip0,normal,0.7768250703811646
dkq5r2,normal,0.5688353180885315
cpylct,normal,0.753608226776123
dlcjeg,normal,0.770624577999115
dpc34v,normal,0.8005565404891968
8jnpaz,normal,0.7882247567176819
9o9oo7,normal,0.7677815556526184
bdi0jx,normal,0.6779382824897766
e4gvnt,normal,0.7732836604118347
eu9m3s,normal,0.8312812447547913
ehtxl1,normal,0.7351182103157043
bdj704,normal,0.76633220911026
c4j11p,normal,0.7494003772735596
7kcgbr,normal,0.8000862002372742
ancamg,normal,0.7102010250091553
ajcf85,normal,0.7559094429016113
epdy09,normal,0.781269907951355
8molci,normal,0.7731674313545227
chgzcg,normal,0.7874677181243896
fl1wkc,normal,0.7761611342430115
fewgp8,normal,0.7225078344345093
mkwymd,normal,0.7243869304656982
jjuqk0,normal,0.7637786865234375
hgmnuz,normal,0.7071287631988525
jxvjny,normal,0.5940929055213928
fhawgp,normal,0.6955878138542175
dxiai3,normal,0.6299373507499695
fe28wj,normal,0.6665059328079224
h07lzu,normal,0.6899252533912659
c04inj,normal,0.8159421682357788
8tzet0,normal,0.7707427144050598
dw1x4h,normal,0.6798596382141113
6obykd,normal,0.6770691871643066
fe92gm,normal,0.6711107492446899
e9743l,normal,0.7515564560890198
8u61d8,normal,0.7286694049835205
dz6pzc,normal,0.7166513204574585
dyha3c,normal,0.7091986536979675
6nkr9k,normal,0.7306931614875793
9wewoo,normal,0.774647057056427
c6o6bz,normal,0.6765989661216736
ely1zp,normal,0.7527940273284912
56gxd0,normal,0.806384265422821
9fno6u,normal,0.7737972736358643
5fg46u,normal,0.7495594620704651
5b5utv,normal,0.7668260335922241
7dw5tp,normal,0.7760441303253174
59idt8,normal,0.6895942091941833
3x1b88,normal,0.7704501748085022
5vs394,normal,0.7733761072158813
5ndheu,normal,0.7767646312713623
61e89u,normal,0.6913487911224365
580n0v,normal,0.7399505972862244
4srszl,normal,0.7343118786811829
3q562b,normal,0.775644838809967
40wq8h,normal,0.7839358448982239
3zto0v,normal,0.4803270399570465
3vnxt8,normal,0.7351580262184143
ib2as9,normal,0.7111165523529053
gtugfb,normal,0.7352728843688965
fots0q,normal,0.7767753005027771
eg3buu,normal,0.5139737129211426
e03mgo,normal,0.7904165387153625
ecgwvl,normal,0.6905483603477478
aw6c6z,normal,0.8183950185775757
dqryi1,normal,0.6965687870979309
dz8ytw,normal,0.7390255928039551
6ei1k8,normal,0.7282063961029053
86brvb,normal,0.7097538709640503
9sjv64,normal,0.8353275656700134
63fvsq,normal,0.7942003607749939
6ioras,normal,0.798892080783844
61iap9,normal,0.7923875451087952
6vf3qp,normal,0.7196347713470459
5k4z8p,normal,0.711207389831543
4q9v2p,normal,0.7159895896911621
4tpwp9,normal,0.757940948009491
4ezvjy,normal,0.6777403950691223
la16ey,normal,0.8029127717018127
l80yl5,normal,0.7827293872833252
l3lwpg,normal,0.7736660242080688
kfzpbm,normal,0.7495735287666321
kzoo4l,normal,0.6746264100074768
9b39no,normal,0.7930394411087036
imcxrz,normal,0.5855635404586792
k3ggyi,normal,0.7111669778823853
jtmq59,normal,0.801048755645752
kgqmm2,normal,0.6961327791213989
hqn4yv,normal,0.7746216654777527
gdpnsg,normal,0.6425716280937195
dq7g72,normal,0.7802866101264954
bmsl7k,normal,0.6541568040847778
def1fe,normal,0.5926110744476318
bvrd70,normal,0.7915846705436707
eb481h,normal,0.7812674045562744
bbjh1s,normal,0.7634972333908081
e3ht42,normal,0.7325695753097534
az9gfd,normal,0.8068233728408813
bu65r9,normal,0.7491939663887024
cd384m,normal,0.7862123250961304
8nx9j4,normal,0.7155217528343201
awpr3b,normal,0.8090052604675293
eajfh4,normal,0.5309754014015198
7kwdq5,normal,0.739230751991272
6dy129,normal,0.7581628561019897
a3g6ln,normal,0.7894241809844971
80toll,normal,0.8300474286079407
86c2b5,normal,0.790729284286499
mrxznw,normal,0.7232868671417236
iud0bf,normal,0.7935694456100464
hlsdlg,normal,0.745827317237854
jfnq7a,normal,0.8009265065193176
fgsgxr,normal,0.8271085619926453
jtp6j5,normal,0.7721681594848633
lhl826,normal,0.8009344339370728
jy37qy,normal,0.7884221076965332
m2m40x,normal,0.7443513870239258
lxb6n8,normal,0.6767863035202026
mijmwf,normal,0.675658643245697
m22s7u,normal,0.8112500905990601
mn7puq,normal,0.7474771738052368
mn8v2q,normal,0.7857426404953003
do1x1l,normal,0.7836831212043762
igwhde,normal,0.8473828434944153
fy6q1f,normal,0.8132874369621277
g3nfmw,normal,0.763154149055481
d10idz,normal,0.7365703582763672
m4q9i0,normal,0.7938324809074402
krasem,normal,0.7927103042602539
edki01,normal,0.8071944117546082
iavmhm,normal,0.750119149684906
mm6p4d,normal,0.7281898856163025
euv2xr,normal,0.7811757326126099
j58duf,normal,0.7626081109046936
i1e0t9,normal,0.8167282938957214
bg63xj,normal,0.8012624382972717
e1k2rk,normal,0.7234603762626648
ee78iy,normal,0.770202100276947
ehtj86,normal,0.8224121928215027
m7f1pa,normal,0.827851414680481
lsm8xu,normal,0.6462401151657104
dllurd,normal,0.8062707781791687
mhkhcg,normal,0.7651265263557434
dlf77m,normal,0.7893314361572266
dp68lk,normal,0.7664890289306641
kgtwag,normal,0.6656907200813293
kc3mqv,normal,0.8306385278701782
kfhljv,normal,0.790797233581543
ed0jke,normal,0.797618567943573
9cpvne,normal,0.7216521501541138
7tm2qg,normal,0.7699896097183228
8fzeuo,normal,0.8252727389335632
8ssyh9,normal,0.7776188254356384
65l0z3,normal,0.8115786910057068
5m3rhb,normal,0.6174559593200684
3qv33p,normal,0.8110125660896301
kg8c9j,normal,0.6863290071487427
hjivn7,normal,0.7596933245658875
f3yc1l,normal,0.7916859984397888
kc9m0n,normal,0.7308135628700256
kp82mm,normal,0.6948411464691162
cv22hr,normal,0.8248767852783203
bd2jq6,normal,0.8201168775558472
bhsfvx,normal,0.8161321878433228
juofcq,normal,0.772606372833252
jtkizi,normal,0.7485933303833008
cw33h0,normal,0.6819936037063599
hjvnqj,normal,0.5788930058479309
5sd0rw,normal,0.6877910494804382
6q95i8,normal,0.7742854356765747
cvnt2a,normal,0.5271646976470947
j3ewbi,normal,0.6676193475723267
hh4hde,normal,0.7669275999069214
gd4jgf,normal,0.7936254739761353
hd7di9,normal,0.678384006023407
feigtu,normal,0.7498252987861633
fgbjqj,normal,0.8147561550140381
hvc657,normal,0.7586100101470947
d9v9gg,normal,0.6441965103149414
b4x2wo,normal,0.7730740308761597
bck8wv,normal,0.6687642335891724
duq1km,normal,0.754421591758728
bjlotr,normal,0.7916271686553955
ge38q6,normal,0.7839630842208862
dypwew,normal,0.7784352898597717
ej7f5a,normal,0.7634833455085754
dp24wy,normal,0.7504399418830872
be5bs3,normal,0.81754469871521
edndvg,normal,0.7548311352729797
cwlzsw,normal,0.7445950508117676
mptkky,normal,0.8024334907531738
mlmn5g,normal,0.8097819089889526
mdjl6h,normal,0.8266812562942505
lxi9az,normal,0.7895084619522095
a6r675,normal,0.7528219223022461
kb2m0r,normal,0.746658980846405
g6o4ff,normal,0.7502120137214661
k15b4r,normal,0.7875782251358032
ipxkq0,normal,0.8317338228225708
f5u9dp,normal,0.8120913505554199
i7mz38,normal,0.7106908559799194
ehd48l,normal,0.7807288765907288
gjugrs,normal,0.6607931852340698
bx6qkd,normal,0.8166977763175964
cbxx8i,normal,0.7842230796813965
frbtr6,normal,0.7528955936431885
99gc3r,normal,0.7862789630889893
9hbh6j,normal,0.822725772857666
8x7j7x,normal,0.7927576303482056
6d0evf,normal,0.8019333481788635
9s6ld0,normal,0.7779448628425598
6fql3j,normal,0.7580898404121399
70prnr,normal,0.6292006969451904
7c22tr,normal,0.8272033929824829
5zcm2p,normal,0.7706607580184937
663ik4,normal,0.8313246369361877
727oqp,normal,0.8052076697349548
mfvutl,normal,0.8103480935096741
mp03ej,normal,0.7395878434181213
kw204t,normal,0.7849216461181641
kaq6ei,normal,0.8065929412841797
kr195u,normal,0.7710763812065125
kshuo0,normal,0.8022289276123047
kq9kwj,normal,0.7589443922042847
jszk4i,normal,0.772071897983551
jjumcg,normal,0.7857288718223572
ji1ufj,normal,0.8185982704162598
jmfbwv,normal,0.7210880517959595
mt3v7v,normal,0.7877516746520996
kdwebs,normal,0.7666676640510559
m3y30y,normal,0.7039179801940918
mau1xo,normal,0.7962369322776794
kqo01c,normal,0.7194254994392395
lrklok,normal,0.6964827179908752
k1x22x,normal,0.845902144908905
mi6klp,normal,0.7465033531188965
ma2vl1,normal,0.738760769367218
kaq179,normal,0.8005306124687195
jtd8ze,normal,0.8459379076957703
kg2r8v,normal,0.7077934145927429
l1m8ce,normal,0.7718073129653931
kkybmi,normal,0.721782386302948
kq8uzu,normal,0.8140537142753601
jll0jx,normal,0.7451486587524414
kross6,normal,0.771408200263977
kz5dy5,normal,0.757684588432312
knu82w,normal,0.7737002372741699
lgrjeq,normal,0.8408884406089783
h9kshk,normal,0.7765427827835083
kqri6v,normal,0.6984874606132507
ix948f,normal,0.7479813694953918
j5rjwy,normal,0.7847645878791809
k62ak7,normal,0.7542153596878052
jtjids,normal,0.7656645178794861
jqyyz1,normal,0.800794243812561
k46y7k,normal,0.8106241822242737
kqis9d,normal,0.7832908034324646
felos4,normal,0.8106431365013123
dbesjg,normal,0.6498861908912659
j0s25k,normal,0.7875202298164368
inb784,normal,0.726566731929779
bv8yjj,normal,0.7625135779380798
kiz8q3,normal,0.8116571307182312
9vealm,normal,0.7687244415283203
9l6j8b,normal,0.7979499101638794
hzcseh,normal,0.8181484937667847
danhwk,normal,0.7691688537597656
mrj219,normal,0.7008268237113953
lwc97h,normal,0.7861418128013611
la9ldi,normal,0.790057897567749
kdfq7t,normal,0.6963789463043213
mrfhj9,normal,0.7914336323738098
m7ut6z,normal,0.7449384927749634
kdt5d2,normal,0.7138922214508057
gtk7cw,normal,0.7781186103820801
m9ualx,normal,0.7641449570655823
mjzcc7,normal,0.7990046143531799
lrk4a1,normal,0.7132887244224548
mmqcyx,normal,0.7196778059005737
gfcdg5,normal,0.668986439704895
m0qiww,normal,0.7929945588111877
meomnx,normal,0.7576474547386169
lxaexf,normal,0.7688220739364624
goyybb,normal,0.8283559083938599
gu7sb1,normal,0.801069438457489
mwmg44,normal,0.7587140202522278
gtv0ed,normal,0.5493137240409851
glb3r8,normal,0.6733777523040771
m2yjpu,normal,0.7848792672157288
kxfp4e,normal,0.8109858632087708
ksuzjx,normal,0.8233205080032349
khsjpq,normal,0.7874684929847717
kcr7sa,normal,0.7724162340164185
hy9w2j,normal,0.7009996771812439
hqmkux,normal,0.8049073815345764
gvuue8,normal,0.8103646039962769
grrojf,normal,0.7920862436294556
ftcism,normal,0.49507710337638855
fmz5mi,normal,0.7483193278312683
fapvmt,normal,0.7578824758529663
eyj4ze,normal,0.8349851369857788
etrvc3,normal,0.6926555633544922
eped05,normal,0.8083302974700928
dkpeap,normal,0.6636896133422852
defpqs,normal,0.8298011422157288
caabp6,normal,0.80562824010849
brd6yr,normal,0.7480465769767761
bgorso,normal,0.7221547961235046
9g66q6,normal,0.77020663022995
96by88,normal,0.7443081736564636
901rop,normal,0.7882143259048462
8vwupv,normal,0.6563383340835571
8toy9w,normal,0.8195837140083313
8ijvq8,normal,0.7671785950660706
84ec2m,normal,0.78000807762146
7kwpha,normal,0.7120339870452881
7cwrhv,normal,0.8009050488471985
65mau3,normal,0.7762055397033691
65h5gs,normal,0.6932545900344849
5zb6hy,normal,0.7836721539497375
5hfa6d,normal,0.6530837416648865
55uaqh,normal,0.7922627329826355
l3pal5,normal,0.7931525707244873
6asbjt,normal,0.7945998311042786
huxbuu,normal,0.46563202142715454
dcx093,normal,0.8049579858779907
l9rb2t,normal,0.8223627805709839
jmg3lm,normal,0.7882591485977173
mstg68,normal,0.8074883818626404
itep08,normal,0.7756768465042114
jqtsg4,normal,0.7138153314590454
g8kwls,normal,0.8059404492378235
l8dhbq,normal,0.7914278507232666
mayid1,normal,0.778455376625061
ee7uon,normal,0.7906248569488525
fbkhmi,normal,0.7497829794883728
j29ul7,normal,0.8063789010047913
kccb10,normal,0.7781726717948914
e6swgj,normal,0.8295153379440308
e7rtb8,normal,0.8217581510543823
jl37p1,normal,0.8139629364013672
de9ade,normal,0.8382272124290466
kv2zmj,normal,0.8295398354530334
kgvcn0,normal,0.7626608610153198
dnf175,normal,0.7788514494895935
8ot35c,normal,0.7872100472450256
hb5nd7,normal,0.7812888026237488
jxcn00,normal,0.7837821841239929
93rg5y,normal,0.809781014919281
j5o7pg,normal,0.7953051328659058
5z1gv8,normal,0.6958783864974976
5jjsuo,normal,0.7534972429275513
i98dhv,normal,0.8262105584144592
fwcxin,normal,0.6597294807434082
g9pq83,normal,0.7851060628890991
gmnguo,normal,0.8261271119117737
g30id3,normal,0.7933703064918518
gke9kh,normal,0.7484265565872192
ezmgoo,normal,0.789857804775238
eelk4i,normal,0.833242654800415
ecmtot,normal,0.7442159652709961
bnbayt,normal,0.8123226165771484
hf5z73,normal,0.8224063515663147
bl0lch,normal,0.763851523399353
ehjmim,normal,0.7849269509315491
cwdeo6,normal,0.7806108593940735
ckah7d,normal,0.7063531875610352
dxwpwl,normal,0.7709690928459167
e26rx1,normal,0.8082180023193359
agc1rr,normal,0.7751761078834534
eng149,normal,0.8252254724502563
c7xf60,normal,0.76388019323349
kcx90m,normal,0.798869252204895
kh56p4,normal,0.7383092045783997
mmg5te,normal,0.7874400019645691
kfossf,normal,0.7804333567619324
kwrfnm,normal,0.8275429606437683
ltv9hq,normal,0.8032791018486023
j4cl4c,normal,0.782374918460846
loor6n,normal,0.7686533331871033
j459vb,normal,0.7624177932739258
fqaucz,normal,0.8080018162727356
f910b4,normal,0.6486798524856567
eex7p0,normal,0.8383294343948364
dnlr6u,normal,0.7789288759231567
8q8wlq,normal,0.7771235108375549
88tyhs,normal,0.764751672744751
lgpv1i,normal,0.7531170845031738
l0dzvz,normal,0.7670587301254272
k8hwq6,normal,0.7953293323516846
eqj6vj,normal,0.6507452130317688
ftwbdi,normal,0.7244212031364441
el7se6,normal,0.7849475741386414
fzq02v,normal,0.7403382658958435
echmb4,normal,0.7508510947227478
ckhg6i,normal,0.7430670261383057
99hqgz,normal,0.7816047072410583
858i24,normal,0.7397658824920654
7t7ty3,normal,0.775721549987793
70tjf3,normal,0.6136425733566284
5n61sb,normal,0.6188981533050537
l2rtox,normal,0.7559555768966675
aknxnl,normal,0.7775530815124512
igm3i8,normal,0.6658484935760498
f53mqe,normal,0.7307795882225037
9xhk66,normal,0.720189094543457
8m80ty,normal,0.5936828255653381
l0wss6,normal,0.7918684482574463
gukca3,normal,0.8318513631820679
jdr7y7,normal,0.7604793310165405
ehu4wp,normal,0.7551788687705994
gzces1,normal,0.7376865148544312
gfwu1m,normal,0.7632909417152405
ai3377,normal,0.702735424041748
7pbo70,normal,0.8207146525382996
bx2fb5,normal,0.7106834053993225
92gsdg,normal,0.8204845786094666
9rfg42,normal,0.7870885133743286
9j7dx9,normal,0.7698997855186462
7isjl2,normal,0.8111274838447571
67ynzn,normal,0.8253287076950073
5k7tpq,normal,0.8004888296127319
gceis6,normal,0.8138359785079956
m5pxjw,normal,0.7451627850532532
kzyixh,normal,0.824343204498291
i1ikfe,normal,0.6342505216598511
h9l3u0,normal,0.8016309142112732
dqzy7q,normal,0.7853100895881653
9j59j1,normal,0.7817545533180237
73v53p,normal,0.7701319456100464
746g9a,normal,0.8151786923408508
9477oa,normal,0.7535845041275024
8c4tb1,normal,0.7462013959884644
79wwfo,normal,0.7709262371063232
75kpov,normal,0.7361008524894714
7h5zu5,normal,0.7542902827262878
m4obnf,normal,0.7557631134986877
ikqs37,normal,0.6836256980895996
gvlzuv,normal,0.7822182178497314
g3agw4,normal,0.7834891080856323
epkbhi,normal,0.8200232982635498
g6b9xx,normal,0.7506685853004456
egsin1,normal,0.7867791652679443
dwlhb9,normal,0.7911811470985413
8k6vyl,normal,0.7455820441246033
a0cq6g,normal,0.746839702129364
8eqlmp,normal,0.7212711572647095
8dq4vx,normal,0.8111111521720886
8jylss,normal,0.7340323328971863
hrkkz0,normal,0.8025069236755371
69yd2i,normal,0.6856036186218262
7tnuc8,normal,0.8181002140045166
ficxtf,normal,0.783911406993866
iku8he,normal,0.7038202285766602
imaycm,normal,0.7544907331466675
he75is,normal,0.8232402205467224
8yin5a,normal,0.768352746963501
6ocrrk,normal,0.7829717397689819
7w1y12,normal,0.736490786075592
7k5p60,normal,0.7023144364356995
4ma3i4,normal,0.7829052805900574
4lpvxq,normal,0.7776529788970947
ly455g,normal,0.7552036046981812
icrmfn,normal,0.7021910548210144
i48ei4,normal,0.7960128784179688
hihckt,normal,0.7705795764923096
h9w9ee,normal,0.7881498336791992
c3q43u,normal,0.7783751487731934
beq4ju,normal,0.8049709796905518
a1yqss,normal,0.7896701693534851
9mgxhi,normal,0.7402412295341492
9lhgsx,normal,0.7635385990142822
994kav,normal,0.6929944157600403
8m7tjn,normal,0.8222321271896362
7kkoj7,normal,0.8232458233833313
76iu9k,normal,0.7919936776161194
62uczr,normal,0.8230589628219604
mghvi9,normal,0.6539616584777832
lytm48,normal,0.8169606328010559
lifodm,normal,0.7784522771835327
mg9q1e,normal,0.7682094573974609
kqtv77,normal,0.7503976821899414
md07j2,normal,0.8276928067207336
l0s5me,normal,0.7620612382888794
l4qq2q,normal,0.8276928067207336
k96xjh,normal,0.8193480372428894
ki8671,normal,0.8193480372428894
ls9ssa,normal,0.8276928067207336
kqgsa5,normal,0.8029317855834961
k7mnj7,normal,0.7422299385070801
k07squ,normal,0.8193480372428894
ihr4rq,normal,0.6595166325569153
jrnn6y,normal,0.8193480372428894
h7ptjj,normal,0.7353034019470215
jaghce,normal,0.8193480372428894
ikkf1l,normal,0.6654307246208191
h9iuvh,normal,0.6532098054885864
mav7q7,normal,0.8079725503921509
j227xq,normal,0.8193480372428894
h79kqr,normal,0.7850246429443359
il4trs,normal,0.8288117051124573
kqihpl,normal,0.7532364726066589
gjp0gk,normal,0.8352631330490112
l4b9li,normal,0.6871205568313599
ed142c,normal,0.8409525752067566
hmxf4e,normal,0.8193480372428894
jj40t3,normal,0.8193480372428894
fbhxt1,normal,0.7141401171684265
i3m3sv,normal,0.8193480372428894
gzq2y8,normal,0.8193480372428894
mx0pyd,normal,0.8164206147193909
mwtw4o,normal,0.7742885947227478
mwrfi1,normal,0.7926266193389893
mwjkp4,normal,0.7067985534667969
mwavjm,normal,0.8135567903518677
mwajbr,normal,0.7337138652801514
mwv4nd,normal,0.78572016954422
mw723h,normal,0.7888616323471069
mw2sfr,normal,0.780669629573822
mx2heg,normal,0.8114002346992493
mx2dyn,normal,0.6687196493148804
mvg67g,normal,0.8123291730880737
mx27w8,normal,0.7834382653236389
mxbkfv,normal,0.7547930479049683
mxa6du,normal,0.8011696934700012
mwylkw,normal,0.7704626321792603
mx79z5,normal,0.788743257522583
mw6udo,normal,0.8278265595436096
mxb18o,normal,0.7586372494697571
mx8bwv,normal,0.7505358457565308
mwwm7b,normal,0.7735021114349365
mxdtsl,normal,0.797322690486908
mxci4c,normal,0.7352731823921204
mx18pl,normal,0.7806798815727234
mx833n,normal,0.7694349884986877
mwsy8b,normal,0.7631174921989441
mutuc5,normal,0.8061199188232422
mx73ml,normal,0.7915716171264648
mx9l8s,normal,0.7958657741546631
muyylm,normal,0.8170381784439087
mwjmlz,normal,0.7551305294036865
mx17am,normal,0.8134504556655884
mw4nrj,normal,0.7189069986343384
mx0wld,normal,0.7970065474510193
muqlvs,normal,0.8288182616233826
mx3404,normal,0.7787371873855591
mwn6yl,normal,0.7829572558403015
mx2d29,normal,0.7057744264602661
mwi5u8,normal,0.7876131534576416
mwsab1,normal,0.5360288619995117
mwixll,normal,0.7945736646652222
mwzbcc,normal,0.7521095871925354
mug3sc,normal,0.7584980726242065
mwcwm1,normal,0.606806755065918
mvu4wv,normal,0.7012786865234375
mwts24,normal,0.7662136554718018
mwirzz,normal,0.7077990174293518
mvvj5k,normal,0.7955227494239807
mw0om4,normal,0.7600791454315186
mwpogn,normal,0.7828873991966248
miz3m9,normal,0.7986575961112976
mmvzj0,normal,0.6370665431022644
l9362j,normal,0.7619501352310181
m0lr8f,normal,0.5712149739265442
k3eh3p,normal,0.7599465847015381
mo9tu6,normal,0.7986722588539124
mux88x,normal,0.7833951115608215
mwxag9,normal,0.7436954975128174
mhaiyj,normal,0.7657567262649536
mappey,normal,0.7559530735015869
lx52nb,normal,0.76069176197052
mhhed8,normal,0.7921553254127502
mfo8hd,normal,0.6668958067893982
mfqgir,normal,0.8274688124656677
meuzvn,normal,0.8165040016174316
mu03q9,normal,0.807644248008728
lhmon4,normal,0.7590517401695251
mgee5k,normal,0.6698710918426514
mrvw9h,normal,0.7377769351005554
miz9qv,normal,0.6905128359794617
m819rk,normal,0.760037362575531
j8fomg,normal,0.6796110272407532
mwc48x,normal,0.6317353844642639
mlfqf7,normal,0.6804414987564087
mdlyml,normal,0.6369847059249878
m04w8t,normal,0.8325322866439819
m5jxww,normal,0.816439688205719
m66vmm,normal,0.7588421106338501
m5j7f6,normal,0.7516001462936401
ghjq0f,normal,0.7999320030212402
k9l0ye,normal,0.784328281879425
jii9i5,normal,0.6976987719535828
hf2k0l,normal,0.7133692502975464
lspds1,normal,0.7669739127159119
kx4wq6,normal,0.8175926804542542
mjxahg,normal,0.8479114174842834
jl16zj,normal,0.7552180290222168
ls76dv,normal,0.767449140548706
mpipyv,normal,0.809795081615448
mqqmi8,normal,0.6145777106285095
ld066n,normal,0.7219773530960083
meyu6j,normal,0.7031698822975159
msji18,normal,0.8299981355667114
iyllkf,normal,0.5443099737167358
lcsi3z,normal,0.6464288234710693
m17e3a,normal,0.6353476047515869
i92xuu,normal,0.6589522361755371
mqozy8,normal,0.7539328932762146
mohsoa,normal,0.6338594555854797
k8xl7j,normal,0.7377248406410217
lv9z2n,normal,0.7245954275131226
ebn2h3,normal,0.6820436716079712
k9hk35,normal,0.7407174110412598
gmxf1k,normal,0.6601698398590088
iwz9cb,normal,0.6964246034622192
iqq2km,normal,0.7543354630470276
gpjgip,normal,0.7591974139213562
j2t46c,normal,0.7036186456680298
m1sdn1,normal,0.7573454976081848
mwg511,normal,0.6897380948066711
axyml1,normal,0.7541696429252625
mrynmb,normal,0.7448630928993225
mee48k,normal,0.7769669890403748
m88dki,normal,0.7924124598503113
m3ibyf,normal,0.6336926817893982
acqe4u,normal,0.7568009495735168
bvamn6,normal,0.6709819436073303
d0isys,normal,0.6844707727432251
l40w2y,normal,0.6925125122070312
m025mj,normal,0.7987992763519287
kh5nfd,normal,0.6422443389892578
febmkc,normal,0.7541696429252625
bvrxzg,normal,0.7291678190231323
fdza9f,normal,0.7541696429252625
ebeyo5,normal,0.79816734790802
lkpcim,normal,0.6959913969039917
l06ags,normal,0.7801947593688965
4d6egf,normal,0.7599189281463623
d017qo,normal,0.7076935768127441
aeo59a,normal,0.7743543386459351
5t7gji,normal,0.7586814761161804
j9znvq,normal,0.7141019701957703
7dr093,normal,0.7015624046325684
9sjjj4,normal,0.6847655177116394
j5yc1z,normal,0.6627985239028931
7xjtmo,normal,0.7838817238807678
9h5v87,normal,0.7774426341056824
jkay3n,normal,0.7493208646774292
ades1k,normal,0.7697721719741821
97ogbr,normal,0.7909207940101624
jkmcd6,normal,0.7298530340194702
iotsje,normal,0.7905643582344055
ikhn45,normal,0.8063176870346069
64vrc3,normal,0.7705000638961792
672qvd,normal,0.7637244462966919
iz3utu,normal,0.48413509130477905
j52ctg,normal,0.7535368204116821
i6zlp6,normal,0.7581468820571899
mdpbzy,normal,0.7052062153816223
lxsgoj,normal,0.8119111657142639
ka6neo,normal,0.8335418105125427
kwzlfk,normal,0.7999840974807739
inmxoz,normal,0.7772303819656372
lbc49w,normal,0.7937516570091248
mbdcpy,normal,0.7979314923286438
j22j6z,normal,0.8095237612724304
lkdiqx,normal,0.7728002071380615
jgs0dn,normal,0.7704287767410278
m471cz,normal,0.7305014729499817
lknk7n,normal,0.8060671091079712
fxa59w,normal,0.7598896026611328
m9a5bg,normal,0.7851907014846802
mc29v8,normal,0.8252748847007751
mcg7bo,normal,0.835807204246521
ilkfyh,normal,0.7721083164215088
grrao1,normal,0.8280422687530518
mpluim,normal,0.8302710652351379
ena50q,normal,0.8038683533668518
litb89,normal,0.818221926689148
mpk86q,normal,0.8048607110977173
m6gw72,normal,0.8231626152992249
mrapca,normal,0.7368889451026917
fcg7hf,normal,0.7998316884040833
h7qrpv,normal,0.8029149174690247
jw1ztc,normal,0.6918854117393494
e2bran,normal,0.7939284443855286
mgu4d3,normal,0.7621843814849854
lwtzwd,normal,0.7919470071792603
g8r1i5,normal,0.7832736372947693
elx6dz,normal,0.6696144938468933
ml0pve,normal,0.7083649635314941
l9es9b,normal,0.736651599407196
m5d7y1,normal,0.8086458444595337
a3wpsr,normal,0.7415503859519958
g0px78,normal,0.7949858903884888
i2fbi0,normal,0.7996469736099243
b8ownq,normal,0.8382999897003174
kbcwe5,normal,0.7288416624069214
fj1lme,normal,0.7339885234832764
juy7z4,normal,0.7776870727539062
hy7jte,normal,0.7990493774414062
dm9xzf,normal,0.8225587606430054
luzhcm,normal,0.7267495393753052
ipmgs1,normal,0.8152029514312744
mi99hr,normal,0.7597411870956421
j2a2qh,normal,0.764701783657074
jtdspd,normal,0.7570855617523193
mb297e,normal,0.7549907565116882
marr0d,normal,0.7058110237121582
jxv7ac,normal,0.606528103351593
lyn9k5,normal,0.7915789484977722
lifm59,normal,0.5989711880683899
kaqexn,normal,0.6430424451828003
lb1anz,normal,0.7159080505371094
lhs8mh,normal,0.6825532913208008
icxqbq,normal,0.7891768217086792
ksi40v,normal,0.622963547706604
jxwjyt,normal,0.6739007234573364
mvk3ey,normal,0.7163347601890564
k4rfmh,normal,0.6560537815093994
lu3l78,normal,0.6211231350898743
jvki63,normal,0.6657800078392029
jljlfe,normal,0.7512262463569641
jmrgr2,normal,0.7958559393882751
klmp47,normal,0.6746079325675964
j4nl2l,normal,0.7812100052833557
keclyn,normal,0.7891685962677002
chpmo1,normal,0.771785318851471
khs31p,normal,0.7723145484924316
ivhnkp,normal,0.7492300271987915
d934ij,normal,0.7484873533248901
jhevjz,normal,0.7904590964317322
jj72u9,normal,0.6340943574905396
al4cye,normal,0.7938432693481445
ds2iwy,normal,0.7018781900405884
djbgn2,normal,0.6419700384140015
chpnlc,normal,0.7800690531730652
k9ejq1,normal,0.7424187064170837
dkua94,normal,0.7830356955528259
j12dsc,normal,0.7430627942085266
mtima4,normal,0.7539077997207642
diat0o,normal,0.7478090524673462
ltufqv,normal,0.6033679246902466
kn74i7,normal,0.7404080033302307
f633k0,normal,0.7803440093994141
lgn0tr,normal,0.7761213779449463
etayww,normal,0.6869009733200073
mmdxnr,normal,0.7025836706161499
diqtin,normal,0.6081668138504028
delfx2,normal,0.7722122669219971
iup9hh,normal,0.7327422499656677
f9gjo1,normal,0.7552151679992676
ew8kle,normal,0.479644775390625
jbqeuy,normal,0.6987606883049011
mjt4ys,normal,0.6707839369773865
faw9zj,normal,0.786501407623291
m3e1iu,normal,0.463761568069458
mugb5i,normal,0.6645387411117554
lttjjv,normal,0.7635222673416138
mo7c0p,normal,0.7846207618713379
lu2y6s,normal,0.7775799036026001
luvzlm,normal,0.824163019657135
i9c17s,normal,0.6397269368171692
mt3zq5,normal,0.8366827368736267
maz0ca,normal,0.7084794044494629
jhd6ft,normal,0.7479958534240723
ml67kz,normal,0.6925287246704102
mtmucb,normal,0.6357675790786743
mr9p7x,normal,0.8174301981925964
j7dazw,normal,0.7787879109382629
mjt73d,normal,0.8315457701683044
mit9s1,normal,0.7361061573028564
l4tmyq,normal,0.7679057121276855
l06vgu,normal,0.7347265481948853
kl6s33,normal,0.5703946352005005
lzm52a,normal,0.6221157312393188
jmyqim,normal,0.8033031821250916
jtiz18,normal,0.749321699142456
mfrfmo,normal,0.7344886064529419
lk8gdx,normal,0.8004436492919922
hpijq7,normal,0.7725508213043213
fjs66r,normal,0.742337703704834
lk7mle,normal,0.7099560499191284
i181e3,normal,0.7348999977111816
lgoexu,normal,0.8010808825492859
kuhbof,normal,0.8238164186477661
kopili,normal,0.7280887365341187
lrnoyh,normal,0.813782811164856
komaiz,normal,0.8206079602241516
kyqw8o,normal,0.7949632406234741
lr0lwx,normal,0.7228953838348389
kkj5ji,normal,0.7154922485351562
jzmg12,normal,0.7809844017028809
km5s8s,normal,0.8212217092514038
jttehq,normal,0.6207650899887085
lx5vjj,normal,0.7897963523864746
l81ox9,normal,0.7442315220832825
jzi5to,normal,0.840514063835144
msl44k,normal,0.7966901659965515
k79end,normal,0.7987343072891235
m45njn,normal,0.787760317325592
kqmxne,normal,0.8004394769668579
kmy79c,normal,0.8268210887908936
hq5xkh,normal,0.8106290698051453
k4l448,normal,0.7916534543037415
llthqh,normal,0.7768189311027527
mi1k02,normal,0.7785148024559021
l8xgqz,normal,0.6015570759773254
maaytr,normal,0.7986533045768738
m2i4fu,normal,0.7907570600509644
mory9v,normal,0.7705097198486328
khnd6h,normal,0.7905364036560059
hzkild,normal,0.7963253259658813
lkv3gs,normal,0.6095224618911743
joo9gq,normal,0.7459862232208252
le5lxk,normal,0.7757468819618225
jmi1oq,normal,0.7356266975402832
m9g7n6,normal,0.7942882776260376
mapujh,normal,0.6940951347351074
mffy6t,normal,0.8054192662239075
md49tt,normal,0.6699768900871277
mx3539,normal,0.8140831589698792
mehs6u,normal,0.6837650537490845
khoqze,normal,0.7940852642059326
ktzhij,normal,0.8074941635131836
mfe5uu,normal,0.7157055139541626
l0zk4t,normal,0.7769113183021545
mg72qq,normal,0.7676982283592224
m0qfyc,normal,0.7954884171485901
jfm3ec,normal,0.7098372578620911
m97o5p,normal,0.7236365079879761
jufmps,normal,0.6579030752182007
mhjtg2,normal,0.8106629848480225
h9ac88,normal,0.8186368942260742
if2r9m,normal,0.7493969798088074
kxda1m,normal,0.7646722793579102
mlv0eo,normal,0.8040677309036255
mpud5r,normal,0.8074787259101868
mjxum5,normal,0.7278069853782654
m90if8,normal,0.7237227559089661
mhyn8g,normal,0.7008913159370422
mc7ocm,normal,0.7314072847366333
lzvnfp,normal,0.8102527856826782
clxdus,normal,0.7744522094726562
j2w7by,normal,0.7472473382949829
koak1y,normal,0.7227779626846313
ibtl0c,normal,0.805820882320404
ltlxwt,normal,0.7948505282402039
m9pdvf,normal,0.5190154314041138
d980ie,normal,0.7769244313240051
ldekef,normal,0.8212844729423523
mkctd0,normal,0.7002384066581726
hz2pep,normal,0.8313392400741577
gtbre9,normal,0.7847275733947754
lpg0oe,normal,0.837031364440918
mhen6o,normal,0.7568246722221375
egby1u,normal,0.7890198230743408
i6h9a3,normal,0.7370563745498657
a65tao,normal,0.7798396944999695
m4zufh,normal,0.7651538848876953
mr2n0d,normal,0.8202642798423767
mfsxze,normal,0.7930787205696106
ksp21h,normal,0.7959456443786621
m2j56m,normal,0.8073517680168152
kuqd1l,normal,0.7777743339538574
cmedpb,normal,0.779754638671875
20uzhd,normal,0.8002565503120422
j3fubp,normal,0.7513267993927002
es1ndj,normal,0.6758182644844055
lcbgcq,normal,0.7847865223884583
bzarcs,normal,0.7397441267967224
3zr0l3,normal,0.8005180358886719
l8cquf,normal,0.8169906735420227
kgbjmf,normal,0.8152675628662109
8kj0e3,normal,0.7937957048416138
kpe1bw,normal,0.6879416108131409
kswmj1,normal,0.7666648030281067
kbbixy,normal,0.6822155714035034
k54dn0,normal,0.6917629241943359
b7fg1u,normal,0.7636375427246094
6nlvfy,normal,0.7922203540802002
11y5wu,normal,0.7814362645149231
a4jond,normal,0.7727097868919373
a68vzl,normal,0.6931940913200378
izy7e3,normal,0.8082450032234192
j8ficm,normal,0.7900160551071167
gzo4zi,normal,0.8094033002853394
hzpdbu,normal,0.7895320057868958
41g4nq,normal,0.785034716129303
gngfb1,normal,0.7190268635749817
ev1wav,normal,0.8088391423225403
53qlfc,normal,0.8058325052261353
3q4sxl,normal,0.7889151573181152
iyftj2,normal,0.7760975360870361
8r1n0v,normal,0.8065398931503296
53r8wf,normal,0.7640790939331055
dzkvc,normal,0.7712292075157166
d9al2d,normal,0.7505705952644348
hr11eb,normal,0.746070146560669
gnreo3,normal,0.7017218470573425
iig0xp,normal,0.7639829516410828
24grc9,normal,0.7537275552749634
6axjma,normal,0.774115800857544
a9ezjq,normal,0.8500930666923523
13zcr7,offensive,0.6433703899383545
llsf51,normal,0.7839747071266174
mqmyiw,normal,0.740813672542572
mvtazw,normal,0.7041345238685608
leygeu,normal,0.5266958475112915
kiifud,normal,0.7716344594955444
lgbc70,normal,0.7865854501724243
k85n4o,normal,0.7311918139457703
lglt0f,normal,0.7438713312149048
llcwou,offensive,0.40695035457611084
leqryv,normal,0.8023421764373779
lf1j1b,normal,0.6596508622169495
lwxx6j,normal,0.8054593205451965
iil209,normal,0.7643172144889832
i5ozhj,normal,0.7617366909980774
lwjy7k,normal,0.7488526105880737
mrktkw,normal,0.6749497652053833
mooq4m,normal,0.5462016463279724
ltyi7k,normal,0.813909649848938
lru41y,normal,0.798689067363739
imc561,normal,0.7689682245254517
ghdkl5,normal,0.7644226551055908
lzgbuo,normal,0.7453945279121399
gud2gu,normal,0.7303850650787354
l68a3h,normal,0.7334389686584473
fuauh2,normal,0.7248630523681641
k2kl32,normal,0.7712434530258179
mjh2za,normal,0.6382679343223572
iabtcq,normal,0.7482325434684753
jiq4yb,normal,0.7744455933570862
i4fd4x,normal,0.6627926826477051
kyp6ru,normal,0.7023369073867798
feeucz,normal,0.6399030089378357
jd72xl,normal,0.7693060040473938
ksglqw,normal,0.7725061178207397
k7czta,normal,0.5387617945671082
kw5ihf,normal,0.7697598934173584
k7fz19,normal,0.7594650983810425
ir7tlv,normal,0.7764973044395447
ineai6,normal,0.6646672487258911
ijnpl2,normal,0.7450685501098633
mce5h2,normal,0.6614886522293091
jz60xv,normal,0.7524088025093079
jcvsrc,normal,0.7424287796020508
meibzg,normal,0.7145082354545593
i19w8i,normal,0.7742745876312256
jq24oa,normal,0.7678290009498596
m9fu68,normal,0.7743299603462219
ea9mbz,normal,0.7855285406112671
l6l7nx,normal,0.7778465747833252
fdoyzd,normal,0.7105650305747986
mtspy8,offensive,0.48640745878219604
jut0ej,normal,0.6880120038986206
mrob1t,normal,0.728453516960144
l2d6cj,normal,0.7401614785194397
kbj1k2,normal,0.7305747866630554
kr4aff,normal,0.7501260042190552
jhxbqk,normal,0.7745058536529541
mo6n6d,normal,0.81393963098526
jcazfe,normal,0.7703714966773987
fymre6,normal,0.8093807697296143
ltruhm,normal,0.788608193397522
kbvhuq,normal,0.7803059220314026
lo9bc3,normal,0.7452271580696106
jhhrw4,normal,0.777516782283783
krheal,normal,0.7654749751091003
gtprd1,normal,0.7661682963371277
knu657,normal,0.3868044316768646
itfqfs,normal,0.7469004392623901
hr19hi,normal,0.7725973129272461
kgh1jf,normal,0.734978437423706
es33p8,normal,0.49432167410850525
ebe1vf,normal,0.7540571093559265
er4bkg,normal,0.7533363103866577
k2wcu1,normal,0.7988895773887634
jh6gfr,normal,0.8215328454971313
kkppy6,normal,0.6983537673950195
g3ihpq,normal,0.6633305549621582
jfsteh,normal,0.5788988471031189
jsgtyk,normal,0.7748095393180847
k3ztaa,normal,0.7280163168907166
ehp6gu,normal,0.6813985705375671
eq5xft,normal,0.7529655694961548
jk19dn,normal,0.79457688331604
c59b1d,normal,0.7059593200683594
jbnt8c,normal,0.6544285416603088
k6k1gb,normal,0.7839350700378418
gog5rn,normal,0.7096261382102966
jlqjqc,normal,0.7393152713775635
jq87io,normal,0.7609966993331909
iqci1l,normal,0.679534912109375
dvbm0x,normal,0.7058345079421997
elno13,normal,0.6678124666213989
gwcre2,normal,0.6912888288497925
iv37tl,normal,0.6612547636032104
i9802v,normal,0.7868391275405884
a7c36,normal,0.7970724701881409
cg8vtc,normal,0.7225704789161682
d4adcu,normal,0.763755738735199
7wp18r,normal,0.5816968679428101
8yxdn9,normal,0.5782803893089294
8erw7a,normal,0.8083004951477051
drqhb,normal,0.7042911052703857
3nhkbv,normal,0.49060532450675964
2x1qbv,normal,0.5766220092773438
mq470b,normal,0.7774956226348877
lkl7gv,normal,0.6244547963142395
leunaa,normal,0.7189964652061462
mbcqn3,normal,0.7856095433235168
jihgbg,normal,0.7672883868217468
kgrsns,normal,0.7209324240684509
mb2ggz,normal,0.7022300362586975
j9d1v9,normal,0.8068353533744812
mjxczp,normal,0.6835713982582092
lpi0ay,normal,0.7189964652061462
i5f9dn,normal,0.7779819369316101
i5kaem,normal,0.7128114104270935
jv5rt6,normal,0.7265949249267578
kpo0aj,normal,0.7308080792427063
mptkwe,normal,0.8344221115112305
k1nqnr,normal,0.7344402074813843
g6oq6t,normal,0.5811317563056946
j5jgkj,normal,0.7843834757804871
gojf15,normal,0.6928706169128418
k7mg04,normal,0.8050662279129028
kn8q9j,normal,0.7083073854446411
iypfgx,normal,0.8064082860946655
hj3plp,normal,0.8161259889602661
jnrd2n,normal,0.7862857580184937
lhh3rl,normal,0.7621279358863831
k1o8ei,normal,0.7694194316864014
le644s,normal,0.8058800101280212
iidg1x,normal,0.7786887288093567
jws1by,normal,0.6468396782875061
g8f0a7,normal,0.7454126477241516
moj5pu,normal,0.7422159314155579
e55l12,normal,0.7368879318237305
m7hqzs,normal,0.7530447244644165
ck9s51,normal,0.76328045129776
k040pb,normal,0.7220459580421448
ki973g,normal,0.7784065008163452
fv3uik,normal,0.7698436975479126
d2aumk,normal,0.6880064010620117
gktltx,normal,0.7692721486091614
le3k02,normal,0.7362645864486694
j7eaie,normal,0.815564751625061
kl27ne,normal,0.793208658695221
lxhz2o,normal,0.7024136185646057
9f2rdf,normal,0.8038541674613953
h9wdac,normal,0.7704852819442749
iuum1m,normal,0.7779200077056885
gxu5ki,normal,0.6938015222549438
fl3scm,normal,0.6760023236274719
g2mxjf,normal,0.7144713997840881
ajz9pu,normal,0.8051052689552307
2s4278,normal,0.7895171046257019
2qfpdb,normal,0.7443327903747559
4byaoi,normal,0.6696625351905823
4h68ct,normal,0.704054594039917
dtm8t,normal,0.4851864278316498
lvyc6,normal,0.7204533815383911
khil13,normal,0.7758246660232544
kvy2h4,normal,0.7209327816963196
ltiyr9,normal,0.8053909540176392
j68hqv,normal,0.7929455041885376
lnycnx,normal,0.7434602379798889
hnjuu2,normal,0.7478954195976257
mcyxs9,normal,0.7935634255409241
jbkjja,normal,0.7045539021492004
k9wxuw,normal,0.6789303421974182
k93o2a,normal,0.7948243021965027
kmi8jm,normal,0.6719566583633423
im74g6,normal,0.767811119556427
ku588l,normal,0.696190595626831
hgt3j9,normal,0.8254716396331787
fsib45,normal,0.690295398235321
ftz68k,normal,0.6560198664665222
1xcpi3,normal,0.7428925633430481
66xhfw,normal,0.673337459564209
fkqsg4,normal,0.6596917510032654
hf45o,normal,0.8181777000427246
imf65v,normal,0.6975017189979553
k38boh,normal,0.7832942008972168
dygmnl,normal,0.7439530491828918
jpukto,normal,0.7500396370887756
jwsql,normal,0.7710967659950256
d0htr,normal,0.7523250579833984
diuleg,normal,0.6601042747497559
dfiv7i,normal,0.7327401041984558
hznigg,normal,0.7184613943099976
aec1cs,normal,0.7854454517364502
dk9sat,normal,0.7516958117485046
63nejw,normal,0.6751027703285217
2usd66,normal,0.6665738821029663
4xnmhg,normal,0.8021098971366882
5y1wr9,normal,0.7433918118476868
g4m8sy,normal,0.7091902494430542
krqhrk,normal,0.5464473366737366
c0ynmf,normal,0.7631012201309204
8lwwe2,normal,0.6743346452713013
4fv4q8,normal,0.7484589219093323
8c3hgb,normal,0.6755850315093994
8lk1if,normal,0.6608171463012695
ee945n,normal,0.6503918170928955
8hqn4o,normal,0.6654307246208191
jbck2s,normal,0.68426913022995
5d04qo,normal,0.7713519334793091
8di3p2,normal,0.7561942338943481
26qn4j,normal,0.6247129440307617
2i64ar,normal,0.762535572052002
f4a5r7,normal,0.7322385907173157
gtq564,normal,0.778329610824585
aaalc0,normal,0.7730721235275269
18me75,normal,0.79654461145401
1kw6rq,normal,0.7621758580207825
fuwub9,normal,0.7690367698669434
ei6zqx,normal,0.7161408066749573
hpkfi2,normal,0.6021738052368164
cxeof,normal,0.7458353042602539
119wuh,normal,0.7179340720176697
effe6,normal,0.6871050596237183
deb3d,normal,0.8116447329521179
ek4fj,normal,0.6837851405143738
1833ej,normal,0.7529399991035461
81ved,normal,0.7157463431358337
829e0,normal,0.7029418349266052
81wc0,normal,0.7354691028594971
81j1w,normal,0.826541006565094
l4k9w,normal,0.8092070817947388
dqvex,normal,0.6880070567131042
dq5f8g,normal,0.7306077480316162
9llpp,normal,0.771371603012085
9l7e8,normal,0.7816734910011292
6vg1x,normal,0.7415191531181335
11sj18,normal,0.7575976252555847
iqou89,normal,0.4827667772769928
gp6bk6,normal,0.7401268482208252
2uzjpq,normal,0.7688496112823486
hd4qq,normal,0.7479798197746277
3xitl0,normal,0.7448169589042664
l6d23,normal,0.6465691924095154
8czuw,normal,0.6762894988059998
1mnp36,normal,0.6803981065750122
496ouj,normal,0.7174989581108093
1aj2lc,normal,0.7851300239562988
22zwr1,normal,0.5632500648498535
1alqf0,normal,0.7812100648880005
m34ylg,normal,0.5072759389877319
axe0be,normal,0.6816650629043579
in09j1,normal,0.6819379329681396
3yvb4g,normal,0.7365115284919739
953uc4,normal,0.7431288957595825
40rlsv,normal,0.778188169002533
gnz2q7,normal,0.7903542518615723
jcvp2x,normal,0.7795383930206299
gib4w,normal,0.41883164644241333
holqga,normal,0.8163560032844543
g1a8q9,normal,0.7851446270942688
hl39e8,normal,0.7525832653045654
b82pkn,normal,0.7381591796875
gu9sbh,normal,0.777104914188385
i4lpf,normal,0.752724289894104
hcl6pq,normal,0.8168638944625854
hl37al,normal,0.752475917339325
ddpyn,normal,0.7260890603065491
bsmfum,normal,0.6165849566459656
arhi7,normal,0.7054029703140259
11l52b,normal,0.6241499185562134
e0cqfs,normal,0.7934148907661438
f5lcl,normal,0.7654402256011963
bp5zn3,normal,0.5774586200714111
g3kmab,normal,0.7229713797569275
9k81v1,normal,0.7573922276496887
azq3x7,normal,0.6974164247512817
c7qzvk,normal,0.7056792378425598
4bi597,normal,0.6721529960632324
2n35n1,normal,0.68942791223526
96lwqi,normal,0.7365128993988037
b1d36s,normal,0.8227761387825012
hejqlt,normal,0.7811247110366821
kri7yi,normal,0.7942841649055481
ftqkj5,normal,0.7522878646850586
k5xb0b,normal,0.7221872210502625
aw437m,normal,0.7198699116706848
iqrc02,normal,0.7757434248924255
ser97,normal,0.7437886595726013
iysn46,normal,0.774006724357605
jydmg0,normal,0.8225497007369995
2mlky0,normal,0.7395856380462646
96feqw,normal,0.6894748210906982
gm6ld6,normal,0.6450377702713013
4hupk7,normal,0.7764674425125122
6zzxbc,normal,0.7977917194366455
j02k5x,normal,0.6102099418640137
fkvhv9,normal,0.7709089517593384
10mncu,normal,0.757380485534668
13zs4k,normal,0.7772746682167053
tpybt,normal,0.8030669689178467
ivmdd,normal,0.7685697078704834
9f2re,normal,0.7378729581832886
92q1r,normal,0.751343309879303
8irg1,normal,0.7911126613616943
4i58ic,normal,0.7943362593650818
ek4dq,normal,0.7344462275505066
g1yv3w,normal,0.7410516142845154
1sl7yv,normal,0.7098907232284546
y7g2c,normal,0.7928877472877502
shytb,normal,0.7684698104858398
dhumg,normal,0.6899262070655823
9f53m,normal,0.7903286814689636
89v2k,normal,0.7430640459060669
eam14r,normal,0.6331821084022522
4uj6ig,normal,0.7979853749275208
dqyb5,normal,0.8311373591423035
88bhbs,normal,0.707237184047699
fotiz,normal,0.7756658792495728
4njhnq,normal,0.7412237524986267
fo9we,normal,0.8050664067268372
baa2t,normal,0.7860130071640015
8h2wpg,normal,0.7124431133270264
92ttw0,normal,0.789578378200531
a2u3v,normal,0.8275507092475891
375d5r,normal,0.8235201835632324
9qubkt,normal,0.8383457660675049
itjjn,normal,0.7772044539451599
35dqis,normal,0.6964906454086304
70ft3s,normal,0.7510379552841187
2zwxjz,normal,0.7030910849571228
lz6ugf,normal,0.7087224125862122
kganmf,normal,0.7087686061859131
7uggkh,normal,0.8079501390457153
7hqbcr,normal,0.8082444667816162
ihexm,normal,0.6990736126899719
8wsqvj,normal,0.6008821129798889
90qigf,normal,0.6082038283348083
4d12ew,normal,0.780339777469635
stmjy,normal,0.8017150163650513
7dxeuj,normal,0.6966562271118164
jfqtw,normal,0.7617599368095398
1unaq0,normal,0.5612800717353821
1gimie,normal,0.7956499457359314
m4t2mi,normal,0.7721351981163025
mi61he,normal,0.7560665607452393
mssn6e,normal,0.689717710018158
jmn07u,normal,0.7706730961799622
hqwuo0,normal,0.5934829115867615
iy33pm,normal,0.724810004234314
l8ok9d,normal,0.7788349986076355
c02b14,normal,0.7508221864700317
d9qts,normal,0.7730584740638733
hit4te,normal,0.7879370450973511
2aquny,normal,0.7801538109779358
16coqa,normal,0.6235834956169128
emdc6,normal,0.8410994410514832
4veg1x,normal,0.6437305808067322
5o8ggw,normal,0.7759884595870972
bswr7j,normal,0.5858739018440247
1lto9m,normal,0.7524739503860474
9qwam1,normal,0.7658646702766418
ecjbg3,normal,0.7842099070549011
r21jl,normal,0.7487205266952515
5ez8kr,normal,0.5357612371444702
9bn3we,normal,0.6831802129745483
87590,normal,0.6480852365493774
3844mu,normal,0.6276461482048035
md18zz,normal,0.7242558598518372
mr3toa,normal,0.6965587735176086
lw321d,normal,0.7892955541610718
mw939m,normal,0.6360612511634827
msu1lg,normal,0.7384015321731567
mszbm4,normal,0.7692973017692566
lz63eq,normal,0.7998687624931335
ll6y79,normal,0.6796318292617798
mpqehg,normal,0.7768663167953491
mcgy3w,normal,0.7527681589126587
mhyzxm,normal,0.7396068572998047
mi8lsu,normal,0.7560509443283081
mqyf1u,normal,0.7790770530700684
ki7dsv,normal,0.7894638776779175
mtcnnn,normal,0.7586960792541504
m78sc0,normal,0.731959342956543
l9a0l3,normal,0.6417357921600342
mnlpj5,normal,0.7593302130699158
mgnbdt,normal,0.7680399417877197
lreszq,normal,0.6936069130897522
mmub0s,normal,0.7902336120605469
lxp4de,normal,0.7291553616523743
mn3t2t,normal,0.7220199704170227
md21fw,normal,0.5910360813140869
lacjro,normal,0.7670657634735107
mx3bpn,normal,0.7469243407249451
ll14zd,normal,0.48883169889450073
mqek0k,normal,0.7121432423591614
m6rzs6,normal,0.7530272603034973
lpprnm,normal,0.8083490133285522
mkqnw6,normal,0.675251305103302
lj4by7,normal,0.6759928464889526
moi93t,normal,0.7804502844810486
mlfw7w,normal,0.7980899810791016
ijcbxz,normal,0.7658059597015381
mdqiu6,normal,0.8729926347732544
mvs6zi,normal,0.7844326496124268
laas3h,normal,0.7110785245895386
kp1a77,normal,0.7898676991462708
lddew7,normal,0.7369142174720764
mm3grh,normal,0.7983148694038391
mc0adm,normal,0.8014476895332336
mmreu8,normal,0.6857035756111145
mk8xnq,normal,0.759689211845398
m678ej,normal,0.7452818751335144
miew5i,normal,0.7575781941413879
k47rqt,normal,0.6110907196998596
mitqp6,normal,0.7983633279800415
md8dq9,normal,0.7809865474700928
mvne5s,normal,0.7751825451850891
mrawoh,normal,0.7185943126678467
kn38ib,normal,0.7928826212882996
kzfnd5,normal,0.7501360774040222
mrp7xn,normal,0.6547768115997314
m5ewwl,normal,0.8026925921440125
ma3rff,normal,0.7715891003608704
mefcbu,normal,0.572184681892395
l8k1j9,normal,0.8035109639167786
mgaf25,normal,0.7989242076873779
lg9z90,normal,0.6621790528297424
md2b4b,normal,0.734385073184967
m6vf8b,normal,0.43810218572616577
j7y1ep,normal,0.7359396815299988
icomwf,normal,0.7090986371040344
hqu0zl,normal,0.8285982608795166
mdb0ap,normal,0.7658138871192932
lh8gdp,normal,0.8163014650344849
l3omyk,normal,0.6589195728302002
lchtj2,normal,0.6802250146865845
mw7qp1,normal,0.7800260782241821
mufdfj,normal,0.803520679473877
kaqb0l,normal,0.6901445388793945
jdswpm,normal,0.7917607426643372
lmmu8e,normal,0.7814008593559265
mim0ab,normal,0.7804902195930481
mr1068,normal,0.5585896372795105
lwfs07,normal,0.7472173571586609
moi0uk,normal,0.7050522565841675
mozeb1,normal,0.8046041131019592
mn8oms,normal,0.6792315244674683
m2xzm5,normal,0.7493224740028381
mquejq,normal,0.7505344748497009
mgjb3r,normal,0.603516161441803
lpzpno,normal,0.7583059668540955
llcwj6,normal,0.7959954142570496
mo7f8o,normal,0.722682535648346
lwvv6o,normal,0.78704434633255
mdwrrv,normal,0.6291223764419556
moxcyv,normal,0.7644783854484558
kkku16,normal,0.7520795464515686
ma1dk3,normal,0.7782785892486572
mwx6wj,normal,0.8729926347732544
ms4yvm,normal,0.8729926347732544
msj8z8,normal,0.7832391858100891
mra1u9,normal,0.7758828401565552
mqh6ik,normal,0.8108255863189697
mo4zpr,normal,0.793266236782074
mnj2kr,normal,0.8729926347732544
mmt0zc,normal,0.7897456288337708
mkjnww,normal,0.7583587169647217
mim3ad,normal,0.8729926347732544
mf7gh5,normal,0.7260673642158508
mahnz4,normal,0.7635241150856018
m8j49c,normal,0.8729926347732544
m8npkp,normal,0.7844579815864563
m4xxsy,normal,0.704993724822998
m4ecli,normal,0.7803435325622559
m3kk6i,normal,0.8729926347732544
m35lkw,normal,0.7531353235244751
lzs7jm,normal,0.7774155735969543
lzkh5t,normal,0.7877465486526489
lyeyui,normal,0.8729926347732544
lyoald,normal,0.7760137915611267
lt0oa3,normal,0.8729926347732544
lnj99h,normal,0.8729926347732544
ljmr70,normal,0.7065804600715637
lidyil,normal,0.8729926347732544
leawb0,normal,0.8083477020263672
l2b8un,normal,0.8030027151107788
l22205,normal,0.611000657081604
kzr4lz,normal,0.7953205704689026
kxxdrd,normal,0.8729926347732544
kt5azj,normal,0.8729926347732544
ktrk3b,normal,0.5138991475105286
kp95zc,normal,0.7406650185585022
kodjre,normal,0.8729926347732544
kovh3j,normal,0.788818359375
klxu80,normal,0.6996762156486511
kk1b00,normal,0.8603804111480713
khmrxd,normal,0.6622790694236755
kfnw3c,normal,0.8603804111480713
kb5kk3,normal,0.8603804111480713
k916gp,normal,0.7758918404579163
k6np6u,normal,0.8603804111480713
k0ito5,normal,0.7198546528816223
k23vd6,normal,0.8603804111480713
k1xkpz,normal,0.7558912038803101
k0ufyq,normal,0.7801699638366699
jxrroj,normal,0.8603804111480713
jvezvh,normal,0.6334459781646729
ms1tqj,normal,0.7247626781463623
kf1z5r,normal,0.6576578617095947
lngoc5,normal,0.7699922919273376
m0gs6p,normal,0.793078601360321
l99ajm,normal,0.6841066479682922
lgi9pd,normal,0.7516099810600281
lyuqge,normal,0.8326849937438965
k7misp,normal,0.7937989234924316
lwukyf,normal,0.7109401822090149
mqx1ao,normal,0.7987582087516785
j7dt3k,normal,0.7618865966796875
l2vssc,normal,0.7178046107292175
mejiaf,normal,0.7553945183753967
ms7kf5,normal,0.7703787684440613
ll4xjg,normal,0.7956925630569458
mgihs7,normal,0.7529032230377197
mkwizq,normal,0.8054040670394897
mjhonq,normal,0.7676429748535156
jnlklo,normal,0.7793219089508057
mnautz,normal,0.7690282464027405
mezyeg,normal,0.7780970335006714
ek7bt3,normal,0.7466350793838501
mpzocj,normal,0.7639410495758057
kvwap1,normal,0.792468786239624
g8d2k2,normal,0.8162108659744263
g3wmv2,normal,0.7936380505561829
l5qprx,normal,0.6687145233154297
hoi3lr,normal,0.778374195098877
m6onbi,normal,0.7685340046882629
gp6djo,normal,0.6524887084960938
dli6mu,normal,0.826719343662262
gam5f1,normal,0.7960346341133118
lg8933,normal,0.7871381044387817
ckpjqw,normal,0.7942559123039246
mnpimf,normal,0.80904221534729
2vwgk9,normal,0.7560204863548279
b76bye,normal,0.8105307817459106
lig48x,normal,0.8045547604560852
jm4d4r,normal,0.77510666847229
grmqfi,normal,0.7980234026908875
lkmzzy,normal,0.693394660949707
lujnp2,normal,0.8112286925315857
hrae6w,normal,0.7879404425621033
k12tn7,normal,0.7598476409912109
c4jwwk,normal,0.7867418527603149
kqfx3z,normal,0.7354435324668884
j5gnx1,normal,0.7638624906539917
jt27u1,normal,0.8107871413230896
g5nv9e,normal,0.7378228902816772
2hfitv,normal,0.7898703217506409
mm64kt,normal,0.7574631571769714
mqxgu7,normal,0.7827078104019165
mvmrqx,normal,0.7751955389976501
mnvfz9,normal,0.7656242251396179
mlg5pb,normal,0.6688521504402161
mutvkm,normal,0.6848933696746826
mb1lbf,normal,0.5487858653068542
mm5gnq,normal,0.7495620846748352
lbz9yt,normal,0.7794986367225647
melc3l,normal,0.7246784567832947
lqv81o,normal,0.6624926924705505
lke1uc,normal,0.7714122533798218
kwg8dm,normal,0.7966479063034058
mr15bj,normal,0.7526705861091614
l3bmpq,normal,0.8093236088752747
lu899g,normal,0.8152565360069275
m0wztc,normal,0.6918596029281616
mkpwx3,normal,0.7853148579597473
mle6ad,normal,0.7627404928207397
krt9s3,normal,0.7640940546989441
mlboco,normal,0.7863469123840332
lbafx3,normal,0.7937516570091248
mj4sc9,normal,0.8006037473678589
lobcc0,normal,0.81805020570755
k9sbpr,normal,0.6261537671089172
jzrycc,normal,0.7755596041679382
ku414s,normal,0.6940012574195862
m6f5e8,normal,0.8227822184562683
m2gcwg,normal,0.7487284541130066
m3ttps,normal,0.7026932239532471
mkyorg,normal,0.7241024374961853
mvnajy,normal,0.8056235909461975
jlwbmc,normal,0.6984982490539551
mt3pxc,normal,0.7700397372245789
lj7g5b,normal,0.6904715895652771
mqm7tx,normal,0.7698195576667786
mr2d51,normal,0.6387566328048706
mtwce0,normal,0.7025752663612366
k0xzus,normal,0.7422957420349121
mnk05a,normal,0.6959686279296875
lc2ds0,normal,0.8085571527481079
mrgmyf,normal,0.7558369636535645
jeqele,normal,0.7525649666786194
lz88kd,normal,0.7611258625984192
lbvu5l,normal,0.7708768248558044
jhn85i,normal,0.7359328866004944
jh30ny,normal,0.7021138072013855
jrmzy0,normal,0.7615481615066528
mutxpo,normal,0.8179867267608643
jhf3lm,normal,0.6691131591796875
m9c9df,normal,0.8257495164871216
ilgc3s,normal,0.7803441286087036
mhgy10,normal,0.7398342490196228
mhgvxn,normal,0.7642257213592529
d1fjkb,normal,0.7503746151924133
9zq7ot,normal,0.706987738609314
krsmom,normal,0.8196744322776794
8y1isd,normal,0.7964184880256653
abz7m3,normal,0.6508538722991943
5y58y6,normal,0.7894986271858215
76l1jv,normal,0.7890043258666992
1kzw13,normal,0.7902540564537048
3u4mr2,normal,0.7602946162223816
t83sr,normal,0.8018245100975037
i16wqr,normal,0.7505683302879333
ppv9p,normal,0.8129495978355408
r1s6f,normal,0.717653751373291
tio7y,normal,0.7918483018875122
pryx4,normal,0.7689569592475891
qdvbe,normal,0.8332557082176208
uasii,normal,0.8129875659942627
u3zej,normal,0.7643935680389404
s6tll,normal,0.7794743776321411
3009t7,normal,0.7820069193840027
mcuo7,normal,0.7694220542907715
7mxzja,normal,0.7589308023452759
rx0k7,normal,0.7094357013702393
243x4p,normal,0.797743022441864
txiuu,normal,0.7773148417472839
1aaigo,normal,0.7938619256019592
og3hk,normal,0.7938364148139954
fypi3j,normal,0.7694334387779236
o1wjv,normal,0.7316411733627319
11bnmq,normal,0.7334548234939575
btu4pf,normal,0.7611949443817139
qyn5y,normal,0.8142836093902588
tljde,normal,0.8465275764465332
9vx4hc,normal,0.7852969765663147
f53hyf,normal,0.7843746542930603
1ft9pw,normal,0.7119118571281433
towwb,normal,0.793974757194519
52epfu,normal,0.8025362491607666
evyvvo,offensive,0.559527575969696
1mt86y,normal,0.7867853045463562
3zw3cb,normal,0.7333610653877258
6o0h86,normal,0.6300599575042725
nw3xs,normal,0.723186731338501
jlhpu,normal,0.7920668721199036
rs2cd,normal,0.7544575333595276
mwapq0,normal,0.5911601185798645
jkhrcb,normal,0.7688011527061462
jq7e7g,normal,0.6722121238708496
khjhnm,normal,0.8276302814483643
g7evco,normal,0.7196434736251831
ln3jeu,normal,0.8240309953689575
k4st9y,normal,0.7868446111679077
lj4sx3,normal,0.7255670428276062
hvb6pk,normal,0.7603874206542969
kenrxc,normal,0.8081653714179993
lm3m4d,normal,0.7449186444282532
iatxai,normal,0.6469267010688782
jc15qs,normal,0.7302073836326599
eew08i,normal,0.6909262537956238
i7qxcn,normal,0.7941809892654419
hj3jpr,normal,0.7236159443855286
irqeak,normal,0.7537238001823425
hmxevx,normal,0.6415925621986389
goer7y,normal,0.7112748622894287
8y34d5,normal,0.7265602946281433
55g7sz,normal,0.7924246788024902
fo8oy4,normal,0.6817068457603455
gfciyh,normal,0.7708638310432434
3nwu6v,normal,0.8227206468582153
ab8qzg,normal,0.8136574029922485
7remjy,normal,0.638535737991333
ab8vq1,normal,0.6913192868232727
6wzxvw,normal,0.7249969244003296
2j9i9e,normal,0.7874209880828857
cu0men,normal,0.7630407214164734
44z9vr,normal,0.6694462299346924
77nu3g,normal,0.7930795550346375
8qmxlb,normal,0.6246740818023682
50wdqo,normal,0.7359062433242798
4gkedu,normal,0.7681324481964111
berx35,normal,0.5658907890319824
9ooj1f,normal,0.7548717856407166
3lkpk0,normal,0.7311135530471802
bcmw6s,normal,0.7396057844161987
bwtft0,normal,0.7967051863670349
4tctp8,normal,0.7605535387992859
7bmp22,normal,0.6375521421432495
7wn744,normal,0.7945631146430969
70andl,normal,0.7473075985908508
40yhw1,normal,0.6760032176971436
bdva8f,normal,0.6960839629173279
2tbciw,normal,0.7636588215827942
bdbtfg,normal,0.8010240793228149
4xy68u,normal,0.714455783367157
l7qh4f,normal,0.6839009523391724
mrvx4j,normal,0.8089008927345276
lz8iky,normal,0.7401669025421143
m4liyk,normal,0.7165793180465698
hjdml2,normal,0.7901851534843445
icyc1r,normal,0.840399444103241
frcn7f,normal,0.7953451871871948
d4e5wf,normal,0.7690232992172241
gurk53,normal,0.7565548419952393
4tfpbo,normal,0.7889562845230103
crzl1h,normal,0.6510175466537476
9tpaq6,normal,0.7483956217765808
c2v2q4,normal,0.7129592895507812
38tjow,normal,0.8339287042617798
8s3alm,normal,0.8213329911231995
p6cmh,normal,0.7826743125915527
1bn2qm,normal,0.7207607626914978
5ysq3a,normal,0.810968279838562
jth2j,normal,0.8074681162834167
4gjag8,normal,0.8262954354286194
1fok7i,normal,0.6721019148826599
jmp8cj,normal,0.80601567029953
msai0r,normal,0.7789412140846252
acfxtn,normal,0.7617356181144714
irqmu4,normal,0.797000527381897
7o4yj9,normal,0.6613852977752686
9ksaqf,normal,0.7381564378738403
15yrhe,normal,0.7350829839706421
7gn3zj,normal,0.7839570045471191
jd8g6m,normal,0.8067821860313416
c1hogc,normal,0.8082548379898071
dbg7ye,normal,0.7925848364830017
fl2dz9,normal,0.762153148651123
eu5nhg,normal,0.7795748710632324
6woszc,normal,0.6222269535064697
9odbhx,normal,0.7543123960494995
70snzi,normal,0.7273986339569092
4u2dio,normal,0.7866345047950745
6lgiaj,normal,0.5534995794296265
257uo8,normal,0.7507117986679077
5fnu1n,normal,0.8087765574455261
5q2d4f,normal,0.7745987176895142
56wet7,normal,0.7653538584709167
b9ob0u,normal,0.7688051462173462
5mguk7,normal,0.7227057218551636
6zjpez,normal,0.8175668120384216
302lo3,normal,0.8065735697746277
2vzbe0,normal,0.7709946036338806
72q3od,normal,0.7159034013748169
9r77n2,normal,0.7145758271217346
