tweet_id,classification,classification_score
9te54x,normal,0.805557370185852
89n3bv,normal,0.7960165143013
3dj3oa,normal,0.7994322776794434
2suxry,normal,0.7768248319625854
1rk8r2,normal,0.7400027513504028
mxiotw,normal,0.7361293435096741
m885tt,normal,0.7790733575820923
l4zjlt,normal,0.7389277815818787
l0a72e,normal,0.785335123538971
mwoxxp,normal,0.7959970235824585
mw44u5,normal,0.6380932927131653
mtq0e6,normal,0.7069621086120605
mprp1i,normal,0.7640179395675659
msrroa,normal,0.7711111307144165
monln2,normal,0.7338685989379883
mj6p6k,normal,0.7794670462608337
mhc6a2,normal,0.8249995708465576
mewv89,normal,0.70448899269104
meosl1,normal,0.7589374780654907
m8gw0w,normal,0.7961597442626953
m2vnee,normal,0.7494664192199707
m0ltlu,normal,0.8235338926315308
m0f7cf,normal,0.8048993349075317
lpv2wq,normal,0.8205176591873169
mlc4qf,normal,0.7770376205444336
mp40n1,normal,0.7992495894432068
m24ee0,normal,0.7721350789070129
mqaqve,normal,0.7699546813964844
fgjjlo,normal,0.6762894988059998
mn2r5e,normal,0.7927010655403137
ffz9a8,normal,0.7267331480979919
9zg6ak,normal,0.7584974765777588
7l4swt,normal,0.6496744751930237
jl0u7h,normal,0.8067110776901245
jk1ngm,normal,0.7600849270820618
ka6sgj,normal,0.7328198552131653
kjxdve,normal,0.8086125254631042
kyhpo5,normal,0.8017337918281555
mx9wcl,normal,0.827936589717865
mx3ggo,normal,0.790212869644165
mxfgsh,normal,0.7800674438476562
mx4kf7,normal,0.6426650285720825
mwps6r,normal,0.8169381618499756
mwoyll,normal,0.8269068002700806
mwny3c,normal,0.6963966488838196
mweqe8,normal,0.6033357977867126
mw1ohh,normal,0.7921389937400818
mw2tnq,normal,0.7634899020195007
mt57dy,normal,0.7399675250053406
mvhamb,normal,0.7713170051574707
msqcyr,normal,0.8021692633628845
mvand2,normal,0.8169126510620117
kpak5e,normal,0.6402711868286133
ljs2yj,normal,0.7720772624015808
g4g3yk,normal,0.796755313873291
am1b2v,normal,0.6760705709457397
km9z37,normal,0.7672654986381531
ez5pbd,normal,0.7790642976760864
impwcd,normal,0.7815279364585876
eyle0n,normal,0.7186375260353088
ac3qod,normal,0.72513347864151
i3npau,normal,0.821712851524353
eq333i,normal,0.7317111492156982
i0ydu9,normal,0.6992731690406799
eqvw0p,normal,0.629142165184021
fjo2qq,normal,0.7980464100837708
gnts6d,normal,0.7974997758865356
ftki3y,normal,0.7846819162368774
exs8b5,normal,0.7846787571907043
mqs226,normal,0.7942879796028137
8e7mrj,normal,0.7130926251411438
lw7g9n,normal,0.756678581237793
kez4we,normal,0.7169812321662903
12dqwe,normal,0.738068699836731
l6sm8r,normal,0.7763595581054688
lcw1tf,normal,0.5909032821655273
l1sjvf,normal,0.7959909439086914
6kr54h,normal,0.7704100012779236
1qzomm,normal,0.7258209586143494
ke8p9y,normal,0.8165987730026245
mw2251,normal,0.8034125566482544
motmm0,normal,0.7392650246620178
mf0xjg,normal,0.8131043910980225
m4lhk5,normal,0.7662310600280762
k2vo5i,normal,0.810133695602417
koihay,normal,0.6730294823646545
kofs0f,normal,0.6162117719650269
lutbx1,normal,0.8121086955070496
murmcp,normal,0.6057276725769043
mfut48,normal,0.829863429069519
jotghf,normal,0.824266254901886
ldojie,normal,0.7337813377380371
m5htd6,normal,0.7118914723396301
mi4z7l,normal,0.6890907287597656
mhz47j,normal,0.8274828195571899
ivc0qz,normal,0.7715857625007629
isonbx,normal,0.774337887763977
mntg7j,normal,0.5698708295822144
fiqxq0,normal,0.8037072420120239
icbycy,normal,0.74872887134552
mlykpl,normal,0.806282639503479
miaadq,normal,0.8164184093475342
mizlxy,normal,0.7504482269287109
3sgzuh,normal,0.7655977606773376
m884p2,normal,0.7788918018341064
laenxw,normal,0.7235007882118225
m4ftwb,normal,0.8169578313827515
l1sj8c,normal,0.7959909439086914
kwzpmi,normal,0.8031485676765442
l6c3x6,normal,0.762082040309906
l28aar,normal,0.7278710007667542
jy8dlk,normal,0.8021286725997925
l31f5d,normal,0.7546130418777466
luqthh,normal,0.7587113380432129
kg6586,normal,0.823788046836853
kxuecn,normal,0.6729700565338135
ke617q,normal,0.7762179970741272
hmey9x,normal,0.7320939302444458
jxrwyb,normal,0.7837002873420715
iyp8vn,normal,0.7223145961761475
fv9r1h,normal,0.7888275980949402
gmoll0,normal,0.7922152280807495
gtdny2,normal,0.7907435894012451
d8m1z5,normal,0.7130689024925232
fx839p,normal,0.7008841633796692
bg2fvy,normal,0.8173316717147827
9xarzm,normal,0.7698512673377991
8aph1g,normal,0.581588864326477
3xqvzg,normal,0.7162465453147888
2n5fk2,normal,0.7619968056678772
3gkd1c,normal,0.7469789981842041
3tglwk,normal,0.7768750786781311
3re3g5,normal,0.7560778260231018
3tdcc2,normal,0.7827500104904175
2rvxpo,normal,0.8040157556533813
46g4xj,normal,0.7897353768348694
3tylqh,normal,0.7595618367195129
1r3d1j,normal,0.7456254959106445
2irskc,normal,0.7576090693473816
3s928d,normal,0.7708235383033752
3ve045,normal,0.7746988534927368
2f7p94,normal,0.804470956325531
3s8126,normal,0.8063538074493408
3ef6fx,normal,0.7383931875228882
1qk2lq,normal,0.8004099726676941
2lbp1d,normal,0.7833335399627686
3wqrwl,normal,0.7654498219490051
5rnx1m,normal,0.8193806409835815
2khibf,normal,0.7863297462463379
1ptu66,normal,0.8398312330245972
gj2umv,normal,0.744020938873291
89yzfd,normal,0.8164265155792236
5lysgx,normal,0.5614386200904846
5o1wh2,normal,0.6523193120956421
3dfzx7,normal,0.7336228489875793
mperco,normal,0.7619543075561523
fghgrq,normal,0.7782522439956665
l8tcpu,normal,0.823387622833252
lp2h9w,normal,0.6349710822105408
mdprmf,normal,0.8022795915603638
db1st4,normal,0.8131580352783203
m13wmb,normal,0.7300454378128052
ltqc6w,normal,0.7156925201416016
mbaaxq,normal,0.7916426658630371
lqrhio,normal,0.7092573642730713
lutrv3,normal,0.7353129982948303
9x3l7b,normal,0.7634231448173523
m8r940,normal,0.7780947685241699
khge4z,normal,0.8071107268333435
ky1p1i,normal,0.8148975372314453
mvdjm2,normal,0.7283928990364075
mxp5bs,normal,0.7411150336265564
ms1n9f,normal,0.7349593043327332
morkth,normal,0.7211915850639343
miivoi,normal,0.7300259470939636
mey4j2,normal,0.8027544021606445
jcef18,normal,0.7789969444274902
lmk1oe,normal,0.6360390782356262
mh6iln,normal,0.5953789949417114
mcn1g2,normal,0.7747397422790527
m8fnyg,normal,0.7311120629310608
lods6r,normal,0.6314624547958374
kap51w,normal,0.7750674486160278
fgze7d,normal,0.7132474184036255
dk5sde,normal,0.7379823327064514
aw5384,normal,0.6559551358222961
3v47tr,normal,0.6618134379386902
12d4zc,normal,0.7680269479751587
1d9nwa,normal,0.7872071862220764
4tx7hz,normal,0.7970497012138367
1s5btx,normal,0.7696627378463745
350glz,normal,0.6416904330253601
6n9lqz,normal,0.753037691116333
5vqrfd,normal,0.7574848532676697
2mp8ba,normal,0.735252857208252
mtb0gm,normal,0.7714658975601196
msyqt7,normal,0.7652482390403748
mmuzw8,normal,0.7361446619033813
mkvkas,normal,0.6930158138275146
mj8wul,normal,0.7718868851661682
m8efrq,normal,0.7877916097640991
m49hgi,normal,0.7537028789520264
lzpqbd,normal,0.7100432515144348
lz10tq,normal,0.788185179233551
lu95d5,normal,0.7535573840141296
lul9s4,normal,0.8367030620574951
lt1l0j,normal,0.7798202037811279
lqji6n,normal,0.768229067325592
lepgm2,normal,0.7749014496803284
l9e144,normal,0.7264102697372437
d1lr1x,normal,0.7571585774421692
aditd3,normal,0.7515571117401123
46pkr4,normal,0.692533016204834
4x7t2b,normal,0.6634811758995056
lyl0dg,normal,0.7686957716941833
jhb57k,normal,0.7250370383262634
i602or,normal,0.5750908851623535
irra13,normal,0.6825295090675354
cee092,normal,0.7476845979690552
1ep208,normal,0.8225563764572144
b9w9oh,normal,0.7035938501358032
b7reen,normal,0.7609691619873047
1logfc,normal,0.7583537101745605
3zp3f8,normal,0.6059520840644836
2g0a9z,normal,0.7871415019035339
4xu8qx,normal,0.7958658337593079
1ubuqh,normal,0.8063409924507141
2sr9g0,normal,0.7992280125617981
lzh6rv,normal,0.7671610116958618
lpjxnb,normal,0.7352172136306763
i0pyub,normal,0.6540250778198242
gj4226,normal,0.7651128172874451
hsw3th,normal,0.7808749675750732
fdmqhp,normal,0.7957903146743774
fp8ypj,normal,0.7433534860610962
bhce9x,normal,0.7783130407333374
awlqj7,normal,0.7498835325241089
2ag0w6,normal,0.7992923855781555
3ov4gz,normal,0.6699495315551758
1s8p2w,normal,0.7560068368911743
5ii8hh,normal,0.8299294710159302
