tweet_id,classification,classification_score
dgaz0c,normal,0.7813317179679871
8r0nl3,normal,0.7829340100288391
mxkpm7,normal,0.8527600765228271
mxkbhy,normal,0.6680405139923096
mxev08,normal,0.7576480507850647
mxmn35,normal,0.7857128381729126
mxe6mn,normal,0.7945292592048645
mxn8f7,normal,0.6978991627693176
mx8kig,normal,0.7218606472015381
mxu94s,normal,0.8288103938102722
mxsgm6,normal,0.8004482984542847
mx81pv,normal,0.7564314007759094
mxp8ci,normal,0.7445115447044373
mxjpvy,normal,0.7500097751617432
mx8qdh,normal,0.6874734163284302
mxs094,normal,0.8068317174911499
mx9dxd,normal,0.8345310091972351
mq3d3n,normal,0.7105405330657959
mo2x25,normal,0.7652013301849365
mnich9,normal,0.7781306505203247
mlvf4j,normal,0.7109267115592957
mchn9k,normal,0.7475278973579407
mcyuee,normal,0.769559383392334
mu2yrk,normal,0.746010959148407
mrqhng,normal,0.7354270219802856
m0v8xn,normal,0.8163004517555237
mmbwga,normal,0.7665054798126221
ma788v,normal,0.7948983907699585
lk1sor,normal,0.7524692416191101
mfqvmp,normal,0.7256342172622681
m1da1c,normal,0.8191054463386536
lhrtqv,normal,0.8188766241073608
mwx8cz,normal,0.7875138521194458
mva8l6,normal,0.6670659780502319
mxr6fa,normal,0.6575515866279602
mv1ie2,normal,0.8014158010482788
mu2b0t,normal,0.7174798250198364
mx54q8,normal,0.7937527298927307
muo6q6,normal,0.7520157098770142
mwpe35,normal,0.8501582741737366
mxnlmx,normal,0.7084856629371643
mxpzkn,normal,0.7583865523338318
mufgin,normal,0.7252451777458191
mxla48,normal,0.7382870316505432
mxpvzj,normal,0.7991164326667786
mx6x12,normal,0.8084578514099121
lzxnce,normal,0.8068740367889404
js9w2r,normal,0.7222884297370911
ivkjci,normal,0.7299900650978088
mn3tbp,normal,0.7220199704170227
km0d5a,normal,0.822076141834259
eqmbjv,normal,0.789333701133728
mnxhlq,normal,0.7612240314483643
lfmnm3,normal,0.7547762989997864
mmb7dn,normal,0.797491729259491
maf1l4,normal,0.8040874004364014
mgmf7i,normal,0.6842511296272278
l9zfog,normal,0.7670963406562805
lj2lkq,normal,0.7835633158683777
mj56e6,normal,0.7852612137794495
m6yba4,normal,0.780287504196167
mxmhcj,normal,0.7712593674659729
mxv0wv,normal,0.6426534652709961
mxukgo,normal,0.7633268237113953
mx2uex,normal,0.7638615965843201
mw14wl,normal,0.7636315226554871
mwe7ax,normal,0.7493530511856079
mxe9ll,normal,0.7296705842018127
mxj3fy,normal,0.5838464498519897
mxuxjf,normal,0.7412358522415161
muo4cf,normal,0.7716485857963562
mxxc1g,normal,0.7921943068504333
mxkiap,normal,0.7001704573631287
mxuq9a,normal,0.7699832916259766
mxq67o,normal,0.8089059591293335
mxookw,normal,0.7707744836807251
m30c2y,normal,0.7905187606811523
mcemmi,normal,0.7727661728858948
lplr8u,normal,0.8092477917671204
mtj1r8,normal,0.6300476789474487
msx01y,normal,0.8135944604873657
lah5z8,normal,0.7798126935958862
mrgczl,normal,0.5980210304260254
mgsr6i,normal,0.5871301889419556
mu131n,normal,0.7607306241989136
mu6rwv,normal,0.7530019879341125
m3dfos,normal,0.7397602796554565
mj7nf7,normal,0.7488951086997986
mp1ab8,normal,0.6649343371391296
mgzgwk,normal,0.8120555877685547
mxnu0k,normal,0.7614349126815796
mx7zts,normal,0.677855908870697
mxwerm,normal,0.7939658761024475
mxghzv,normal,0.7505460381507874
mx5jql,normal,0.7697440981864929
mwgisq,normal,0.8431194424629211
mxdc8v,normal,0.5893785953521729
mxkyep,normal,0.803094744682312
muokzl,normal,0.73673415184021
muokwx,normal,0.73673415184021
mx8nvp,normal,0.6379159092903137
mxmq2e,normal,0.7263579964637756
mxigod,normal,0.8256664276123047
mx6bcb,normal,0.7657135128974915
mx36lg,normal,0.6708466410636902
mwbtpb,normal,0.7662685513496399
mw7rww,normal,0.787469208240509
mvyhjr,normal,0.8136225938796997
muh2ey,normal,0.7935754656791687
mubb3m,normal,0.7007417678833008
mtrhr2,normal,0.7558484077453613
mt5t88,normal,0.738823413848877
mxpcuk,normal,0.7995014786720276
mxjp3s,normal,0.6917550563812256
mx39ab,normal,0.7534571886062622
mumbeh,normal,0.8043962717056274
mvp3h6,normal,0.7816359400749207
mxknp0,normal,0.7497046589851379
mx8hxf,normal,0.688378632068634
mxuzfp,normal,0.740740954875946
muqh5s,normal,0.8019487261772156
mxw93n,normal,0.7075663208961487
mtxjsj,normal,0.8143081068992615
mxcxiu,normal,0.611748993396759
mxnqhp,normal,0.706112265586853
mohtvi,normal,0.8124676942825317
hz8ife,normal,0.8108991384506226
ci5x87,normal,0.7775561809539795
msl6lt,normal,0.7839903831481934
bia1ts,normal,0.8193085789680481
mopr2l,normal,0.7359283566474915
cl20zy,normal,0.8214649558067322
mnzqu4,normal,0.7849056124687195
ljkpj8,normal,0.7326299548149109
msrvvo,normal,0.7208791375160217
mr6xam,normal,0.8097420334815979
atk15e,normal,0.781538724899292
mp48ii,normal,0.7899893522262573
mt9fr3,normal,0.7940880060195923
mi7lmv,normal,0.8208321332931519
mv37b7,normal,0.7847411632537842
mpy2h8,normal,0.8024941086769104
lujzuc,normal,0.7449551820755005
lv7ht1,normal,0.7580416798591614
moo14g,normal,0.788332462310791
mq7wgm,normal,0.7637004852294922
lzsxu3,normal,0.7793012857437134
g2g9j5,normal,0.7565563917160034
lu89tv,normal,0.785579264163971
lr8499,normal,0.7704682946205139
msns7w,normal,0.7221335768699646
lltvo9,normal,0.7571443915367126
mqrfb1,normal,0.7160126566886902
lp6a8j,normal,0.7418647408485413
mlq96t,normal,0.7684054970741272
meo6kh,normal,0.6419427990913391
lqkpk7,normal,0.8269827365875244
lc08yq,normal,0.7467269897460938
lzhua6,normal,0.8041918277740479
mgsycu,normal,0.7956156134605408
le1t84,normal,0.7863254547119141
kw6ef7,normal,0.7208433747291565
mw4ig8,normal,0.7943722009658813
mq64eg,normal,0.8186957240104675
muqgsz,normal,0.7714982032775879
lzdsr0,normal,0.7829805016517639
loa6hb,normal,0.7778288125991821
dgga18,normal,0.7811233401298523
mjyopj,normal,0.8145440220832825
m9km9b,normal,0.7433985471725464
mq2k68,normal,0.8069251179695129
maranb,normal,0.7734717726707458
mhf235,normal,0.7687181830406189
l2ulzg,normal,0.8144422173500061
mc9g8k,normal,0.7518237829208374
lbdvt9,normal,0.6961668729782104
m315da,normal,0.791943371295929
lqxajk,normal,0.7372826337814331
mjw1ks,normal,0.7216758131980896
m9iqp5,normal,0.7273572683334351
lyf3ik,normal,0.5938679575920105
lg86h0,normal,0.8244397044181824
l9mq9j,normal,0.7365009188652039
mvw81g,normal,0.7440841794013977
mxwz3x,normal,0.8064219951629639
mxqcgb,normal,0.6681023240089417
mxjc3v,normal,0.6260189414024353
mxfsl1,normal,0.7602272033691406
mxbmst,normal,0.773995578289032
mxl8f8,normal,0.7658021450042725
mxrosz,normal,0.577488124370575
jskelp,normal,0.8154427409172058
dff3jm,normal,0.7145872116088867
edrk5r,normal,0.5966922640800476
khg7zi,normal,0.6919987797737122
kx9uzu,normal,0.8034385442733765
kash9l,normal,0.83772873878479
ba1fko,normal,0.8070703744888306
mnriwe,normal,0.7522919774055481
m6h5ms,normal,0.8206924200057983
lbud5b,normal,0.7683031558990479
lcqrf4,normal,0.8022313117980957
mqw9e0,normal,0.7522756457328796
mryf55,normal,0.6934184432029724
msxfmg,normal,0.7690436840057373
krtgki,normal,0.7987956404685974
mtvbpj,normal,0.7697598338127136
mi7u2u,normal,0.7794443368911743
mjj5ch,normal,0.7392668724060059
lwc5ep,normal,0.7273030281066895
it8jwx,normal,0.8236881494522095
jyf5uv,normal,0.732207179069519
mw94uq,normal,0.7564176917076111
mgl81j,normal,0.7637984156608582
msfh78,normal,0.7359991669654846
mx2z63,normal,0.7474684119224548
mhgrar,normal,0.7543915510177612
lxnkfm,normal,0.7196252942085266
mnowp7,normal,0.7868795394897461
lh1wlt,normal,0.7468346357345581
lqnmr0,normal,0.777531087398529
l22ywi,normal,0.8311151266098022
kzat9j,normal,0.7031005620956421
l3hjqj,normal,0.8072053790092468
kvfwp2,normal,0.7830816507339478
kyb7nd,normal,0.6883354187011719
kfdsxj,normal,0.7542791962623596
mu6fnk,normal,0.7982150316238403
mgsth7,normal,0.7631513476371765
lrjy1c,normal,0.7804992198944092
lmwicc,normal,0.7928223609924316
mxie2o,normal,0.8099419474601746
kvksla,normal,0.7949738502502441
kzqo92,normal,0.7373790740966797
kvi5yd,normal,0.8104669451713562
mvjfp7,normal,0.8080980181694031
kxjvnu,normal,0.8502213954925537
mwixu1,normal,0.7840089201927185
lqeund,normal,0.7835052013397217
mujuby,normal,0.7582067251205444
m1k0dr,normal,0.7809402942657471
mqfxch,normal,0.810386598110199
mfh360,normal,0.7409152984619141
ltefsk,normal,0.7824239134788513
lqqfas,normal,0.8221627473831177
mvlxt5,normal,0.7829307317733765
lqrrx7,normal,0.7880329489707947
mw5dtq,normal,0.8042790293693542
l0znpi,normal,0.7722102999687195
mqnz5n,normal,0.5674905180931091
ju9itb,normal,0.8151509165763855
mpgyjh,normal,0.7441285848617554
l22pu2,normal,0.778907060623169
mqapti,normal,0.8184934854507446
ms8mm5,normal,0.783206045627594
lh71g6,normal,0.8011353015899658
lhl311,normal,0.6664150357246399
lecsan,normal,0.6622657775878906
lep4zd,normal,0.7996070384979248
ilfcfr,normal,0.7998782396316528
c2n9lt,normal,0.7759279608726501
jjj6i1,normal,0.7967537641525269
axtrx7,normal,0.7774466872215271
bblsks,normal,0.7810584902763367
cybp3t,normal,0.7315257787704468
f8fb03,normal,0.8049637079238892
av488y,normal,0.7992638945579529
ceomo9,normal,0.7649356126785278
b2wlfd,normal,0.7513712644577026
kxzymx,normal,0.7480170726776123
mqeerd,normal,0.8149881958961487
mrzyjw,normal,0.7642976641654968
lw9vzk,normal,0.7987186908721924
mco8u0,normal,0.8297984600067139
mu9loz,normal,0.7795727849006653
jb1zow,normal,0.8068171739578247
ji2552,normal,0.7906055450439453
lr38h4,normal,0.6908981204032898
kznzg1,normal,0.6853539943695068
gws0m2,normal,0.779078483581543
chfq8a,normal,0.7962811589241028
j5swav,normal,0.7873673439025879
i6souy,normal,0.714256763458252
mixteo,normal,0.7778415679931641
mmqza9,normal,0.7823023796081543
mcnd0k,normal,0.7675111889839172
m8x7ao,normal,0.7686933279037476
m5k5g9,normal,0.7301761507987976
ln0p8w,normal,0.7905189990997314
lib5yh,normal,0.7863377332687378
lhk4ow,normal,0.7922836542129517
kyofrr,normal,0.843008279800415
kv5pgn,normal,0.7712764143943787
kbs6xt,normal,0.8100800514221191
js6tn1,normal,0.7211861610412598
jcgs5c,normal,0.774529218673706
hcqfyh,normal,0.7863908410072327
mfuxgo,normal,0.6899207234382629
kg63sh,normal,0.6758182644844055
kxw7kv,normal,0.5833629369735718
kf90ie,normal,0.8115963339805603
fy3fne,normal,0.7360358238220215
kat5xl,normal,0.7892066240310669
fy40iy,normal,0.7615036964416504
jqke6o,normal,0.7232410311698914
jqqkj2,normal,0.7270110249519348
j4kavw,normal,0.8153801560401917
hl6sov,normal,0.7440630197525024
fkqm15,normal,0.8065465092658997
g6v4n0,normal,0.8160440921783447
bmp3xb,normal,0.7435333728790283
lrmr0a,normal,0.7784247398376465
kltxsb,normal,0.5895107984542847
bgk3a2,normal,0.7529815435409546
m95lda,normal,0.7461689710617065
mheg3j,normal,0.7998045086860657
klv21r,normal,0.7830062508583069
lhzrlo,normal,0.7759274840354919
laxfud,normal,0.7979328632354736
iq7ym3,normal,0.7840908169746399
h9pn3l,normal,0.8255111575126648
fwrh79,normal,0.7369657158851624
d6nhjn,normal,0.5881997346878052
8yeznm,normal,0.7610282897949219
mkxk2r,normal,0.760686457157135
m8ui8z,normal,0.7871986627578735
jt4je9,normal,0.8092268705368042
biaj7v,normal,0.7403955459594727
d4se4h,normal,0.7346333265304565
ay5qbw,normal,0.7152197360992432
9kooym,normal,0.6823465824127197
bdepk9,normal,0.8003764748573303
4f39qe,normal,0.7339240908622742
lrriyj,normal,0.7813851237297058
lhjlns,normal,0.7671586275100708
kzq82s,normal,0.7378693222999573
lrsz2i,normal,0.7471532225608826
hwoq7f,normal,0.7612447142601013
losyqg,normal,0.8055028915405273
eaain8,normal,0.6624994277954102
kvnae7,normal,0.7677373886108398
gbzdm3,normal,0.820525050163269
fnlj2m,normal,0.6674346923828125
fkt5rs,normal,0.7615135908126831
k6pzy7,normal,0.7671453356742859
i665c1,normal,0.7746323347091675
lxuse7,normal,0.7831694483757019
lj2mnb,normal,0.7998706698417664
mpa821,normal,0.7582777142524719
mhiv0s,normal,0.528759777545929
lku8ka,normal,0.7552160024642944
lsujul,normal,0.7722587585449219
jvvhqe,normal,0.7266095280647278
imqruv,normal,0.8066205382347107
goikn2,normal,0.7566483616828918
fy5dhx,normal,0.7949830889701843
g36c66,normal,0.8287707567214966
gw5u10,normal,0.7918230295181274
b3af9k,normal,0.6496744751930237
ln0wnq,normal,0.7695761322975159
lo9ngh,normal,0.7634701728820801
eq8mb2,normal,0.7496167421340942
b48i72,normal,0.7183337807655334
bgfu90,normal,0.794795036315918
i8dald,normal,0.78389573097229
f6kcpa,normal,0.7956073880195618
bko3g5,normal,0.7735934257507324
bc2nrt,normal,0.811091959476471
7tic0v,normal,0.5654299855232239
60dtib,normal,0.6857600808143616
6tskq7,normal,0.7106979489326477
42856p,normal,0.7551041841506958
mweq0o,normal,0.7095240950584412
muxu15,normal,0.7722209095954895
mu6luj,normal,0.7443315386772156
mxsujz,normal,0.7090617418289185
mxc5nw,normal,0.7812885046005249
mwn6yl,normal,0.7829572558403015
mwrru5,normal,0.8023677468299866
mw54a0,normal,0.6713283061981201
mwbx2s,normal,0.7308079600334167
mw4x2b,normal,0.7983593344688416
mve8yz,normal,0.7152584195137024
msr98q,normal,0.7920165061950684
mu1aup,offensive,0.47481122612953186
mujrs8,normal,0.8197594285011292
mtfhbr,normal,0.7875924110412598
mx79z5,normal,0.788743257522583
mx9l8s,normal,0.7958657741546631
mw4nrj,normal,0.7189069986343384
mx0pyd,normal,0.8164206147193909
mwts24,normal,0.7662136554718018
mwtw4o,normal,0.7742885947227478
mvv5hu,normal,0.8053602576255798
mxvci2,normal,0.8195500373840332
mxqmi8,normal,0.7704488635063171
mxmgky,normal,0.7779983282089233
mxllum,normal,0.7939534187316895
mvxzyz,normal,0.7748037576675415
mxy5qe,normal,0.8260810375213623
mxgzdf,normal,0.7643582224845886
mv2qml,normal,0.7316709160804749
lzvnfp,normal,0.8102527856826782
m6r4gp,normal,0.8068476915359497
jsa8hc,normal,0.7066749930381775
hro2a5,normal,0.7481676340103149
kx5tqp,normal,0.8163544535636902
muxo6j,normal,0.8145010471343994
mwid0l,normal,0.7343693971633911
leckc6,normal,0.7462695837020874
kfvage,normal,0.7870817184448242
msc0lu,normal,0.7897714376449585
jb6zyg,normal,0.7093215584754944
m5eso2,normal,0.7434364557266235
ms8yfm,normal,0.6701692342758179
ibnzr1,normal,0.7838921546936035
d16apg,normal,0.7870038151741028
mmoxg4,normal,0.7907954454421997
mkvn4m,normal,0.7036305665969849
mplvja,normal,0.7809184789657593
mq0qkl,normal,0.6209603548049927
mpvsib,normal,0.6896314024925232
lg0thg,normal,0.8047658801078796
mw48ez,normal,0.7770397067070007
lzs53t,normal,0.7241297364234924
ljmvu6,normal,0.7590175271034241
m4lw16,normal,0.8097150921821594
l25ixo,normal,0.7365161180496216
mpy0pk,normal,0.8247938752174377
m9li8t,normal,0.7290317416191101
lssc06,normal,0.7894886136054993
mupiw9,normal,0.6552844047546387
kp8cea,normal,0.8134257197380066
jy4eb5,normal,0.6989716291427612
lvhx6k,normal,0.7706069350242615
m0moi0,normal,0.530516505241394
lzsuih,normal,0.8499076962471008
ltufqv,normal,0.6033679246902466
imoohy,normal,0.5996053218841553
jpcbcb,normal,0.7492948174476624
ma43kv,normal,0.7253119349479675
e8fk8i,normal,0.5905327796936035
mr52mc,normal,0.7278203368186951
mbyfc9,normal,0.7384316921234131
m7ji3l,normal,0.7512907385826111
m14uka,normal,0.5953652262687683
m718zw,normal,0.8210139870643616
movb3b,normal,0.7434548735618591
lof4rk,normal,0.7068944573402405
mfhrxk,normal,0.8059611320495605
metik8,normal,0.7559856176376343
m2n7v3,normal,0.776001513004303
ly55e7,normal,0.796969473361969
mtvz37,normal,0.6638798117637634
l8k75k,normal,0.761258602142334
le1m6f,normal,0.7504661083221436
mxw9zs,normal,0.7888405323028564
l0jtlc,normal,0.7414924502372742
m8znji,normal,0.7171959280967712
lngxna,normal,0.7781829833984375
mn402x,normal,0.7720763087272644
mu9jp1,normal,0.7832589149475098
me0n9u,normal,0.7714636921882629
m2d2sb,normal,0.793064296245575
j43kfu,normal,0.8310439586639404
m39q2a,normal,0.7053091526031494
kfohzp,normal,0.7182199954986572
lgix9q,normal,0.7626326084136963
lgxdh8,normal,0.7652243375778198
mket3u,normal,0.7574493885040283
jrqynn,normal,0.5721129775047302
mxin93,normal,0.7025885581970215
mxjton,normal,0.7813894152641296
mt4ojz,normal,0.7792817950248718
mwddid,normal,0.8182395696640015
mw7m8n,normal,0.7463917136192322
mvmshe,normal,0.7473308444023132
mvv7z7,normal,0.78487628698349
muw38l,normal,0.6828662753105164
mvnk5s,normal,0.7940391302108765
mv5b67,normal,0.8135972619056702
mtnm7x,normal,0.7545279264450073
msthg7,normal,0.8016883730888367
msux98,normal,0.7938143014907837
mr6ryk,normal,0.7585760951042175
kqex2k,normal,0.7335383892059326
m41mz6,normal,0.7534142136573792
mib1au,normal,0.6748494505882263
kq4hf9,normal,0.7112480998039246
lszer5,normal,0.8220029473304749
lr6qcf,normal,0.7413297295570374
m49ut1,normal,0.674717128276825
ll6f9y,normal,0.8029775619506836
lzudi2,normal,0.7637681365013123
m5o22f,normal,0.7699816823005676
9tgiwg,normal,0.8080170154571533
kpzv4f,normal,0.7585396766662598
mpluim,normal,0.8302710652351379
llwzrx,normal,0.5614041090011597
kyy52g,normal,0.771641194820404
lvanc4,normal,0.7436162829399109
kkqq5c,normal,0.7686439752578735
kn8e1j,normal,0.6644032001495361
jg8nz6,normal,0.7815608978271484
jbeedo,normal,0.8112038373947144
ic30uh,normal,0.7715315818786621
mmk50p,normal,0.6593274474143982
ii68fj,normal,0.7504974007606506
k0m67b,normal,0.7525587677955627
cop3mq,normal,0.8272272944450378
i21ddb,normal,0.7084159851074219
koa5ky,normal,0.77790766954422
ml0juq,normal,0.7172316908836365
m1rn8p,normal,0.8159903287887573
msxbcs,normal,0.7813329696655273
m4w1w9,normal,0.8479833006858826
gcrb3c,normal,0.7974895238876343
ig68ac,normal,0.7592311501502991
m35qua,normal,0.776541531085968
lyfit8,normal,0.7197734117507935
m6ee6r,normal,0.7409123778343201
li4abd,normal,0.7334757447242737
kzkf7q,normal,0.8002170920372009
ksnt94,normal,0.8032330870628357
jqplsr,normal,0.7419124841690063
lpklpo,normal,0.7335615158081055
jpt0zy,normal,0.5026432871818542
i6alh6,normal,0.6054080724716187
gw3fgh,offensive,0.645507276058197
dq8nhv,normal,0.6366687417030334
hjpcoe,normal,0.7163220643997192
8c738r,normal,0.7114627957344055
a3iyyw,normal,0.6540815234184265
a58b2n,normal,0.6451134085655212
4hgndt,normal,0.7974339723587036
7t8fd3,normal,0.785720944404602
6lca8z,normal,0.739622950553894
4o9u1c,normal,0.7030602097511292
3tz1pj,normal,0.6432331204414368
lvp7mk,normal,0.795561671257019
mefgoc,normal,0.7977865934371948
lo4pv4,normal,0.6198031306266785
hudd0d,normal,0.8004747629165649
g0f8zl,normal,0.7697794437408447
mhjtg2,normal,0.8106629848480225
a7ract,normal,0.832752525806427
bcpn5s,normal,0.7697794437408447
9x1q3z,normal,0.7856791019439697
bip4mh,normal,0.6672132611274719
g9k49o,normal,0.7007881999015808
ala53m,normal,0.7896386384963989
d28bcp,normal,0.8179003000259399
m78g1l,normal,0.7709577679634094
lrjsw7,normal,0.7716322541236877
mupg3d,normal,0.696892499923706
m8p2sr,normal,0.7581884860992432
ica70s,normal,0.6984074711799622
muck16,normal,0.7909976840019226
heijjl,normal,0.6808943152427673
digb7a,normal,0.6807339787483215
k5yu4m,normal,0.7968746423721313
k9wxuw,normal,0.6789303421974182
lummut,normal,0.7544720768928528
lr0k26,normal,0.6601772308349609
j26opz,normal,0.788736879825592
lhc346,normal,0.5993347764015198
ioj9ai,normal,0.6596701145172119
mwrh5a,normal,0.7612622380256653
ma9dsf,normal,0.7889633774757385
lnezp9,normal,0.7621489763259888
jvl1ru,normal,0.6795991063117981
mr0ium,normal,0.7991289496421814
lek2kn,normal,0.8076204061508179
jeoxmf,normal,0.7676205039024353
mthdma,normal,0.626775860786438
mvisqk,normal,0.71302330493927
edegsp,normal,0.7433716654777527
5liptd,normal,0.7725277543067932
ij5x3k,normal,0.7280369997024536
7ec551,normal,0.7515994310379028
1tdmt1,normal,0.7472723126411438
5vv9yl,normal,0.8210696578025818
eqii8e,normal,0.6159549951553345
g7yo34,normal,0.7689014673233032
cmgweq,normal,0.7497096061706543
a03d12,normal,0.5893844366073608
7utt1e,normal,0.6896184682846069
8xqdhy,normal,0.6889531016349792
9xw9po,normal,0.7497038841247559
5kq0he,normal,0.732820451259613
mx59hs,normal,0.7335395216941833
mxmanm,normal,0.6922211050987244
msp7uv,normal,0.7368379235267639
moak0y,normal,0.8006154298782349
mqva74,normal,0.7333354353904724
mo6n6d,normal,0.81393963098526
mmrn8r,normal,0.7402852177619934
mjh2za,normal,0.6382679343223572
mbdtxl,normal,0.6359596848487854
m6amoh,normal,0.5803961157798767
m9fu68,normal,0.7743299603462219
m4gl23,normal,0.8223249316215515
m4g7y2,normal,0.7751601338386536
m34ylg,normal,0.5072759389877319
lp8od0,normal,0.7136922478675842
mwm8mz,normal,0.7498600482940674
mwvsua,normal,0.7865044474601746
mxr5ns,normal,0.6074300408363342
mvy0sg,normal,0.727516233921051
mug6ja,normal,0.7945331931114197
murw2a,normal,0.8033143281936646
muikdp,normal,0.6498269438743591
mu7vvn,normal,0.7857051491737366
msxa7m,normal,0.6904869675636292
mu05ye,normal,0.7737823128700256
mt56kx,normal,0.7615858912467957
moj5pu,normal,0.7422159314155579
met5nd,normal,0.7050412893295288
m9mmij,normal,0.7207552194595337
lomqkd,normal,0.6862137913703918
llnju1,normal,0.7512791156768799
ku588l,normal,0.696190595626831
kgjtxy,normal,0.8058905601501465
ju46zv,normal,0.7939292192459106
jajsji,normal,0.7448188662528992
ivtmy3,normal,0.7501377463340759
hu3saj,normal,0.6025345921516418
ha3ko1,normal,0.7910166382789612
mcyxs9,normal,0.7935634255409241
lz6ugf,normal,0.7087224125862122
ls9sv3,normal,0.7044145464897156
lpsa3n,normal,0.7615718245506287
lkq2el,normal,0.7196828722953796
lffytd,normal,0.753155529499054
mvt56h,normal,0.7047814130783081
muh5qh,normal,0.7846384048461914
msxn4g,normal,0.7896116971969604
mr6kyv,normal,0.7744725942611694
mqmyiw,normal,0.740813672542572
mo7zk8,normal,0.7924731373786926
mm6ynt,normal,0.6322255730628967
mkaaa7,normal,0.755181074142456
b5ofio,normal,0.6903545260429382
axoveq,normal,0.7847270369529724
jtxx99,normal,0.696039617061615
kdnc5h,normal,0.7451218962669373
ly8xmc,normal,0.7786678075790405
3i0qu4,normal,0.6857842803001404
jhaiay,normal,0.6231042742729187
ihdkzc,normal,0.7166279554367065
j4m0sk,normal,0.7462801337242126
bjxbl4,normal,0.7795677185058594
d1abep,normal,0.7937200665473938
7gd8md,normal,0.7498367428779602
g3kmab,normal,0.7229713797569275
dllpf2,normal,0.7783533334732056
jnedkw,normal,0.6758142113685608
hm95mc,normal,0.7210658192634583
fuyad6,normal,0.7932884693145752
i8z2ry,normal,0.7133988738059998
d6fz55,normal,0.7078049182891846
8dwr1y,normal,0.8066630959510803
clg3jf,normal,0.5889827013015747
4a5c89,normal,0.7350656986236572
8ec00m,normal,0.5301578640937805
7imlju,normal,0.7605344653129578
gfeoca,offensive,0.5736941695213318
f4a5r7,normal,0.7322385907173157
al8rjq,normal,0.7256072163581848
9xxw1,normal,0.7441184520721436
kyp6ru,normal,0.7023369073867798
k670xz,normal,0.6557326912879944
31plfk,normal,0.756083071231842
mfglf,normal,0.744299590587616
fpog3,normal,0.6496744751930237
7amh5y,normal,0.7478460073471069
5i3adw,normal,0.7754221558570862
bauzai,normal,0.6784070134162903
nrblf,normal,0.7113574147224426
98bbx4,normal,0.7679534554481506
8x3h60,normal,0.7507299780845642
4c48n1,normal,0.7647610306739807
jv02z,normal,0.8546284437179565
xu59h,normal,0.706095278263092
mt9gb3,normal,0.7327187657356262
mssn6e,normal,0.689717710018158
mjcacl,normal,0.8416553735733032
mjk3fe,normal,0.8183102011680603
m6fz2s,normal,0.7434670329093933
m5q6bv,normal,0.8175405859947205
m4t2mi,normal,0.7721351981163025
luz3kj,normal,0.7907068133354187
lu0bfe,normal,0.7557029724121094
m7hqzs,normal,0.7530447244644165
gczyr5,normal,0.6166326999664307
g3sxjj,normal,0.7854453921318054
dcs7hx,normal,0.7992960810661316
mjdcau,normal,0.7492859363555908
7xwpss,normal,0.7368369102478027
gjtf9l,normal,0.8007305860519409
8sxgtq,normal,0.795000433921814
lt22zw,normal,0.7650023698806763
d0tspq,normal,0.795866072177887
lpz5q8,normal,0.717821478843689
glm7w7,normal,0.650397002696991
g95q1y,normal,0.6720069050788879
ktyhsp,normal,0.6949930191040039
mkyx0x,normal,0.7846736311912537
ljx9gu,normal,0.7268338203430176
mlw943,normal,0.7543834447860718
jvtzga,normal,0.7593066692352295
ksmv6u,normal,0.7950877547264099
l0m8xi,normal,0.6140142679214478
kv5nhh,normal,0.6214228868484497
gy7wbq,normal,0.8242175579071045
mtirhl,normal,0.5201430320739746
kjxewg,normal,0.7737070918083191
jhxjf4,normal,0.7496424317359924
lzhwil,normal,0.7977595329284668
kp6zi1,normal,0.6882283687591553
2csld7,normal,0.7920770645141602
gtq564,normal,0.778329610824585
cgdjdh,normal,0.7662510275840759
bpn1g,normal,0.6966742873191833
46en6u,normal,0.8093050122261047
1bmpz2,normal,0.7346699833869934
3h00t3,normal,0.7987499237060547
kavrwz,normal,0.6221292018890381
2r6uyb,normal,0.7457355260848999
mwno9q,normal,0.7124839425086975
mwk8co,normal,0.8040571808815002
mx35v0,normal,0.6708466410636902
mvx8nz,normal,0.7930701375007629
mw39c0,normal,0.7933834791183472
mus2ah,normal,0.8348751068115234
mr65vm,normal,0.7778339982032776
msunpf,normal,0.6682091951370239
mt5lhd,normal,0.7536100149154663
mqza6k,normal,0.7831724882125854
mmt0zc,normal,0.7897456288337708
mpqehg,normal,0.7768663167953491
mpffun,normal,0.7097811698913574
mphe31,normal,0.7854046821594238
mpw4q4,normal,0.7927592992782593
lo1mec,normal,0.7844139933586121
mx4h25,normal,0.7604276537895203
mqx1ao,normal,0.7987582087516785
9smzub,normal,0.6874734163284302
6xhekv,normal,0.7355782389640808
l4tayq,normal,0.7860412001609802
4x8r0t,normal,0.7295057773590088
6zu5e8,normal,0.7524929046630859
ebkijl,normal,0.7606862187385559
ilymzz,normal,0.6889520287513733
btt9r2,normal,0.7544645071029663
d15rmy,normal,0.7378085255622864
8fit64,normal,0.7824767231941223
6ok3oj,normal,0.8179219961166382
mutvkm,normal,0.6848933696746826
mlg5pb,normal,0.6688521504402161
m5ewwl,normal,0.8026925921440125
mos33k,normal,0.7489155530929565
ms4yvm,normal,0.8729926347732544
mnj2kr,normal,0.8729926347732544
mim3ad,normal,0.8729926347732544
mwx6wj,normal,0.8729926347732544
mdqiu6,normal,0.8729926347732544
mtuozy,normal,0.8034932017326355
mkebw2,normal,0.7984408140182495
m8j49c,normal,0.8729926347732544
m486h8,normal,0.7746791243553162
m3kk6i,normal,0.8729926347732544
lyeyui,normal,0.8729926347732544
kewo23,normal,0.7926539182662964
gunwdu,normal,0.8007097244262695
b7dazr,normal,0.7799960970878601
d8p3aq,normal,0.6517437100410461
fo54fn,normal,0.7329974174499512
mlsnrq,normal,0.8028092384338379
lwx5wn,normal,0.7763885259628296
md3t4m,normal,0.7691283226013184
jr4hdb,normal,0.7607902884483337
6e4si5,normal,0.7126811742782593
lu3hv5,normal,0.7647083401679993
j096h5,normal,0.7954135537147522
dgng09,normal,0.7654910683631897
lnqjrh,normal,0.7400448322296143
amhrml,normal,0.747861385345459
madv4h,normal,0.7860724925994873
mwmkvq,normal,0.7846023440361023
meddya,normal,0.7781742811203003
m7vcde,normal,0.7759798169136047
muviiq,normal,0.7248586416244507
mqzpao,normal,0.775104820728302
ieimc1,normal,0.7725874185562134
muavk8,normal,0.7683506011962891
kaf10o,normal,0.7876149415969849
ksr2ow,normal,0.7547712326049805
ly0j6d,normal,0.4973520040512085
la9yqj,normal,0.7439744472503662
jjydf8,normal,0.7798314690589905
ljs787,normal,0.6723204255104065
mr734d,normal,0.7906407117843628
mx8pbm,normal,0.7624754309654236
mw45w6,normal,0.6432004570960999
mwlkor,normal,0.816711962223053
mxo8a4,normal,0.6887426376342773
mxo5ll,normal,0.6480260491371155
mxn5kd,normal,0.7228814959526062
mxr6vk,normal,0.6487957239151001
mxog6m,normal,0.7959789037704468
mxg84t,normal,0.7197060585021973
mx1toj,normal,0.7666881680488586
mw3c94,normal,0.7503068447113037
mtur50,normal,0.7486581802368164
mwn7dz,normal,0.7791617512702942
kuwwgd,normal,0.7807236313819885
keceix,normal,0.7300429344177246
m7vztk,normal,0.734385073184967
kp7fp9,normal,0.713751494884491
mlzf91,normal,0.6875482201576233
kn4iuj,normal,0.7932794690132141
chqom2,normal,0.7349691390991211
hmu47i,normal,0.6836832761764526
lpbvrq,normal,0.7732834815979004
hmvuyg,normal,0.7394921183586121
m5zily,normal,0.7713165879249573
kagawo,normal,0.7521461844444275
b5d5n6,normal,0.6936149597167969
l63135,normal,0.7368744015693665
97k0cx,normal,0.7698174715042114
knantd,normal,0.5979731678962708
9bz4w9,normal,0.7645540237426758
iq4aw0,normal,0.7846475839614868
lkyxhx,normal,0.7635633945465088
lanjh6,normal,0.6496270895004272
jf0gbi,normal,0.7430948615074158
l9tm3q,normal,0.7676417231559753
8s7ss5,normal,0.7627556920051575
muvj6h,normal,0.7645453214645386
jr211y,normal,0.7885617017745972
jxqtkr,normal,0.7009556889533997
jr5trn,normal,0.7714239358901978
gfusvk,normal,0.7646276354789734
golo9g,normal,0.8231063485145569
dm27pg,normal,0.5976569652557373
fvnyd5,normal,0.7692956924438477
gbkt1h,normal,0.6670811176300049
h11bm7,normal,0.8124392032623291
fwak5i,normal,0.6090335249900818
m14xj6,normal,0.6666521430015564
mkjnww,normal,0.7583587169647217
5zm2kp,normal,0.7829483151435852
m5pw3o,normal,0.7570759057998657
l682qu,normal,0.7796422243118286
lzimi7,normal,0.7359092235565186
mdxhqb,normal,0.7456021904945374
lmzosj,normal,0.7736349701881409
gjr44d,normal,0.7858894467353821
kp3dy7,normal,0.7239831686019897
gt6vum,normal,0.8106144666671753
kf1voo,normal,0.784806489944458
9k14a1,normal,0.6013376712799072
jj5xcq,normal,0.828890323638916
knhw9b,normal,0.7631562948226929
jmg91v,normal,0.7610900402069092
i4g0uj,normal,0.7591400742530823
mkr4qm,normal,0.8017241358757019
mr5uiq,normal,0.7591370940208435
kcis3l,normal,0.6235911846160889
m8npkp,normal,0.7844579815864563
mg1el5,normal,0.623339056968689
fh6pbj,normal,0.6413092017173767
m6r72s,normal,0.7401210069656372
idezoi,normal,0.7344478964805603
kpurz8,normal,0.8339238166809082
m6onbi,normal,0.7685340046882629
fjprai,normal,0.8205467462539673
fsf73l,normal,0.7249507308006287
ktf929,normal,0.5419044494628906
7x1wvq,normal,0.7844786643981934
j8p74n,normal,0.7428991794586182
m8ss6u,normal,0.7588441371917725
i2xplh,normal,0.6580270528793335
m7nw0z,normal,0.7755664587020874
jt84fr,normal,0.783592164516449
ljmr70,normal,0.7065804600715637
mbimmn,normal,0.7632839679718018
luzjoc,normal,0.7621375322341919
mdh4p1,normal,0.7734453082084656
mwyltu,normal,0.6740137338638306
mpqqdh,normal,0.7963817715644836
hpms4k,normal,0.6594163775444031
ml2kqn,normal,0.7202866077423096
lkng4q,normal,0.7753139138221741
jbbifn,normal,0.8004006147384644
mfrvk9,normal,0.7287154793739319
joa44f,normal,0.6754263639450073
ko4za1,normal,0.7637144327163696
jh9sel,normal,0.8206883072853088
lnolxu,normal,0.6247140765190125
bzhbeo,normal,0.7668523788452148
mtrda6,normal,0.6206352114677429
mr86jn,normal,0.6796148419380188
hqu0zl,normal,0.8285982608795166
lz608g,normal,0.5460986495018005
lyk3ap,normal,0.76630038022995
mwx3ja,normal,0.8122394680976868
mlk1sw,normal,0.7703056335449219
mvemfy,normal,0.7386379241943359
kvzx5w,normal,0.7127878069877625
m142ly,normal,0.7675682902336121
l64h5z,normal,0.8215422034263611
m6pdh0,normal,0.7891486883163452
jeeq71,normal,0.6800735592842102
limjnq,normal,0.7435343265533447
mm75c8,normal,0.6346742510795593
