tweet_id,classification,classification_score
l0j61n,normal,0.7459589838981628
kzqmnr,normal,0.8106560707092285
ksmdkw,normal,0.7866581082344055
gl9v4u,normal,0.7986204624176025
euukbl,normal,0.7754597663879395
gs2n77,normal,0.7789008617401123
ho5xcf,normal,0.765956461429596
g8mevo,normal,0.6292626261711121
f2sqz3,normal,0.6757113933563232
ff306b,normal,0.747083306312561
feahn2,normal,0.83409184217453
f40xil,normal,0.7342862486839294
eyeysl,normal,0.6041275858879089
fdnalt,normal,0.7532138228416443
f4smqi,normal,0.7414634227752686
mvis7m,normal,0.7683082818984985
meosl1,normal,0.7589374780654907
mn2r5e,normal,0.7927010655403137
mfxr0j,normal,0.7414626479148865
mczaea,normal,0.8112314343452454
lfg5rg,normal,0.7247753739356995
k3621b,normal,0.8295769095420837
ktcqe5,normal,0.6978976130485535
kn8a7f,normal,0.7920383214950562
kq2af0,normal,0.7377057671546936
kmx3nr,normal,0.7611582279205322
krkk65,normal,0.6098740100860596
kqdoxu,normal,0.8200585246086121
j6l9w5,normal,0.7556324005126953
k2z0tq,normal,0.7871118783950806
euvmfw,normal,0.7205348014831543
i337pl,normal,0.7682966589927673
hpwwk4,normal,0.774346649646759
im1qti,normal,0.7292676568031311
fd7su0,normal,0.8006640672683716
i4b65a,normal,0.7955504655838013
fekivp,normal,0.7911556363105774
ev5r6j,normal,0.7416990995407104
ev376k,normal,0.6453720331192017
g8d1pp,normal,0.8148138523101807
euwkqf,normal,0.7440281510353088
f6ovci,normal,0.7556502223014832
fr1b9a,normal,0.7374578714370728
gqh6ru,normal,0.7459813356399536
fxmo6w,normal,0.7365928292274475
exr9jo,normal,0.7573556303977966
ewyt29,normal,0.7636796832084656
gmcw5e,normal,0.8288437128067017
ev79i6,normal,0.7467868328094482
frsfwm,normal,0.772108256816864
fyqlt3,normal,0.7929450869560242
evl366,normal,0.7817082405090332
fh51cy,normal,0.713153064250946
ev5jgl,normal,0.6396355032920837
ew1re8,normal,0.7560886144638062
f9qs9n,normal,0.7359018325805664
cvivmb,normal,0.7247911095619202
evjk9v,normal,0.7679229378700256
euwakp,normal,0.8012537956237793
exl2c6,normal,0.816089928150177
fdzely,normal,0.7001896500587463
eukhmw,normal,0.7682864665985107
3s3tim,normal,0.6685582995414734
mlldi6,normal,0.7826077342033386
mfdosz,normal,0.8072831630706787
mcmho8,normal,0.8071756958961487
ma8g55,normal,0.8104570508003235
m6n722,normal,0.7569912075996399
m5nw30,normal,0.7960303425788879
l4ahxu,normal,0.780795156955719
l08bse,normal,0.8182145953178406
ky0zgd,normal,0.7949302196502686
kw04sn,normal,0.7389453649520874
kszoj2,normal,0.8134695887565613
k88uns,normal,0.7396190762519836
k9onr1,normal,0.7768340706825256
m6v6xl,normal,0.791968822479248
m8r8a6,normal,0.7780947685241699
mt57dy,normal,0.7399675250053406
lg5a06,normal,0.703202486038208
ky5k40,normal,0.7123064398765564
k328r1,normal,0.7396854758262634
me25lr,normal,0.825796902179718
kln1em,normal,0.8162397742271423
kqcqde,normal,0.7142311930656433
kvoapv,normal,0.7506109476089478
k7m9qd,normal,0.7702301144599915
m5htd6,normal,0.7118914723396301
jgme3v,normal,0.7936789393424988
mrsre0,normal,0.7491010427474976
mxfgsh,normal,0.7800674438476562
m1fxop,normal,0.7290434241294861
lrepur,normal,0.7969962358474731
ktpbn3,normal,0.8104591965675354
mpx509,normal,0.7428657412528992
mbygwe,normal,0.7354877591133118
jo4hez,normal,0.7317731976509094
hjxkf8,normal,0.6476513147354126
kd9nv3,normal,0.7916398048400879
idhi55,normal,0.7444117665290833
hgrt9t,normal,0.8135480880737305
j0ssvh,normal,0.8168969750404358
ms5vpx,normal,0.7533893585205078
m6bqmu,normal,0.7902724146842957
hrdkup,normal,0.781652569770813
k2jxrw,normal,0.7817411422729492
kdj56d,normal,0.8107296228408813
jia5h2,normal,0.7806025743484497
erkhkh,normal,0.8032262325286865
ez6vez,normal,0.7314381003379822
f8nu9c,normal,0.75932776927948
8nn8tp,normal,0.7829199433326721
g7l9q9,normal,0.828681468963623
9slwll,normal,0.81830894947052
7j8nwk,normal,0.7262527346611023
5qklx4,normal,0.8286766409873962
kghaa,normal,0.8082015514373779
cdqss,normal,0.8135459423065186
znrvp,normal,0.8238271474838257
2iyfh6,normal,0.7883173823356628
md2vtb,normal,0.8198012113571167
kvhuxy,normal,0.7562177181243896
ldvtdx,normal,0.7249141335487366
mhy7m8,normal,0.8035370707511902
ln1rcv,normal,0.7598752379417419
kgwmsr,normal,0.8019778728485107
m9448u,normal,0.7510384321212769
lax8dl,normal,0.7151086330413818
mhezsz,normal,0.7893736362457275
mm23kk,normal,0.7757518291473389
l690yb,normal,0.7708751559257507
l1n5ad,normal,0.758434534072876
l0n0t5,normal,0.745402991771698
lu3bfg,normal,0.7878121137619019
mtquc6,normal,0.8038048148155212
lhqhaw,normal,0.6975967884063721
lce6fn,normal,0.6289028525352478
l29bva,normal,0.7138316631317139
koml8m,normal,0.7814010381698608
f9yu5n,normal,0.7176088094711304
hkw2dr,normal,0.8326270580291748
emtmxm,normal,0.7176088094711304
b5aanw,normal,0.7879763245582581
m8gq87,normal,0.7178969979286194
eegg0o,normal,0.7813808917999268
likuxs,normal,0.7388873100280762
m8vou2,normal,0.7729750275611877
mewv89,normal,0.70448899269104
jyh0bm,normal,0.7886013388633728
lnd883,normal,0.8236067891120911
me1hno,normal,0.7652007937431335
mdc6xt,normal,0.7966221570968628
l9x1mp,normal,0.7777739763259888
lisr6a,normal,0.47658607363700867
mff9np,normal,0.6783707737922668
m5lk26,normal,0.6549000144004822
miou16,normal,0.7652750015258789
m6yu3p,normal,0.7913945913314819
kzqmuh,normal,0.8106560707092285
jqedt0,normal,0.7407150268554688
k6avz7,normal,0.7169427275657654
gs1wmo,normal,0.7789008617401123
gz2zfp,normal,0.74541175365448
f2szxy,normal,0.6757113933563232
f3acix,normal,0.7242509126663208
lv4bms,normal,0.7130537629127502
lvg8yj,normal,0.789585530757904
l7ywp0,normal,0.6770609021186829
ixpr4e,normal,0.7861742377281189
in8l1e,normal,0.7636667490005493
jmtggd,normal,0.7581834197044373
hy7onq,normal,0.7452104687690735
iykkgg,normal,0.7899548411369324
euvq96,normal,0.6724962592124939
iyp8vn,normal,0.7223145961761475
fcridw,normal,0.713464081287384
ev59zv,normal,0.7555118203163147
gzd2ro,normal,0.7508903741836548
h8708p,normal,0.6514793038368225
gtpq2x,normal,0.7127581238746643
eug6r9,normal,0.7686853408813477
ew3dq6,normal,0.7369915246963501
hgvkks,normal,0.7874278426170349
fdrgs8,normal,0.7273577451705933
fe0m50,normal,0.7208055257797241
gs55pd,normal,0.7268169522285461
fd89oz,normal,0.7800012230873108
fyymcd,normal,0.786672830581665
f1ikfe,normal,0.7822060585021973
ffhdco,normal,0.7488499283790588
gtnr9x,normal,0.7229979634284973
g4d3kx,normal,0.7963106036186218
fgns76,normal,0.7536110877990723
gdto8r,normal,0.8068182468414307
evxruk,normal,0.6946790814399719
fe2fxp,normal,0.7806742787361145
fduhc3,normal,0.7821159362792969
kn4ysg,normal,0.7822749614715576
ehfp7j,normal,0.7932313084602356
e3pwpa,normal,0.7008973956108093
bv0v1g,normal,0.6307669878005981
citj4p,normal,0.7293093204498291
aa99oo,normal,0.7421956062316895
93c0g9,normal,0.721713125705719
mperco,normal,0.7619543075561523
fghgrq,normal,0.7782522439956665
m884p2,normal,0.7788918018341064
l8tcpu,normal,0.823387622833252
lp2h9w,normal,0.6349710822105408
mdprmf,normal,0.8022795915603638
db1st4,normal,0.8131580352783203
m13wmb,normal,0.7300454378128052
kwzpmi,normal,0.8031485676765442
ltqc6w,normal,0.7156925201416016
mbaaxq,normal,0.7916426658630371
lqrhio,normal,0.7092573642730713
lutrv3,normal,0.7353129982948303
l1sj8c,normal,0.7959909439086914
9x3l7b,normal,0.7634231448173523
kw3ifg,normal,0.7315303087234497
loocqy,normal,0.7930036783218384
lgk2ms,normal,0.7768594026565552
jcqcup,normal,0.6963671445846558
js6vsd,normal,0.7850856184959412
jll2xu,normal,0.7493295073509216
iisxo5,normal,0.6530420184135437
f267to,normal,0.7768594026565552
hy6qi2,normal,0.7639890909194946
22icns,normal,0.7241768836975098
1v4rql,normal,0.6829960942268372
f8u2ua,normal,0.7740680575370789
fpwpj8,normal,0.7912821769714355
f2wi0b,normal,0.6907844543457031
ee7l0c,normal,0.7715009450912476
m8r940,normal,0.7780947685241699
khge4z,normal,0.8071107268333435
ky1p1i,normal,0.8148975372314453
mvdjm2,normal,0.7283928990364075
mxp5bs,normal,0.7411150336265564
ms1n9f,normal,0.7349593043327332
morkth,normal,0.7211915850639343
miivoi,normal,0.7300259470939636
mey4j2,normal,0.8027544021606445
jcef18,normal,0.7789969444274902
lmk1oe,normal,0.6360390782356262
mh6iln,normal,0.5953789949417114
mcn1g2,normal,0.7747397422790527
m8fnyg,normal,0.7311120629310608
lwyhg7,normal,0.8180825114250183
mvhxar,normal,0.7718796730041504
lx0nz6,normal,0.8278188109397888
gh3c38,normal,0.7519431114196777
m4t7fq,normal,0.7914824485778809
l4shjf,normal,0.760587215423584
m8avn1,normal,0.8082464337348938
ksvykn,normal,0.7129637598991394
lt1rwv,normal,0.7652226686477661
lzo7wc,normal,0.7419309020042419
loj4ju,normal,0.5827821493148804
lo7jcg,normal,0.7054221630096436
lvu77k,normal,0.7484975457191467
m6z2ha,normal,0.776608943939209
m2tc01,normal,0.7756531238555908
kkwp1g,normal,0.7785351872444153
jy33ls,normal,0.5743409395217896
knkj62,normal,0.7274006605148315
j7q147,normal,0.7976503372192383
iaydj8,normal,0.7404540777206421
h09uj9,normal,0.7473518252372742
j48jwa,normal,0.5831568837165833
ios6hc,normal,0.7166178226470947
iviwqq,normal,0.7882527112960815
ir1e3i,normal,0.7546953558921814
ibo6y1,normal,0.7871997356414795
k6xacv,normal,0.7974843978881836
aew75o,normal,0.8079256415367126
1u33jc,normal,0.7281575798988342
3mbrrc,normal,0.7663692235946655
kwpq70,normal,0.6293858289718628
m46tj7,normal,0.7624934315681458
mcbczo,normal,0.724313497543335
jak191,normal,0.7131724953651428
mg868d,normal,0.8019641637802124
mpmrg3,normal,0.7166392207145691
lt1l0j,normal,0.7798202037811279
lib6fr,normal,0.8008774518966675
m18qsp,normal,0.7806077003479004
lihvj6,normal,0.6980898380279541
lyl0dg,normal,0.7686957716941833
jhb57k,normal,0.7250370383262634
i602or,normal,0.5750908851623535
fv9r1h,normal,0.7888275980949402
irra13,normal,0.6825295090675354
cee092,normal,0.7476845979690552
