tweet_id,classification,classification_score
mrplrc,normal,0.7393483519554138
lkkj11,normal,0.7662450075149536
m8gq87,normal,0.7178969979286194
mnqz1u,normal,0.7879849076271057
m6vlsy,normal,0.7129189372062683
kovfz7,normal,0.7560142278671265
lgwa2m,normal,0.7488884925842285
kwshgf,normal,0.7857568264007568
ii7tsd,normal,0.7611083388328552
jyh0bm,normal,0.7886013388633728
jhpuhk,normal,0.7583606243133545
irudq3,normal,0.7772997617721558
hdon09,normal,0.7407361268997192
ivfn3n,normal,0.789559543132782
htvhin,normal,0.7516474723815918
hcls8o,normal,0.7630613446235657
ad09j3,normal,0.7699002027511597
c6ho27,normal,0.753909707069397
gpb0wn,normal,0.8131348490715027
fh1g9c,normal,0.7482201457023621
f945ax,normal,0.8293971419334412
elpgbb,normal,0.7629918456077576
b7d3yn,normal,0.7832295894622803
95t4nb,normal,0.7636618614196777
bcfwlt,normal,0.7816203236579895
eirnwa,normal,0.7785347104072571
lah3xm,normal,0.7581011056900024
i6ged6,normal,0.7679736614227295
gkiyj3,normal,0.7509192824363708
mnhjb0,normal,0.5603859424591064
mck0ex,normal,0.7997516989707947
mi4z7l,normal,0.6890907287597656
i76oyx,normal,0.6486575603485107
mwoxxp,normal,0.7959970235824585
fwt94g,normal,0.804612934589386
gti587,normal,0.7563515305519104
lk5mmu,normal,0.7869856357574463
gajg5h,normal,0.718623161315918
mewv89,normal,0.70448899269104
mjugno,normal,0.7503722310066223
9q2g49,normal,0.777385413646698
m66bja,normal,0.8041229844093323
m3jzf6,normal,0.8196295499801636
mq10gl,normal,0.7634047865867615
luwa7u,normal,0.6943756937980652
kf3bmo,normal,0.7676224112510681
m7ek07,normal,0.8196826577186584
md1zpr,normal,0.7530683875083923
kry81c,normal,0.7661203742027283
loxkfw,normal,0.8203327655792236
l6wh20,normal,0.7798274755477905
jiqi0z,normal,0.7637343406677246
ktplop,normal,0.7596915364265442
lfps8u,normal,0.6053258776664734
kuyd5k,normal,0.7517889142036438
kpao5p,normal,0.7829720973968506
l1x7xg,normal,0.774027407169342
kzh2dh,normal,0.7603361010551453
jmb5jk,normal,0.7851306796073914
mj2vbb,normal,0.8157556653022766
murmcp,normal,0.6057276725769043
kr0s0i,normal,0.750836193561554
lboe0r,normal,0.8243915438652039
mqmmy0,normal,0.7954705357551575
mggf69,normal,0.7248805165290833
exag0a,normal,0.8304226398468018
fydtlc,normal,0.7949725389480591
mb3z8b,normal,0.7467894554138184
gkkph2,normal,0.8211131691932678
lzhdxc,normal,0.799679696559906
gvuizm,normal,0.6427944898605347
mcqvjj,normal,0.7969835996627808
mu9ikk,normal,0.6529768705368042
m25s1v,normal,0.8035928010940552
lmolcm,normal,0.7200430035591125
m6gjut,normal,0.7726162075996399
kw7e44,normal,0.7825517654418945
l29vqk,normal,0.7691951394081116
jrr73j,normal,0.7386619448661804
k7ws1c,normal,0.8220536112785339
k8z71x,normal,0.8169902563095093
kj21jk,normal,0.764098584651947
kzefsl,normal,0.8087804317474365
jcnisa,normal,0.8063331246376038
jhp5ph,normal,0.7728884220123291
i9qyzk,normal,0.8093613386154175
mxlbmi,normal,0.8000049591064453
mxiotw,normal,0.7361293435096741
mxd4mf,normal,0.7221706509590149
mvwcq1,normal,0.7773219347000122
mu8v56,normal,0.7615310549736023
mu3ppy,normal,0.8130005598068237
mtq0e6,normal,0.7069621086120605
mq1tin,normal,0.8128141164779663
mp40n1,normal,0.7992495894432068
moc7zl,normal,0.7942306399345398
mn2r5e,normal,0.7927010655403137
mg5hop,normal,0.8212172389030457
mjj3u7,normal,0.8065440058708191
mjcldu,normal,0.7486089468002319
mizlxy,normal,0.7504482269287109
mehrqb,normal,0.7843350172042847
mf0xjg,normal,0.8131043910980225
l8k03v,normal,0.7977787256240845
iznr1n,normal,0.8062509894371033
jm5gdc,normal,0.8158259987831116
hddtbt,normal,0.579338550567627
jel9v4,normal,0.7947325706481934
mpr6ut,normal,0.7758635878562927
kz92q5,normal,0.8038889169692993
mtquc6,normal,0.8038048148155212
ij8z7c,normal,0.8053489327430725
mr5wu9,normal,0.7288786768913269
iwgiqa,normal,0.766667366027832
j0fiut,normal,0.8066988587379456
mu9arb,normal,0.8221902847290039
mi97a8,normal,0.7255330085754395
ms9qs1,normal,0.7822282910346985
mkrzqr,normal,0.6642377972602844
lrepur,normal,0.7969962358474731
jyua7s,normal,0.746374785900116
jr918c,normal,0.7326212525367737
lioz3s,normal,0.7238105535507202
mu4tma,normal,0.7556875944137573
logyj6,normal,0.701903760433197
jyh0m6,normal,0.7886013388633728
lh7jyf,normal,0.7734758853912354
hk4gfx,normal,0.7652880549430847
heiet7,normal,0.7899891138076782
9h6j9z,normal,0.8131976127624512
7mgtbn,normal,0.7323262691497803
k2pyxb,normal,0.708651602268219
mf6ibo,normal,0.7684059739112854
l4shjf,normal,0.760587215423584
ljyyha,normal,0.7569565773010254
m0yj37,normal,0.7902395725250244
lqpssl,normal,0.7807716131210327
mizgsq,normal,0.8064024448394775
ma0dlx,normal,0.7206749320030212
km4y0a,normal,0.7623155117034912
jj46ip,normal,0.7705850601196289
ld6331,normal,0.6926125288009644
l0khkz,normal,0.6403234601020813
jcqcup,normal,0.6963671445846558
kwrre5,normal,0.8309011459350586
hkdlo8,normal,0.7193070650100708
iykkgg,normal,0.7899548411369324
gatm8a,normal,0.7550626397132874
iisxo5,normal,0.6530420184135437
hovgbj,normal,0.7157776355743408
gz2zfp,normal,0.74541175365448
hdoxut,normal,0.7679019570350647
eluh52,normal,0.7973034381866455
em792i,normal,0.7797123193740845
fiinxd,normal,0.7989198565483093
ijqdqv,normal,0.7377007603645325
ihv9ma,normal,0.8318842649459839
fe0wzi,normal,0.7901561260223389
hvhhw2,normal,0.7981019020080566
hep3e1,normal,0.8273633122444153
ft7u0i,normal,0.6921365261077881
gapdjm,normal,0.7295246720314026
h0skue,normal,0.8136676549911499
fb9t4d,normal,0.7479108572006226
gtnr9x,normal,0.7229979634284973
6nmirt,normal,0.8281351923942566
fird3b,normal,0.7900390028953552
gacd8r,normal,0.7724942564964294
ehvxnt,normal,0.7666338086128235
enj2kd,normal,0.6781530976295471
butrgs,normal,0.8101837038993835
epg6se,normal,0.7638078331947327
dgj5kb,normal,0.7838564515113831
dc9u79,normal,0.7053996920585632
9ywutl,normal,0.7856633067131042
a751a6,normal,0.7626630663871765
acvpdi,normal,0.8084761500358582
bgimpc,normal,0.7594385743141174
9z4hv1,normal,0.612175703048706
9e6po8,normal,0.7557224035263062
fe2fxp,normal,0.7806742787361145
a5pl6n,normal,0.7951277494430542
brurak,normal,0.773199200630188
c2y7gv,normal,0.7725673913955688
ccc3rb,normal,0.8342912793159485
a9qbro,normal,0.7699341773986816
9hsnx4,normal,0.5330556035041809
b177uv,normal,0.78415846824646
hzyzvq,normal,0.4233163297176361
fcwl27,normal,0.7538072466850281
ajwcoh,normal,0.7437958717346191
5d3av7,normal,0.7053471207618713
5jt4uy,normal,0.7899883389472961
5ihm6a,normal,0.6831560730934143
l1ebs9,normal,0.7611265778541565
kfjru8,normal,0.7246394753456116
iz2bj4,normal,0.7646994590759277
j2253l,normal,0.6961747407913208
fkocjb,normal,0.5716416239738464
b8zu3h,normal,0.7815530896186829
40r8ak,normal,0.8343967795372009
1drdjo,normal,0.7095611691474915
bq57rb,normal,0.7191332578659058
3bjh25,normal,0.5973761677742004
3nydyl,normal,0.7693010568618774
1tjz86,normal,0.7182728052139282
2gc3fj,normal,0.779053807258606
2gv49m,normal,0.7143100500106812
1g9vks,normal,0.7746824622154236
jp3ama,normal,0.7734960317611694
fw1xga,normal,0.7503839135169983
dcun10,normal,0.7585880756378174
6zivpa,normal,0.8018374443054199
ds0r6t,normal,0.8100169897079468
5hhb3b,normal,0.5369505882263184
4me8pn,normal,0.6363921761512756
1er2vc,normal,0.7797607183456421
5awoc3,normal,0.7163254618644714
1qzao1,normal,0.7940425276756287
49jo52,normal,0.7713897824287415
5bmfj0,normal,0.6891372203826904
mwbcd8,normal,0.7664095759391785
lygo09,normal,0.7823946475982666
ldonwc,normal,0.7962648868560791
kn7oj9,normal,0.8231353163719177
jzkom5,normal,0.7465372085571289
k5b8mn,normal,0.7590080499649048
lpnjz2,normal,0.8089519143104553
if52hl,normal,0.7489702701568604
htcqh6,normal,0.7850778698921204
igvqda,normal,0.8184564113616943
mjwx2x,normal,0.8106473088264465
m884p2,normal,0.7788918018341064
mnr52u,normal,0.7711642980575562
m4vmvx,normal,0.7874391078948975
mey4j2,normal,0.8027544021606445
mq1yyh,normal,0.8121554851531982
m3slqr,normal,0.730977475643158
jxlsgf,normal,0.7801896333694458
k64if0,normal,0.6912113428115845
j4w41u,normal,0.7720825672149658
3qj3m8,normal,0.6450173854827881
j45l9u,normal,0.7235087156295776
imzpau,normal,0.746170699596405
hauhwe,normal,0.795695960521698
fldxkz,normal,0.6406061053276062
galafy,normal,0.7413684129714966
g7fa95,normal,0.7492389678955078
f4nmd5,normal,0.7450671792030334
cxxmlg,normal,0.7973430156707764
kqzcf7,normal,0.6546751856803894
l4r7f1,normal,0.6591067314147949
kk4o3l,normal,0.6405629515647888
khdaot,normal,0.7420587539672852
khsob4,normal,0.7588543891906738
jq769d,normal,0.7680213451385498
hs4paj,normal,0.678100049495697
j60ajb,normal,0.647541880607605
js4p7b,normal,0.7995763421058655
jsvp4k,normal,0.7660613656044006
jsww7n,normal,0.7429479360580444
ef8iqu,normal,0.7873725891113281
hljmwo,normal,0.7814423441886902
gm6n5x,normal,0.7150933146476746
gyfwun,normal,0.7984024286270142
jj4z75,normal,0.7237412333488464
j1ebzz,normal,0.7889258861541748
irfefz,normal,0.7516297101974487
j8iwma,normal,0.7434906959533691
ezmeae,normal,0.7748829126358032
ewbp01,normal,0.7457386255264282
edty41,normal,0.7436138987541199
cdw3a8,normal,0.7841027975082397
dugatj,normal,0.7749698162078857
9sc83j,normal,0.6900449395179749
8vcas6,normal,0.7921831607818604
9c7cd4,normal,0.7740811705589294
bkld0h,normal,0.7993435859680176
610xe2,normal,0.6139679551124573
mdu1ul,normal,0.7768920660018921
mrb1g3,normal,0.7274057269096375
kryoly,normal,0.7478946447372437
