tweet_id,classification,classification_score
mc5wil,normal,0.669632613658905
lmvf1a,normal,0.7549121975898743
lt9ely,normal,0.79078608751297
llwtox,normal,0.6433301568031311
it9x6s,normal,0.7522891163825989
ke5pr5,normal,0.6927597522735596
kn9vn6,normal,0.7209980487823486
jmzb5v,normal,0.5784779787063599
k305yn,normal,0.7474664449691772
kjfmg4,normal,0.7493731379508972
ikchze,normal,0.7085698843002319
llz246,normal,0.8064205646514893
jl2a8s,normal,0.6965762376785278
marpa2,normal,0.7181404829025269
mj7gff,normal,0.7188210487365723
mdat2w,normal,0.7103555798530579
iz51ad,normal,0.6980584263801575
mqd6pk,normal,0.7008505463600159
mg5q9t,normal,0.698648989200592
hinhsi,normal,0.6846356987953186
kmh849,normal,0.7680897116661072
l2gq7j,normal,0.7800428867340088
maaklu,normal,0.7417001128196716
mm386l,normal,0.7826300859451294
klq7mm,normal,0.7579088807106018
haaca1,normal,0.7096742391586304
leacvb,normal,0.7652199268341064
kq04t1,normal,0.7233600616455078
e4ydja,normal,0.6171057224273682
maf71k,normal,0.7195748090744019
li5m2s,normal,0.7704464197158813
ft7nnn,normal,0.689885139465332
lw72fk,normal,0.7408499717712402
m65d4i,normal,0.7426840662956238
mjrauw,normal,0.7905057072639465
kg2euf,normal,0.7829573154449463
kau163,normal,0.7065344452857971
hiit9f,normal,0.7437146902084351
lxw1se,normal,0.8041756749153137
kodzbd,normal,0.7194538116455078
ltg82n,normal,0.6494921445846558
k2r7ly,normal,0.7756151556968689
ltcyph,normal,0.7310815453529358
kp9cxk,normal,0.7257782220840454
lcts1e,normal,0.6912354826927185
l3fe1z,normal,0.7706906795501709
lqnt94,normal,0.7659083604812622
lnwgpf,normal,0.6938973665237427
ll1411,normal,0.784984290599823
e5ehiy,normal,0.6121860146522522
mmzmt2,normal,0.7565650939941406
mq51ne,normal,0.7756680250167847
mq5ttb,normal,0.741276741027832
mp3mve,normal,0.7184414863586426
mnids1,normal,0.5355831384658813
mkwpd3,normal,0.724714994430542
mkx3h1,normal,0.7765013575553894
mj9lx5,normal,0.7165067791938782
mhz7wy,normal,0.7924853563308716
mhb2pd,normal,0.7835428714752197
mg0eoj,normal,0.7449865341186523
mfr7az,normal,0.8248693943023682
mexe3n,normal,0.6352136135101318
meb83g,normal,0.7120867371559143
m8025o,offensive,0.4506770968437195
m7xwmc,normal,0.435107946395874
mb5pdb,normal,0.7642640471458435
m61abw,normal,0.7596833109855652
lumuwo,normal,0.7898897528648376
luqp2t,normal,0.7507868409156799
ltv8ud,normal,0.6918468475341797
lshcgh,normal,0.7982074618339539
lqlziy,normal,0.696666419506073
lqgiiq,normal,0.7532466650009155
loj42y,normal,0.7776368260383606
lowh8j,normal,0.7546446323394775
lllypv,normal,0.7345655560493469
lh2r36,normal,0.7900775074958801
ljw5t4,normal,0.8173946738243103
lexswz,normal,0.7773145437240601
l9x7jr,normal,0.7983146905899048
ldhw5g,normal,0.7133951187133789
lcqzwn,normal,0.7791630029678345
lconm5,normal,0.7693676948547363
lbtnwo,normal,0.8115293383598328
l3x39b,normal,0.7413582801818848
l3db2z,normal,0.5886788368225098
l2twlw,normal,0.7464911937713623
l2hlnq,normal,0.8084694147109985
kwxljf,normal,0.8070992827415466
l0keun,normal,0.7032120823860168
kuf38o,normal,0.7716638445854187
kxm0n4,normal,0.7199823260307312
kwvou9,normal,0.8053427338600159
kwme82,normal,0.7054981589317322
kvsga8,normal,0.7885082960128784
kursxo,normal,0.715749979019165
ku0jsa,normal,0.7963899970054626
ktyaci,normal,0.6727554202079773
kl7ttr,normal,0.7804641723632812
hcqi10,normal,0.7313471436500549
kmj1qa,normal,0.6838927865028381
lgo3vz,normal,0.7089422941207886
gccl6p,normal,0.7696471810340881
jo9h5c,normal,0.7672679424285889
kr8gom,normal,0.764017641544342
iwz5ys,normal,0.6295529007911682
hl5hf2,normal,0.7796796560287476
j80t8x,normal,0.6885449290275574
g7hesa,normal,0.7613866925239563
edh1ls,normal,0.7255957722663879
ggjjyo,normal,0.752029299736023
iw27zl,normal,0.7432370781898499
gmnj0c,normal,0.6779789924621582
ejrosh,normal,0.7937405705451965
hb237f,normal,0.7558563947677612
en0l17,normal,0.7735510468482971
gd6ggq,normal,0.7662961483001709
7y74it,normal,0.5482887029647827
ai1k4h,normal,0.717299222946167
ee12wp,normal,0.802590548992157
ebkg2y,normal,0.6175503134727478
eb083o,normal,0.8193740248680115
eegqpo,normal,0.6191478967666626
d4w6ab,normal,0.774913489818573
ddjpt8,normal,0.6768754124641418
42dn4w,normal,0.7456110715866089
a69w57,normal,0.7914136648178101
9x2yun,normal,0.7881138920783997
9fbhuy,normal,0.736259400844574
3shsbe,normal,0.8104657530784607
7fu1fo,normal,0.538823664188385
bcjewn,normal,0.7097616195678711
9452ba,normal,0.7995278239250183
ahmjc3,normal,0.7367077469825745
bg2eo2,normal,0.7348970770835876
46k9la,normal,0.7908510565757751
7nwsog,normal,0.7766145467758179
8ux8vq,normal,0.7099243998527527
5j8k15,normal,0.8225838541984558
3xnl5d,normal,0.7489818334579468
8yhw03,normal,0.7056801319122314
8zq3qf,normal,0.7577743530273438
7k03wr,normal,0.7575346231460571
5iwese,normal,0.7705829739570618
6hs2so,normal,0.7178639769554138
28h3f2,hate speech,0.38208895921707153
6l6i7p,normal,0.7906692028045654
mr5ljn,normal,0.7974516749382019
mnzikh,normal,0.6297399997711182
mcc4ib,normal,0.7262080907821655
lmamf8,normal,0.7169560790061951
lkokpt,normal,0.5699401497840881
lg04f3,normal,0.8046712875366211
lc0vwp,normal,0.742368757724762
l862e0,normal,0.769575297832489
l3i48p,normal,0.7954170107841492
l3kp5p,normal,0.7897956967353821
kyyc8a,normal,0.7146440148353577
kxln8e,normal,0.7680923342704773
kxtres,normal,0.8316680788993835
ktsloh,normal,0.7318049669265747
kszqhf,normal,0.7372881174087524
kszj09,normal,0.7604279518127441
ksi4pa,normal,0.781365156173706
kqzdan,normal,0.726974368095398
kqz6s9,normal,0.7889370918273926
kl2koh,normal,0.7695077061653137
ki8mwj,normal,0.7735176682472229
kfof2o,normal,0.7489442825317383
kctwyr,normal,0.8167355060577393
kb4htp,normal,0.7037846446037292
k9r04n,normal,0.7140119075775146
k7f83a,normal,0.7195379137992859
k46wik,normal,0.7972301244735718
k1qtl0,normal,0.7740379571914673
jzsb54,normal,0.743094265460968
jygaq6,normal,0.7809804081916809
jr3log,normal,0.7845677733421326
jochgj,normal,0.6323545575141907
jkehky,normal,0.7244026064872742
jkahv2,normal,0.8238253593444824
j5c9c0,normal,0.758049726486206
iv2q3j,normal,0.7223739624023438
iush1f,normal,0.678138792514801
ir88ob,normal,0.7919578552246094
inrmma,normal,0.7818887233734131
ila6w2,normal,0.7962934374809265
ih74ae,normal,0.7590559720993042
ie1n7i,normal,0.7936387658119202
i25p3r,normal,0.8315762281417847
htyb5p,normal,0.8304774761199951
hvauhw,normal,0.8195083737373352
hl52zw,normal,0.8068251013755798
hknrfb,normal,0.8031182885169983
hiupao,normal,0.6331518888473511
kp87mi,normal,0.8125677704811096
i41mog,normal,0.6828517913818359
mn37g8,normal,0.7175871133804321
hzfg0v,normal,0.7869778871536255
gepz74,normal,0.7339218258857727
atiuo1,normal,0.7078176140785217
em0j40,normal,0.8348289132118225
mdstem,normal,0.6848199963569641
cnalm9,normal,0.7881816029548645
c8a2i3,normal,0.7807754874229431
kgdoif,normal,0.7599551677703857
9r5si5,normal,0.772969126701355
814f9q,normal,0.7786318063735962
90eudx,normal,0.7528814077377319
k6wvy0,normal,0.701816737651825
7bdp1k,normal,0.7746142148971558
kgn04t,normal,0.7723724246025085
71sndr,normal,0.8228497505187988
6o99ga,normal,0.798225462436676
kj5e9u,normal,0.7782185673713684
43aogk,normal,0.7667374610900879
3vz5dz,normal,0.758521556854248
jxp4sw,normal,0.8008920550346375
kboogl,normal,0.7966335415840149
5hur9h,normal,0.761748194694519
idhg6g,normal,0.812553882598877
gu9rme,normal,0.7341245412826538
fp0e4i,normal,0.5921367406845093
geddz6,normal,0.7950127124786377
i9dwks,normal,0.7881563901901245
dazuin,normal,0.727372944355011
e1tfyj,normal,0.7451272010803223
e8ho72,normal,0.8027283549308777
elt462,normal,0.7935981154441833
72uo79,normal,0.7736724019050598
eiti87,normal,0.7307762503623962
eqqhat,normal,0.6985172629356384
e20kvk,normal,0.7269046902656555
cyaim9,normal,0.7767307162284851
ed13ha,normal,0.752198338508606
elpqdy,normal,0.6945187449455261
dhgqva,normal,0.590075671672821
g8aray,normal,0.6964048743247986
egcr8y,normal,0.7742538452148438
7mhw6a,normal,0.7803813815116882
dlpn51,normal,0.8238592743873596
4rp3pi,normal,0.8012101650238037
92it6x,normal,0.7597360610961914
ahtofi,normal,0.7835811972618103
8ulyr6,normal,0.8305557370185852
k49g3x,normal,0.7848579287528992
mm5p9w,normal,0.7050046920776367
lc518a,normal,0.8020756244659424
l2x008,normal,0.8119136095046997
kuduut,normal,0.7877086997032166
l4p8sv,normal,0.8085592985153198
ksgg12,normal,0.7506844997406006
mihp3n,normal,0.7725654244422913
dvrrz4,normal,0.7883654832839966
j2pjpx,normal,0.7819573879241943
gx3grv,normal,0.8013023138046265
es0k79,normal,0.787600040435791
mwonzp,normal,0.7895725965499878
mtm67k,normal,0.8444269895553589
grov8g,normal,0.7569842338562012
8ehdt0,normal,0.7827309966087341
cbc0ud,normal,0.7732060551643372
lga79l,normal,0.8096838593482971
lxc425,normal,0.7301664352416992
ej4dlb,normal,0.8470969796180725
lnvsur,normal,0.8138909339904785
m17mvm,normal,0.7872889637947083
l9x4er,normal,0.7904267311096191
eettew,normal,0.7622887492179871
mm2izz,normal,0.8043197989463806
fyrkes,normal,0.7691047191619873
mli3ts,normal,0.7732544541358948
fln6z9,normal,0.6184048056602478
ku4da3,normal,0.7878343462944031
kxexk3,normal,0.7210928201675415
f9q7z6,normal,0.656430184841156
7td32o,normal,0.7647001147270203
ks0dle,normal,0.8103788495063782
lbec8g,normal,0.7245647311210632
ltnjtj,normal,0.4542674720287323
ln6uiu,normal,0.6911956071853638
b9a0zv,normal,0.8035394549369812
edytjs,normal,0.7210109829902649
dp13uy,normal,0.777103066444397
l5naxi,normal,0.8002268671989441
4tgu8p,normal,0.731404185295105
km7p1w,normal,0.8147052526473999
i6853e,normal,0.6480024456977844
ji0bwz,normal,0.8454980254173279
l7maki,normal,0.8282716870307922
b62l11,normal,0.8035394549369812
46qz3l,normal,0.8089699745178223
kp039d,normal,0.7799169421195984
inb98h,normal,0.8059411644935608
l2gbh7,normal,0.8225559592247009
mjo3x9,normal,0.6555559039115906
ids073,normal,0.540990948677063
elsnyx,normal,0.789420485496521
51axwf,normal,0.6458123326301575
m6yej5,normal,0.7609981894493103
jkgs4k,normal,0.7319160103797913
krot0g,normal,0.7836828231811523
g4bclg,normal,0.7093037366867065
jwvt6g,normal,0.7616977095603943
i1gq0j,normal,0.6787495017051697
ioh5pg,normal,0.7986477613449097
i53fy0,normal,0.8099148273468018
ghm1ey,normal,0.7886927723884583
e6j7vh,normal,0.7505881786346436
hasx8x,normal,0.7649735808372498
2wj2e9,normal,0.7478733062744141
83hfvg,normal,0.778205931186676
f077oj,normal,0.8229170441627502
h0u8yn,normal,0.7033582925796509
e0qq96,normal,0.7512062788009644
eqesrd,normal,0.6846123337745667
gjpp97,normal,0.7709187269210815
eq1n47,normal,0.7473652362823486
ep8bhn,normal,0.7439887523651123
83wweh,normal,0.7611804604530334
e38afm,normal,0.7196210622787476
f3cn9s,normal,0.6952632665634155
es8b8,normal,0.7082537412643433
7yw5mi,normal,0.7761980891227722
8by29j,normal,0.6997129917144775
edztio,normal,0.7911701202392578
a7qfw6,normal,0.7596042156219482
658le3,normal,0.7490382194519043
7q4zbn,normal,0.6039406061172485
egiijs,normal,0.5367903113365173
d1nucj,normal,0.7083446979522705
fpykix,normal,0.7131730914115906
edwfhf,normal,0.7545629739761353
aqr8gk,normal,0.715648889541626
axzq1g,normal,0.7310234308242798
7se9uu,normal,0.48067280650138855
96d3l4,normal,0.7625895738601685
8x6izb,normal,0.7967005968093872
as7rvv,normal,0.6482192277908325
a9h9wk,normal,0.7952607870101929
9mzjxy,normal,0.8010812997817993
5j0o72,normal,0.8243731260299683
7mc55m,normal,0.7689463496208191
969bra,normal,0.7927338480949402
81am76,normal,0.781835675239563
lyqrur,normal,0.7114325761795044
m3y3hn,normal,0.7039179801940918
8d5les,normal,0.7479197978973389
kg41ro,normal,0.7278266549110413
ky41sh,normal,0.602043092250824
i6z6vi,normal,0.7890722155570984
ia3z08,normal,0.648395836353302
dp4p21,normal,0.8138333559036255
go7l2i,normal,0.7381065487861633
eit90c,normal,0.7813400626182556
65o2l0,normal,0.7113226056098938
90fjsh,normal,0.7992956638336182
ecapfc,normal,0.6459285020828247
9ua83o,normal,0.7550712823867798
dzw7sa,normal,0.7861011624336243
48mabk,normal,0.7761560082435608
8arwe3,normal,0.8049799203872681
7n7fj5,normal,0.601083517074585
8nvlvy,normal,0.7283424735069275
7kqmd0,normal,0.7075149416923523
7lovga,normal,0.7870543599128723
1k9bzp,normal,0.7665684223175049
57bj2h,normal,0.5242940187454224
7nmpwn,normal,0.7405292391777039
7kfl8j,normal,0.7975762486457825
1ylumf,normal,0.6506073474884033
mtu71t,normal,0.7172794938087463
kl0r61,normal,0.755061686038971
2yk96s,normal,0.709228515625
jm4m0a,normal,0.6144493222236633
jq41wu,normal,0.6563339829444885
j2tame,normal,0.8375796675682068
43pizp,normal,0.7543611526489258
7w2vwv,normal,0.6985967755317688
ee1klu,normal,0.7914934754371643
ee0n4w,normal,0.7238888740539551
8jif6v,normal,0.7923705577850342
3ppar6,normal,0.7803247570991516
6xz093,normal,0.7722647786140442
fl1wkc,normal,0.7761611342430115
fewgp8,normal,0.7225078344345093
mkwymd,normal,0.7243869304656982
lcjezb,normal,0.7613295912742615
kdxlag,normal,0.7086004018783569
jjuqk0,normal,0.7637786865234375
hgmnuz,normal,0.7071287631988525
jxvjny,normal,0.5940929055213928
fey546,normal,0.7304213047027588
fhawgp,normal,0.6955878138542175
dxiai3,normal,0.6299373507499695
fe28wj,normal,0.6665059328079224
h07lzu,normal,0.6899252533912659
c04inj,normal,0.8159421682357788
8tzet0,normal,0.7707427144050598
dw1x4h,normal,0.6798596382141113
6obykd,normal,0.6770691871643066
fe92gm,normal,0.6711107492446899
dbex03,normal,0.7550927996635437
e9743l,normal,0.7515564560890198
8u61d8,normal,0.7286694049835205
dz6pzc,normal,0.7166513204574585
dyha3c,normal,0.7091986536979675
6nkr9k,normal,0.7306931614875793
9wewoo,normal,0.774647057056427
c6o6bz,normal,0.6765989661216736
ely1zp,normal,0.7527940273284912
56gxd0,normal,0.806384265422821
9fno6u,normal,0.7737972736358643
5fg46u,normal,0.7495594620704651
5b5utv,normal,0.7668260335922241
7dw5tp,normal,0.7760441303253174
59idt8,normal,0.6895942091941833
3x1b88,normal,0.7704501748085022
5vs394,normal,0.7733761072158813
5ndheu,normal,0.7767646312713623
61e89u,normal,0.6913487911224365
580n0v,normal,0.7399505972862244
4srszl,normal,0.7343118786811829
3q562b,normal,0.775644838809967
40wq8h,normal,0.7839358448982239
3zto0v,normal,0.4803270399570465
3vnxt8,normal,0.7351580262184143
dm0xlw,normal,0.7451478838920593
ltgj9q,normal,0.7574952244758606
lfpb8n,normal,0.6953251361846924
cp9w3r,normal,0.792580783367157
kzoo4l,normal,0.6746264100074768
e04fed,normal,0.8093280792236328
krvj60,normal,0.6368100643157959
k6zk5f,normal,0.6145995855331421
kh7dyo,normal,0.7210114002227783
kkgh86,normal,0.7080086469650269
bhst08,normal,0.7139931917190552
kfbkw2,normal,0.49170687794685364
jkr5ov,normal,0.6436991691589355
jyvk52,normal,0.756010115146637
eoha6a,normal,0.7422694563865662
ccf9dm,normal,0.758593738079071
gsllbj,normal,0.750182569026947
itesqy,normal,0.7519997954368591
gd4jgf,normal,0.7936254739761353
ej2yft,normal,0.6844049692153931
f0j1be,normal,0.7889530658721924
9qi3l4,normal,0.6401726007461548
i1gnxm,normal,0.7632493376731873
dm08r3,normal,0.7638809680938721
bczu3z,normal,0.7443697452545166
czy6ly,normal,0.8147720694541931
ihy80q,normal,0.7112404108047485
e0hsl7,normal,0.7957504987716675
cj0yrl,normal,0.7413836717605591
c9rxxy,normal,0.6035451292991638
eyjise,normal,0.7600075006484985
en3yzd,normal,0.7643191814422607
dovdeb,normal,0.6688918471336365
ej1jyr,normal,0.7081755995750427
hjm37r,normal,0.68541020154953
gb9v3w,normal,0.8216853141784668
e15fcy,normal,0.7492883801460266
gzwf3m,normal,0.7351509928703308
c0efwo,normal,0.7823589444160461
g9fdgt,normal,0.8474775552749634
eemgb3,normal,0.7609416246414185
eddm79,normal,0.7363144159317017
efkk8p,normal,0.5190191864967346
chdkix,normal,0.7727745771408081
beqbyk,normal,0.7552118897438049
cev1sg,normal,0.7926741242408752
cxirwa,normal,0.7371569275856018
d06brl,normal,0.6734098792076111
aroc5s,normal,0.7198927402496338
jldvjz,hate speech,0.3985602855682373
ek47js,normal,0.7522606253623962
ec4ano,normal,0.4637804925441742
ai8ssf,normal,0.7603051066398621
77wuhg,normal,0.7634133100509644
86wfe2,normal,0.6812429428100586
5susip,normal,0.7119951248168945
mif4vz,normal,0.7979325652122498
k4a6j2,normal,0.7542302012443542
cw7a7n,normal,0.6317224502563477
k64p99,normal,0.7933638691902161
jzpeqp,normal,0.7685924172401428
jvqi1t,normal,0.7537543177604675
k52y43,normal,0.8194529414176941
isxjkd,normal,0.7496756911277771
jj5gpg,normal,0.782804548740387
4w5jzt,normal,0.7748000621795654
gxad9y,normal,0.8266637325286865
hdsi1f,normal,0.6984379291534424
ekxkrh,normal,0.6572762727737427
3xuc1y,normal,0.7105771899223328
hdxisa,normal,0.6678836345672607
dbnvt8,normal,0.7672982811927795
eddxbb,normal,0.7037949562072754
ebjbal,normal,0.7843505144119263
ds2pun,normal,0.697433590888977
czr5dg,normal,0.7652637958526611
d3d3yq,normal,0.7399239540100098
a97z2f,normal,0.80704265832901
cwngm4,normal,0.7067168951034546
du98u4,normal,0.7067168951034546
baqgim,normal,0.7052711844444275
cxkudc,normal,0.7811869382858276
ej3nox,normal,0.7604414224624634
e7hcsv,normal,0.7406426668167114
d6mfxm,normal,0.5759382247924805
ecx9r4,normal,0.5579388737678528
a9pa19,normal,0.7359824180603027
9nuw3r,normal,0.7368738651275635
8wm5ba,normal,0.7647076845169067
am7vio,normal,0.7858116030693054
ct5naw,normal,0.65067058801651
cwmcnu,normal,0.7967779040336609
8gs4y2,normal,0.7813898921012878
boffnz,normal,0.7925927042961121
7mos6s,normal,0.8148608207702637
7q61zc,normal,0.8011332154273987
b6o03z,normal,0.824201226234436
98aaq5,normal,0.7743644118309021
797ted,normal,0.7855452299118042
96yw5s,normal,0.62452632188797
cw7x0i,normal,0.7487404942512512
5b5y1i,normal,0.7479334473609924
6yj5co,normal,0.6948793530464172
923bhd,normal,0.7858208417892456
la16ey,normal,0.8029127717018127
l80yl5,normal,0.7827293872833252
l3lwpg,normal,0.7736660242080688
kfzpbm,normal,0.7495735287666321
9b39no,normal,0.7930394411087036
imcxrz,normal,0.5855635404586792
k3ggyi,normal,0.7111669778823853
jtmq59,normal,0.801048755645752
kgqmm2,normal,0.6961327791213989
hqn4yv,normal,0.7746216654777527
gdpnsg,normal,0.6425716280937195
e54hgc,normal,0.7026228904724121
dq7g72,normal,0.7802866101264954
bmsl7k,normal,0.6541568040847778
def1fe,normal,0.5926110744476318
bvrd70,normal,0.7915846705436707
eb481h,normal,0.7812674045562744
bbjh1s,normal,0.7634972333908081
e3ht42,normal,0.7325695753097534
cu0aes,normal,0.7926937937736511
az9gfd,normal,0.8068233728408813
e9whrl,normal,0.7590710520744324
bu65r9,normal,0.7491939663887024
cd384m,normal,0.7862123250961304
8nx9j4,normal,0.7155217528343201
awpr3b,normal,0.8090052604675293
eajfh4,normal,0.5309754014015198
7kwdq5,normal,0.739230751991272
6dy129,normal,0.7581628561019897
a3g6ln,normal,0.7894241809844971
80toll,normal,0.8300474286079407
86c2b5,normal,0.790729284286499
6ox9fl,normal,0.767818033695221
8r3b6v,normal,0.6557780504226685
8hegla,normal,0.6455230116844177
dlb7xo,normal,0.7492825984954834
7uujqg,normal,0.713591456413269
8m8ehi,normal,0.6420776844024658
7sg9o6,normal,0.7807942628860474
8903a9,normal,0.8136209845542908
85mvrh,normal,0.7174553871154785
8l5m2x,normal,0.7243682742118835
6t1y1n,normal,0.7384134531021118
cde9ni,normal,0.5966388583183289
ib2as9,normal,0.7111165523529053
gtugfb,normal,0.7352728843688965
fots0q,normal,0.7767753005027771
eg3buu,normal,0.5139737129211426
e03mgo,normal,0.7904165387153625
ecgwvl,normal,0.6905483603477478
dqryi1,normal,0.6965687870979309
aw6c6z,normal,0.8183950185775757
dz8ytw,normal,0.7390255928039551
6ei1k8,normal,0.7282063961029053
86brvb,normal,0.7097538709640503
9sjv64,normal,0.8353275656700134
63fvsq,normal,0.7942003607749939
6ioras,normal,0.798892080783844
61iap9,normal,0.7923875451087952
6vf3qp,normal,0.7196347713470459
5k4z8p,normal,0.711207389831543
4q9v2p,normal,0.7159895896911621
4tpwp9,normal,0.757940948009491
4ezvjy,normal,0.6777403950691223
mqys2s,normal,0.6763808727264404
mtavsb,normal,0.7992019653320312
l4rh64,normal,0.75678551197052
m5tq0c,normal,0.7283796668052673
k7nxpk,normal,0.738917350769043
ldc0wu,normal,0.7859827876091003
kkttvu,normal,0.7873630523681641
jq0p3d,normal,0.7221474051475525
kc6253,normal,0.7971843481063843
khjlu8,normal,0.744575560092926
kd3kpo,normal,0.6858448386192322
k8255w,normal,0.7783597111701965
k1x1rk,normal,0.7576464414596558
jn70xk,normal,0.7384960055351257
jpp560,normal,0.783635139465332
jj0e9y,normal,0.7856862545013428
jy37qy,normal,0.7884221076965332
llu73a,normal,0.6785590648651123
js4rgd,normal,0.819346010684967
ejly3b,normal,0.8053048253059387
kvcyzv,normal,0.8022143840789795
k7160l,normal,0.7352469563484192
gyfp3m,normal,0.7219936847686768
ecspg7,normal,0.7405416369438171
dsuebq,normal,0.7765886187553406
kt8grj,normal,0.7989062666893005
m71pq1,normal,0.7222912907600403
lwesn7,normal,0.7658966779708862
lqoey5,normal,0.5845190286636353
e1urm0,normal,0.6557278037071228
eruug7,normal,0.7663639187812805
g54mrk,normal,0.7088044285774231
bg63xj,normal,0.8012624382972717
lhawno,normal,0.6119058132171631
gggylh,normal,0.766671895980835
kay0ld,normal,0.753015398979187
bgny54,normal,0.7708100080490112
f8nv9e,normal,0.635628879070282
e0c1x7,normal,0.7415249943733215
dm38z7,normal,0.8262970447540283
kw92ve,normal,0.7583750486373901
e08ryy,normal,0.7947059869766235
dn7kfi,normal,0.730072557926178
gdqe26,normal,0.7862716317176819
l78s2g,normal,0.7610539793968201
kgpm4t,normal,0.7640314698219299
g8fynh,normal,0.7242954969406128
gpm7ey,normal,0.6360846161842346
hofdn7,normal,0.8038760423660278
axmqqz,normal,0.7923257946968079
hcgz6s,normal,0.7580797076225281
jjc54v,normal,0.7848106622695923
kg51ca,normal,0.7243817448616028
6nmga4,normal,0.7483799457550049
bcpoqx,normal,0.7899166345596313
f79aa8,normal,0.7572154998779297
cmajx6,normal,0.7534995675086975
dnobym,normal,0.6974038481712341
7xu1xt,normal,0.822661817073822
80jstm,normal,0.79119873046875
aqcpql,normal,0.7265121340751648
6184r4,normal,0.6962347030639648
98y843,normal,0.7508261203765869
5ushex,normal,0.7488527297973633
4435hb,normal,0.7718030214309692
7ihhio,normal,0.6427136659622192
kgozor,normal,0.7439948916435242
6azhjl,normal,0.5149983763694763
i28qii,normal,0.7658995389938354
feb1sp,normal,0.6911858916282654
fwoik1,normal,0.8104839324951172
e9y0wk,normal,0.6745121479034424
eejgbe,normal,0.7914997339248657
d1oijv,normal,0.8070005774497986
acy18s,normal,0.7906588912010193
ecwz77,normal,0.733666181564331
cmj9jd,normal,0.7481332421302795
dmeupt,normal,0.7352589964866638
mr79fy,normal,0.7898783087730408
m09win,normal,0.751190185546875
lwrs7d,normal,0.7632696032524109
lqzami,normal,0.7026277780532837
lg44ek,normal,0.70091712474823
l034m2,normal,0.7494555711746216
kvym36,normal,0.7953680753707886
ksj59z,normal,0.7657833695411682
kq1efp,normal,0.7826574444770813
km7baq,normal,0.7623802423477173
kdk9dc,normal,0.7885187268257141
kbxwsn,normal,0.7374347448348999
k80wmo,normal,0.7895302772521973
k82pv5,normal,0.6325138807296753
k7k77y,normal,0.6761323809623718
k7jgpd,normal,0.8230986595153809
k4f8l5,normal,0.7976075410842896
k4aw8u,normal,0.5705069899559021
jyvf42,normal,0.7515064477920532
jz0inn,normal,0.5959821343421936
jwjl5n,normal,0.6501457691192627
jw4hvv,normal,0.7005209922790527
juzrb5,normal,0.8012194037437439
jtuzqs,normal,0.733592689037323
jp7ccs,normal,0.5830303430557251
jg0dpn,normal,0.8017584681510925
jdfai4,normal,0.7589406371116638
j8ird0,normal,0.7712054252624512
j3gmbx,normal,0.7220515608787537
i8ph0x,normal,0.7626247406005859
i05h86,normal,0.7691495418548584
hyaj8u,normal,0.7009996771812439
hlmaqk,normal,0.7393652200698853
hls3q9,normal,0.6459867358207703
hjzj3o,normal,0.766417384147644
hecl7q,normal,0.7205367088317871
hfdkiy,normal,0.6726251244544983
hcgj1d,normal,0.7156776189804077
hawskq,normal,0.7120810747146606
gmcfo7,normal,0.8192340731620789
gls6di,normal,0.8049831986427307
gl30l9,normal,0.7492778301239014
ges1kp,normal,0.6989437341690063
g9w5an,normal,0.727271556854248
fy0mue,normal,0.8253690600395203
ftklz7,offensive,0.4126473367214203
fs5ven,normal,0.756638765335083
fi9eoe,normal,0.7891438007354736
loor6n,normal,0.7686533331871033
br048p,normal,0.7673851251602173
igm3i8,normal,0.6658484935760498
g62lj3,normal,0.5613623261451721
dcliz1,normal,0.7950497269630432
agc1rr,normal,0.7751761078834534
bq3xpe,normal,0.7194797396659851
asl3qg,normal,0.49467551708221436
84ec2m,normal,0.78000807762146
7ofd2w,normal,0.7625687122344971
6w4bqy,normal,0.8311030864715576
boz4ti,normal,0.6338142156600952
70prnr,normal,0.6292006969451904
7sp0st,normal,0.7821362018585205
7fjpnj,normal,0.8228827714920044
6gex3d,normal,0.7274161577224731
7qhkp9,normal,0.8075979351997375
7h5zu5,normal,0.7542902827262878
ih3p9y,normal,0.6332741975784302
mptkky,normal,0.8024334907531738
mlmn5g,normal,0.8097819089889526
mdjl6h,normal,0.8266812562942505
lxi9az,normal,0.7895084619522095
a6r675,normal,0.7528219223022461
kb2m0r,normal,0.746658980846405
g6o4ff,normal,0.7502120137214661
k15b4r,normal,0.7875782251358032
ipxkq0,normal,0.8317338228225708
f5u9dp,normal,0.8120913505554199
i7mz38,normal,0.7106908559799194
ehd48l,normal,0.7807288765907288
eil9ci,normal,0.7620977759361267
gjugrs,normal,0.6607931852340698
bx6qkd,normal,0.8166977763175964
cbxx8i,normal,0.7842230796813965
frbtr6,normal,0.7528955936431885
99gc3r,normal,0.7862789630889893
9hbh6j,normal,0.822725772857666
8x7j7x,normal,0.7927576303482056
6d0evf,normal,0.8019333481788635
9s6ld0,normal,0.7779448628425598
6fql3j,normal,0.7580898404121399
7c22tr,normal,0.8272033929824829
5zcm2p,normal,0.7706607580184937
663ik4,normal,0.8313246369361877
727oqp,normal,0.8052076697349548
kxtp9o,normal,0.7716953754425049
kwmra5,normal,0.8054866194725037
fre1ly,normal,0.7641664743423462
f9togf,normal,0.6985191702842712
lrklok,normal,0.6964827179908752
kqt4sx,normal,0.7646138668060303
kross6,normal,0.771408200263977
kpcwi9,normal,0.609592854976654
jll0jx,normal,0.7451486587524414
kv2zmj,normal,0.8295398354530334
jqr7p1,normal,0.8372834920883179
9257l1,normal,0.7456863522529602
i6ah1o,normal,0.7394792437553406
94tax5,normal,0.7261334657669067
huxbuu,normal,0.46563202142715454
gfcdg5,normal,0.668986439704895
f302gg,normal,0.6781774759292603
f4alpu,normal,0.8108733892440796
hq7csy,normal,0.6826323866844177
h9w9ee,normal,0.7881498336791992
5jque5,normal,0.7710452079772949
dkpeap,normal,0.6636896133422852
fa67c7,normal,0.7080933451652527
fbzng7,normal,0.8297079205513
d4qzj7,normal,0.742313802242279
fapvmt,normal,0.7578824758529663
dw3ru5,normal,0.7906933426856995
eragtp,normal,0.7877349257469177
fzq02v,normal,0.7403382658958435
9lpny5,normal,0.6361109614372253
beq4ju,normal,0.8049709796905518
4lpvxq,normal,0.7776529788970947
9qwhci,normal,0.5604223608970642
91x6zl,normal,0.8046925067901611
7jvd0n,normal,0.7915968894958496
6x08q5,normal,0.7468618750572205
9uui4s,normal,0.6888116002082825
7kasan,normal,0.752109169960022
bl0lch,normal,0.763851523399353
5sil0j,normal,0.7525414228439331
9fx6np,normal,0.7589263319969177
97bzy3,normal,0.8188388347625732
82evc2,normal,0.7987748384475708
8m80ty,normal,0.5936828255653381
8jylss,normal,0.7340323328971863
7kwpha,normal,0.7120339870452881
8meszq,normal,0.7048225998878479
kuop84,normal,0.7854825854301453
l3pal5,normal,0.7931525707244873
6asbjt,normal,0.7945998311042786
dcx093,normal,0.8049579858779907
kqo01c,normal,0.7194254994392395
ix948f,normal,0.7479813694953918
g0pbn7,normal,0.6796248555183411
5gnezd,normal,0.7039749622344971
ej6wdb,normal,0.8149574398994446
f910b4,normal,0.6486798524856567
c6d5th,normal,0.7542075514793396
bjvcdx,normal,0.7596838474273682
8eqlmp,normal,0.7212711572647095
8dradz,normal,0.7380567193031311
6pyy76,normal,0.7590347528457642
58q9ml,normal,0.7778224349021912
kcx90m,normal,0.798869252204895
kh56p4,normal,0.7383092045783997
mmg5te,normal,0.7874400019645691
kfossf,normal,0.7804333567619324
kwrfnm,normal,0.8275429606437683
ltv9hq,normal,0.8032791018486023
j4cl4c,normal,0.782374918460846
ljbgqs,normal,0.8067432045936584
ln3frn,normal,0.7872229814529419
l91bbi,normal,0.7376514673233032
fskced,normal,0.7336460947990417
f4a83r,normal,0.7563549280166626
jv0oos,normal,0.7958062291145325
jyhhsw,normal,0.7382209300994873
km9wko,normal,0.7784596085548401
g8kevq,normal,0.7705183029174805
hnrbv1,normal,0.7664400339126587
8jzd3p,normal,0.7620100975036621
fk7t02,normal,0.8193480372428894
eeyfex,normal,0.816310703754425
8v8p8o,normal,0.7768915295600891
eldrh4,normal,0.5085471272468567
hliyau,normal,0.8006654977798462
fo882d,normal,0.637356162071228
erwndk,normal,0.8193480372428894
fb3k4v,normal,0.7921532392501831
eivuwu,normal,0.8140846490859985
fw1qdv,normal,0.7260684967041016
ecmtot,normal,0.7442159652709961
bo73r2,normal,0.7814022898674011
g0lfzq,normal,0.7281649112701416
e1zzcn,normal,0.8193480372428894
atbkw7,normal,0.8340498208999634
4snmcd,normal,0.8115981817245483
503tyd,normal,0.74803227186203
dvgpi8,normal,0.44510120153427124
9mgxhi,normal,0.7402412295341492
echmb4,normal,0.7508510947227478
dayyya,normal,0.7979882955551147
9hjs2v,normal,0.7583087086677551
8vwupv,normal,0.6563383340835571
9xhk66,normal,0.720189094543457
7srico,normal,0.7788985967636108
a1289z,normal,0.7740738987922668
ahdfkd,normal,0.8144338726997375
lgpv1i,normal,0.7531170845031738
l0dzvz,normal,0.7670587301254272
k8hwq6,normal,0.7953293323516846
eqj6vj,normal,0.6507452130317688
ftwbdi,normal,0.7244212031364441
el7se6,normal,0.7849475741386414
f0w7a6,normal,0.7723680734634399
ckhg6i,normal,0.7430670261383057
5hfa6d,normal,0.6530837416648865
99hqgz,normal,0.7816047072410583
858i24,normal,0.7397658824920654
7t7ty3,normal,0.775721549987793
70tjf3,normal,0.6136425733566284
5n61sb,normal,0.6188981533050537
l2rtox,normal,0.7559555768966675
aknxnl,normal,0.7775530815124512
f53mqe,normal,0.7307795882225037
55uaqh,normal,0.7922627329826355
eo38of,normal,0.7421934008598328
ji1ufj,normal,0.8185982704162598
kqri6v,normal,0.6984874606132507
69yd2i,normal,0.6856036186218262
7tnuc8,normal,0.8181002140045166
gceis6,normal,0.8138359785079956
fiu0no,normal,0.658656656742096
etrvc3,normal,0.6926555633544922
fl3kte,normal,0.7388065457344055
8dajxb,normal,0.7967382669448853
8mmdyb,normal,0.7544505000114441
k9dope,normal,0.7725148797035217
901rop,normal,0.7882143259048462
8kh2f0,normal,0.79339200258255
7gv8fb,normal,0.7922059297561646
6ocrrk,normal,0.7829717397689819
lfb660,normal,0.8112798929214478
eye9lr,normal,0.8063657283782959
eex7p0,normal,0.8383294343948364
egsin1,normal,0.7867791652679443
6surec,normal,0.6743565201759338
4jjk7m,normal,0.7951423525810242
kxfp4e,normal,0.8109858632087708
ksuzjx,normal,0.8233205080032349
khsjpq,normal,0.7874684929847717
kcr7sa,normal,0.7724162340164185
hy9w2j,normal,0.7009996771812439
hqmkux,normal,0.8049073815345764
gvuue8,normal,0.8103646039962769
grrojf,normal,0.7920862436294556
ftcism,normal,0.49507710337638855
fmz5mi,normal,0.7483193278312683
eyj4ze,normal,0.8349851369857788
eped05,normal,0.8083302974700928
defpqs,normal,0.8298011422157288
caabp6,normal,0.80562824010849
brd6yr,normal,0.7480465769767761
bgorso,normal,0.7221547961235046
9g66q6,normal,0.77020663022995
96by88,normal,0.7443081736564636
8toy9w,normal,0.8195837140083313
8ijvq8,normal,0.7671785950660706
7cwrhv,normal,0.8009050488471985
65mau3,normal,0.7762055397033691
65h5gs,normal,0.6932545900344849
5zb6hy,normal,0.7836721539497375
mfvutl,normal,0.8103480935096741
mp03ej,normal,0.7395878434181213
kw204t,normal,0.7849216461181641
kaq6ei,normal,0.8065929412841797
kr195u,normal,0.7710763812065125
kshuo0,normal,0.8022289276123047
kq9kwj,normal,0.7589443922042847
jszk4i,normal,0.772071897983551
jjumcg,normal,0.7857288718223572
jmfbwv,normal,0.7210880517959595
mt3v7v,normal,0.7877516746520996
kdwebs,normal,0.7666676640510559
m3y30y,normal,0.7039179801940918
mau1xo,normal,0.7962369322776794
k1x22x,normal,0.845902144908905
mi6klp,normal,0.7465033531188965
ma2vl1,normal,0.738760769367218
kaq179,normal,0.8005306124687195
jtd8ze,normal,0.8459379076957703
kg2r8v,normal,0.7077934145927429
l1m8ce,normal,0.7718073129653931
kkybmi,normal,0.721782386302948
kq8uzu,normal,0.8140537142753601
kz5dy5,normal,0.757684588432312
knu82w,normal,0.7737002372741699
lgrjeq,normal,0.8408884406089783
h9kshk,normal,0.7765427827835083
j5rjwy,normal,0.7847645878791809
k62ak7,normal,0.7542153596878052
jtjids,normal,0.7656645178794861
jqyyz1,normal,0.800794243812561
k46y7k,normal,0.8106241822242737
kqis9d,normal,0.7832908034324646
felos4,normal,0.8106431365013123
j0s25k,normal,0.7875202298164368
dbesjg,normal,0.6498861908912659
inb784,normal,0.726566731929779
bv8yjj,normal,0.7625135779380798
kiz8q3,normal,0.8116571307182312
9vealm,normal,0.7687244415283203
9l6j8b,normal,0.7979499101638794
hzcseh,normal,0.8181484937667847
danhwk,normal,0.7691688537597656
7w1y12,normal,0.736490786075592
7l49ey,normal,0.7252994775772095
mpo77d,normal,0.7641857266426086
m7oymd,normal,0.780716061592102
m4gkkx,normal,0.8271185159683228
lnf7q7,normal,0.7890955805778503
laigxh,normal,0.8275388479232788
kt44cy,normal,0.7373497486114502
iwfl4v,normal,0.7882976531982422
ij0b02,normal,0.8087777495384216
gbdfy0,normal,0.7743059992790222
mc2dmm,normal,0.792514443397522
lemji7,normal,0.8112084269523621
pqebm,normal,0.715897262096405
bgc36a,normal,0.7905213832855225
lugfrs,normal,0.807866632938385
lokzj3,normal,0.6134480237960815
205kk5,normal,0.8025434017181396
510juq,normal,0.7782686352729797
jhl3gk,normal,0.7663223147392273
4zgs76,normal,0.7183512449264526
hziaud,normal,0.78323894739151
6ovfat,normal,0.7817407846450806
2j0obj,normal,0.6033892631530762
8kztzr,normal,0.7262465357780457
86fqrj,normal,0.7737633585929871
i3q34l,normal,0.7958974838256836
8ojt5d,normal,0.7638404965400696
k04742,normal,0.8070623874664307
j9s5f4,normal,0.7543735504150391
3pyxob,normal,0.7475075721740723
jm44a7,normal,0.7989640235900879
cs2dj,normal,0.7666489481925964
iycnd1,normal,0.7778330445289612
ikgjiz,normal,0.7842592000961304
jesmoo,normal,0.8015470504760742
i9poob,normal,0.804550051689148
1gnr3r,normal,0.7765989899635315
gvlqnv,normal,0.7928547263145447
izy7e3,normal,0.8082450032234192
ipwt62,normal,0.815911591053009
gd4g9p,normal,0.7019048929214478
gngfb1,normal,0.7190268635749817
i1s7us,normal,0.818352997303009
1iqtg0,normal,0.7999860048294067
cqt3q,normal,0.7818376421928406
gxfgg7,normal,0.7178761959075928
iyftj2,normal,0.7760975360870361
ih5zbd,normal,0.7032669186592102
dx8kaa,normal,0.811715304851532
pibf1,normal,0.8094209432601929
e9pzxk,normal,0.7893442511558533
ejy1cr,normal,0.7378972768783569
fzs9w4,normal,0.7484171390533447
hwz3dh,normal,0.7896724939346313
hzbmwt,normal,0.7939131855964661
e8mmz6,normal,0.6970146894454956
ci9ne4,normal,0.6476787328720093
a9qp66,normal,0.7917243838310242
10zof5,normal,0.7576214075088501
2j3qt9,normal,0.7778626084327698
mip9sm,normal,0.8116414546966553
kdl8ct,normal,0.7579084634780884
g8bjsj,normal,0.6065641045570374
hrp8ev,normal,0.8085079789161682
hrjhs5,normal,0.8146823048591614
koa5ky,normal,0.77790766954422
bwfbj9,normal,0.6926620602607727
5jooey,normal,0.7819412350654602
bbwkat,normal,0.7928183078765869
hkloow,normal,0.7344886064529419
miuadx,normal,0.8431546688079834
a3neo4,normal,0.6739050149917603
mos0ma,normal,0.7825156450271606
fy996f,normal,0.8024582266807556
7npyd3,normal,0.7506482005119324
lw5xih,normal,0.6710860729217529
j0tlx4,normal,0.8113893866539001
mbyf08,normal,0.6832793354988098
kj9kyy,normal,0.7948513627052307
1ymkjf,normal,0.7848857641220093
m08739,normal,0.703156054019928
jyts2z,normal,0.755406379699707
loqsca,normal,0.7864667177200317
kulcrr,normal,0.6393176317214966
cu0xq9,normal,0.7805070281028748
jv0myh,normal,0.7798933982849121
3fh2le,normal,0.6921032071113586
ktjjhx,normal,0.7883647680282593
l2bket,normal,0.7339333295822144
lcpfjm,normal,0.6000519394874573
aog2c8,normal,0.7744194865226746
4hn1lw,normal,0.7019068598747253
6b0tgs,normal,0.7184769511222839
3ufzj3,normal,0.757033109664917
kpxb3q,normal,0.7787519097328186
bst1pi,normal,0.8064351677894592
kxdjny,normal,0.775111734867096
km0f2q,normal,0.8170086145401001
ijn24j,normal,0.6935166120529175
k98hun,normal,0.8031864762306213
hd5jl1,normal,0.7902321815490723
kqm3yt,normal,0.7004650831222534
j4ufxk,normal,0.7873064875602722
hz6vq5,normal,0.7920750379562378
mny06j,normal,0.751514732837677
f7o9g1,normal,0.7839548587799072
lin7hu,normal,0.7446675896644592
ltxy93,normal,0.7022345662117004
lqa24v,normal,0.78899747133255
kulitf,normal,0.7470778822898865
lp31ms,normal,0.7646291255950928
byfop8,normal,0.8079208731651306
j9a5za,normal,0.7667814493179321
lo1xzl,normal,0.7635995149612427
k7jh0y,normal,0.7635497450828552
iomcqc,normal,0.7650203108787537
lcg4dj,normal,0.7352020740509033
ak43oo,normal,0.666972279548645
ju7zdc,normal,0.7636260390281677
jmbic3,normal,0.8295227289199829
dt0h5f,normal,0.7177595496177673
dhlm03,normal,0.7925997972488403
hi9gak,normal,0.6970635056495667
ib72tq,normal,0.7682300209999084
548ncd,normal,0.8049439787864685
hzknst,normal,0.7821798920631409
87e6q8,normal,0.7345834970474243
7smosn,normal,0.7889101505279541
6wavpu,normal,0.7705585956573486
1rip2o,normal,0.7248465418815613
hfhbcj,normal,0.6909084320068359
7037z1,normal,0.752535343170166
gikh9b,normal,0.73113614320755
f92rak,normal,0.7307300567626953
61eaka,normal,0.7527521252632141
3za7jj,normal,0.7729739546775818
1r0zuw,normal,0.7272863388061523
dpj6bu,normal,0.7942622303962708
ceg4ik,normal,0.7669346928596497
gmy768,normal,0.5956925749778748
a0eslw,normal,0.717487096786499
93gzln,normal,0.7567822337150574
clcf1s,normal,0.7905175685882568
83730l,normal,0.6597628593444824
1xk7xl,normal,0.8041666746139526
2mww52,normal,0.6539616584777832
2hn1jo,normal,0.7891490459442139
ffa9xb,normal,0.8122177124023438
qiuom,normal,0.7869293093681335
8ta5qy,normal,0.7445548176765442
vuj2s,normal,0.6288567781448364
dd8ud9,normal,0.7825740575790405
eym1vg,normal,0.6890784502029419
mi1k02,normal,0.7785148024559021
l8xgqz,normal,0.6015570759773254
maaytr,normal,0.7986533045768738
m2i4fu,normal,0.7907570600509644
mory9v,normal,0.7705097198486328
khnd6h,normal,0.7905364036560059
hzkild,normal,0.7963253259658813
lkv3gs,normal,0.6095224618911743
joo9gq,normal,0.7459862232208252
le5lxk,normal,0.7757468819618225
mugb5i,normal,0.6645387411117554
jmi1oq,normal,0.7356266975402832
m9g7n6,normal,0.7942882776260376
mapujh,normal,0.6940951347351074
mffy6t,normal,0.8054192662239075
md49tt,normal,0.6699768900871277
mx3539,normal,0.8140831589698792
mehs6u,normal,0.6837650537490845
khoqze,normal,0.7940852642059326
ktzhij,normal,0.8074941635131836
mfe5uu,normal,0.7157055139541626
l0zk4t,normal,0.7769113183021545
mg72qq,normal,0.7676982283592224
jfm3ec,normal,0.7098372578620911
m0qfyc,normal,0.7954884171485901
m97o5p,normal,0.7236365079879761
jufmps,normal,0.6579030752182007
mhjtg2,normal,0.8106629848480225
h9ac88,normal,0.8186368942260742
if2r9m,normal,0.7493969798088074
kxda1m,normal,0.7646722793579102
mlv0eo,normal,0.8040677309036255
mpud5r,normal,0.8074787259101868
mjxum5,normal,0.7278069853782654
m90if8,normal,0.7237227559089661
mhyn8g,normal,0.7008913159370422
mc7ocm,normal,0.7314072847366333
lzvnfp,normal,0.8102527856826782
clxdus,normal,0.7744522094726562
j2w7by,normal,0.7472473382949829
koak1y,normal,0.7227779626846313
ibtl0c,normal,0.805820882320404
ltlxwt,normal,0.7948505282402039
m9pdvf,normal,0.5190154314041138
d980ie,normal,0.7769244313240051
ldekef,normal,0.8212844729423523
mkctd0,normal,0.7002384066581726
hz2pep,normal,0.8313392400741577
gtbre9,normal,0.7847275733947754
lpg0oe,normal,0.837031364440918
bodsyp,normal,0.7921546697616577
kdynxy,normal,0.7504754066467285
7viovy,normal,0.7955336570739746
187201,normal,0.7274987101554871
g6fbfv,normal,0.737009584903717
dvvx0h,normal,0.7601763606071472
ghy0ex,normal,0.7528939843177795
ewsqbo,normal,0.7557483911514282
gt9kia,normal,0.6416175365447998
d614g,normal,0.6870442628860474
fcw44l,normal,0.6905980110168457
fsedqb,normal,0.496693879365921
fzjic5,normal,0.8035322427749634
6jpda5,normal,0.741563081741333
d7o3fp,normal,0.801256000995636
88ugj9,normal,0.7398990988731384
1971wr,normal,0.7410827875137329
3hgh3n,normal,0.7341217994689941
bp1cru,normal,0.7337157726287842
akga5v,normal,0.6800525188446045
dqfc06,normal,0.7333903908729553
88jju7,normal,0.8077880144119263
9wky1d,normal,0.7876419425010681
4kyso7,normal,0.5998976826667786
8wpktj,normal,0.750529944896698
19c1pl,normal,0.7031593322753906
aessie,normal,0.7444282174110413
45ta52,normal,0.6897779107093811
8vjvf9,normal,0.7162613272666931
6yphgu,normal,0.722182035446167
3ez5cz,normal,0.6821495294570923
5zaf4a,normal,0.6560733914375305
6lfi2g,normal,0.7851700782775879
6j4k3q,normal,0.47784438729286194
2j27b1,normal,0.6248549818992615
59dqeu,normal,0.6433785557746887
5eciws,normal,0.8216149806976318
1or121,normal,0.7157287001609802
15ryrm,normal,0.5895125865936279
4wswmx,normal,0.7778019905090332
29bu91,normal,0.6640545725822449
49hwot,normal,0.7928150296211243
4y62vr,normal,0.6961758732795715
41092a,normal,0.747062087059021
4vuaug,normal,0.8064473867416382
3c65mn,normal,0.4824830889701843
48ctwg,normal,0.5896999835968018
4vmk1o,normal,0.7115410566329956
5s72xy,normal,0.728499710559845
mx84eg,normal,0.7878530621528625
mi7ue3,normal,0.8307545781135559
eqztlr,normal,0.801690936088562
d0hq32,normal,0.6331263780593872
jl0k41,normal,0.790197491645813
jtdspd,normal,0.7570855617523193
juya6q,normal,0.7674126029014587
km2y0y,normal,0.7905324697494507
ip6ifr,normal,0.5425668954849243
d543a8,normal,0.6508748531341553
mrvp60,normal,0.7166523933410645
g5abby,normal,0.7777174115180969
aht4mv,normal,0.7999894618988037
llogum,normal,0.5698539018630981
hekp09,normal,0.8041689395904541
di91w2,normal,0.8320310711860657
b67eeu,normal,0.7893713116645813
3fqr3m,normal,0.7691643238067627
kihw5c,normal,0.7701737284660339
ec6wb9,normal,0.7414447069168091
a0gdma,normal,0.7635107040405273
6byf4p,normal,0.7481653094291687
7q7q9x,normal,0.7055844068527222
jlth6l,normal,0.6495144963264465
joffez,normal,0.6488174796104431
knz0ug,normal,0.8066616654396057
fh85ck,normal,0.6397294402122498
dx6r19,normal,0.7210591435432434
hdwjk9,normal,0.8202221989631653
1rggjb,normal,0.7614056468009949
acn1vd,normal,0.7944262623786926
se3g8,normal,0.7448623776435852
jkxk6l,normal,0.7921861410140991
1wzlr8,normal,0.8057881593704224
booxpq,normal,0.7932555675506592
f385ul,normal,0.7266765236854553
e6diig,normal,0.8120977878570557
jds97p,normal,0.8071208000183105
kbrom9,normal,0.5297104120254517
3nz6kt,normal,0.7640019059181213
k4v4pm,normal,0.7833083271980286
48bsp2,normal,0.7676641941070557
3xqyji,normal,0.763432502746582
4fe0la,normal,0.7690430879592896
2fr0cx,normal,0.7061307430267334
jxznf9,normal,0.7721601724624634
4564me,normal,0.7365339994430542
1yogq5,normal,0.7957671284675598
2mri11,normal,0.7897317409515381
mxbobf,normal,0.8206926584243774
mwrru5,normal,0.8023677468299866
mwpdum,normal,0.7951905727386475
mvg1hj,normal,0.539837121963501
muqxq6,normal,0.7550423741340637
mqzci4,normal,0.7244203090667725
mv16zh,normal,0.7951212525367737
msxbcs,normal,0.7813329696655273
mtaerd,normal,0.7998051047325134
ms7ms9,normal,0.7772025465965271
mr53sr,normal,0.7160063982009888
mndmqt,normal,0.7597440481185913
mpnk5q,normal,0.785716712474823
mpkvll,normal,0.7872899174690247
mpb0dr,normal,0.6575431227684021
mktoe9,normal,0.697135865688324
mobbgp,normal,0.6887518763542175
mn5b8u,normal,0.7845027446746826
mjwxbs,normal,0.7787325978279114
mmkxmk,normal,0.7529478073120117
mhoicc,normal,0.7104654312133789
mk3s7t,normal,0.7642479538917542
miys1h,normal,0.7954919338226318
mhk9hx,normal,0.7836243510246277
mhcmxh,normal,0.802295446395874
mgxr0r,normal,0.7918857336044312
mg7cm7,normal,0.5948465466499329
mg5oum,normal,0.7590841054916382
mg6gtv,normal,0.7523624300956726
md3s76,normal,0.7677720189094543
md34qt,normal,0.7628403902053833
mchuer,normal,0.7873746752738953
mca91j,normal,0.7664368748664856
m7rzg9,normal,0.8158327341079712
mbol0e,normal,0.6808483600616455
mbdmha,normal,0.7982292771339417
magmv5,normal,0.7524991035461426
mam8mq,normal,0.7133873701095581
mahz3i,normal,0.7908188700675964
m9rufk,normal,0.7348542809486389
m88dki,normal,0.7924124598503113
m86tdf,normal,0.7840301394462585
m807l0,normal,0.7172370553016663
m7dl02,normal,0.7689874172210693
m6ljkr,normal,0.7885912656784058
m5cdbx,normal,0.7286359667778015
m4x81x,normal,0.6650176644325256
m4kc0c,normal,0.7786120772361755
llsf51,normal,0.7839747071266174
mqmyiw,normal,0.740813672542572
mvtazw,normal,0.7041345238685608
leygeu,normal,0.5266958475112915
kiifud,normal,0.7716344594955444
lgbc70,normal,0.7865854501724243
k85n4o,normal,0.7311918139457703
lglt0f,normal,0.7438713312149048
llcwou,offensive,0.40695035457611084
leqryv,normal,0.8023421764373779
lf1j1b,normal,0.6596508622169495
lwxx6j,normal,0.8054593205451965
iil209,normal,0.7643172144889832
i5ozhj,normal,0.7617366909980774
lwjy7k,normal,0.7488526105880737
mrktkw,normal,0.6749497652053833
mooq4m,normal,0.5462016463279724
ltyi7k,normal,0.813909649848938
lru41y,normal,0.798689067363739
imc561,normal,0.7689682245254517
ghdkl5,normal,0.7644226551055908
lzgbuo,normal,0.7453945279121399
gud2gu,normal,0.7303850650787354
l68a3h,normal,0.7334389686584473
fuauh2,normal,0.7248630523681641
k2kl32,normal,0.7712434530258179
mjh2za,normal,0.6382679343223572
iabtcq,normal,0.7482325434684753
jiq4yb,normal,0.7744455933570862
i4fd4x,normal,0.6627926826477051
kyp6ru,normal,0.7023369073867798
feeucz,normal,0.6399030089378357
jd72xl,normal,0.7693060040473938
ksglqw,normal,0.7725061178207397
k7czta,normal,0.5387617945671082
kw5ihf,normal,0.7697598934173584
k7fz19,normal,0.7594650983810425
ir7tlv,normal,0.7764973044395447
ineai6,normal,0.6646672487258911
ijnpl2,normal,0.7450685501098633
mce5h2,normal,0.6614886522293091
jz60xv,normal,0.7524088025093079
jcvsrc,normal,0.7424287796020508
meibzg,normal,0.7145082354545593
i19w8i,normal,0.7742745876312256
jq24oa,normal,0.7678290009498596
m9fu68,normal,0.7743299603462219
ea9mbz,normal,0.7855285406112671
l6l7nx,normal,0.7778465747833252
fdoyzd,normal,0.7105650305747986
mtspy8,offensive,0.48640745878219604
jut0ej,normal,0.6880120038986206
mrob1t,normal,0.728453516960144
l2d6cj,normal,0.7401614785194397
kbj1k2,normal,0.7305747866630554
kr4aff,normal,0.7501260042190552
jhxbqk,normal,0.7745058536529541
mo6n6d,normal,0.81393963098526
jcazfe,normal,0.7703714966773987
fymre6,normal,0.8093807697296143
ltruhm,normal,0.788608193397522
kbvhuq,normal,0.7803059220314026
lo9bc3,normal,0.7452271580696106
jhhrw4,normal,0.777516782283783
krheal,normal,0.7654749751091003
gtprd1,normal,0.7661682963371277
knu657,normal,0.3868044316768646
itfqfs,normal,0.7469004392623901
hr19hi,normal,0.7725973129272461
kgh1jf,normal,0.734978437423706
es33p8,normal,0.49432167410850525
ebe1vf,normal,0.7540571093559265
er4bkg,normal,0.7533363103866577
k2wcu1,normal,0.7988895773887634
jh6gfr,normal,0.8215328454971313
kkppy6,normal,0.6983537673950195
g3ihpq,normal,0.6633305549621582
jfsteh,normal,0.5788988471031189
jsgtyk,normal,0.7748095393180847
k3ztaa,normal,0.7280163168907166
ehp6gu,normal,0.6813985705375671
eq5xft,normal,0.7529655694961548
jk19dn,normal,0.79457688331604
c59b1d,normal,0.7059593200683594
jbnt8c,normal,0.6544285416603088
k6k1gb,normal,0.7839350700378418
gog5rn,normal,0.7096261382102966
jlqjqc,normal,0.7393152713775635
jq87io,normal,0.7609966993331909
iqci1l,normal,0.679534912109375
dvbm0x,normal,0.7058345079421997
elno13,normal,0.6678124666213989
gwcre2,normal,0.6912888288497925
iv37tl,normal,0.6612547636032104
i9802v,normal,0.7868391275405884
a7c36,normal,0.7970724701881409
cg8vtc,normal,0.7225704789161682
d4adcu,normal,0.763755738735199
7wp18r,normal,0.5816968679428101
8yxdn9,normal,0.5782803893089294
8erw7a,normal,0.8083004951477051
drqhb,normal,0.7042911052703857
3nhkbv,normal,0.49060532450675964
2x1qbv,normal,0.5766220092773438
mq470b,normal,0.7774956226348877
lkl7gv,normal,0.6244547963142395
leunaa,normal,0.7189964652061462
mbcqn3,normal,0.7856095433235168
jihgbg,normal,0.7672883868217468
kgrsns,normal,0.7209324240684509
mb2ggz,normal,0.7022300362586975
j9d1v9,normal,0.8068353533744812
mjxczp,normal,0.6835713982582092
lpi0ay,normal,0.7189964652061462
i5f9dn,normal,0.7779819369316101
i5kaem,normal,0.7128114104270935
jv5rt6,normal,0.7265949249267578
kpo0aj,normal,0.7308080792427063
mptkwe,normal,0.8344221115112305
k1nqnr,normal,0.7344402074813843
g6oq6t,normal,0.5811317563056946
j5jgkj,normal,0.7843834757804871
gojf15,normal,0.6928706169128418
k7mg04,normal,0.8050662279129028
kn8q9j,normal,0.7083073854446411
iypfgx,normal,0.8064082860946655
hj3plp,normal,0.8161259889602661
jnrd2n,normal,0.7862857580184937
lhh3rl,normal,0.7621279358863831
k1o8ei,normal,0.7694194316864014
le644s,normal,0.8058800101280212
iidg1x,normal,0.7786887288093567
jws1by,normal,0.6468396782875061
g8f0a7,normal,0.7454126477241516
moj5pu,normal,0.7422159314155579
e55l12,normal,0.7368879318237305
m7hqzs,normal,0.7530447244644165
ck9s51,normal,0.76328045129776
k040pb,normal,0.7220459580421448
ki973g,normal,0.7784065008163452
fv3uik,normal,0.7698436975479126
d2aumk,normal,0.6880064010620117
gktltx,normal,0.7692721486091614
le3k02,normal,0.7362645864486694
j7eaie,normal,0.815564751625061
kl27ne,normal,0.793208658695221
lxhz2o,normal,0.7024136185646057
9f2rdf,normal,0.8038541674613953
h9wdac,normal,0.7704852819442749
iuum1m,normal,0.7779200077056885
gxu5ki,normal,0.6938015222549438
fl3scm,normal,0.6760023236274719
g2mxjf,normal,0.7144713997840881
ajz9pu,normal,0.8051052689552307
2s4278,normal,0.7895171046257019
2qfpdb,normal,0.7443327903747559
4byaoi,normal,0.6696625351905823
4h68ct,normal,0.704054594039917
dtm8t,normal,0.4851864278316498
lvyc6,normal,0.7204533815383911
khil13,normal,0.7758246660232544
kvy2h4,normal,0.7209327816963196
ltiyr9,normal,0.8053909540176392
j68hqv,normal,0.7929455041885376
lnycnx,normal,0.7434602379798889
hnjuu2,normal,0.7478954195976257
mcyxs9,normal,0.7935634255409241
jbkjja,normal,0.7045539021492004
k9wxuw,normal,0.6789303421974182
k93o2a,normal,0.7948243021965027
kmi8jm,normal,0.6719566583633423
im74g6,normal,0.767811119556427
ku588l,normal,0.696190595626831
hgt3j9,normal,0.8254716396331787
fsib45,normal,0.690295398235321
ftz68k,normal,0.6560198664665222
1xcpi3,normal,0.7428925633430481
66xhfw,normal,0.673337459564209
fkqsg4,normal,0.6596917510032654
hf45o,normal,0.8181777000427246
imf65v,normal,0.6975017189979553
k38boh,normal,0.7832942008972168
dygmnl,normal,0.7439530491828918
jpukto,normal,0.7500396370887756
jwsql,normal,0.7710967659950256
d0htr,normal,0.7523250579833984
diuleg,normal,0.6601042747497559
dfiv7i,normal,0.7327401041984558
hznigg,normal,0.7184613943099976
aec1cs,normal,0.7854454517364502
dk9sat,normal,0.7516958117485046
63nejw,normal,0.6751027703285217
2usd66,normal,0.6665738821029663
4xnmhg,normal,0.8021098971366882
5y1wr9,normal,0.7433918118476868
g4m8sy,normal,0.7091902494430542
krqhrk,normal,0.5464473366737366
c0ynmf,normal,0.7631012201309204
8lwwe2,normal,0.6743346452713013
4fv4q8,normal,0.7484589219093323
8c3hgb,normal,0.6755850315093994
8lk1if,normal,0.6608171463012695
ee945n,normal,0.6503918170928955
8hqn4o,normal,0.6654307246208191
jbck2s,normal,0.68426913022995
5d04qo,normal,0.7713519334793091
8di3p2,normal,0.7561942338943481
26qn4j,normal,0.6247129440307617
2i64ar,normal,0.762535572052002
f4a5r7,normal,0.7322385907173157
gtq564,normal,0.778329610824585
aaalc0,normal,0.7730721235275269
18me75,normal,0.79654461145401
1kw6rq,normal,0.7621758580207825
fuwub9,normal,0.7690367698669434
ei6zqx,normal,0.7161408066749573
hpkfi2,normal,0.6021738052368164
cxeof,normal,0.7458353042602539
119wuh,normal,0.7179340720176697
effe6,normal,0.6871050596237183
deb3d,normal,0.8116447329521179
ek4fj,normal,0.6837851405143738
1833ej,normal,0.7529399991035461
81ved,normal,0.7157463431358337
829e0,normal,0.7029418349266052
81j1w,normal,0.826541006565094
81wc0,normal,0.7354691028594971
l4k9w,normal,0.8092070817947388
dqvex,normal,0.6880070567131042
dq5f8g,normal,0.7306077480316162
9llpp,normal,0.771371603012085
9l7e8,normal,0.7816734910011292
6vg1x,normal,0.7415191531181335
11sj18,normal,0.7575976252555847
iqou89,normal,0.4827667772769928
gp6bk6,normal,0.7401268482208252
2uzjpq,normal,0.7688496112823486
hd4qq,normal,0.7479798197746277
3xitl0,normal,0.7448169589042664
l6d23,normal,0.6465691924095154
8czuw,normal,0.6762894988059998
1mnp36,normal,0.6803981065750122
496ouj,normal,0.7174989581108093
1aj2lc,normal,0.7851300239562988
22zwr1,normal,0.5632500648498535
1alqf0,normal,0.7812100648880005
m34ylg,normal,0.5072759389877319
axe0be,normal,0.6816650629043579
in09j1,normal,0.6819379329681396
3yvb4g,normal,0.7365115284919739
953uc4,normal,0.7431288957595825
40rlsv,normal,0.778188169002533
gnz2q7,normal,0.7903542518615723
jcvp2x,normal,0.7795383930206299
gib4w,normal,0.41883164644241333
holqga,normal,0.8163560032844543
g1a8q9,normal,0.7851446270942688
hl39e8,normal,0.7525832653045654
b82pkn,normal,0.7381591796875
gu9sbh,normal,0.777104914188385
i4lpf,normal,0.752724289894104
hcl6pq,normal,0.8168638944625854
hl37al,normal,0.752475917339325
ddpyn,normal,0.7260890603065491
bsmfum,normal,0.6165849566459656
arhi7,normal,0.7054029703140259
11l52b,normal,0.6241499185562134
e0cqfs,normal,0.7934148907661438
f5lcl,normal,0.7654402256011963
bp5zn3,normal,0.5774586200714111
g3kmab,normal,0.7229713797569275
9k81v1,normal,0.7573922276496887
azq3x7,normal,0.6974164247512817
c7qzvk,normal,0.7056792378425598
4bi597,normal,0.6721529960632324
2n35n1,normal,0.68942791223526
96lwqi,normal,0.7365128993988037
b1d36s,normal,0.8227761387825012
hejqlt,normal,0.7811247110366821
kri7yi,normal,0.7942841649055481
ftqkj5,normal,0.7522878646850586
k5xb0b,normal,0.7221872210502625
aw437m,normal,0.7198699116706848
iqrc02,normal,0.7757434248924255
ser97,normal,0.7437886595726013
iysn46,normal,0.774006724357605
jydmg0,normal,0.8225497007369995
2mlky0,normal,0.7395856380462646
96feqw,normal,0.6894748210906982
gm6ld6,normal,0.6450377702713013
4hupk7,normal,0.7764674425125122
6zzxbc,normal,0.7977917194366455
j02k5x,normal,0.6102099418640137
fkvhv9,normal,0.7709089517593384
10mncu,normal,0.757380485534668
13zs4k,normal,0.7772746682167053
tpybt,normal,0.8030669689178467
ivmdd,normal,0.7685697078704834
9f2re,normal,0.7378729581832886
92q1r,normal,0.751343309879303
8irg1,normal,0.7911126613616943
4i58ic,normal,0.7943362593650818
ek4dq,normal,0.7344462275505066
g1yv3w,normal,0.7410516142845154
1sl7yv,normal,0.7098907232284546
y7g2c,normal,0.7928877472877502
shytb,normal,0.7684698104858398
dhumg,normal,0.6899262070655823
89v2k,normal,0.7430640459060669
9f53m,normal,0.7903286814689636
eam14r,normal,0.6331821084022522
4uj6ig,normal,0.7979853749275208
dqyb5,normal,0.8311373591423035
88bhbs,normal,0.707237184047699
fotiz,normal,0.7756658792495728
4njhnq,normal,0.7412237524986267
fo9we,normal,0.8050664067268372
baa2t,normal,0.7860130071640015
8h2wpg,normal,0.7124431133270264
92ttw0,normal,0.789578378200531
a2u3v,normal,0.8275507092475891
375d5r,normal,0.8235201835632324
9qubkt,normal,0.8383457660675049
itjjn,normal,0.7772044539451599
35dqis,normal,0.6964906454086304
70ft3s,normal,0.7510379552841187
2zwxjz,normal,0.7030910849571228
lz6ugf,normal,0.7087224125862122
kganmf,normal,0.7087686061859131
7uggkh,normal,0.8079501390457153
7hqbcr,normal,0.8082444667816162
ihexm,normal,0.6990736126899719
8wsqvj,normal,0.6008821129798889
90qigf,normal,0.6082038283348083
4d12ew,normal,0.780339777469635
stmjy,normal,0.8017150163650513
7dxeuj,normal,0.6966562271118164
jfqtw,normal,0.7617599368095398
1unaq0,normal,0.5612800717353821
1gimie,normal,0.7956499457359314
m4t2mi,normal,0.7721351981163025
mi61he,normal,0.7560665607452393
mssn6e,normal,0.689717710018158
jmn07u,normal,0.7706730961799622
hqwuo0,normal,0.5934829115867615
iy33pm,normal,0.724810004234314
l8ok9d,normal,0.7788349986076355
c02b14,normal,0.7508221864700317
d9qts,normal,0.7730584740638733
hit4te,normal,0.7879370450973511
2aquny,normal,0.7801538109779358
16coqa,normal,0.6235834956169128
emdc6,normal,0.8410994410514832
4veg1x,normal,0.6437305808067322
5o8ggw,normal,0.7759884595870972
bswr7j,normal,0.5858739018440247
1lto9m,normal,0.7524739503860474
9qwam1,normal,0.7658646702766418
ecjbg3,normal,0.7842099070549011
r21jl,normal,0.7487205266952515
5ez8kr,normal,0.5357612371444702
9bn3we,normal,0.6831802129745483
87590,normal,0.6480852365493774
3844mu,normal,0.6276461482048035
mxax45,normal,0.7848425507545471
mwtfto,normal,0.779388427734375
mx581g,normal,0.7926710844039917
mw4xnn,normal,0.7048406004905701
mus2ah,normal,0.8348751068115234
mx4h25,normal,0.7604276537895203
mw5tn8,normal,0.8048020601272583
mx35v0,normal,0.6708466410636902
mw3c94,normal,0.7503068447113037
mx1toj,normal,0.7666881680488586
mwz9bo,normal,0.6805175542831421
mt97t1,normal,0.6885549426078796
mwn7dz,normal,0.7791617512702942
mwlkor,normal,0.816711962223053
mwhy0w,normal,0.7213340997695923
mvs6zi,normal,0.7844326496124268
mw941a,normal,0.7981734275817871
mw39c0,normal,0.7933834791183472
mvyvf2,normal,0.785653829574585
mv3o0m,normal,0.7670872807502747
mvfzyd,normal,0.7730476260185242
muavk8,normal,0.7683506011962891
msz113,normal,0.7923180460929871
mswvcx,normal,0.7822490930557251
mudn44,normal,0.7023150324821472
muzlpq,normal,0.7758376002311707
mv5e4y,normal,0.7335253953933716
mula5e,normal,0.7345482707023621
msagoj,normal,0.7503035068511963
musogk,normal,0.6539425849914551
mugk3o,normal,0.790973961353302
mucrdr,normal,0.8224374651908875
mui84a,normal,0.7005929350852966
mtrda6,normal,0.6206352114677429
mu4qtd,normal,0.7426795959472656
mrw15q,normal,0.7764008641242981
mud2qi,normal,0.755053699016571
mub748,normal,0.803754985332489
mub51x,normal,0.7728617191314697
mts5uk,normal,0.782028317451477
mu60hb,normal,0.6437714695930481
mtkmc6,normal,0.7461468577384949
mr15bj,normal,0.7526705861091614
mqx1ao,normal,0.7987582087516785
mtgq16,normal,0.6863405108451843
mra1u9,normal,0.7758828401565552
mrgq7y,normal,0.7777020931243896
msunpf,normal,0.6682091951370239
mqe22r,normal,0.7132179141044617
mtdthh,normal,0.7621569633483887
lht3sq,normal,0.7720178961753845
hkpm9i,normal,0.7032492160797119
lekzt0,normal,0.7678548693656921
k4x079,normal,0.7624925971031189
jy9kvp,normal,0.7624925971031189
g2l79f,normal,0.7945070266723633
mi5ya7,normal,0.6096482276916504
m396w0,normal,0.7783927321434021
idls2j,normal,0.776543915271759
hexlu7,normal,0.7600592970848083
j1frka,normal,0.7633093595504761
mivl40,normal,0.7870265245437622
k80kj1,normal,0.8104745149612427
ezbdp3,normal,0.7485275268554688
hvy0i3,normal,0.7392030954360962
ej2gjb,normal,0.7440969944000244
frt171,normal,0.7552486658096313
i5133h,normal,0.7574575543403625
lyj8no,normal,0.7790737748146057
hl74m9,normal,0.8014099597930908
m61ni8,normal,0.7582133412361145
lp4pl7,normal,0.8046950101852417
9jn795,normal,0.751218318939209
grqkx3,normal,0.7910606861114502
g1a17f,normal,0.7548555731773376
g0rwy9,normal,0.7525141835212708
en96h5,normal,0.7725963592529297
knekw1,normal,0.7024183869361877
j08j3h,normal,0.7942489385604858
bdhz7w,normal,0.6303690671920776
i2zt2f,normal,0.7900571227073669
jreng2,normal,0.8250597715377808
ctzhet,normal,0.7377381920814514
gea0go,normal,0.7709817290306091
h8h58h,normal,0.7859135866165161
8t34ro,normal,0.7592586278915405
aeenit,normal,0.7824152112007141
8r56fo,normal,0.7551413774490356
7io56b,normal,0.6867674589157104
gkxvge,normal,0.7419232726097107
2tue0l,normal,0.7583292126655579
442gy3,normal,0.6593270301818848
86qvrg,normal,0.6970437169075012
eytuyc,normal,0.7164657115936279
68rfhd,normal,0.7799351215362549
61v7go,normal,0.7547362446784973
693ugx,normal,0.6916094422340393
df3fsh,normal,0.766312301158905
bpk2v1,normal,0.8221891522407532
1vm9la,normal,0.7180578112602234
ilrdqy,normal,0.7307436466217041
i9n6cd,normal,0.6502317786216736
ewtj5v,normal,0.7604893445968628
7h90t2,normal,0.720969557762146
8kd0u1,normal,0.7358431220054626
kx9tca,normal,0.8012782335281372
lv53wi,normal,0.7360877990722656
leta2e,normal,0.8001681566238403
24badm,normal,0.7583062648773193
lam56w,normal,0.7635811567306519
k2hc98,normal,0.6814135313034058
jcr8wf,normal,0.7694830298423767
l7uqu0,normal,0.8177574872970581
kcrepz,normal,0.7887457013130188
fc60q1,normal,0.6582239270210266
fpzmv8,normal,0.6759282946586609
hz5dqe,normal,0.7711524963378906
f3s8yy,normal,0.7617518305778503
dam7wz,normal,0.7360537052154541
gecgyr,normal,0.7002946734428406
gmczg8,normal,0.7577878832817078
f4vg55,normal,0.789821982383728
faduqy,normal,0.62064129114151
dch3vr,normal,0.8012813925743103
fbzuml,normal,0.7574049234390259
eu5nhg,normal,0.7795748710632324
bpm8h3,normal,0.7679868936538696
ighskz,normal,0.5732453465461731
gnzzt0,normal,0.8016896843910217
fnuibr,normal,0.7796840667724609
f7jssx,normal,0.7288557291030884
f6c9y5,normal,0.7172877192497253
fo9zph,normal,0.7476873397827148
bsfn4l,normal,0.7374396324157715
fm5s38,normal,0.7467142939567566
8rjgf2,normal,0.7103803753852844
b3h2eq,normal,0.7768505811691284
65zlof,offensive,0.4500669538974762
bviiyq,normal,0.7434550523757935
6lmr1m,normal,0.772605299949646
1n1lb6,normal,0.7689648866653442
cyr859,normal,0.5951656699180603
8q1l1f,normal,0.7400733828544617
7cl3h2,normal,0.7017432451248169
b7jefx,normal,0.676494300365448
8pnhe1,normal,0.635452389717102
4iuzvd,normal,0.7176942229270935
90mtoq,normal,0.7870646119117737
2tzr7f,normal,0.7528813481330872
mnautz,normal,0.7690282464027405
mad7p2,normal,0.7679300904273987
ly2cef,normal,0.7387275099754333
lyfiqr,normal,0.776560366153717
lkb9ex,normal,0.7179239392280579
ljhfs6,normal,0.7468100190162659
lhcrwr,normal,0.7631740570068359
lbxw65,normal,0.7932054996490479
la824w,normal,0.7785504460334778
kooe5l,normal,0.8312616348266602
k9wd6w,normal,0.7551776766777039
k4m70i,normal,0.8042478561401367
k3wul5,normal,0.8276435136795044
jueyqf,normal,0.8249947428703308
jti878,normal,0.7818324565887451
jg9bnl,normal,0.769444465637207
iwte1t,normal,0.8201451897621155
i5yn6d,normal,0.8081645369529724
i2h2o8,normal,0.8310055136680603
i07n5m,normal,0.7194419503211975
hzelrq,normal,0.7071528434753418
hs7adi,normal,0.7898647785186768
hpfnsp,normal,0.7564669251441956
gzv9du,normal,0.6794101595878601
grzzzl,normal,0.7906500697135925
gn6kt9,normal,0.7795643210411072
gjb3d0,normal,0.7924358248710632
g2jgy0,normal,0.7673342227935791
fsvfz8,normal,0.8130182027816772
fil723,normal,0.7292572855949402
ekpwcg,normal,0.7085973024368286
eh3513,normal,0.8024200797080994
dtinnj,normal,0.832383394241333
deummj,normal,0.7893698215484619
cyxe4n,normal,0.7121432423591614
cptct0,normal,0.7769963145256042
cot95o,normal,0.7039233446121216
c35ahv,normal,0.791739284992218
bxyk6k,normal,0.7043965458869934
btpyi0,normal,0.6759859919548035
bk11ni,normal,0.7171096801757812
bjx19b,normal,0.7312341332435608
bj1wkp,normal,0.7953964471817017
b654x7,normal,0.7868236303329468
b3i052,normal,0.743627667427063
azg0up,normal,0.8192539811134338
axr2nj,normal,0.7969458699226379
akd7p8,normal,0.6804152131080627
abpre6,normal,0.8208671808242798
a8oij9,normal,0.6688284873962402
86o7lz,normal,0.7525125741958618
4afhq2,normal,0.7572618722915649
3mh2ro,normal,0.8153690695762634
amaxi3,normal,0.7647441625595093
bkyiwx,normal,0.7432765960693359
h7zfgs,normal,0.8147872686386108
gqwbxu,normal,0.7806429862976074
mpesia,normal,0.7822244167327881
movpcf,normal,0.7929010391235352
crn9p0,normal,0.6377105116844177
89sye3,normal,0.8131683468818665
fci1xz,normal,0.7919761538505554
750yux,normal,0.7638404965400696
cblc0d,normal,0.7684697508811951
bbrpnu,normal,0.7791700959205627
8ixc9u,normal,0.8311418890953064
88vopu,normal,0.7217727303504944
bxmh2h,normal,0.7513294219970703
kq1ocn,normal,0.7433123588562012
knh976,normal,0.7899372577667236
6at891,normal,0.8097125887870789
94l49g,normal,0.6162103414535522
7pfzjn,normal,0.7150267362594604
aezvk7,normal,0.7980009317398071
85n0ob,normal,0.663336992263794
896jvw,normal,0.7469939589500427
jpoyru,normal,0.8040080666542053
jcqi5h,normal,0.6647415161132812
fybdxj,normal,0.6892743110656738
4j44ix,normal,0.8402847051620483
4i4vi9,normal,0.815300464630127
4i33rj,normal,0.8402847051620483
g8532p,normal,0.756375789642334
230b25,normal,0.7515956163406372
f5574m,normal,0.7656811475753784
df3w9o,normal,0.7767772078514099
8ampzz,normal,0.6812214851379395
8fa1zl,normal,0.7515713572502136
7dwmhu,normal,0.6476477980613708
58c5p8,normal,0.7207828760147095
7q4s0w,normal,0.8316175937652588
5v12k5,normal,0.7105078101158142
8f8z0o,normal,0.7378062009811401
72hsgq,normal,0.6652222871780396
8ywpnn,normal,0.7839670181274414
2gdso5,normal,0.7091953754425049
511yhv,normal,0.7841616868972778
51onf8,normal,0.5360442399978638
5hjdce,normal,0.8105885982513428
2xfc24,normal,0.7202189564704895
mrwwj,normal,0.7285674810409546
3iy0yt,normal,0.5338700413703918
kcydq,normal,0.7106819748878479
pgv7k,normal,0.7274491190910339
1n23t0,normal,0.8015943765640259
mnvfz9,normal,0.7656242251396179
ka2kb1,normal,0.7470335960388184
k0bmtv,normal,0.8260348439216614
iow4mh,normal,0.7523968815803528
jsgqd5,normal,0.7530893087387085
iy1bjp,normal,0.7751631140708923
h0pqi0,normal,0.724480390548706
l03fsu,normal,0.7476204037666321
frcn7f,normal,0.7953451871871948
ct7w4h,normal,0.620388388633728
grvzgt,normal,0.7464877367019653
ltqh17,normal,0.8112927675247192
hax306,normal,0.7611419558525085
kik2fh,normal,0.7908920645713806
im80qb,normal,0.6560976505279541
md0mwy,normal,0.7846860885620117
lksfyu,normal,0.7804052233695984
meeqkx,normal,0.813926637172699
ityr4d,normal,0.7891498804092407
i8zzlx,normal,0.7960864305496216
55zs6j,normal,0.803081214427948
m8ss6u,normal,0.7588441371917725
blxt3i,normal,0.6461964845657349
fjkgma,normal,0.7616672515869141
amju9q,normal,0.6885119676589966
lzc31g,normal,0.6207045316696167
dntsxg,normal,0.7837962508201599
l1ypzv,normal,0.7731353044509888
lb9u9k,normal,0.733226478099823
ko5p9m,normal,0.803765058517456
m31a8b,normal,0.7451981902122498
grn7rv,normal,0.8090182542800903
9i0t57,normal,0.7689409852027893
gj00u1,normal,0.7986329793930054
j5ftwm,normal,0.7101846933364868
ic3yun,normal,0.8093071579933167
d648e0,normal,0.7688310742378235
hu50pz,normal,0.7798863649368286
lrynh6,normal,0.7744861841201782
75i19k,normal,0.7246636152267456
hsk0yn,normal,0.7479081749916077
k7qdvc,normal,0.8370235562324524
2sqp3g,normal,0.8117026686668396
h9shrh,normal,0.7712618112564087
mwx6wj,normal,0.8729926347732544
ms4yvm,normal,0.8729926347732544
msj8z8,normal,0.7832391858100891
mqh6ik,normal,0.8108255863189697
mo4zpr,normal,0.793266236782074
mnj2kr,normal,0.8729926347732544
mmt0zc,normal,0.7897456288337708
mkjnww,normal,0.7583587169647217
mim3ad,normal,0.8729926347732544
mf7gh5,normal,0.7260673642158508
mdqiu6,normal,0.8729926347732544
mahnz4,normal,0.7635241150856018
m8j49c,normal,0.8729926347732544
m8npkp,normal,0.7844579815864563
m4xxsy,normal,0.704993724822998
m4ecli,normal,0.7803435325622559
m3kk6i,normal,0.8729926347732544
m35lkw,normal,0.7531353235244751
lzs7jm,normal,0.7774155735969543
lzkh5t,normal,0.7877465486526489
lyeyui,normal,0.8729926347732544
lyoald,normal,0.7760137915611267
lt0oa3,normal,0.8729926347732544
lnj99h,normal,0.8729926347732544
ljmr70,normal,0.7065804600715637
lidyil,normal,0.8729926347732544
leawb0,normal,0.8083477020263672
l2b8un,normal,0.8030027151107788
l22205,normal,0.611000657081604
kzr4lz,normal,0.7953205704689026
kxxdrd,normal,0.8729926347732544
kt5azj,normal,0.8729926347732544
ktrk3b,normal,0.5138991475105286
kp95zc,normal,0.7406650185585022
kodjre,normal,0.8729926347732544
kovh3j,normal,0.788818359375
klxu80,normal,0.6996762156486511
kk1b00,normal,0.8603804111480713
khmrxd,normal,0.6622790694236755
kfnw3c,normal,0.8603804111480713
kb5kk3,normal,0.8603804111480713
k916gp,normal,0.7758918404579163
k6np6u,normal,0.8603804111480713
k0ito5,normal,0.7198546528816223
k23vd6,normal,0.8603804111480713
k1xkpz,normal,0.7558912038803101
k0ufyq,normal,0.7801699638366699
jxrroj,normal,0.8603804111480713
jvezvh,normal,0.6334459781646729
mw8txg,normal,0.8316769003868103
l8x2nz,normal,0.7565783858299255
ji40dd,normal,0.8003550171852112
lrp7uc,normal,0.6487100720405579
ldri8w,normal,0.7097098231315613
muaejd,normal,0.7506667375564575
jkcvda,normal,0.8036112785339355
jr8kft,normal,0.7695067524909973
l7uvje,normal,0.6221821308135986
mk8xnq,normal,0.759689211845398
lv4ohk,normal,0.7506667375564575
jovwep,normal,0.7630747556686401
c8v86h,normal,0.6563562154769897
gwa71s,normal,0.71031653881073
gof6xu,normal,0.750290036201477
mq5j6f,normal,0.8199495077133179
k4df5h,normal,0.6956682205200195
jsfmhv,normal,0.7002890706062317
m3mjh2,normal,0.759844183921814
ikzvqk,normal,0.7726046442985535
l44wga,normal,0.6928121447563171
al63ar,normal,0.7430636286735535
mdjfph,normal,0.7952154874801636
jxo61q,normal,0.6362427473068237
lcvaq6,normal,0.7529454827308655
kjy4ap,normal,0.7913751602172852
les682,normal,0.7762646675109863
hegv4g,normal,0.7223926186561584
8f1b3q,normal,0.7892012000083923
lb5mff,normal,0.7166145443916321
ba3ygm,normal,0.7579729557037354
m4jd9q,normal,0.7379443645477295
hcjg32,normal,0.8250282406806946
ix45j2,normal,0.6274346709251404
go3cwp,normal,0.7846749424934387
edf97a,normal,0.7717501521110535
c99bjd,normal,0.7956843972206116
lj8i50,normal,0.7464007139205933
khjr7l,normal,0.7387034893035889
lg13ed,normal,0.6619614958763123
jdl3vv,normal,0.7642303109169006
a9djzz,normal,0.7226325869560242
lk46bj,normal,0.7496671676635742
