tweet_id,classification,classification_score
kdq8q6,normal,0.7785437703132629
jw9zr1,normal,0.7671053409576416
k1pmw3,normal,0.7618665099143982
jwa23b,normal,0.7946328520774841
k1r1t5,normal,0.7699567675590515
etgs5t,normal,0.7298967838287354
mo0moa,normal,0.7557283043861389
miq01i,normal,0.722579836845398
mcuf4x,normal,0.729250967502594
jw1hws,normal,0.7741698622703552
kasza8,normal,0.8203403353691101
i52yqc,normal,0.8049601912498474
hgmxo3,normal,0.6246699094772339
i36az1,normal,0.7542479634284973
i2ku49,normal,0.7533314228057861
i4d43o,normal,0.809474766254425
i1iabz,normal,0.7417520880699158
i1ia72,normal,0.76030433177948
f9l7wm,normal,0.8082225322723389
lrtalg,normal,0.7858645915985107
i1int5,normal,0.7104666829109192
dg70z4,normal,0.8185750842094421
cjcm5i,normal,0.7655686736106873
eewvei,normal,0.7391824722290039
e1dftx,normal,0.789807140827179
dio0ew,normal,0.5744810700416565
da6ra0,normal,0.8199279308319092
mvgqxi,normal,0.7459224462509155
md0ryc,normal,0.736126720905304
k01o82,normal,0.7918710112571716
hwzy1l,normal,0.7555102705955505
fldxm2,normal,0.7660156488418579
f6t3z3,normal,0.8118043541908264
971d8l,normal,0.8223704099655151
96v7xd,normal,0.7900660634040833
8ocgp1,normal,0.7370145320892334
7p8c8v,normal,0.8022213578224182
7jfeyl,normal,0.7778080701828003
7h5sr8,normal,0.8258349895477295
7gb097,normal,0.6820573210716248
jw9xzy,normal,0.7275019884109497
e935g3,normal,0.7823500633239746
aw4duw,normal,0.7143498063087463
lzdjx6,normal,0.6994453072547913
b6nbs5,normal,0.8371490240097046
ep0tok,normal,0.7367720007896423
citub7,normal,0.7624115943908691
7ng2ia,normal,0.7954050898551941
aawf3b,normal,0.7731736898422241
mkkwt2,normal,0.5994893908500671
eoyhf0,normal,0.7760946154594421
eotpnc,normal,0.789588212966919
eotlo4,normal,0.789588212966919
4kza22,normal,0.6802974343299866
4ic4b4,normal,0.7811219692230225
m6rd4j,normal,0.7502050995826721
lpszw9,normal,0.6430520415306091
gjl6hd,normal,0.7589070200920105
jio5jd,normal,0.7510776519775391
gjqb4l,normal,0.7463603615760803
fbtck9,normal,0.7415591478347778
l68jkt,normal,0.7625241875648499
f5qebi,normal,0.7252331376075745
kflzow,normal,0.6698480248451233
ee3a9v,normal,0.7925124764442444
jfvlhu,normal,0.7379425764083862
hvn47d,normal,0.7608873248100281
bvosbd,normal,0.7944592237472534
bv3zh0,normal,0.7487192749977112
79f58q,normal,0.7247804999351501
mvvspz,normal,0.7579175233840942
mu8imz,normal,0.7602194547653198
gq1tf3,normal,0.8181156516075134
366b5x,offensive,0.4334716498851776
9rmqaa,normal,0.792415201663971
3e2bcn,normal,0.8087944984436035
2mses6,normal,0.649507462978363
5yl2o3,normal,0.792624294757843
76um80,normal,0.7557597160339355
3oy239,normal,0.7802899479866028
5e8j1k,normal,0.7137995362281799
36tmnt,normal,0.7125239968299866
mx0mxi,normal,0.7406386137008667
fqokzu,normal,0.7210322022438049
jfhdkg,normal,0.7928177118301392
fv2ed4,normal,0.8134258985519409
8j9p3k,normal,0.7763970494270325
310mrg,normal,0.5024179220199585
2jbwqx,normal,0.7805541157722473
30ux0l,normal,0.731147289276123
30rv2x,normal,0.7450246810913086
420og2,normal,0.7818273305892944
g754k3,normal,0.7292346954345703
fag8hk,normal,0.7691637873649597
c8owpq,normal,0.7527123093605042
5x5w9o,normal,0.7620250582695007
ms4fs4,normal,0.7295889854431152
m8g0um,normal,0.7671135067939758
m80e9z,normal,0.759239137172699
lzwzh3,normal,0.7559100985527039
m7xxgv,normal,0.7912139296531677
mtgaht,normal,0.6748607754707336
l8s6ct,normal,0.7851276397705078
m565d2,normal,0.766326904296875
lush1r,normal,0.8073581457138062
mvszmo,normal,0.7778735160827637
m3o9et,normal,0.8097904324531555
lw922n,normal,0.7363621592521667
jpbaoz,normal,0.786661684513092
hpe02c,normal,0.7756798267364502
hnvnwr,normal,0.708983838558197
m6pkb0,normal,0.7842155694961548
ie6fij,normal,0.7798874974250793
7ohuc7,normal,0.6801517009735107
6axfsw,normal,0.7141110897064209
9n0eah,normal,0.7374340891838074
7xfqkl,normal,0.802798867225647
4i1yfh,normal,0.7426384687423706
2jy4ro,normal,0.7109196186065674
2mfefh,normal,0.7066850662231445
mmptiq,normal,0.7614349126815796
m82ciy,normal,0.7810410261154175
j4zgr5,normal,0.7981682419776917
gqsxs7,normal,0.706658661365509
gonifb,normal,0.765448272228241
ggug2o,normal,0.7996469140052795
g5a4e9,normal,0.7501002550125122
er8xuv,normal,0.7995954751968384
dn3bs8,normal,0.706325888633728
cpgah4,normal,0.819078803062439
bp1meb,normal,0.7370353937149048
88q93y,normal,0.818946123123169
6zifoj,normal,0.8049078583717346
6lryj9,normal,0.752923846244812
k3qrjx,normal,0.7721571326255798
matcar,normal,0.8003754615783691
m8toxr,normal,0.7857187390327454
loihnj,normal,0.6929358243942261
lkfl9x,normal,0.7587606310844421
k3bvtl,normal,0.7039980888366699
j1fh92,normal,0.7763788104057312
i3u72d,normal,0.7641347646713257
2zmdw0,normal,0.8285253643989563
2s5ji1,normal,0.7723767161369324
ghpf51,normal,0.8162122368812561
74yyw0,normal,0.7446509003639221
g852xy,normal,0.8271251320838928
