tweet_id,classification,classification_score
aaum8n,normal,0.8045499324798584
m1obiq,normal,0.7691336274147034
mvoayr,normal,0.823729395866394
lempvj,normal,0.7397900223731995
l3vt57,normal,0.7922293543815613
lsn16g,normal,0.7693668007850647
l85ev5,normal,0.7975407242774963
k7cjji,normal,0.710227370262146
jwrnmr,normal,0.6490294933319092
in5619,normal,0.8092697262763977
jmvft6,normal,0.8074945211410522
l2yatk,normal,0.7787163853645325
gn2rnm,normal,0.7874008417129517
ku87dl,normal,0.76603764295578
imb7y9,normal,0.7729403972625732
j43wtg,normal,0.7574853897094727
jqkqxc,normal,0.6855377554893494
ip36h4,normal,0.7585269808769226
i9uo7j,normal,0.7349666953086853
e3vqn0,normal,0.7994155287742615
f94nv3,normal,0.8027575612068176
gdyafu,normal,0.7278978824615479
i6oki8,normal,0.7659391164779663
ecw9wf,normal,0.7400543093681335
hoxbny,normal,0.6313208937644958
bmohma,normal,0.7533305883407593
dfa8ne,normal,0.7788662314414978
d5c7pv,normal,0.7864383459091187
bhzb7i,normal,0.7941275238990784
7n7q7i,normal,0.7341130971908569
98ios0,normal,0.7649559378623962
5pidd4,normal,0.7322537899017334
78ufs9,normal,0.6940793395042419
3p4989,normal,0.7890645265579224
1qty5w,normal,0.6053244471549988
67qs0w,normal,0.8097793459892273
4oz6ma,normal,0.8016399145126343
1h0sqf,normal,0.8293948173522949
1g35wy,normal,0.7461344599723816
22vgeu,normal,0.8058819770812988
1fmkey,normal,0.6858735084533691
20f17y,normal,0.7732375264167786
31kisg,normal,0.7811594009399414
2e3a09,normal,0.6822619438171387
2fsfj7,normal,0.7765814661979675
lwu6ci,normal,0.7229242920875549
lyjk80,normal,0.8294932246208191
itvmax,normal,0.8116714954376221
lwtjfv,normal,0.7229242920875549
k550d8,normal,0.7696037292480469
ckdw12,normal,0.6960254907608032
k0ha98,normal,0.7923762798309326
4ur7hj,normal,0.7034319043159485
j3tosu,normal,0.7667087316513062
im4zrl,normal,0.7690584063529968
aseln6,normal,0.7735030055046082
fn3ehl,normal,0.7588319182395935
exytmd,normal,0.7442620396614075
b474cf,normal,0.7495447397232056
78kmd1,normal,0.7274652719497681
dn3274,normal,0.768646240234375
khwpny,normal,0.7448563575744629
jqx1ph,normal,0.7372050285339355
itgge7,normal,0.7416189312934875
jzaij3,normal,0.6394484043121338
i2o99d,normal,0.7646039724349976
eauly7,normal,0.7746696472167969
gtia9l,normal,0.7941344380378723
126azm,normal,0.7606855034828186
g7oopo,normal,0.7818109393119812
gsfm6k,normal,0.8013063669204712
3qp07k,normal,0.7777762413024902
ckt8dp,normal,0.7146109938621521
mkw1q2,normal,0.7046246528625488
m7bmks,normal,0.6968210935592651
iprbuz,normal,0.797190248966217
cto8vk,normal,0.6256967186927795
ezfpxn,normal,0.7885754704475403
evax94,normal,0.7745822668075562
a81ejt,normal,0.7195492386817932
2zlkp1,normal,0.7772073745727539
a2lvuf,normal,0.628264307975769
4sursc,normal,0.6762894988059998
3ryjv1,normal,0.7556103467941284
4qnzci,normal,0.7284674048423767
19ubb3,normal,0.7940617203712463
mp0njs,normal,0.7406824231147766
mi1gvq,normal,0.7874240279197693
l6rnvg,normal,0.7848275303840637
l4bdpy,normal,0.7535675168037415
mrt670,normal,0.650316059589386
k8t1ie,normal,0.7221977710723877
juvacw,normal,0.8053397536277771
kb79ou,normal,0.7504980564117432
mhyttu,normal,0.7481848001480103
j1d1c1,normal,0.7769012451171875
mknic9,normal,0.7342146635055542
lqqi8h,normal,0.7855626344680786
mac6mn,normal,0.747399091720581
ht5ium,normal,0.8317615985870361
lzf5c3,normal,0.7139856815338135
ip9z3c,normal,0.7731449604034424
hx6rvj,normal,0.7704265117645264
e9cfn5,normal,0.7591748237609863
9nuik8,normal,0.7792729735374451
5hvyq2,normal,0.7555937170982361
b6sf3k,normal,0.7810773849487305
aof56y,normal,0.7664393186569214
5cw5kq,normal,0.7512529492378235
2alnzr,normal,0.6851631999015808
lim1oq,normal,0.7515091300010681
lxorvd,normal,0.8134636878967285
hfs8ie,normal,0.5264034867286682
kvi71o,normal,0.7323868870735168
msy8c6,normal,0.7687938809394836
ju22um,normal,0.7738029360771179
iw1x4c,normal,0.768340528011322
kkayh9,normal,0.7799950242042542
ksvsdi,normal,0.6331521272659302
mgnn4a,normal,0.840530276298523
macn06,normal,0.7998340129852295
jli1ts,normal,0.7469035983085632
mitj6m,normal,0.7819852828979492
h974ux,normal,0.8010990023612976
4ove2a,normal,0.7845627665519714
ifc4ev,normal,0.5789710879325867
ltyiim,normal,0.7639784216880798
lolmht,normal,0.7469847798347473
mde382,normal,0.8348699808120728
joy6y0,normal,0.6878272891044617
ks4l5v,normal,0.746025800704956
cena3p,normal,0.7449124455451965
j7prim,normal,0.7315795421600342
a1dymx,normal,0.5639079809188843
j7qo0f,normal,0.7705117464065552
iobm8n,normal,0.7902433276176453
m7htgt,normal,0.8033484816551208
dhwuql,normal,0.8063199520111084
xf6ny,normal,0.7645355463027954
m761e6,normal,0.7275380492210388
m2zydx,normal,0.7491390705108643
luqf8q,normal,0.6613187193870544
eckx4x,normal,0.639180600643158
h129hc,normal,0.635887086391449
eh71gy,normal,0.7011277675628662
hg31zp,normal,0.7609384059906006
jo4stq,normal,0.7771691083908081
im17iv,normal,0.8061639070510864
jcdnaq,normal,0.7816628217697144
g8lqlj,normal,0.7762235999107361
7our35,normal,0.8313136696815491
fwykhs,normal,0.7372800707817078
aoqgd7,normal,0.7427477836608887
1ze5f8,normal,0.8194589614868164
hrozvs,normal,0.7480600476264954
cfd8ct,normal,0.6967345476150513
fyu3ot,normal,0.6416327357292175
1v2iqp,normal,0.8474053740501404
cfdwi4,normal,0.7899943590164185
44fub9,normal,0.641096830368042
8tlyrf,normal,0.8016853928565979
fcwomz,normal,0.7089426517486572
cugqn1,normal,0.8177759051322937
cfqns5,normal,0.7157912850379944
6zgqiy,normal,0.7895545363426208
l2my57,normal,0.7110117077827454
kjidls,normal,0.5876970291137695
kvxdx5,normal,0.7730070352554321
mvhkil,normal,0.7610021233558655
kzbhik,normal,0.7918314337730408
img72q,normal,0.6766337156295776
lspz1j,normal,0.6653459668159485
mnmmww,normal,0.6771122217178345
hbekaf,normal,0.7110668420791626
g88h8n,normal,0.7835732698440552
i8hqal,normal,0.820016622543335
meyu6j,normal,0.7031698822975159
jbrcmw,normal,0.7544063925743103
l5dcrp,normal,0.7914222478866577
hgdyaf,normal,0.7582705616950989
lk68pi,normal,0.7187880873680115
ms6qan,normal,0.6209404468536377
mmk50p,normal,0.6593274474143982
md7fcc,normal,0.7210741639137268
kgagpu,normal,0.7607808709144592
mfwtzq,normal,0.7849090695381165
mp619z,normal,0.7765642404556274
8dqhj6,normal,0.802959144115448
km0ew4,normal,0.7182157635688782
iovfzf,normal,0.7328000664710999
mf06bz,normal,0.7660315036773682
fc6d4z,normal,0.7305592894554138
51mr7c,normal,0.5720125436782837
lk7tbw,normal,0.6975502371788025
m20fjm,normal,0.7114098072052002
ms6x7n,normal,0.7579910159111023
j1oaxh,normal,0.7429366111755371
l9gujz,normal,0.7792441844940186
mraz1y,normal,0.8060066103935242
mkrmax,normal,0.7249797582626343
l6old1,normal,0.7286766171455383
mqtwu3,normal,0.6914210915565491
mijzig,normal,0.657429039478302
msszx9,normal,0.7965614199638367
m0u4gw,normal,0.7658450603485107
mwylkw,normal,0.7704626321792603
mim20z,normal,0.7330923676490784
mkx2su,normal,0.8086692690849304
mssjhr,normal,0.7128446698188782
mdpbzy,normal,0.7052062153816223
msgeun,normal,0.5667787194252014
msni12,normal,0.7866159677505493
m43jm5,normal,0.7673678398132324
m1ffdc,normal,0.763458251953125
mtjgwa,normal,0.7407913208007812
l0gpkj,normal,0.8108264207839966
lsupsk,normal,0.7843088507652283
lf7tq5,normal,0.8123394250869751
m77qp6,normal,0.7924219965934753
khxzap,normal,0.755704939365387
m6hj2n,normal,0.7022096514701843
j42fb8,normal,0.7958627939224243
m8ah39,normal,0.7377793788909912
m0k5an,normal,0.7925001382827759
meco6b,normal,0.8111498951911926
lmz6q2,normal,0.7259975075721741
kuhyfi,normal,0.771980345249176
mugb5i,normal,0.6645387411117554
m93587,normal,0.8165379762649536
jd52ge,normal,0.778932511806488
mqz2x0,normal,0.723565399646759
j2nzbl,hate speech,0.579827606678009
i2lr7b,normal,0.7136436104774475
fwb6rh,normal,0.8173230886459351
ity8ll,normal,0.7553730607032776
j9se8o,normal,0.7986694574356079
68tsp9,normal,0.6107403039932251
gwz68l,normal,0.7786265015602112
meuzvn,normal,0.8165040016174316
mdyrq4,normal,0.7863194942474365
lxxl6k,normal,0.6004959344863892
mqpmyh,normal,0.6572940945625305
mrapca,normal,0.7368889451026917
mucng8,normal,0.7795232534408569
m2tjbv,normal,0.6456236839294434
maatum,normal,0.8303490877151489
mfrc60,normal,0.7815747261047363
k4mr64,normal,0.7416474223136902
lm0lbn,normal,0.7332378625869751
mir60w,normal,0.7979761362075806
mrxn3m,normal,0.8265563249588013
mweq0o,normal,0.7095240950584412
mq68uq,normal,0.8161312937736511
mpjs7y,normal,0.7842626571655273
mxw9zs,normal,0.7888405323028564
mxy8pl,normal,0.6974112391471863
mxpgee,normal,0.7651233673095703
my01ho,normal,0.683242678642273
mxy5qe,normal,0.8260810375213623
mxdtsl,normal,0.797322690486908
mw6udo,normal,0.8278265595436096
mx1u2y,normal,0.8009604811668396
mt23wy,normal,0.5308554768562317
mwc1rg,normal,0.78828364610672
