tweet_id,classification,classification_score
ld46ej,normal,0.7991480231285095
mprht3,normal,0.7802190780639648
ly9b6q,normal,0.7556160092353821
mmooo1,normal,0.7384370565414429
mn1hq0,normal,0.7913627624511719
mt131i,normal,0.7289612293243408
m2s4sn,normal,0.6670811176300049
mwculn,normal,0.7277631759643555
mcrxzf,normal,0.7216870188713074
misn45,normal,0.7469017505645752
mwxql5,normal,0.7916633486747742
kl2koh,normal,0.7695077061653137
mqykf2,offensive,0.5085392594337463
mrkqx8,normal,0.74232017993927
lm4un3,normal,0.714572012424469
kgh5ci,normal,0.7525965571403503
lnkqof,normal,0.7485365271568298
mbitgw,normal,0.7798320651054382
mpw8vq,normal,0.748314619064331
mvl1hb,normal,0.7268347144126892
lgcoj6,normal,0.7797900438308716
kuhesd,normal,0.6877211332321167
kszq4o,normal,0.7540267705917358
mw6pst,normal,0.7427852749824524
m9cukt,normal,0.747464656829834
llvt0p,normal,0.7451831698417664
lht5xz,normal,0.8184055685997009
lwawcw,normal,0.7097755670547485
m62no5,normal,0.7941593527793884
kczq83,normal,0.7562724947929382
mk37r2,normal,0.7920479774475098
m4kxck,normal,0.7564935088157654
mnsviw,normal,0.682916522026062
mw6zhs,normal,0.7575016021728516
mjvgup,normal,0.7465268969535828
lpgd50,normal,0.6966606974601746
lnu1ap,normal,0.747805655002594
ly17xb,normal,0.716126024723053
m14zlk,normal,0.7696301341056824
lzi1xe,normal,0.7300569415092468
lwb7at,normal,0.7541704177856445
ksyyx3,normal,0.7881869673728943
lny070,normal,0.7336880564689636
l5cear,normal,0.7552065849304199
lxkuy7,normal,0.8143104314804077
lynyss,normal,0.8225715756416321
kv37tw,normal,0.6853682994842529
kftdt9,normal,0.7394715547561646
mvml9w,normal,0.825481116771698
mnwivd,normal,0.731281042098999
m2escs,normal,0.7723903059959412
khxgr6,normal,0.7434604167938232
k4pnrh,normal,0.7020562291145325
ke2p96,normal,0.7140629887580872
jj191e,normal,0.7700850963592529
j3ecpx,normal,0.783020555973053
iaqgp1,normal,0.7943226099014282
f9imos,normal,0.7332311272621155
g3ioko,normal,0.7938828468322754
esk30e,normal,0.7073235511779785
ef0u97,normal,0.7331941723823547
ebcxqs,normal,0.6648693680763245
etxgdv,normal,0.7338974475860596
dxt6ju,normal,0.7484216094017029
edscce,normal,0.7943425178527832
eriegu,normal,0.7529037594795227
ebs5zx,normal,0.73133385181427
dqnrak,normal,0.8148852586746216
inporu,normal,0.7759526968002319
emxnyx,normal,0.8153958916664124
5fkqwn,normal,0.7902786135673523
kjfkzu,normal,0.8106143474578857
ldpp1q,normal,0.7367540597915649
ah0j36,normal,0.703671932220459
kgdj4f,normal,0.7780535817146301
kqqoun,normal,0.7929706573486328
8mmqyk,normal,0.6246644258499146
knuy07,normal,0.7401273846626282
k3hxhx,normal,0.7685569524765015
5nm0uv,normal,0.679177463054657
957k3m,normal,0.6433301568031311
kkuzzn,normal,0.7893662452697754
k2u61m,normal,0.7488195896148682
kgk5yy,normal,0.8117763996124268
jptkye,normal,0.6822095513343811
79qnaw,normal,0.7444380521774292
64uzsw,normal,0.7210726737976074
kruz0l,normal,0.7807475924491882
iqcuul,normal,0.7488096952438354
4dxhuk,normal,0.787645161151886
kchs7c,normal,0.8269463777542114
kiddc5,normal,0.7197964191436768
jubhnp,normal,0.7730222940444946
2nazrs,normal,0.733715832233429
5zkprx,normal,0.7911118268966675
7lsnf4,normal,0.6918952465057373
52wgcl,normal,0.7766240835189819
iq6c5k,normal,0.7810598015785217
lmcpza,normal,0.7901380062103271
m2yufp,normal,0.7986983060836792
khvx7a,normal,0.8013485670089722
jcyv7q,normal,0.7399359941482544
k8qe04,normal,0.8173855543136597
iz6jrl,normal,0.7392126321792603
kp2ms4,normal,0.7867448925971985
kmmcjn,normal,0.7957187294960022
kz9e6e,normal,0.7743333578109741
g7nvvp,normal,0.7896332144737244
kvru0q,normal,0.6525543332099915
k15l7a,normal,0.7805433869361877
ihjluv,normal,0.782564640045166
g25me7,normal,0.8470485806465149
g9p786,normal,0.7474510073661804
mgohm7,normal,0.7323527932167053
goz93r,normal,0.7569192051887512
lowh8j,normal,0.7546446323394775
lpdebs,normal,0.7385256290435791
klzybs,normal,0.7809882760047913
fs76gc,normal,0.7993011474609375
lj7ibu,normal,0.8059341311454773
lyz69f,normal,0.7552637457847595
dj8074,normal,0.7568182349205017
fzppkw,normal,0.781725287437439
hy190v,normal,0.775062084197998
lwjjsc,normal,0.7044959664344788
fg4gqv,normal,0.7645182609558105
dxpl6v,normal,0.8351609706878662
eo3ud9,normal,0.7963745594024658
gapd95,normal,0.8251283168792725
f1wo0x,normal,0.7685220837593079
kggq5j,normal,0.7562589049339294
lvtcv9,normal,0.7499185800552368
favbhc,normal,0.7490890026092529
k7lnqi,normal,0.6780878305435181
jx1oil,normal,0.7492128610610962
dz9f7o,normal,0.8029837608337402
m6eo1x,normal,0.803613543510437
bvii4z,normal,0.7974282503128052
ekbn4d,normal,0.7703496813774109
gds06c,normal,0.7882793545722961
h03jkc,normal,0.8367335200309753
e7rawb,normal,0.7702709436416626
kgbdmd,normal,0.5486667156219482
aknw94,normal,0.5988137722015381
l02z5g,normal,0.8327628970146179
ccwus8,normal,0.7939419150352478
ef67lk,normal,0.7719730734825134
khl8uh,normal,0.7490128874778748
iajm4s,normal,0.7289626002311707
elcawa,normal,0.747046709060669
muxag3,normal,0.7745506763458252
e6j0zh,normal,0.8184565901756287
mgta62,normal,0.6336258053779602
dsl068,normal,0.6212531924247742
fils0t,normal,0.74582439661026
e7f3i4,normal,0.6989660859107971
f5j2ox,normal,0.7633106708526611
e65coz,normal,0.7447050213813782
5s6dqn,normal,0.49121296405792236
ejr141,normal,0.7057154178619385
jiald9,normal,0.7269676327705383
kyng5q,normal,0.6870468854904175
l1ihop,normal,0.6886155009269714
d06p02,normal,0.8177579045295715
aseqk4,normal,0.6422960758209229
lfc5o9,normal,0.7818871736526489
75w6s1,normal,0.6044380068778992
jmlxjn,normal,0.7473247051239014
410clk,normal,0.7605735659599304
gfqzpd,normal,0.6244291067123413
hndzei,normal,0.7614984512329102
kmypm0,normal,0.6840412020683289
fkdkdq,normal,0.7786524891853333
4al4js,normal,0.5791345834732056
5uvkfm,normal,0.7733182907104492
8h16im,normal,0.7568755149841309
4pg7yt,normal,0.6924909949302673
7lwkm2,normal,0.7936465740203857
8jnnnb,normal,0.7096743583679199
hfhx90,normal,0.7714118957519531
gd0w6c,normal,0.7654126882553101
gczx1d,normal,0.7824441194534302
iw5aar,normal,0.7186681032180786
iieam8,normal,0.7060167789459229
ejdb1u,normal,0.5769904255867004
i6k3t1,normal,0.6056085228919983
dmjnx6,normal,0.6743758916854858
e36baw,normal,0.7325695753097534
hp29n7,normal,0.7506420016288757
dm2hz7,normal,0.6963083148002625
b5q5x4,normal,0.8236310482025146
gga8fk,normal,0.7287458181381226
hao03n,normal,0.7531166672706604
el33mf,normal,0.7729978561401367
fyz864,normal,0.7425975799560547
7eigr9,normal,0.7976467609405518
mmzmt2,normal,0.7565650939941406
mq51ne,normal,0.7756680250167847
mq5ttb,normal,0.741276741027832
mp3mve,normal,0.7184414863586426
mnids1,normal,0.5355831384658813
mkwpd3,normal,0.724714994430542
mkx3h1,normal,0.7765013575553894
mj9lx5,normal,0.7165067791938782
mhz7wy,normal,0.7924853563308716
mhb2pd,normal,0.7835428714752197
mg0eoj,normal,0.7449865341186523
mfr7az,normal,0.8248693943023682
mexe3n,normal,0.6352136135101318
meb83g,normal,0.7120867371559143
m8025o,offensive,0.4506770968437195
m7xwmc,normal,0.435107946395874
mb5pdb,normal,0.7642640471458435
m61abw,normal,0.7596833109855652
lumuwo,normal,0.7898897528648376
luqp2t,normal,0.7507868409156799
ltv8ud,normal,0.6918468475341797
lshcgh,normal,0.7982074618339539
lqlziy,normal,0.696666419506073
lqgiiq,normal,0.7532466650009155
lqnt94,normal,0.7659083604812622
loj42y,normal,0.7776368260383606
lllypv,normal,0.7345655560493469
lh2r36,normal,0.7900775074958801
ljw5t4,normal,0.8173946738243103
lexswz,normal,0.7773145437240601
l9x7jr,normal,0.7983146905899048
ldhw5g,normal,0.7133951187133789
lcqzwn,normal,0.7791630029678345
lconm5,normal,0.7693676948547363
lbtnwo,normal,0.8115293383598328
l3x39b,normal,0.7413582801818848
l3db2z,normal,0.5886788368225098
l2twlw,normal,0.7464911937713623
l2hlnq,normal,0.8084694147109985
kwxljf,normal,0.8070992827415466
l0keun,normal,0.7032120823860168
kuf38o,normal,0.7716638445854187
kxm0n4,normal,0.7199823260307312
kwvou9,normal,0.8053427338600159
kwme82,normal,0.7054981589317322
kvsga8,normal,0.7885082960128784
kursxo,normal,0.715749979019165
ku0jsa,normal,0.7963899970054626
ktyaci,normal,0.6727554202079773
kp87mi,normal,0.8125677704811096
i41mog,normal,0.6828517913818359
mn37g8,normal,0.7175871133804321
hzfg0v,normal,0.7869778871536255
gepz74,normal,0.7339218258857727
atiuo1,normal,0.7078176140785217
em0j40,normal,0.8348289132118225
mdstem,normal,0.6848199963569641
cnalm9,normal,0.7881816029548645
c8a2i3,normal,0.7807754874229431
kgdoif,normal,0.7599551677703857
9r5si5,normal,0.772969126701355
814f9q,normal,0.7786318063735962
90eudx,normal,0.7528814077377319
k6wvy0,normal,0.701816737651825
7bdp1k,normal,0.7746142148971558
kgn04t,normal,0.7723724246025085
71sndr,normal,0.8228497505187988
6o99ga,normal,0.798225462436676
kj5e9u,normal,0.7782185673713684
43aogk,normal,0.7667374610900879
3vz5dz,normal,0.758521556854248
jxp4sw,normal,0.8008920550346375
kboogl,normal,0.7966335415840149
5hur9h,normal,0.761748194694519
idhg6g,normal,0.812553882598877
gu9rme,normal,0.7341245412826538
fp0e4i,normal,0.5921367406845093
geddz6,normal,0.7950127124786377
i9dwks,normal,0.7881563901901245
dazuin,normal,0.727372944355011
e1tfyj,normal,0.7451272010803223
e8ho72,normal,0.8027283549308777
elt462,normal,0.7935981154441833
72uo79,normal,0.7736724019050598
eiti87,normal,0.7307762503623962
eqqhat,normal,0.6985172629356384
e20kvk,normal,0.7269046902656555
cyaim9,normal,0.7767307162284851
ed13ha,normal,0.752198338508606
elpqdy,normal,0.6945187449455261
dhgqva,normal,0.590075671672821
g8aray,normal,0.6964048743247986
egcr8y,normal,0.7742538452148438
7mhw6a,normal,0.7803813815116882
dlpn51,normal,0.8238592743873596
4rp3pi,normal,0.8012101650238037
92it6x,normal,0.7597360610961914
ahtofi,normal,0.7835811972618103
8ulyr6,normal,0.8305557370185852
mjo3x9,normal,0.6555559039115906
ids073,normal,0.540990948677063
elsnyx,normal,0.789420485496521
51axwf,normal,0.6458123326301575
m6yej5,normal,0.7609981894493103
jkgs4k,normal,0.7319160103797913
krot0g,normal,0.7836828231811523
g4bclg,normal,0.7093037366867065
jwvt6g,normal,0.7616977095603943
i1gq0j,normal,0.6787495017051697
ioh5pg,normal,0.7986477613449097
i53fy0,normal,0.8099148273468018
ghm1ey,normal,0.7886927723884583
e6j7vh,normal,0.7505881786346436
hasx8x,normal,0.7649735808372498
2wj2e9,normal,0.7478733062744141
83hfvg,normal,0.778205931186676
f077oj,normal,0.8229170441627502
h0u8yn,normal,0.7033582925796509
e0qq96,normal,0.7512062788009644
eqesrd,normal,0.6846123337745667
gjpp97,normal,0.7709187269210815
eq1n47,normal,0.7473652362823486
ep8bhn,normal,0.7439887523651123
83wweh,normal,0.7611804604530334
e38afm,normal,0.7196210622787476
f3cn9s,normal,0.6952632665634155
es8b8,normal,0.7082537412643433
7yw5mi,normal,0.7761980891227722
8by29j,normal,0.6997129917144775
edztio,normal,0.7911701202392578
a7qfw6,normal,0.7596042156219482
658le3,normal,0.7490382194519043
7q4zbn,normal,0.6039406061172485
egiijs,normal,0.5367903113365173
d1nucj,normal,0.7083446979522705
fpykix,normal,0.7131730914115906
edwfhf,normal,0.7545629739761353
aqr8gk,normal,0.715648889541626
axzq1g,normal,0.7310234308242798
7se9uu,normal,0.48067280650138855
96d3l4,normal,0.7625895738601685
8x6izb,normal,0.7967005968093872
as7rvv,normal,0.6482192277908325
a9h9wk,normal,0.7952607870101929
9mzjxy,normal,0.8010812997817993
5j0o72,normal,0.8243731260299683
7mc55m,normal,0.7689463496208191
969bra,normal,0.7927338480949402
81am76,normal,0.781835675239563
lyqrur,normal,0.7114325761795044
m3y3hn,normal,0.7039179801940918
8d5les,normal,0.7479197978973389
lcts1e,normal,0.6912354826927185
kg41ro,normal,0.7278266549110413
ky41sh,normal,0.602043092250824
i6z6vi,normal,0.7890722155570984
ia3z08,normal,0.648395836353302
dp4p21,normal,0.8138333559036255
go7l2i,normal,0.7381065487861633
eit90c,normal,0.7813400626182556
65o2l0,normal,0.7113226056098938
90fjsh,normal,0.7992956638336182
ecapfc,normal,0.6459285020828247
9ua83o,normal,0.7550712823867798
dzw7sa,normal,0.7861011624336243
48mabk,normal,0.7761560082435608
8arwe3,normal,0.8049799203872681
7n7fj5,normal,0.601083517074585
8nvlvy,normal,0.7283424735069275
7kqmd0,normal,0.7075149416923523
7lovga,normal,0.7870543599128723
1k9bzp,normal,0.7665684223175049
57bj2h,normal,0.5242940187454224
7nmpwn,normal,0.7405292391777039
7kfl8j,normal,0.7975762486457825
1ylumf,normal,0.6506073474884033
mtu71t,normal,0.7172794938087463
kl0r61,normal,0.755061686038971
2yk96s,normal,0.709228515625
jm4m0a,normal,0.6144493222236633
jq41wu,normal,0.6563339829444885
j2tame,normal,0.8375796675682068
43pizp,normal,0.7543611526489258
7w2vwv,normal,0.6985967755317688
ee1klu,normal,0.7914934754371643
ee0n4w,normal,0.7238888740539551
8jif6v,normal,0.7923705577850342
3ppar6,normal,0.7803247570991516
6xz093,normal,0.7722647786140442
mqpggh,normal,0.7281655669212341
mobyb3,normal,0.6229096055030823
ln5vyq,normal,0.6293755173683167
dsgot4,normal,0.7816754579544067
abkj1m,normal,0.6714568138122559
ijh30r,normal,0.6829445958137512
k7i9i7,normal,0.777167022228241
lvenht,normal,0.7613770365715027
5meem6,normal,0.7455559372901917
fl1wkc,normal,0.7761611342430115
dm0xlw,normal,0.7451478838920593
ltgj9q,normal,0.7574952244758606
lfpb8n,normal,0.6953251361846924
cp9w3r,normal,0.792580783367157
e04fed,normal,0.8093280792236328
krvj60,normal,0.6368100643157959
k6zk5f,normal,0.6145995855331421
kh7dyo,normal,0.7210114002227783
kkgh86,normal,0.7080086469650269
bhst08,normal,0.7139931917190552
kfbkw2,normal,0.49170687794685364
jkr5ov,normal,0.6436991691589355
jyvk52,normal,0.756010115146637
eoha6a,normal,0.7422694563865662
ccf9dm,normal,0.758593738079071
gsllbj,normal,0.750182569026947
itesqy,normal,0.7519997954368591
gd4jgf,normal,0.7936254739761353
ej2yft,normal,0.6844049692153931
f0j1be,normal,0.7889530658721924
9qi3l4,normal,0.6401726007461548
i1gnxm,normal,0.7632493376731873
dm08r3,normal,0.7638809680938721
bczu3z,normal,0.7443697452545166
czy6ly,normal,0.8147720694541931
ihy80q,normal,0.7112404108047485
e0hsl7,normal,0.7957504987716675
cj0yrl,normal,0.7413836717605591
c9rxxy,normal,0.6035451292991638
eyjise,normal,0.7600075006484985
en3yzd,normal,0.7643191814422607
dovdeb,normal,0.6688918471336365
ej1jyr,normal,0.7081755995750427
hjm37r,normal,0.68541020154953
gb9v3w,normal,0.8216853141784668
e15fcy,normal,0.7492883801460266
gzwf3m,normal,0.7351509928703308
c0efwo,normal,0.7823589444160461
g9fdgt,normal,0.8474775552749634
eemgb3,normal,0.7609416246414185
eddm79,normal,0.7363144159317017
efkk8p,normal,0.5190191864967346
chdkix,normal,0.7727745771408081
beqbyk,normal,0.7552118897438049
cev1sg,normal,0.7926741242408752
cxirwa,normal,0.7371569275856018
d06brl,normal,0.6734098792076111
aroc5s,normal,0.7198927402496338
mo8rex,normal,0.8118557929992676
le4uca,normal,0.7586935758590698
kr2gmk,normal,0.8321099281311035
kecljs,normal,0.8120222687721252
kh7k3n,normal,0.5846999287605286
llx72p,normal,0.8170360922813416
kk0p0l,normal,0.8235076069831848
j3lfot,normal,0.7179679274559021
kgjc85,normal,0.7532405257225037
l4vg7q,normal,0.6980758905410767
mrxznw,normal,0.7232868671417236
iud0bf,normal,0.7935694456100464
hlsdlg,normal,0.745827317237854
jfnq7a,normal,0.8009265065193176
fgsgxr,normal,0.8271085619926453
jtp6j5,normal,0.7721681594848633
lhl826,normal,0.8009344339370728
m2m40x,normal,0.7443513870239258
jy37qy,normal,0.7884221076965332
lxb6n8,normal,0.6767863035202026
mijmwf,normal,0.675658643245697
m22s7u,normal,0.8112500905990601
mn7puq,normal,0.7474771738052368
mn8v2q,normal,0.7857426404953003
do1x1l,normal,0.7836831212043762
igwhde,normal,0.8473828434944153
fy6q1f,normal,0.8132874369621277
g3nfmw,normal,0.763154149055481
d10idz,normal,0.7365703582763672
m4q9i0,normal,0.7938324809074402
krasem,normal,0.7927103042602539
edki01,normal,0.8071944117546082
iavmhm,normal,0.750119149684906
mm6p4d,normal,0.7281898856163025
euv2xr,normal,0.7811757326126099
j58duf,normal,0.7626081109046936
kff2pc,normal,0.8042294383049011
i1e0t9,normal,0.8167282938957214
bg63xj,normal,0.8012624382972717
e1k2rk,normal,0.7234603762626648
ee78iy,normal,0.770202100276947
ehtj86,normal,0.8224121928215027
m7f1pa,normal,0.827851414680481
lsm8xu,normal,0.6462401151657104
lqzami,normal,0.7026277780532837
dllurd,normal,0.8062707781791687
mhkhcg,normal,0.7651265263557434
dlf77m,normal,0.7893314361572266
dp68lk,normal,0.7664890289306641
kgtwag,normal,0.6656907200813293
dohm00,normal,0.6443191766738892
l3lwpg,normal,0.7736660242080688
kk6ryo,normal,0.6791221499443054
j5vnao,normal,0.7730490565299988
6qdwia,normal,0.8035473227500916
hklbla,normal,0.7823768854141235
kg14fl,normal,0.7407644987106323
jljmud,normal,0.6391476392745972
6pyyp2,normal,0.7568248510360718
j3tmrv,normal,0.657650887966156
hbszep,normal,0.6820281147956848
gjtfqm,normal,0.5730900764465332
ghua2j,normal,0.795268177986145
e4gvnt,normal,0.7732836604118347
cno7a1,normal,0.6853569746017456
f9u0sb,normal,0.7693060636520386
aw91b3,normal,0.8087334632873535
dq1j1g,normal,0.7461068630218506
bgfm81,normal,0.7401784658432007
e3ht42,normal,0.7325695753097534
ee5psw,normal,0.7556636333465576
ettvq2,normal,0.7939648628234863
d52zpr,normal,0.6911796927452087
chsat9,normal,0.6984228491783142
ejzuhh,normal,0.7961829304695129
bgo3vi,normal,0.642578661441803
6uslq9,normal,0.81962651014328
d0yoqs,normal,0.7351207137107849
7dtovl,normal,0.8064592480659485
6yj5co,normal,0.6948793530464172
bdnmug,normal,0.7249800562858582
bd372c,normal,0.6859444975852966
ab4qc1,normal,0.7887304425239563
6e1kah,normal,0.7257702350616455
6dlm9b,normal,0.7648900151252747
939c8d,normal,0.720966100692749
al7w1f,normal,0.5771389007568359
bcrvh9,normal,0.7422879934310913
5sjdm6,normal,0.7926921248435974
5v1pmm,normal,0.7951401472091675
59svt6,normal,0.6789753437042236
6ut74x,normal,0.7539016008377075
6url97,normal,0.7359347343444824
4w76ap,normal,0.7258760333061218
3yml57,normal,0.7066994309425354
4novrb,normal,0.6217553019523621
6xidib,normal,0.7368053793907166
406s1l,normal,0.7385607361793518
m7g0ue,normal,0.7509034276008606
lcjezb,normal,0.7613295912742615
jd0dfn,normal,0.711937665939331
dlc2sw,normal,0.6791287660598755
jmg6v5,normal,0.7645337581634521
kavx81,normal,0.7891070246696472
k5o3qn,normal,0.7496668100357056
jzyiva,normal,0.6573070883750916
bclhdp,normal,0.7198798656463623
iqglpd,normal,0.7690056562423706
fq1zu0,normal,0.7301518321037292
e9lpjz,normal,0.774806559085846
dh1132,normal,0.7918382287025452
561iue,normal,0.7653214931488037
d8yd0c,normal,0.8240209817886353
ehgqtn,normal,0.7860040068626404
eddxbb,normal,0.7037949562072754
ecian5,normal,0.6937366724014282
gjyilr,normal,0.644425094127655
e71200,normal,0.6390577554702759
e7kvg2,normal,0.7850047945976257
9mtk8c,normal,0.7835487127304077
dnzefx,normal,0.6747877597808838
dbdi8u,normal,0.6943370699882507
am4r2a,normal,0.6888951659202576
40dfop,normal,0.7087411284446716
c2vhk9,normal,0.7465523481369019
cu0aes,normal,0.7926937937736511
dkq5r2,normal,0.5688353180885315
eehip0,normal,0.7768250703811646
cpylct,normal,0.753608226776123
dlcjeg,normal,0.770624577999115
dpc34v,normal,0.8005565404891968
8jnpaz,normal,0.7882247567176819
9o9oo7,normal,0.7677815556526184
bdi0jx,normal,0.6779382824897766
eaxbjd,normal,0.7654685378074646
eu9m3s,normal,0.8312812447547913
ehtxl1,normal,0.7351182103157043
bdj704,normal,0.76633220911026
b3syq5,normal,0.7254536747932434
c4j11p,normal,0.7494003772735596
7kcgbr,normal,0.8000862002372742
ancamg,normal,0.7102010250091553
ajcf85,normal,0.7559094429016113
epdy09,normal,0.781269907951355
8molci,normal,0.7731674313545227
chgzcg,normal,0.7874677181243896
jqog8p,normal,0.7258816361427307
lmj2n7,normal,0.7319902181625366
mge44b,normal,0.8060417175292969
m4q0jm,normal,0.7169647216796875
ma91wz,normal,0.7403505444526672
mh0uf7,normal,0.7226783037185669
cv6vlz,normal,0.8083410263061523
7tmcdw,normal,0.7119624018669128
c5i6nx,normal,0.7113990187644958
kydp7z,normal,0.6828681230545044
kfmcfv,normal,0.7053138017654419
kdk9dc,normal,0.7885187268257141
84129z,normal,0.6809682250022888
kf0kb7,normal,0.7806175351142883
iedncw,normal,0.7550821900367737
e3zbfs,normal,0.5588101744651794
k4eupr,normal,0.7768373489379883
jyz8vg,normal,0.7602717876434326
k01rgf,normal,0.7034129500389099
jt62zo,normal,0.5467076897621155
k3bf40,normal,0.7900740504264832
kgqmm2,normal,0.6961327791213989
io9kyk,normal,0.7552300691604614
gpvkyr,normal,0.7277551293373108
hxwui1,normal,0.758822500705719
iiwis3,normal,0.7602717876434326
kaiw39,normal,0.7168828248977661
gtugfb,normal,0.7352728843688965
ilxldg,normal,0.7680943608283997
i33r9v,normal,0.7544312477111816
4fhafx,normal,0.8315114378929138
5v2rpi,normal,0.7416625618934631
5ftsva,normal,0.661381721496582
go584q,normal,0.7461937069892883
gyndx9,normal,0.8121165633201599
4hm7vq,normal,0.738810658454895
gml8ir,normal,0.7496141791343689
g0v0t4,normal,0.7108542323112488
g3u7dn,normal,0.7252010703086853
geksqf,normal,0.7640194296836853
esrj8a,normal,0.75395667552948
de524l,normal,0.7930558919906616
cxkjig,normal,0.427579402923584
g0dspw,normal,0.7229647040367126
g3xmqm,normal,0.7871531844139099
g9w5an,normal,0.727271556854248
knwgwb,normal,0.7115014791488647
kfld0j,normal,0.7803037166595459
jy0234,normal,0.7160477638244629
hqm8z9,normal,0.7801799774169922
gn8z2r,normal,0.7747569680213928
fjwjve,normal,0.8124675154685974
fd0veo,normal,0.6348749399185181
et8bi6,normal,0.7005431652069092
egnyvc,normal,0.7250508666038513
eailaf,normal,0.7409434914588928
e4mfbj,normal,0.6668953895568848
e2fi7i,normal,0.7337578535079956
e244jj,normal,0.730185866355896
dbe52b,normal,0.6070743203163147
cwa90q,normal,0.7653251886367798
cvm6fl,normal,0.7471547722816467
bd7lfb,normal,0.7620328068733215
bcgl3v,normal,0.735119640827179
aku56d,normal,0.7889112830162048
aifoxm,normal,0.6708564758300781
7vwhf1,normal,0.7134735584259033
7gb6si,normal,0.7383281588554382
5zqv2m,normal,0.6648503541946411
5vp6hw,normal,0.6902092695236206
50unv7,normal,0.7445714473724365
4upvb1,normal,0.7297542691230774
4umnnv,normal,0.7505586743354797
4l719b,normal,0.6575197577476501
4ikw5g,normal,0.7894711494445801
4dyzvf,normal,0.7119516134262085
49myxj,normal,0.6930893659591675
43van3,normal,0.7678194046020508
407yrr,normal,0.7804439663887024
3y9lph,normal,0.7671139240264893
3y3lic,normal,0.6684600114822388
3xdbq5,normal,0.7645208835601807
jpjcti,normal,0.7423238754272461
khrr1i,normal,0.7822539806365967
itrew1,normal,0.7560834884643555
ib2as9,normal,0.7111165523529053
ix6fab,normal,0.694083571434021
ge1j13,normal,0.6562689542770386
b1kifu,normal,0.7428849935531616
awausc,normal,0.7809203863143921
bczssn,normal,0.715937614440918
3ygw4i,normal,0.7337282299995422
515k2y,normal,0.7761977314949036
mr79fy,normal,0.7898783087730408
m09win,normal,0.751190185546875
lwrs7d,normal,0.7632696032524109
lg44ek,normal,0.70091712474823
l034m2,normal,0.7494555711746216
kvym36,normal,0.7953680753707886
ksj59z,normal,0.7657833695411682
kq1efp,normal,0.7826574444770813
km7baq,normal,0.7623802423477173
kdxlag,normal,0.7086004018783569
kbxwsn,normal,0.7374347448348999
k80wmo,normal,0.7895302772521973
k82pv5,normal,0.6325138807296753
k7k77y,normal,0.6761323809623718
k7jgpd,normal,0.8230986595153809
k4f8l5,normal,0.7976075410842896
k4aw8u,normal,0.5705069899559021
jyvf42,normal,0.7515064477920532
jz0inn,normal,0.5959821343421936
jwjl5n,normal,0.6501457691192627
jw4hvv,normal,0.7005209922790527
juzrb5,normal,0.8012194037437439
jtuzqs,normal,0.733592689037323
jp7ccs,normal,0.5830303430557251
jg0dpn,normal,0.8017584681510925
jdfai4,normal,0.7589406371116638
j8ird0,normal,0.7712054252624512
j3gmbx,normal,0.7220515608787537
i8ph0x,normal,0.7626247406005859
i05h86,normal,0.7691495418548584
hyaj8u,normal,0.7009996771812439
hlmaqk,normal,0.7393652200698853
hls3q9,normal,0.6459867358207703
hjzj3o,normal,0.766417384147644
hecl7q,normal,0.7205367088317871
hfdkiy,normal,0.6726251244544983
hcgj1d,normal,0.7156776189804077
hawskq,normal,0.7120810747146606
gxad9y,normal,0.8266637325286865
gmcfo7,normal,0.8192340731620789
gls6di,normal,0.8049831986427307
gl30l9,normal,0.7492778301239014
ges1kp,normal,0.6989437341690063
fy0mue,normal,0.8253690600395203
ftklz7,offensive,0.4126473367214203
fs5ven,normal,0.756638765335083
k2oq8s,normal,0.8016889095306396
k02mwa,normal,0.774859607219696
h8fw97,normal,0.7968864440917969
etbk9t,normal,0.7674535512924194
edvxn0,normal,0.7761383056640625
enawub,normal,0.6750572919845581
fdyl4q,normal,0.7558428049087524
ctp316,normal,0.831087052822113
fcsgcl,normal,0.7899149060249329
eeuzuu,normal,0.7560880184173584
coyd9z,normal,0.8006536364555359
do02bx,normal,0.7757590413093567
937251,normal,0.7696338295936584
bezt39,normal,0.8133472204208374
emikoc,normal,0.7618663907051086
dmfq6a,normal,0.7378457188606262
aqcpql,normal,0.7265121340751648
8i74pq,normal,0.7414380311965942
7o9ckx,normal,0.7190032005310059
aado70,normal,0.7434350848197937
3t10h4,normal,0.5969047546386719
5alvsd,normal,0.7991843223571777
4svf9f,normal,0.7839088439941406
59cqp2,normal,0.6944579482078552
6doygs,normal,0.7770728468894958
5sguhw,normal,0.768181562423706
5xy95u,normal,0.7661166787147522
7czshb,normal,0.7369506359100342
3ytzom,normal,0.7935931086540222
41p4rv,normal,0.7608807682991028
601q3w,normal,0.761690080165863
mlmn5g,normal,0.8097819089889526
kxfp4e,normal,0.8109858632087708
ksuzjx,normal,0.8233205080032349
kross6,normal,0.771408200263977
kqri6v,normal,0.6984874606132507
khsjpq,normal,0.7874684929847717
kcr7sa,normal,0.7724162340164185
hy9w2j,normal,0.7009996771812439
hqmkux,normal,0.8049073815345764
gvuue8,normal,0.8103646039962769
grrojf,normal,0.7920862436294556
fmz5mi,normal,0.7483193278312683
fapvmt,normal,0.7578824758529663
eyj4ze,normal,0.8349851369857788
etrvc3,normal,0.6926555633544922
eped05,normal,0.8083302974700928
dkpeap,normal,0.6636896133422852
caabp6,normal,0.80562824010849
brd6yr,normal,0.7480465769767761
bgorso,normal,0.7221547961235046
9g66q6,normal,0.77020663022995
96by88,normal,0.7443081736564636
901rop,normal,0.7882143259048462
8vwupv,normal,0.6563383340835571
8toy9w,normal,0.8195837140083313
8ijvq8,normal,0.7671785950660706
84ec2m,normal,0.78000807762146
7kwpha,normal,0.7120339870452881
7cwrhv,normal,0.8009050488471985
65mau3,normal,0.7762055397033691
65h5gs,normal,0.6932545900344849
5zb6hy,normal,0.7836721539497375
5hfa6d,normal,0.6530837416648865
55uaqh,normal,0.7922627329826355
mpo77d,normal,0.7641857266426086
m7oymd,normal,0.780716061592102
m4gkkx,normal,0.8271185159683228
m3y30y,normal,0.7039179801940918
lnf7q7,normal,0.7890955805778503
ln3frn,normal,0.7872229814529419
laigxh,normal,0.8275388479232788
kt44cy,normal,0.7373497486114502
kk5now,normal,0.7955429553985596
kgh711,normal,0.7160353660583496
kj04au,normal,0.7502520680427551
kgidqp,normal,0.822329044342041
kg2r8v,normal,0.7077934145927429
kennmm,normal,0.7528098225593567
kccb10,normal,0.7781726717948914
k8hwq6,normal,0.7953293323516846
k86jsr,normal,0.7757148742675781
k7dbde,normal,0.8313450217247009
k1cryk,normal,0.8126104474067688
k02tge,normal,0.774859607219696
jwiuac,normal,0.767120361328125
jyhhsw,normal,0.7382209300994873
jjumcg,normal,0.7857288718223572
jma4xv,normal,0.803282618522644
jjsazn,normal,0.8269762396812439
jihc4x,normal,0.7695828676223755
jdr7y7,normal,0.7604793310165405
j677ve,normal,0.8267465233802795
itktwk,normal,0.804322361946106
ikngeh,normal,0.7658018469810486
imaycm,normal,0.7544907331466675
i98dhv,normal,0.8262105584144592
i8i6dv,normal,0.7663416266441345
i6ah1o,normal,0.7394792437553406
hzon7m,normal,0.6362353563308716
huzjon,normal,0.7893355488777161
hls46n,normal,0.7662833333015442
hkqcy6,normal,0.7940542697906494
he75is,normal,0.8232402205467224
hao3fy,normal,0.778275728225708
h9w9ee,normal,0.7881498336791992
go6o6w,normal,0.8113841414451599
g9lf8w,normal,0.8063100576400757
fre1ly,normal,0.7641664743423462
frudas,normal,0.6066800951957703
l9rb2t,normal,0.8223627805709839
jmg3lm,normal,0.7882591485977173
mp03ej,normal,0.7395878434181213
mstg68,normal,0.8074883818626404
itep08,normal,0.7756768465042114
jqtsg4,normal,0.7138153314590454
g8kwls,normal,0.8059404492378235
l8dhbq,normal,0.7914278507232666
mayid1,normal,0.778455376625061
ee7uon,normal,0.7906248569488525
fbkhmi,normal,0.7497829794883728
j29ul7,normal,0.8063789010047913
e6swgj,normal,0.8295153379440308
kcx90m,normal,0.798869252204895
kh56p4,normal,0.7383092045783997
mmg5te,normal,0.7874400019645691
kfossf,normal,0.7804333567619324
kwrfnm,normal,0.8275429606437683
ltv9hq,normal,0.8032791018486023
j4cl4c,normal,0.782374918460846
ljbgqs,normal,0.8067432045936584
l91bbi,normal,0.7376514673233032
fskced,normal,0.7336460947990417
f4a83r,normal,0.7563549280166626
jv0oos,normal,0.7958062291145325
kb2m0r,normal,0.746658980846405
km9wko,normal,0.7784596085548401
g8kevq,normal,0.7705183029174805
hnrbv1,normal,0.7664400339126587
8jzd3p,normal,0.7620100975036621
fk7t02,normal,0.8193480372428894
eeyfex,normal,0.816310703754425
8v8p8o,normal,0.7768915295600891
hliyau,normal,0.8006654977798462
fo882d,normal,0.637356162071228
erwndk,normal,0.8193480372428894
fb3k4v,normal,0.7921532392501831
eivuwu,normal,0.8140846490859985
fw1qdv,normal,0.7260684967041016
ecmtot,normal,0.7442159652709961
bo73r2,normal,0.7814022898674011
g0lfzq,normal,0.7281649112701416
e1zzcn,normal,0.8193480372428894
atbkw7,normal,0.8340498208999634
4snmcd,normal,0.8115981817245483
503tyd,normal,0.74803227186203
dvgpi8,normal,0.44510120153427124
9mgxhi,normal,0.7402412295341492
echmb4,normal,0.7508510947227478
dayyya,normal,0.7979882955551147
9hjs2v,normal,0.7583087086677551
9qwhci,normal,0.5604223608970642
9xhk66,normal,0.720189094543457
7srico,normal,0.7788985967636108
7jvd0n,normal,0.7915968894958496
ahdfkd,normal,0.8144338726997375
loor6n,normal,0.7686533331871033
lrklok,normal,0.6964827179908752
lgpv1i,normal,0.7531170845031738
l0dzvz,normal,0.7670587301254272
eqj6vj,normal,0.6507452130317688
el7se6,normal,0.7849475741386414
ckhg6i,normal,0.7430670261383057
99hqgz,normal,0.7816047072410583
858i24,normal,0.7397658824920654
7t7ty3,normal,0.775721549987793
70tjf3,normal,0.6136425733566284
5n61sb,normal,0.6188981533050537
l0wss6,normal,0.7918684482574463
gukca3,normal,0.8318513631820679
j5o7pg,normal,0.7953051328659058
ehu4wp,normal,0.7551788687705994
gzces1,normal,0.7376865148544312
gfwu1m,normal,0.7632909417152405
ai3377,normal,0.702735424041748
7pbo70,normal,0.8207146525382996
bx2fb5,normal,0.7106834053993225
92gsdg,normal,0.8204845786094666
9rfg42,normal,0.7870885133743286
9j7dx9,normal,0.7698997855186462
7isjl2,normal,0.8111274838447571
67ynzn,normal,0.8253287076950073
5k7tpq,normal,0.8004888296127319
gceis6,normal,0.8138359785079956
75kpov,normal,0.7361008524894714
ficxtf,normal,0.783911406993866
iku8he,normal,0.7038202285766602
ji1ufj,normal,0.8185982704162598
69yd2i,normal,0.6856036186218262
7tnuc8,normal,0.8181002140045166
eo38of,normal,0.7421934008598328
fiu0no,normal,0.658656656742096
fl3kte,normal,0.7388065457344055
8dajxb,normal,0.7967382669448853
70prnr,normal,0.6292006969451904
8mmdyb,normal,0.7544505000114441
k9dope,normal,0.7725148797035217
8kh2f0,normal,0.79339200258255
7gv8fb,normal,0.7922059297561646
6ocrrk,normal,0.7829717397689819
m6rgn1,normal,0.7796158194541931
mdaids,normal,0.8233346939086914
kajqbs,normal,0.7853551506996155
kfak6j,normal,0.808521032333374
l2q99t,normal,0.8480990529060364
dw3ru5,normal,0.7906933426856995
knfo3r,normal,0.7907818555831909
fqom6q,normal,0.7547151446342468
ikoto5,normal,0.7619405388832092
ge5tad,normal,0.7329412698745728
hcq7mh,normal,0.7903144955635071
g7h9w6,normal,0.5616948008537292
ctkiv8,normal,0.7037603855133057
90qxvl,normal,0.8033989667892456
9s6ld0,normal,0.7779448628425598
8tb82l,normal,0.541800856590271
7782pt,normal,0.7923698425292969
acn55f,normal,0.813008189201355
8as6ih,normal,0.6305152177810669
62mt6h,normal,0.7962160706520081
4tsel6,normal,0.7705274820327759
50tsve,normal,0.598426103591919
5j4vvk,normal,0.8064016103744507
5mufsa,normal,0.7989810109138489
5xn9di,normal,0.8262348175048828
9ozsxh,normal,0.782341718673706
lcfgz0,normal,0.7659059166908264
99ge3d,normal,0.761974036693573
8ijks4,normal,0.8238620758056641
7kblif,normal,0.7686432003974915
5ptd4s,normal,0.7311879992485046
62tssc,normal,0.7373834848403931
k45slm,normal,0.8172489404678345
5cf0fb,normal,0.7963234782218933
f60ysp,normal,0.6251243352890015
gr3psc,normal,0.8162633180618286
72sz1b,normal,0.7803001999855042
85s3aq,normal,0.7291938066482544
f5laai,normal,0.8010387420654297
da3c3h,normal,0.7272083163261414
8ayqix,normal,0.7643955945968628
l3pal5,normal,0.7931525707244873
6asbjt,normal,0.7945998311042786
huxbuu,normal,0.46563202142715454
dcx093,normal,0.8049579858779907
m4obnf,normal,0.7557631134986877
mt3v7v,normal,0.7877516746520996
ikqs37,normal,0.6836256980895996
kgvcn0,normal,0.7626608610153198
gvlzuv,normal,0.7822182178497314
g3agw4,normal,0.7834891080856323
epkbhi,normal,0.8200232982635498
g6b9xx,normal,0.7506685853004456
egsin1,normal,0.7867791652679443
dwlhb9,normal,0.7911811470985413
8k6vyl,normal,0.7455820441246033
a0cq6g,normal,0.746839702129364
8eqlmp,normal,0.7212711572647095
8dq4vx,normal,0.8111111521720886
8jylss,normal,0.7340323328971863
8yin5a,normal,0.768352746963501
7k5p60,normal,0.7023144364356995
4ma3i4,normal,0.7829052805900574
4lpvxq,normal,0.7776529788970947
7h5zu5,normal,0.7542902827262878
j5rjwy,normal,0.7847645878791809
b5qxrz,normal,0.5538920760154724
8p25bc,normal,0.5068319439888
6za3gb,normal,0.7033419013023376
5gu84i,normal,0.8189752101898193
58q9ml,normal,0.7778224349021912
58i4xk,normal,0.7774320244789124
5feceo,normal,0.81427001953125
7ky5v0,normal,0.7461283206939697
5061ji,normal,0.7949556112289429
4st845,normal,0.6443904638290405
ipxkq0,normal,0.8317338228225708
arr0nx,normal,0.805808961391449
6u8whf,normal,0.7754217386245728
6cwljg,normal,0.8321709632873535
7sp0st,normal,0.7821362018585205
mxbobf,normal,0.8206926584243774
mwrru5,normal,0.8023677468299866
mwpdum,normal,0.7951905727386475
mvg1hj,normal,0.539837121963501
muqxq6,normal,0.7550423741340637
mqzci4,normal,0.7244203090667725
mv16zh,normal,0.7951212525367737
msxbcs,normal,0.7813329696655273
mtaerd,normal,0.7998051047325134
ms7ms9,normal,0.7772025465965271
mr53sr,normal,0.7160063982009888
mndmqt,normal,0.7597440481185913
mpnk5q,normal,0.785716712474823
mpkvll,normal,0.7872899174690247
mpb0dr,normal,0.6575431227684021
mktoe9,normal,0.697135865688324
mobbgp,normal,0.6887518763542175
mn5b8u,normal,0.7845027446746826
mjwxbs,normal,0.7787325978279114
mmkxmk,normal,0.7529478073120117
mhoicc,normal,0.7104654312133789
mk3s7t,normal,0.7642479538917542
miys1h,normal,0.7954919338226318
mhk9hx,normal,0.7836243510246277
mhcmxh,normal,0.802295446395874
mgxr0r,normal,0.7918857336044312
mg7cm7,normal,0.5948465466499329
mg5oum,normal,0.7590841054916382
mg6gtv,normal,0.7523624300956726
md3s76,normal,0.7677720189094543
md34qt,normal,0.7628403902053833
mchuer,normal,0.7873746752738953
mca91j,normal,0.7664368748664856
m7rzg9,normal,0.8158327341079712
mbol0e,normal,0.6808483600616455
mbyf08,normal,0.6832793354988098
mbdmha,normal,0.7982292771339417
magmv5,normal,0.7524991035461426
mam8mq,normal,0.7133873701095581
mahz3i,normal,0.7908188700675964
m9pdvf,normal,0.5190154314041138
m9rufk,normal,0.7348542809486389
m88dki,normal,0.7924124598503113
m86tdf,normal,0.7840301394462585
m807l0,normal,0.7172370553016663
m7dl02,normal,0.7689874172210693
m6ljkr,normal,0.7885912656784058
m5cdbx,normal,0.7286359667778015
m4x81x,normal,0.6650176644325256
m4kc0c,normal,0.7786120772361755
mu32g5,normal,0.5201327204704285
m1qub7,normal,0.47149282693862915
dsduq6,normal,0.6930128931999207
gjw8vj,normal,0.6977460384368896
mwcwm1,normal,0.606806755065918
mjtgap,normal,0.7544358372688293
mwn6yl,normal,0.7829572558403015
515do1,normal,0.7806817293167114
g9q6cg,normal,0.6870124936103821
lhot54,normal,0.6935248374938965
kxr8su,normal,0.575688898563385
mvylkd,normal,0.6782405972480774
mauq2f,normal,0.6441624760627747
mmkymw,normal,0.6131787300109863
af128h,normal,0.7562657594680786
k9759g,normal,0.7142408490180969
1mdef9,normal,0.7841428518295288
jqr19v,normal,0.5252814888954163
l4x9vf,normal,0.7638662457466125
m7kcp0,normal,0.7577810287475586
lz5yzj,normal,0.7100906372070312
kokmcd,normal,0.7520197629928589
l11gha,normal,0.7051984667778015
kd70vr,normal,0.6325108408927917
kqrlxx,normal,0.801795482635498
lm3glf,normal,0.7104740142822266
2vj90e,normal,0.7106549739837646
9ognd8,hate speech,0.4049205780029297
ahae87,normal,0.6857168078422546
3cdt1u,normal,0.7211295962333679
ljwtnc,normal,0.6004536151885986
lor1q5,offensive,0.47593003511428833
gdt0ts,normal,0.7672476172447205
5ieh2t,normal,0.7136775255203247
ka9xl5,normal,0.8151293992996216
2z1i7p,normal,0.7190271615982056
9gk8h0,normal,0.7600613832473755
k0joxd,normal,0.7175536155700684
k2zayo,normal,0.763818085193634
hru45a,normal,0.7589991688728333
iwc61w,normal,0.6756833791732788
jw9yv3,normal,0.6939826011657715
5axwwm,normal,0.80797278881073
jdijaz,normal,0.7772049903869629
3nahtv,normal,0.6924874782562256
kucd0j,normal,0.7917575836181641
kfpf9d,normal,0.6809648275375366
gheqrb,normal,0.7764016389846802
47ho2p,normal,0.7050493359565735
k2wz6w,normal,0.6486857533454895
k8xl7j,normal,0.7377248406410217
lv9z2n,normal,0.7245954275131226
ebn2h3,normal,0.6820436716079712
k9hk35,normal,0.7407174110412598
gmxf1k,normal,0.6601698398590088
iwz9cb,normal,0.6964246034622192
iqq2km,normal,0.7543354630470276
gpjgip,normal,0.7591974139213562
j2t46c,normal,0.7036186456680298
m1sdn1,normal,0.7573454976081848
mwg511,normal,0.6897380948066711
mwajbr,normal,0.7337138652801514
axyml1,normal,0.7541696429252625
mrynmb,normal,0.7448630928993225
mee48k,normal,0.7769669890403748
m3ibyf,normal,0.6336926817893982
acqe4u,normal,0.7568009495735168
bvamn6,normal,0.6709819436073303
d0isys,normal,0.6844707727432251
l40w2y,normal,0.6925125122070312
m025mj,normal,0.7987992763519287
kh5nfd,normal,0.6422443389892578
febmkc,normal,0.7541696429252625
fdza9f,normal,0.7541696429252625
bvrxzg,normal,0.7291678190231323
ebeyo5,normal,0.79816734790802
lkpcim,normal,0.6959913969039917
l06ags,normal,0.7801947593688965
4d6egf,normal,0.7599189281463623
d017qo,normal,0.7076935768127441
aeo59a,normal,0.7743543386459351
5t7gji,normal,0.7586814761161804
j9znvq,normal,0.7141019701957703
7dr093,normal,0.7015624046325684
9sjjj4,normal,0.6847655177116394
j5yc1z,normal,0.6627985239028931
7xjtmo,normal,0.7838817238807678
9h5v87,normal,0.7774426341056824
jkay3n,normal,0.7493208646774292
ades1k,normal,0.7697721719741821
97ogbr,normal,0.7909207940101624
jkmcd6,normal,0.7298530340194702
iotsje,normal,0.7905643582344055
ikhn45,normal,0.8063176870346069
64vrc3,normal,0.7705000638961792
672qvd,normal,0.7637244462966919
iz3utu,normal,0.48413509130477905
j52ctg,normal,0.7535368204116821
i6zlp6,normal,0.7581468820571899
mvii6d,normal,0.7767783403396606
kwj7vc,normal,0.693839967250824
mcic03,normal,0.7219305634498596
lvzyiu,normal,0.8121446967124939
jkc420,normal,0.7074283957481384
ljp99a,normal,0.5676062107086182
iqm7kn,normal,0.7926352024078369
ipfttw,normal,0.8169628381729126
kpdxsl,normal,0.7714046835899353
mhwhqo,normal,0.7163469195365906
ml8c2v,normal,0.7199839353561401
m3tz4m,normal,0.7345353960990906
mt8n5c,normal,0.6718060970306396
me0p9m,normal,0.7885897755622864
fcw44l,normal,0.6905980110168457
m8500s,normal,0.7706613540649414
mqluej,normal,0.7914232611656189
mtjgwa,normal,0.7407913208007812
l06vgu,normal,0.7347265481948853
8murd9,normal,0.8097530603408813
ftk9r2,normal,0.8121528029441833
l9f8h1,normal,0.6971632838249207
m9di3j,normal,0.81174236536026
ml59q0,normal,0.8052076697349548
looe7j,normal,0.8188243508338928
47sici,normal,0.7824239134788513
mpnpx4,normal,0.7587268352508545
1l3o25,normal,0.7083057165145874
k5am7u,normal,0.7513017654418945
huywoe,normal,0.759994387626648
l5jz0j,normal,0.7986841201782227
le2lye,normal,0.7494510412216187
lbmq8s,normal,0.7676385045051575
5cw7b6,normal,0.7474716901779175
kgi8cz,normal,0.8169921636581421
kucryf,normal,0.7837730050086975
hz46c2,normal,0.7479923367500305
e210yv,normal,0.5933796167373657
cek3y9,normal,0.6292411088943481
kz7790,normal,0.7782074809074402
lx2j44,normal,0.7445392608642578
joffez,normal,0.6488174796104431
kozlx9,normal,0.823427677154541
i4hsij,normal,0.7849017977714539
kp0lyv,normal,0.7953154444694519
kiukov,normal,0.599568784236908
kwxi93,normal,0.8097888231277466
k8ewgy,normal,0.7678035497665405
77bqig,normal,0.7653344869613647
kxda1m,normal,0.7646722793579102
mx84eg,normal,0.7878530621528625
mi7ue3,normal,0.8307545781135559
eqztlr,normal,0.801690936088562
d0hq32,normal,0.6331263780593872
jl0k41,normal,0.790197491645813
jtdspd,normal,0.7570855617523193
juya6q,normal,0.7674126029014587
km2y0y,normal,0.7905324697494507
ip6ifr,normal,0.5425668954849243
d543a8,normal,0.6508748531341553
mrvp60,normal,0.7166523933410645
g5abby,normal,0.7777174115180969
aht4mv,normal,0.7999894618988037
llogum,normal,0.5698539018630981
hekp09,normal,0.8041689395904541
di91w2,normal,0.8320310711860657
b67eeu,normal,0.7893713116645813
3fqr3m,normal,0.7691643238067627
kihw5c,normal,0.7701737284660339
ec6wb9,normal,0.7414447069168091
a0gdma,normal,0.7635107040405273
6byf4p,normal,0.7481653094291687
7q7q9x,normal,0.7055844068527222
jlth6l,normal,0.6495144963264465
knz0ug,normal,0.8066616654396057
fh85ck,normal,0.6397294402122498
dx6r19,normal,0.7210591435432434
hdwjk9,normal,0.8202221989631653
1rggjb,normal,0.7614056468009949
acn1vd,normal,0.7944262623786926
se3g8,normal,0.7448623776435852
jkxk6l,normal,0.7921861410140991
1wzlr8,normal,0.8057881593704224
booxpq,normal,0.7932555675506592
f385ul,normal,0.7266765236854553
e6diig,normal,0.8120977878570557
jds97p,normal,0.8071208000183105
kbrom9,normal,0.5297104120254517
3nz6kt,normal,0.7640019059181213
k4v4pm,normal,0.7833083271980286
48bsp2,normal,0.7676641941070557
3xqyji,normal,0.763432502746582
4fe0la,normal,0.7690430879592896
2fr0cx,normal,0.7061307430267334
jxznf9,normal,0.7721601724624634
4564me,normal,0.7365339994430542
1yogq5,normal,0.7957671284675598
2mri11,normal,0.7897317409515381
mi1k02,normal,0.7785148024559021
l8xgqz,normal,0.6015570759773254
maaytr,normal,0.7986533045768738
m2i4fu,normal,0.7907570600509644
mory9v,normal,0.7705097198486328
khnd6h,normal,0.7905364036560059
hzkild,normal,0.7963253259658813
lkv3gs,normal,0.6095224618911743
joo9gq,normal,0.7459862232208252
le5lxk,normal,0.7757468819618225
mugb5i,normal,0.6645387411117554
jmi1oq,normal,0.7356266975402832
m9g7n6,normal,0.7942882776260376
mapujh,normal,0.6940951347351074
mffy6t,normal,0.8054192662239075
md49tt,normal,0.6699768900871277
mx3539,normal,0.8140831589698792
mehs6u,normal,0.6837650537490845
khoqze,normal,0.7940852642059326
ktzhij,normal,0.8074941635131836
mfe5uu,normal,0.7157055139541626
l0zk4t,normal,0.7769113183021545
mg72qq,normal,0.7676982283592224
jfm3ec,normal,0.7098372578620911
m0qfyc,normal,0.7954884171485901
m97o5p,normal,0.7236365079879761
jufmps,normal,0.6579030752182007
mhjtg2,normal,0.8106629848480225
h9ac88,normal,0.8186368942260742
if2r9m,normal,0.7493969798088074
mlv0eo,normal,0.8040677309036255
mpud5r,normal,0.8074787259101868
mjxum5,normal,0.7278069853782654
m90if8,normal,0.7237227559089661
mhyn8g,normal,0.7008913159370422
mc7ocm,normal,0.7314072847366333
lzvnfp,normal,0.8102527856826782
clxdus,normal,0.7744522094726562
j2w7by,normal,0.7472473382949829
koak1y,normal,0.7227779626846313
ibtl0c,normal,0.805820882320404
ltlxwt,normal,0.7948505282402039
d980ie,normal,0.7769244313240051
ldekef,normal,0.8212844729423523
mkctd0,normal,0.7002384066581726
hz2pep,normal,0.8313392400741577
gtbre9,normal,0.7847275733947754
lpg0oe,normal,0.837031364440918
mqeuwc,normal,0.7700186371803284
kwmzz4,normal,0.7879776954650879
mcn7jr,normal,0.7975021600723267
meccr5,normal,0.5234688520431519
m4xvv5,normal,0.8072755932807922
jd5gta,normal,0.755304217338562
ljbkie,normal,0.7690047025680542
lnr0r0,normal,0.5693816542625427
l94xdd,normal,0.7451128959655762
i847cr,normal,0.811503529548645
kk7gla,normal,0.8245880603790283
meyu6j,normal,0.7031698822975159
klg56o,normal,0.7682867050170898
l66b9p,normal,0.7993462085723877
jqj9at,normal,0.7762691378593445
kvpppm,normal,0.7338286638259888
m5o22f,normal,0.7699816823005676
msgnws,normal,0.786041259765625
jfpd13,normal,0.778187096118927
ljpn9e,normal,0.7827685475349426
gvxtqc,normal,0.7508479356765747
ge3dqj,normal,0.7265525460243225
g060bq,normal,0.7909040451049805
i8zygr,normal,0.7580304741859436
mokot6,normal,0.7627201080322266
iee6s0,normal,0.7737624049186707
k3v4zh,normal,0.6086288690567017
mwvrg7,normal,0.7811694145202637
hgex3m,normal,0.8026594519615173
mp4sez,normal,0.7778513431549072
mkxjc6,normal,0.7974475622177124
iuloem,normal,0.5153071880340576
jq901q,normal,0.8043082356452942
j02pgz,normal,0.8057901263237
ix4xr6,normal,0.724454939365387
igqlbd,normal,0.7169073224067688
lwfkkb,normal,0.8240110278129578
m5virs,normal,0.7632040977478027
mrs1e0,normal,0.8098016977310181
mvopdk,normal,0.7559254765510559
mswopm,normal,0.7235409021377563
incgk5,normal,0.7873990535736084
mmwspq,normal,0.7695016264915466
97ko0j,normal,0.6758182644844055
k8a899,normal,0.7386668920516968
mbwuiv,normal,0.7062151432037354
lndz0d,normal,0.5880865454673767
mx833n,normal,0.7694349884986877
hr39hc,normal,0.7773005366325378
h7p89g,normal,0.7596971988677979
mrktkw,normal,0.6749497652053833
fdmz42,normal,0.8185828328132629
mt56kx,normal,0.7615858912467957
iymqbj,normal,0.7929736971855164
m9mmij,normal,0.7207552194595337
moj5pu,normal,0.7422159314155579
gkcf7q,normal,0.7626016736030579
k9wxuw,normal,0.6789303421974182
kdnc5h,normal,0.7451218962669373
lomqkd,normal,0.6862137913703918
io9lwi,normal,0.5975672006607056
hphyhx,normal,0.6685001850128174
hbthg1,normal,0.7692492604255676
ll65u9,normal,0.7326327562332153
ldty5q,normal,0.7463454008102417
kgh1jf,normal,0.734978437423706
jxwzzc,normal,0.7165930271148682
gtf8dy,normal,0.7490667104721069
blszd0,normal,0.7116721272468567
lc3ue,normal,0.7697032690048218
izywcs,normal,0.6630298495292664
bziv0d,normal,0.7421355247497559
8fzaka,normal,0.8144251108169556
kgjtxy,normal,0.8058905601501465
3o8mun,normal,0.7488006353378296
3qytv8,normal,0.7483770847320557
11meds,normal,0.7822635173797607
eihe11,normal,0.643031120300293
j9aocd,normal,0.5529714226722717
8hm0o6,normal,0.782500684261322
j1ez41,normal,0.758768618106842
4vjcn0,normal,0.8140978217124939
ju46zv,normal,0.7939292192459106
i2cxg4,normal,0.6737632155418396
ilpvza,normal,0.7872881293296814
jf0en0,normal,0.7223897576332092
jje4ee,normal,0.8000767230987549
jhaveo,normal,0.7882223725318909
eug0r5,normal,0.6859556436538696
7qjavc,normal,0.7335927486419678
hcv87e,normal,0.772002100944519
xud9z,normal,0.771181046962738
5htwxt,normal,0.687403678894043
fvm9gh,normal,0.7508009672164917
b6lqzf,normal,0.7617348432540894
7a0d7k,normal,0.8217151165008545
dg07b6,normal,0.7374259829521179
cvccwq,normal,0.8237743377685547
g5147e,normal,0.7705668807029724
le9ic3,normal,0.7878530621528625
moak0y,normal,0.8006154298782349
lnycnx,normal,0.7434602379798889
inrjn4,normal,0.8042169213294983
jkz632,normal,0.7313792705535889
kbkkv0,normal,0.7429463863372803
hcodzs,normal,0.6864036917686462
k85n4o,normal,0.7311918139457703
fuauh2,normal,0.7248630523681641
jif45e,normal,0.7822036147117615
esv0hz,normal,0.6767324805259705
k2m0ur,normal,0.6603621244430542
ju0nom,normal,0.687919020652771
jgo31k,normal,0.7399254441261292
kyp6ru,normal,0.7023369073867798
cvrf4g,normal,0.7560102343559265
kw5ihf,normal,0.7697598934173584
jh5zwp,normal,0.6648698449134827
jcr6jg,normal,0.8066813349723816
hiy8mb,normal,0.7719261646270752
ffaru6,normal,0.7814245820045471
j4cbmw,normal,0.6835580468177795
jha916,normal,0.612395167350769
meibzg,normal,0.7145082354545593
j8mzwl,normal,0.6055430173873901
m9fu68,normal,0.7743299603462219
jubust,normal,0.8229610919952393
atnu4r,normal,0.7140874862670898
c5psxh,normal,0.7812592387199402
lo9bc3,normal,0.7452271580696106
k5cnic,normal,0.8111281991004944
goaaz3,normal,0.7483923435211182
gtu94y,normal,0.7511190176010132
g6wrva,normal,0.7831931114196777
dbq5wu,normal,0.7553531527519226
b0yeq3,normal,0.8006408214569092
juem0t,normal,0.8213373422622681
ekrukt,normal,0.7958312630653381
ktnam7,normal,0.6900707483291626
i1qqxq,normal,0.7108812928199768
gkv39d,normal,0.7610803246498108
k2ug3f,normal,0.6901130080223083
kouawj,normal,0.6865274906158447
jpa4yh,normal,0.8047729134559631
aq5sbw,normal,0.7643005847930908
byy2jk,normal,0.7125678658485413
7p8130,normal,0.7326433062553406
iuli77,normal,0.7843939661979675
ceyzbi,normal,0.8297572135925293
mq470b,normal,0.7774956226348877
lkl7gv,normal,0.6244547963142395
leunaa,normal,0.7189964652061462
mbcqn3,normal,0.7856095433235168
jihgbg,normal,0.7672883868217468
kgrsns,normal,0.7209324240684509
mb2ggz,normal,0.7022300362586975
j9d1v9,normal,0.8068353533744812
mjxczp,normal,0.6835713982582092
lpi0ay,normal,0.7189964652061462
mooq4m,normal,0.5462016463279724
i5f9dn,normal,0.7779819369316101
i5kaem,normal,0.7128114104270935
jv5rt6,normal,0.7265949249267578
kpo0aj,normal,0.7308080792427063
mptkwe,normal,0.8344221115112305
k1nqnr,normal,0.7344402074813843
g6oq6t,normal,0.5811317563056946
j5jgkj,normal,0.7843834757804871
gojf15,normal,0.6928706169128418
k7mg04,normal,0.8050662279129028
kn8q9j,normal,0.7083073854446411
iypfgx,normal,0.8064082860946655
hj3plp,normal,0.8161259889602661
k7fz19,normal,0.7594650983810425
jnrd2n,normal,0.7862857580184937
lhh3rl,normal,0.7621279358863831
k1o8ei,normal,0.7694194316864014
jq87io,normal,0.7609966993331909
le644s,normal,0.8058800101280212
iidg1x,normal,0.7786887288093567
jws1by,normal,0.6468396782875061
g8f0a7,normal,0.7454126477241516
e55l12,normal,0.7368879318237305
m7hqzs,normal,0.7530447244644165
ck9s51,normal,0.76328045129776
k040pb,normal,0.7220459580421448
ki973g,normal,0.7784065008163452
fv3uik,normal,0.7698436975479126
d2aumk,normal,0.6880064010620117
gktltx,normal,0.7692721486091614
le3k02,normal,0.7362645864486694
j7eaie,normal,0.815564751625061
kl27ne,normal,0.793208658695221
lxhz2o,normal,0.7024136185646057
9f2rdf,normal,0.8038541674613953
h9wdac,normal,0.7704852819442749
kbvhuq,normal,0.7803059220314026
j0r097,normal,0.5601201057434082
dh5zuy,normal,0.6591753363609314
ctekk,normal,0.8092947006225586
v9j6y,normal,0.6077439785003662
knshh0,normal,0.7413114905357361
izt2pp,normal,0.7139924764633179
msp7uv,normal,0.7368379235267639
m34ylg,normal,0.5072759389877319
k38utz,normal,0.7435175776481628
mjh2za,normal,0.6382679343223572
mssn6e,normal,0.689717710018158
lg5crn,normal,0.6753795146942139
lax4pz,normal,0.7803083062171936
ld6rd0,normal,0.5536229610443115
lh63ox,normal,0.6946882009506226
e8qywo,normal,0.7424845099449158
938sji,normal,0.7790510058403015
j0i7b3,normal,0.566615879535675
jcvsrc,normal,0.7424287796020508
79jigy,normal,0.7403221130371094
iocu8i,normal,0.8147312998771667
ffhp61,normal,0.7979549765586853
jmn07u,normal,0.7706730961799622
jbkjja,normal,0.7045539021492004
irx9qa,normal,0.8097794055938721
e0jk2g,normal,0.7036203145980835
i3hq93,normal,0.7784755229949951
8vf9d0,normal,0.7238852381706238
kdg106,normal,0.7813923358917236
jhxfte,normal,0.760322093963623
4i58ic,normal,0.7943362593650818
cnticq,normal,0.7009214758872986
7e4cmf,normal,0.7342480421066284
k2wcu1,normal,0.7988895773887634
j8pk4o,normal,0.7505523562431335
gecei,normal,0.7993261814117432
9db1ba,normal,0.760296642780304
jixoqm,normal,0.811489999294281
7yx14j,normal,0.7537005543708801
2gl7y3,normal,0.6631268858909607
8k3hi1,normal,0.7772575616836548
aq9xac,normal,0.7901412844657898
hkmdp3,normal,0.780430793762207
i6tqeq,normal,0.6329494118690491
mt9gb3,normal,0.7327187657356262
mvisqk,normal,0.71302330493927
mschfa,normal,0.8048422932624817
mo6n6d,normal,0.81393963098526
mkpuec,normal,0.7001914381980896
ltruhm,normal,0.788608193397522
ldquum,normal,0.748354434967041
l8ok9d,normal,0.7788349986076355
kp6zi1,normal,0.6882283687591553
kjxewg,normal,0.7737070918083191
k6yjf0,normal,0.7844803929328918
k7czta,normal,0.5387617945671082
k3op9d,normal,0.7681165337562561
jwjw8q,normal,0.6904441118240356
jzgili,normal,0.8027198314666748
jqzwj1,normal,0.6556767821311951
jnu4yi,normal,0.7970185875892639
jjxdqt,normal,0.6841937303543091
jld6jy,normal,0.6365221738815308
jgudn4,normal,0.7060790061950684
jfjtp2,normal,0.739821195602417
jf0aq0,normal,0.810767650604248
jai26b,normal,0.7486913204193115
ja7ik3,normal,0.7883442044258118
j8k8r8,normal,0.7791938781738281
j4cox7,normal,0.7946291565895081
j0t32q,normal,0.7648468613624573
j10fio,normal,0.6947215795516968
j0qem3,normal,0.7616077065467834
iqou89,normal,0.4827667772769928
imsws7,normal,0.8183283805847168
imzlef,normal,0.7496320009231567
ijc6i3,normal,0.7865451574325562
iiovff,normal,0.7321849465370178
iddlbx,normal,0.7620937824249268
ia3dek,normal,0.7988056540489197
i82b8e,normal,0.8132688999176025
hxs09m,normal,0.7293571829795837
htr0sz,normal,0.5968406796455383
hw3ap4,normal,0.8088589310646057
hspt4a,normal,0.5892832279205322
hqnuos,normal,0.7110778093338013
hn071i,normal,0.7304769158363342
hm05bh,normal,0.6792840957641602
hgng7r,normal,0.7136425375938416
hgj1yy,normal,0.7432708144187927
a7c36,normal,0.7970724701881409
cg8vtc,normal,0.7225704789161682
d4adcu,normal,0.763755738735199
7wp18r,normal,0.5816968679428101
8yxdn9,normal,0.5782803893089294
8erw7a,normal,0.8083004951477051
drqhb,normal,0.7042911052703857
3nhkbv,normal,0.49060532450675964
2x1qbv,normal,0.5766220092773438
j0icsr,normal,0.7472991347312927
eogano,normal,0.6631226539611816
j5zpwi,normal,0.8250977993011475
fy3u83,normal,0.7785752415657043
i9losf,normal,0.7805357575416565
bdhyhy,normal,0.7275266051292419
kt41ks,normal,0.7682864665985107
bdvfk4,normal,0.7539395093917847
fyphta,normal,0.7472888231277466
m6rga7,normal,0.7309223413467407
7unp3l,normal,0.7783170342445374
bir2zl,normal,0.6755850315093994
96uk9d,normal,0.7885941863059998
8jt8ok,normal,0.7049555778503418
7krnge,normal,0.7506917715072632
3zhswo,normal,0.6455921530723572
hwq3yv,normal,0.7402453422546387
1gie1g,normal,0.7001186013221741
77n3pc,normal,0.7954372763633728
d6x54p,normal,0.6249858736991882
8h9uad,normal,0.8210776448249817
ray2e,normal,0.5869163274765015
6ysoyq,normal,0.773491621017456
ht9825,normal,0.6777526140213013
jpnr4k,normal,0.6935724020004272
inpv3a,normal,0.7953121066093445
3gpvhj,normal,0.7993969321250916
hh7pdh,normal,0.7594109773635864
irdqns,normal,0.6748098134994507
e5rgge,normal,0.7613519430160522
hrqj0z,normal,0.5365457534790039
hz9n7p,normal,0.5628612041473389
a33osd,normal,0.7831658720970154
d8sk78,normal,0.7304239869117737
fjx0ed,normal,0.7017660737037659
jgh94w,normal,0.788529634475708
72ofgh,normal,0.8071209192276001
98e0sz,normal,0.5171756148338318
cdzz4,normal,0.7795780301094055
xtqs4,normal,0.6785779595375061
c1mq4,normal,0.7314157485961914
f9wcbz,normal,0.8085625171661377
lon34,normal,0.7270857095718384
33ry66,normal,0.7610360383987427
hamve,normal,0.6999174356460571
2pk0uv,normal,0.6290212273597717
14sg7i,normal,0.7298691272735596
38a36t,normal,0.7429034113883972
992tf,normal,0.7962353825569153
mlwd1j,normal,0.8039882779121399
m8bar5,normal,0.7854458689689636
l5tizn,normal,0.7282600402832031
l9xs4g,normal,0.7835072875022888
kavrwz,normal,0.6221292018890381
8zoppa,normal,0.7722721099853516
kkyurc,normal,0.766496479511261
jf2yry,normal,0.7957792282104492
kqclha,normal,0.7545956969261169
ksvf9q,normal,0.7451335191726685
au4cpj,normal,0.7782568335533142
8zrd6w,normal,0.732543408870697
asm7ai,normal,0.7454620599746704
6gtnju,normal,0.7860416173934937
jsussi,normal,0.7801347374916077
40cet8,normal,0.8167408108711243
4gjy0l,normal,0.7841339707374573
8rzr69,normal,0.8208379149436951
2e4mk6,normal,0.7782188653945923
embjnd,normal,0.8248988389968872
iomuq1,normal,0.6340824961662292
c063b7,normal,0.7686591744422913
eoiwj9,normal,0.7622763514518738
1o6lsi,normal,0.8042699694633484
eu5nhg,normal,0.7795748710632324
g6viml,normal,0.7531144022941589
ez1gjt,normal,0.7500152587890625
c1s621,normal,0.7741304636001587
g7ulk7,normal,0.7785077691078186
fl4v0t,normal,0.790079653263092
ahcdqw,normal,0.8005365133285522
fj512q,normal,0.8180233836174011
fm5s38,normal,0.7467142939567566
4trkdq,normal,0.8404625058174133
91722k,normal,0.7958827614784241
7lyais,normal,0.7929983139038086
6yp4wo,normal,0.7673625349998474
6lmr1m,normal,0.772605299949646
4wceqx,normal,0.8160858750343323
6xvl2j,normal,0.8029848337173462
934maw,normal,0.795654296875
62aq19,normal,0.774808406829834
4ca3z9,normal,0.739206850528717
2n92io,normal,0.7687565684318542
2u56g4,normal,0.7614633440971375
1lod8k,normal,0.7490279674530029
3ym1j7,normal,0.855103075504303
ph16k,normal,0.7840216755867004
1a4cwe,normal,0.7912737727165222
mn153q,normal,0.7908880114555359
msev5n,normal,0.7852105498313904
mr15bj,normal,0.7526705861091614
lg5dmn,normal,0.7285696268081665
me1uxv,normal,0.7992748618125916
mowzfk,normal,0.7802171111106873
knqrd7,normal,0.8041929006576538
ksozw3,normal,0.7738686800003052
mkr4qm,normal,0.8017241358757019
lgbfdj,normal,0.7432467937469482
jlwbmc,normal,0.6984982490539551
muz2w9,normal,0.7912911176681519
ml4cf6,normal,0.8402892351150513
lhathc,normal,0.7843028903007507
ll7kf7,normal,0.6758182644844055
licnso,normal,0.7505876421928406
muavk8,normal,0.7683506011962891
mo90bg,normal,0.7194740176200867
l3kbxt,normal,0.7893681526184082
kjpmc5,normal,0.7269075512886047
l49j30,normal,0.7296755313873291
jrmzy0,normal,0.7615481615066528
luqjkz,normal,0.7527400255203247
lwik2l,normal,0.6226474046707153
mva8ff,normal,0.7566975355148315
mnbtca,normal,0.7765989899635315
ls9vf3,normal,0.7785845398902893
lexol9,normal,0.8400763869285583
loqrwq,normal,0.7746281027793884
mdcb2n,normal,0.8093012571334839
luufpd,normal,0.8316855430603027
lgxnzh,normal,0.8141235709190369
hozbun,normal,0.5971057415008545
m6bqvl,normal,0.7050297260284424
m0s7is,normal,0.6313871741294861
muoy09,normal,0.7358718514442444
m1e3h7,normal,0.8011980056762695
mqx1ao,normal,0.7987582087516785
mx4h25,normal,0.7604276537895203
jcolow,normal,0.75518399477005
kzfnd5,normal,0.7501360774040222
ifkhkb,normal,0.7781848907470703
lts0in,normal,0.7695585489273071
kdbvcy,normal,0.8140016794204712
jdnvk8,normal,0.7544351816177368
jo4k14,normal,0.717251181602478
mu4qv0,normal,0.7789337635040283
mkzfr5,normal,0.7516700625419617
mtrda6,normal,0.6206352114677429
lksfyu,normal,0.7804052233695984
hlrzzp,normal,0.811523973941803
ilrdqy,normal,0.7307436466217041
i9n6cd,normal,0.6502317786216736
ewtj5v,normal,0.7604893445968628
7h90t2,normal,0.720969557762146
8kd0u1,normal,0.7358431220054626
kx9tca,normal,0.8012782335281372
lv53wi,normal,0.7360877990722656
leta2e,normal,0.8001681566238403
24badm,normal,0.7583062648773193
lam56w,normal,0.7635811567306519
knekw1,normal,0.7024183869361877
k2hc98,normal,0.6814135313034058
jcr8wf,normal,0.7694830298423767
l7uqu0,normal,0.8177574872970581
kcrepz,normal,0.7887457013130188
fc60q1,normal,0.6582239270210266
fpzmv8,normal,0.6759282946586609
hz5dqe,normal,0.7711524963378906
f3s8yy,normal,0.7617518305778503
dam7wz,normal,0.7360537052154541
gecgyr,normal,0.7002946734428406
gmczg8,normal,0.7577878832817078
f4vg55,normal,0.789821982383728
faduqy,normal,0.62064129114151
dch3vr,normal,0.8012813925743103
fbzuml,normal,0.7574049234390259
bpm8h3,normal,0.7679868936538696
ighskz,normal,0.5732453465461731
gnzzt0,normal,0.8016896843910217
fnuibr,normal,0.7796840667724609
f7jssx,normal,0.7288557291030884
f6c9y5,normal,0.7172877192497253
fo9zph,normal,0.7476873397827148
bsfn4l,normal,0.7374396324157715
8rjgf2,normal,0.7103803753852844
b3h2eq,normal,0.7768505811691284
65zlof,offensive,0.4500669538974762
bviiyq,normal,0.7434550523757935
1n1lb6,normal,0.7689648866653442
cyr859,normal,0.5951656699180603
8q1l1f,normal,0.7400733828544617
7cl3h2,normal,0.7017432451248169
b7jefx,normal,0.676494300365448
8pnhe1,normal,0.635452389717102
4iuzvd,normal,0.7176942229270935
90mtoq,normal,0.7870646119117737
2tzr7f,normal,0.7528813481330872
jvxpyu,normal,0.6381286978721619
53p9s0,normal,0.7229613661766052
3g9i2z,normal,0.7958144545555115
fa8gbl,normal,0.720313549041748
3d4d0m,normal,0.8365330696105957
1rbnhr,normal,0.8034576773643494
5uyx4k,normal,0.7785242199897766
b7owdk,normal,0.6793836355209351
ku1dh,normal,0.7402942776679993
3k3jnv,normal,0.7751414775848389
1myg9o,normal,0.6989494562149048
m9w4nq,normal,0.8011239767074585
cs40ts,normal,0.7542223930358887
mkwaxd,normal,0.8060240149497986
j1boiq,normal,0.7500532865524292
kcyu8t,normal,0.8147450685501099
kmapc6,normal,0.8169793486595154
jfwfab,normal,0.7491333484649658
2a4dsa,normal,0.8271920084953308
bqija5,normal,0.671597957611084
junf90,normal,0.6589304208755493
gfjby7,normal,0.750711977481842
55c6b3,normal,0.7550636529922485
h95zx2,normal,0.746910810470581
fv7wrx,normal,0.7390002608299255
g9mus3,normal,0.7895426750183105
g7lwlj,normal,0.6517685055732727
2k6nva,normal,0.6636114120483398
dowd7,offensive,0.7066527009010315
cz68a7,normal,0.7599261999130249
7uud8r,normal,0.7762010097503662
85zo9u,normal,0.77208012342453
b3lzby,normal,0.7702205181121826
9zj5jb,normal,0.6591581106185913
8vhdfm,normal,0.783227264881134
cu9ew1,normal,0.6131183505058289
ab73bl,normal,0.8510708212852478
75z0ni,normal,0.6037806868553162
drnwu3,normal,0.77260822057724
9s2ou1,normal,0.7798683643341064
6lq91g,normal,0.6951585412025452
evibh2,normal,0.7391834855079651
7bj10k,normal,0.7615479826927185
5unbkq,normal,0.7762086987495422
5td44c,normal,0.7570984959602356
b5maay,normal,0.8372077941894531
5rnzyh,normal,0.7424075603485107
6i2jk9,hate speech,0.46413126587867737
5vlnde,normal,0.6688613295555115
e5i0m2,normal,0.6876475214958191
j5fuzy,normal,0.7032941579818726
i7vzuj,normal,0.6959551572799683
f6elrx,normal,0.6502299904823303
lky8aq,normal,0.7573743462562561
at618o,normal,0.6840372681617737
khjr7l,normal,0.7387034893035889
dl2p1w,normal,0.7593895196914673
8wbltz,normal,0.741956353187561
j7nuql,normal,0.7132869362831116
abbah6,normal,0.7757272720336914
dos81v,normal,0.8130090236663818
kjk0os,normal,0.7520758509635925
j07ia1,normal,0.7796167135238647
89eck3,normal,0.7721925377845764
581cn4,normal,0.8031985759735107
k9j04h,normal,0.721114993095398
9bx335,normal,0.6672831177711487
kq1ocn,normal,0.7433123588562012
ie7jiq,normal,0.7865833640098572
ka406r,normal,0.7289780974388123
4pebn6,normal,0.7317519187927246
hlnxsp,normal,0.7866337299346924
2alla4,normal,0.7804078459739685
4rhxea,normal,0.6516724228858948
299ta9,normal,0.7517727613449097
fvo2av,normal,0.7099071145057678
52tfr4,normal,0.7719860076904297
23n8ja,normal,0.7586668133735657
h7ifr1,normal,0.7862754464149475
exhs3k,normal,0.6619329452514648
4uv1x6,normal,0.7710798382759094
ariv7p,normal,0.7848600745201111
8n15u3,normal,0.7798875570297241
8iihf2,normal,0.782974898815155
cb0dfy,normal,0.7902161478996277
5tvs7h,normal,0.7766090035438538
3a1fsw,normal,0.7439255118370056
359uij,normal,0.7828013896942139
5eh0l4,normal,0.7580990791320801
5hialo,normal,0.7422172427177429
6na0o8,normal,0.7756819725036621
25754y,normal,0.7321216464042664
5e7fnj,normal,0.772229790687561
3vz5id,normal,0.7680764198303223
1yeh93,normal,0.6220287680625916
tsl5y,normal,0.7585432529449463
86o7lz,normal,0.7525125741958618
4afhq2,normal,0.7572618722915649
3mh2ro,normal,0.8153690695762634
amaxi3,normal,0.7647441625595093
bkyiwx,normal,0.7432765960693359
m9c9df,normal,0.8257495164871216
ilgc3s,normal,0.7803441286087036
mhgy10,normal,0.7398342490196228
mhgvxn,normal,0.7642257213592529
d1fjkb,normal,0.7503746151924133
9zq7ot,normal,0.706987738609314
krsmom,normal,0.8196744322776794
8y1isd,normal,0.7964184880256653
kovh3j,normal,0.788818359375
abz7m3,normal,0.6508538722991943
5y58y6,normal,0.7894986271858215
76l1jv,normal,0.7890043258666992
1kzw13,normal,0.7902540564537048
3u4mr2,normal,0.7602946162223816
t83sr,normal,0.8018245100975037
i16wqr,normal,0.7505683302879333
ppv9p,normal,0.8129495978355408
r1s6f,normal,0.717653751373291
tio7y,normal,0.7918483018875122
pryx4,normal,0.7689569592475891
qdvbe,normal,0.8332557082176208
uasii,normal,0.8129875659942627
u3zej,normal,0.7643935680389404
s6tll,normal,0.7794743776321411
3009t7,normal,0.7820069193840027
mcuo7,normal,0.7694220542907715
7mxzja,normal,0.7589308023452759
rx0k7,normal,0.7094357013702393
243x4p,normal,0.797743022441864
txiuu,normal,0.7773148417472839
og3hk,normal,0.7938364148139954
1aaigo,normal,0.7938619256019592
fypi3j,normal,0.7694334387779236
o1wjv,normal,0.7316411733627319
11bnmq,normal,0.7334548234939575
btu4pf,normal,0.7611949443817139
qyn5y,normal,0.8142836093902588
tljde,normal,0.8465275764465332
9vx4hc,normal,0.7852969765663147
f53hyf,normal,0.7843746542930603
1ft9pw,normal,0.7119118571281433
towwb,normal,0.793974757194519
52epfu,normal,0.8025362491607666
evyvvo,offensive,0.559527575969696
1mt86y,normal,0.7867853045463562
3zw3cb,normal,0.7333610653877258
6o0h86,normal,0.6300599575042725
ko8vzr,normal,0.739978551864624
jvm3ks,normal,0.541569173336029
moxfaz,normal,0.7645545601844788
hjama7,normal,0.7862802743911743
hlm2oz,normal,0.711197018623352
i60nh5,normal,0.7590872645378113
jh5wo9,normal,0.7852915525436401
lk8hqb,normal,0.7984408140182495
eoe0kf,normal,0.7306623458862305
6vbxr2,normal,0.6482661962509155
fcepxk,normal,0.7958307862281799
fps3ni,normal,0.8008432984352112
gzat7e,normal,0.7080094814300537
dawgps,normal,0.7643215656280518
kkjpe4,normal,0.7581789493560791
bxd9dn,normal,0.6869802474975586
grzzzl,normal,0.7906500697135925
a3q5vn,normal,0.7539061307907104
cnp25a,normal,0.5478199124336243
70so06,hate speech,0.5536494255065918
khzouj,normal,0.8121539950370789
2dhyko,normal,0.5306591391563416
l77bk4,normal,0.7662997245788574
70nlos,normal,0.8084924221038818
6d35a0,normal,0.7718455791473389
8xitt1,normal,0.7940458655357361
6r0xpf,normal,0.8062185049057007
6a6ul3,normal,0.663624107837677
4ozoh2,normal,0.773639976978302
54s791,normal,0.6080214381217957
4kkfjm,normal,0.7904000282287598
c5u9zq,normal,0.6755850315093994
6nz0lc,normal,0.7509015798568726
6zghlt,normal,0.7352795600891113
2amz8i,normal,0.7740355134010315
26owvg,normal,0.7752838730812073
g7vifj,normal,0.7667068243026733
4zq2yk,normal,0.7848235964775085
3g55mw,normal,0.7425295114517212
1vv1l9,normal,0.7861754298210144
8joz9c,normal,0.7785109281539917
6kccum,normal,0.7866021990776062
34ynpj,normal,0.7558773756027222
50289v,normal,0.8128055930137634
6o82k8,normal,0.7434836030006409
2ejrtz,normal,0.7343709468841553
4t91v6,normal,0.8366470336914062
109zca,normal,0.8035117983818054
8q61xn,normal,0.8413802981376648
mnautz,normal,0.7690282464027405
mad7p2,normal,0.7679300904273987
ly2cef,normal,0.7387275099754333
lyfiqr,normal,0.776560366153717
lkb9ex,normal,0.7179239392280579
ljhfs6,normal,0.7468100190162659
lhcrwr,normal,0.7631740570068359
lbxw65,normal,0.7932054996490479
la824w,normal,0.7785504460334778
kooe5l,normal,0.8312616348266602
k9wd6w,normal,0.7551776766777039
k4m70i,normal,0.8042478561401367
k3wul5,normal,0.8276435136795044
jueyqf,normal,0.8249947428703308
jti878,normal,0.7818324565887451
jg9bnl,normal,0.769444465637207
iwte1t,normal,0.8201451897621155
i5yn6d,normal,0.8081645369529724
i2h2o8,normal,0.8310055136680603
i07n5m,normal,0.7194419503211975
hzelrq,normal,0.7071528434753418
hs7adi,normal,0.7898647785186768
hpfnsp,normal,0.7564669251441956
gzv9du,normal,0.6794101595878601
gn6kt9,normal,0.7795643210411072
gjb3d0,normal,0.7924358248710632
g2jgy0,normal,0.7673342227935791
fsvfz8,normal,0.8130182027816772
fil723,normal,0.7292572855949402
ekpwcg,normal,0.7085973024368286
eh3513,normal,0.8024200797080994
dtinnj,normal,0.832383394241333
deummj,normal,0.7893698215484619
cyxe4n,normal,0.7121432423591614
cptct0,normal,0.7769963145256042
cot95o,normal,0.7039233446121216
c35ahv,normal,0.791739284992218
bxyk6k,normal,0.7043965458869934
btpyi0,normal,0.6759859919548035
bk11ni,normal,0.7171096801757812
bjx19b,normal,0.7312341332435608
bj1wkp,normal,0.7953964471817017
b654x7,normal,0.7868236303329468
