tweet_id,classification,classification_score
e9cfn5,normal,0.7591748237609863
clkahh,normal,0.7578978538513184
iovl8f,normal,0.6970071196556091
kpwoew,normal,0.7700241208076477
jxr6iz,normal,0.7680464386940002
cd5xdn,normal,0.7328426837921143
joy6y0,normal,0.6878272891044617
j2zsnx,normal,0.7676563262939453
dusdyw,normal,0.7967989444732666
f4ghmp,normal,0.8276622891426086
e98ma7,normal,0.5919977426528931
bh7ew9,normal,0.8399896025657654
di9o1d,normal,0.8000045418739319
e13fph,normal,0.7959678769111633
cd76x5,normal,0.8003052473068237
gy6mus,normal,0.7934195399284363
kx7w9o,normal,0.7968189716339111
kkvchj,normal,0.6754628419876099
ineksd,normal,0.6594545841217041
lx01os,normal,0.7803216576576233
eay3jp,normal,0.8316100239753723
mq72np,normal,0.733898937702179
lb8m3t,normal,0.7899704575538635
c8xwt4,normal,0.7561920285224915
kl5vnp,normal,0.7570204138755798
m2wduz,normal,0.7735893726348877
fjibko,normal,0.7882019281387329
dvudd8,normal,0.8118624091148376
k5ai3p,normal,0.7441537976264954
lfr4th,normal,0.7634544968605042
kjt3z7,normal,0.7787714600563049
lb1upx,normal,0.5146498084068298
m6onl2,normal,0.7175456285476685
mvoayr,normal,0.823729395866394
ln0cee,normal,0.7891008257865906
ix1sup,normal,0.714038074016571
mcp2di,normal,0.7711585164070129
mk9lqa,normal,0.7361038327217102
ml1ax8,normal,0.7696109414100647
fljk5v,normal,0.6848788261413574
m15j0i,normal,0.6569210290908813
e8kj81,normal,0.7595376372337341
lmwka4,normal,0.7055749297142029
jy0eew,normal,0.8082883358001709
kbcso2,normal,0.749147891998291
jt884z,normal,0.8051391243934631
fctfwv,normal,0.7848177552223206
c4g4go,normal,0.6535821557044983
4qnzci,normal,0.7284674048423767
2blucl,normal,0.7080759406089783
ifc4ev,normal,0.5789710879325867
ltyiim,normal,0.7639784216880798
lolmht,normal,0.7469847798347473
mde382,normal,0.8348699808120728
l85ev5,normal,0.7975407242774963
ks4l5v,normal,0.746025800704956
cena3p,normal,0.7449124455451965
j7prim,normal,0.7315795421600342
a1dymx,normal,0.5639079809188843
jmvft6,normal,0.8074945211410522
j7qo0f,normal,0.7705117464065552
imb7y9,normal,0.7729403972625732
iobm8n,normal,0.7902433276176453
i33b7x,normal,0.7451618313789368
ljfyps,normal,0.7533555030822754
kj5gjv,normal,0.7685129046440125
mbsyyz,normal,0.6887922883033752
m268xn,normal,0.8234619498252869
mpb70b,normal,0.6836899518966675
j29lz6,normal,0.7824720144271851
ffdqhw,normal,0.6396963000297546
kphfcm,normal,0.8191905617713928
mpkvh7,normal,0.6539616584777832
f7wkho,normal,0.7980356216430664
konhfw,normal,0.8497027158737183
mvdnyl,normal,0.7677140831947327
jtsrcc,normal,0.7789159417152405
jj0dzu,normal,0.7422292232513428
mmwnb2,normal,0.6186973452568054
mf1phz,normal,0.7752970457077026
m1fliq,normal,0.7706156969070435
kjka5s,normal,0.8096296191215515
kjzp6c,normal,0.7141680717468262
kx5rgb,normal,0.8286610245704651
kkkkbo,normal,0.6917179822921753
kj6wh5,normal,0.7602819800376892
jqv9fr,normal,0.8256629705429077
lufzf6,normal,0.6885693669319153
kiyrl7,normal,0.7505139112472534
miiuvw,normal,0.7995553016662598
j5k9xw,normal,0.7374075651168823
m7bmks,normal,0.6968210935592651
l7arj6,normal,0.7857069373130798
mmvvda,normal,0.7907954454421997
mg2iyu,normal,0.7619361877441406
ino13c,normal,0.7057912945747375
30m5wd,normal,0.755351185798645
j7n3xy,normal,0.813299298286438
gjdxfn,normal,0.7560253143310547
ioks0f,normal,0.7625647187232971
gqz3ds,normal,0.7815014719963074
he0rox,normal,0.7360467314720154
j4ffe9,normal,0.7877102494239807
gus1au,normal,0.7747658491134644
hl172p,normal,0.6900493502616882
i05aqd,normal,0.7415862083435059
97dnmo,normal,0.7946382164955139
k9eua8,normal,0.7833914160728455
l1mnrc,normal,0.7740639448165894
khqb37,normal,0.7727658748626709
hxjt8k,normal,0.770797848701477
bh7egn,normal,0.8390721082687378
ebi7mi,normal,0.7865625619888306
lr848c,normal,0.8349882364273071
mqt5rn,normal,0.7096627354621887
mg5tjd,normal,0.7870344519615173
lkws2j,normal,0.7724896669387817
lk4itf,normal,0.6912438273429871
knco2v,normal,0.7975313067436218
kzc46a,normal,0.8159525394439697
leu9p5,normal,0.7923497557640076
j1stwt,normal,0.7763152718544006
m0hp84,normal,0.8125231862068176
kww8q9,normal,0.8078605532646179
gowgbh,normal,0.7812760472297668
gthdui,normal,0.6403346657752991
mtfhbr,normal,0.7875924110412598
mw6udo,normal,0.8278265595436096
l2my57,normal,0.7110117077827454
kjidls,normal,0.5876970291137695
kvxdx5,normal,0.7730070352554321
mvhkil,normal,0.7610021233558655
kzbhik,normal,0.7918314337730408
img72q,normal,0.6766337156295776
lspz1j,normal,0.6653459668159485
mnmmww,normal,0.6771122217178345
hbekaf,normal,0.7110668420791626
g88h8n,normal,0.7835732698440552
i8hqal,normal,0.820016622543335
meyu6j,normal,0.7031698822975159
jbrcmw,normal,0.7544063925743103
l5dcrp,normal,0.7914222478866577
hgdyaf,normal,0.7582705616950989
km2oyl,normal,0.8277931213378906
lyd9es,normal,0.7330013513565063
fy186f,normal,0.7783084511756897
lh3khe,normal,0.7791212797164917
mrh24v,normal,0.7110278010368347
mpdtcf,normal,0.8153152465820312
hlci11,normal,0.7645794749259949
lajowy,normal,0.7709553837776184
mdxmov,normal,0.7604311108589172
k8glvs,normal,0.7514359354972839
lt1tbz,normal,0.7924330234527588
mhnwdf,normal,0.8135300874710083
mw2mad,normal,0.8191799521446228
ml1yv7,normal,0.7960020303726196
mfaod5,normal,0.659162700176239
m53mix,normal,0.7673146724700928
mlxyuh,normal,0.7275857329368591
mpi8w2,normal,0.8132075071334839
mmr37c,normal,0.8329399824142456
lczmgv,normal,0.7262958288192749
msjjm0,normal,0.7953338623046875
lwc4pc,normal,0.8206307291984558
m6k8fl,normal,0.7974156737327576
m49b29,normal,0.7992544174194336
mbp9cr,normal,0.7756615281105042
lysbp3,normal,0.8021920919418335
m5yn6e,normal,0.8328065276145935
ma43kv,normal,0.7253119349479675
mgc0yy,normal,0.8101727366447449
ljt5dt,normal,0.8037714958190918
mxqmi8,normal,0.7704488635063171
mxk0wb,normal,0.8080304265022278
mxq5ui,normal,0.7740256190299988
mxmgky,normal,0.7779983282089233
my01ho,normal,0.683242678642273
mxytad,normal,0.7876166105270386
mxsz4m,normal,0.7702414989471436
mxz002,normal,0.7920069098472595
mxtezl,normal,0.7747528553009033
mxolql,normal,0.758987307548523
mxa6du,normal,0.8011696934700012
mxdqqv,normal,0.6785018444061279
mx9l8s,normal,0.7958657741546631
mx9ips,normal,0.7290463447570801
mx3icg,normal,0.800972044467926
mx833n,normal,0.7694349884986877
mwp1ni,normal,0.8379937410354614
mvub6h,normal,0.7255668044090271
mvr02d,normal,0.6922880411148071
mvdco4,normal,0.7910861372947693
mxpilt,normal,0.7207784652709961
my29je,normal,0.7198970913887024
mxums1,normal,0.7809401154518127
my03o0,normal,0.702610969543457
mxznch,normal,0.6714478731155396
mxwyrd,normal,0.8398633003234863
mxin93,normal,0.7025885581970215
mtnm7x,normal,0.7545279264450073
mmtoeo,normal,0.7650253176689148
mphqvy,normal,0.7064685225486755
mp31rp,normal,0.7077881693840027
mobbgp,normal,0.6887518763542175
mm4bmp,normal,0.8309690952301025
mjxahg,normal,0.8479114174842834
mgu98z,normal,0.752840518951416
md3ggx,normal,0.7969642877578735
