tweet_id,classification,classification_score
c1kz6f,normal,0.7789778113365173
3sb7op,normal,0.7845556139945984
j894hv,normal,0.8543307185173035
iprbuz,normal,0.797190248966217
ieiipu,normal,0.6412786841392517
hi15sj,normal,0.7661733627319336
j2zsnx,normal,0.7676563262939453
ip9z3c,normal,0.7731449604034424
i6oki8,normal,0.7659391164779663
bh7ew9,normal,0.8399896025657654
bmohma,normal,0.7533305883407593
bh8fg2,normal,0.7662718892097473
bs9nhn,normal,0.796192467212677
clc04n,normal,0.762589156627655
bhje6m,normal,0.7988489270210266
c86wa1,normal,0.7447711825370789
3pr22v,normal,0.793042004108429
3l44u4,normal,0.7718045115470886
46lteu,normal,0.7970556020736694
kx7w9o,normal,0.7968189716339111
kkvchj,normal,0.6754628419876099
ineksd,normal,0.6594545841217041
lx01os,normal,0.7803216576576233
eay3jp,normal,0.8316100239753723
mq72np,normal,0.733898937702179
lb8m3t,normal,0.7899704575538635
c8xwt4,normal,0.7561920285224915
kl5vnp,normal,0.7570204138755798
m2wduz,normal,0.7735893726348877
fjibko,normal,0.7882019281387329
dvudd8,normal,0.8118624091148376
k5ai3p,normal,0.7441537976264954
lfr4th,normal,0.7634544968605042
kjt3z7,normal,0.7787714600563049
jjcxt0,normal,0.7936919927597046
m6y54o,normal,0.7675214409828186
iltj7g,normal,0.6853328347206116
gv2t74,normal,0.7382116913795471
m61rfz,normal,0.8172922134399414
gy3dw4,normal,0.7529711723327637
gqabi8,normal,0.8110260963439941
lb4blm,normal,0.7805969715118408
l9ktxm,normal,0.8325557112693787
l0w5t6,normal,0.757798433303833
k87m8q,normal,0.7586837410926819
jc6nk1,normal,0.7120035290718079
kzmv6w,normal,0.826705276966095
jm2bpv,normal,0.8058871626853943
jqkpbf,normal,0.7884678840637207
k9h52o,normal,0.7294147610664368
l5g5j2,normal,0.7368887066841125
modrh9,normal,0.7901318669319153
ms3x9w,normal,0.7789517045021057
mjwfz5,normal,0.7530556917190552
mmagqu,normal,0.7971204519271851
ljvgg7,normal,0.7714070081710815
mnjr2a,normal,0.7900283932685852
l85ev5,normal,0.7975407242774963
kndapk,normal,0.7614679336547852
l76zt9,normal,0.5068564414978027
juhypi,normal,0.7386879324913025
hhqjcl,normal,0.6712032556533813
iuwwpe,normal,0.7324812412261963
lifw4b,normal,0.8177486658096313
k43xkk,normal,0.8184866905212402
ip2yfi,normal,0.850075900554657
k1k3ym,normal,0.8003450632095337
jfcket,normal,0.7860305309295654
jz7qbi,normal,0.8430591225624084
j35u4j,normal,0.7694653272628784
jf25te,normal,0.7709239721298218
icufnd,normal,0.7939507365226746
mhss7y,normal,0.7422142028808594
mp34uj,normal,0.7680690884590149
j5rjqc,normal,0.8124406337738037
le7l1s,normal,0.6908254623413086
gr4jwe,normal,0.7649277448654175
fvul3m,normal,0.685570240020752
mkw1q2,normal,0.7046246528625488
m7bmks,normal,0.6968210935592651
cto8vk,normal,0.6256967186927795
ezfpxn,normal,0.7885754704475403
evax94,normal,0.7745822668075562
a81ejt,normal,0.7195492386817932
2zlkp1,normal,0.7772073745727539
a2lvuf,normal,0.628264307975769
4sursc,normal,0.6762894988059998
3ryjv1,normal,0.7556103467941284
4qnzci,normal,0.7284674048423767
2e3a09,normal,0.6822619438171387
19ubb3,normal,0.7940617203712463
lmsul1,normal,0.7957773804664612
lykkmc,normal,0.6521620154380798
mcd54b,normal,0.7712388634681702
md3tv2,normal,0.7360692024230957
jpvvug,normal,0.7704210877418518
ldsvxp,normal,0.7864143252372742
kadsut,normal,0.7623999118804932
l75clg,normal,0.7754150032997131
moel5f,normal,0.6496744751930237
kexwdx,normal,0.7350510358810425
mklnjt,normal,0.7107033133506775
l80rbh,normal,0.7894173860549927
j90w2d,normal,0.720514714717865
j2sakd,normal,0.7800846695899963
mx8d4e,normal,0.518082857131958
mgtdhk,normal,0.771360456943512
jisi8w,normal,0.791633665561676
jyqyqg,normal,0.6707785129547119
ioqu7b,normal,0.7799639701843262
jyvwwf,normal,0.8035380244255066
jfzq98,normal,0.6889358758926392
hxzmhj,normal,0.7981302738189697
ip36h4,normal,0.7585269808769226
j0n1jo,normal,0.8091099262237549
i56gnf,normal,0.6250086426734924
hohkjk,normal,0.5757706761360168
bh7egn,normal,0.8390721082687378
c8d0rw,normal,0.7759395837783813
3t30g9,normal,0.8159445524215698
3pr0nd,normal,0.793042004108429
3t8995,normal,0.7584083080291748
1mbghg,normal,0.751175045967102
m7xfs7,normal,0.8238295316696167
lnk6ay,normal,0.7250961065292358
mcp5sb,normal,0.761035680770874
lufqse,normal,0.7614806890487671
m5374v,normal,0.7961328625679016
lx2bv1,normal,0.7320555448532104
me4l9m,normal,0.7566526532173157
m0npkl,normal,0.8184633851051331
mjuaju,normal,0.8211166858673096
midtet,normal,0.7113012075424194
gy1uxu,normal,0.7950439453125
lyy35r,normal,0.7047461867332458
ljz8cu,normal,0.7645649909973145
m4lb5o,normal,0.7451257705688477
m0kf3n,normal,0.5929054617881775
ka6neo,normal,0.8335418105125427
mutold,normal,0.7240735292434692
m2d2sb,normal,0.793064296245575
iv5t0z,normal,0.8239197731018066
hup3ab,normal,0.794244647026062
hve7g5,normal,0.7930834889411926
islvrv,normal,0.841601550579071
mwp52o,normal,0.7671214938163757
ldlj6a,normal,0.846981942653656
jg6lq2,normal,0.7963751554489136
mgsrmb,normal,0.7867342829704285
mjyxp8,normal,0.7276375889778137
mxolql,normal,0.758987307548523
imoohy,normal,0.5996053218841553
m8500s,normal,0.7706613540649414
mn5b8u,normal,0.7845027446746826
lkivyn,normal,0.781535267829895
mk9re5,normal,0.6801916360855103
mrosx7,normal,0.8006495237350464
krbaoy,normal,0.7927350401878357
mn9344,normal,0.7371391654014587
lm0lbn,normal,0.7332378625869751
mi6bns,normal,0.7905248403549194
mkxr85,normal,0.8302097916603088
mq416f,normal,0.7854430675506592
m3u7z6,normal,0.8086693286895752
mwlxdq,normal,0.7734518051147461
lfhd3y,normal,0.8121840357780457
lk61io,normal,0.7474245429039001
mxqmi8,normal,0.7704488635063171
mxk0wb,normal,0.8080304265022278
mxq5ui,normal,0.7740256190299988
mxmgky,normal,0.7779983282089233
my01ho,normal,0.683242678642273
mxytad,normal,0.7876166105270386
mxsz4m,normal,0.7702414989471436
mxz002,normal,0.7920069098472595
mxtezl,normal,0.7747528553009033
mxa6du,normal,0.8011696934700012
mw6udo,normal,0.8278265595436096
mxdqqv,normal,0.6785018444061279
mx9l8s,normal,0.7958657741546631
mx9ips,normal,0.7290463447570801
mxvci2,normal,0.8195500373840332
my0b43,normal,0.8024212121963501
mv2qml,normal,0.7316709160804749
mxllum,normal,0.7939534187316895
mxin93,normal,0.7025885581970215
my2i41,normal,0.8429998755455017
mxl5ye,normal,0.8119810819625854
mxgzdf,normal,0.7643582224845886
mxuwe1,normal,0.777620255947113
mxpgee,normal,0.7651233673095703
mxsujz,normal,0.7090617418289185
mvch23,normal,0.7962429523468018
mxbkfv,normal,0.7547930479049683
mxv8hc,normal,0.8206166625022888
muqlvs,normal,0.8288182616233826
mxy5qe,normal,0.8260810375213623
mx2n25,normal,0.8241589665412903
mwid0l,normal,0.7343693971633911
mx0wld,normal,0.7970065474510193
mx69ma,normal,0.6235973834991455
mwjkp4,normal,0.7067985534667969
mw7u57,normal,0.7539962530136108
mw4x2b,normal,0.7983593344688416
mvr02d,normal,0.6922880411148071
mvnk5s,normal,0.7940391302108765
mutpxm,normal,0.6822885274887085
j1898i,normal,0.6706522703170776
mr2tu5,normal,0.8536415696144104
mpluim,normal,0.8302710652351379
679ix4,normal,0.7598866820335388
m1z9qm,normal,0.6792944073677063
ml0voe,normal,0.7667727470397949
mw4nrj,normal,0.7189069986343384
msvbz5,normal,0.8575946092605591
mve8yz,normal,0.7152584195137024
mm71l1,normal,0.7924607396125793
