tweet_id,classification,classification_score
f0bi81,normal,0.767624020576477
jfnjq0,normal,0.6741772890090942
insasg,normal,0.7585277557373047
c6ebdv,normal,0.8166177868843079
90lft0,normal,0.7629445195198059
exwx0c,normal,0.7819148302078247
8yf14q,normal,0.7403258681297302
6jxijs,normal,0.678182065486908
cv3550,normal,0.7464431524276733
bph196,normal,0.7770441770553589
61z14l,normal,0.7629135847091675
6a83wm,normal,0.7722672820091248
8zjdol,normal,0.7536219954490662
7yeryd,normal,0.7522309422492981
9fc9cf,normal,0.7728704214096069
89oraq,normal,0.7689480781555176
5ljvae,normal,0.7798627614974976
2yms5e,normal,0.8074517250061035
5tyhe4,normal,0.75772625207901
2zp8ym,normal,0.7735044956207275
koa5ky,normal,0.77790766954422
l6y31w,normal,0.7829609513282776
ktm2c7,normal,0.780672550201416
ibluqe,normal,0.7997068166732788
aldeg6,normal,0.6392080783843994
7avgiw,normal,0.44100600481033325
6m1vi2,normal,0.7629314661026001
9jfrg5,normal,0.6856655478477478
c6hnrs,normal,0.7784273028373718
l2my57,normal,0.7110117077827454
kjidls,normal,0.5876970291137695
kvxdx5,normal,0.7730070352554321
mvhkil,normal,0.7610021233558655
kzbhik,normal,0.7918314337730408
img72q,normal,0.6766337156295776
lspz1j,normal,0.6653459668159485
mnmmww,normal,0.6771122217178345
hbekaf,normal,0.7110668420791626
g88h8n,normal,0.7835732698440552
i8hqal,normal,0.820016622543335
meyu6j,normal,0.7031698822975159
jbrcmw,normal,0.7544063925743103
l5dcrp,normal,0.7914222478866577
hgdyaf,normal,0.7582705616950989
km2oyl,normal,0.8277931213378906
lyd9es,normal,0.7330013513565063
fy186f,normal,0.7783084511756897
lh3khe,normal,0.7791212797164917
mrh24v,normal,0.7110278010368347
mpdtcf,normal,0.8153152465820312
hlci11,normal,0.7645794749259949
lajowy,normal,0.7709553837776184
mdxmov,normal,0.7604311108589172
k8glvs,normal,0.7514359354972839
lt1tbz,normal,0.7924330234527588
mhnwdf,normal,0.8135300874710083
mw2mad,normal,0.8191799521446228
ml1yv7,normal,0.7960020303726196
mfaod5,normal,0.659162700176239
mdpbzy,normal,0.7052062153816223
msgeun,normal,0.5667787194252014
msni12,normal,0.7866159677505493
m43jm5,normal,0.7673678398132324
m1ffdc,normal,0.763458251953125
mtjgwa,normal,0.7407913208007812
l0gpkj,normal,0.8108264207839966
lsupsk,normal,0.7843088507652283
lf7tq5,normal,0.8123394250869751
m77qp6,normal,0.7924219965934753
khxzap,normal,0.755704939365387
m6hj2n,normal,0.7022096514701843
j42fb8,normal,0.7958627939224243
m8ah39,normal,0.7377793788909912
m0k5an,normal,0.7925001382827759
mtcrky,normal,0.8025779724121094
mepb59,normal,0.7517773509025574
mx7c80,normal,0.786381721496582
mdx8ge,normal,0.7697161436080933
mmtoeo,normal,0.7650253176689148
hx1rqn,normal,0.7344532012939453
kzbjm0,normal,0.7904726266860962
mstd78,normal,0.7503857016563416
mip9sm,normal,0.8116414546966553
gsgh8m,normal,0.7789131999015808
juxsth,normal,0.7825816869735718
lwoi0a,normal,0.7810553908348083
lpsl1z,normal,0.6484130620956421
gifiwr,normal,0.7839683890342712
jraoi9,normal,0.8244895935058594
jtijv0,normal,0.7585986256599426
lg0ouy,normal,0.6654307246208191
mhk3oj,normal,0.7483682632446289
9dhgw5,normal,0.6760081648826599
hyfgrt,normal,0.6523798108100891
mxolql,normal,0.758987307548523
j0d0o8,normal,0.7916339039802551
mrkvi5,normal,0.765032947063446
mxwyrd,normal,0.8398633003234863
j71gkk,normal,0.6021980047225952
l0ndzl,normal,0.6929441094398499
mgxmmv,normal,0.6517788767814636
mleuv8,normal,0.7823882699012756
m718zw,normal,0.8210139870643616
mkqgh0,normal,0.7759662866592407
mxw9zs,normal,0.7888405323028564
mxy8pl,normal,0.6974112391471863
my01ho,normal,0.683242678642273
mxy5qe,normal,0.8260810375213623
mxpgee,normal,0.7651233673095703
mxdtsl,normal,0.797322690486908
mw6udo,normal,0.8278265595436096
mx1u2y,normal,0.8009604811668396
mt23wy,normal,0.5308554768562317
mwc1rg,normal,0.78828364610672
mwmmj7,normal,0.6914991140365601
mwg511,normal,0.6897380948066711
mvnccd,normal,0.7742058634757996
mw4jz9,normal,0.7856866717338562
mvxwsa,normal,0.757087767124176
mjxahg,normal,0.8479114174842834
mr5cc6,normal,0.7802587747573853
kxhv59,normal,0.7986669540405273
mwjmlz,normal,0.7551305294036865
mx2pye,normal,0.7819439172744751
mee48k,normal,0.7769669890403748
ljqftn,normal,0.8522776365280151
ahlv2u,normal,0.7681357860565186
llbiz8,normal,0.737571120262146
m6jget,normal,0.7817584872245789
32gzly,normal,0.8207805752754211
mwurul,normal,0.7478761672973633
mvyfe9,normal,0.6701185703277588
ms3x9r,normal,0.791296660900116
ms3rbj,normal,0.8139823079109192
mobal1,normal,0.8095018863677979
mjs61f,normal,0.5536647439002991
mg4goz,normal,0.7762323021888733
me5k91,normal,0.7347677946090698
mam9ix,offensive,0.5122362375259399
mdqfoa,normal,0.6745914220809937
mboacv,normal,0.7260435223579407
m6r5cg,normal,0.806659996509552
m602v0,normal,0.8110755085945129
m7uq89,normal,0.729699432849884
m31iix,normal,0.806451678276062
mwu7jx,normal,0.7685749530792236
mvli7w,normal,0.7749091982841492
muyml2,normal,0.836359977722168
mwn350,normal,0.6992891430854797
mw9sdj,normal,0.5772081017494202
mvzh7l,normal,0.769622266292572
mt5b3m,normal,0.7667297124862671
msxkk0,normal,0.7368603944778442
mueok8,normal,0.7675318121910095
mtubqr,normal,0.7579962611198425
msn6r5,normal,0.7860501408576965
mrs6yt,normal,0.8028796315193176
mp6q66,normal,0.7668321132659912
mrdnov,normal,0.7779248356819153
mp3awl,normal,0.754622220993042
msio5o,normal,0.6410999894142151
mrw5ig,normal,0.7753967642784119
mkxcp8,normal,0.7597239017486572
mi7ezm,normal,0.7347490191459656
mgl1xc,normal,0.7932257652282715
m7a4pl,normal,0.7913512587547302
m6krvp,normal,0.7582873106002808
m1xzz3,normal,0.7826412320137024
m1gygn,normal,0.7695179581642151
ltyqbl,normal,0.7858979105949402
lmylhe,normal,0.6936920881271362
ll05dl,normal,0.7987144589424133
lf8zoz,normal,0.7811621427536011
lf9t8n,normal,0.6034465432167053
mxh67x,normal,0.7128663659095764
mrv96v,normal,0.6901593804359436
mnqx5s,normal,0.7697169780731201
mjgqmw,normal,0.8041754364967346
mi1arn,normal,0.8119402527809143
m532cv,normal,0.7914220690727234
m2cgy3,normal,0.7692433595657349
lwv11k,normal,0.7751433849334717
lw3iq8,normal,0.7969465255737305
lykw3c,normal,0.7115728259086609
lsfrxe,normal,0.6241180896759033
lp3h9r,normal,0.7580729722976685
mx9dmq,normal,0.7662277817726135
mwzg6v,normal,0.7856484055519104
mxv22d,normal,0.7847827672958374
mwcp4y,normal,0.8098944425582886
mvp2gm,normal,0.7995768785476685
mvmrml,normal,0.8239355087280273
mwte3l,normal,0.7858134508132935
mugnnh,normal,0.7106767296791077
mth0vv,normal,0.7885401844978333
mvdw0s,normal,0.7658838629722595
msrr68,normal,0.7905123829841614
luyp0y,normal,0.770118772983551
loqmce,normal,0.8217941522598267
l4egly,normal,0.8199338912963867
l53wei,normal,0.7606284022331238
l1nn1u,normal,0.6505582928657532
kr3t9e,normal,0.766582190990448
ko864d,normal,0.7546529173851013
klc50e,normal,0.8278438448905945
kf7aom,normal,0.7969674468040466
kcnclr,normal,0.8204322457313538
k6st9f,normal,0.7688578963279724
jn0efx,normal,0.7590285539627075
jfpuo3,normal,0.7880204916000366
mxssgz,normal,0.7590577006340027
mocsar,normal,0.7808623313903809
ml65n5,normal,0.6933116912841797
mhj0cl,normal,0.82590651512146
mg2una,normal,0.6940322518348694
mbqxa4,normal,0.7233638763427734
lzxbfq,normal,0.6723962426185608
lkcmfn,normal,0.7962185144424438
lmtmaw,normal,0.7816007733345032
liqy6w,normal,0.7963158488273621
