tweet_id,classification,classification_score
kg8tv8,normal,0.744650661945343
fscabm,normal,0.7920857667922974
gnmraw,normal,0.5916789770126343
569z41,normal,0.8161497712135315
23wzmu,normal,0.788776159286499
8gkqir,normal,0.7811343669891357
6a00pj,normal,0.6815283894538879
1hkad0,normal,0.7340158224105835
mk3fzg,normal,0.740082323551178
koo0qv,normal,0.794719934463501
ezsccw,normal,0.8079681992530823
eejogh,normal,0.7896742224693298
lsbtv4,normal,0.7046590447425842
m5wua5,normal,0.4972850978374481
csyvof,normal,0.7282423377037048
5aidka,normal,0.6839770674705505
it1xel,normal,0.7564277052879333
2ymgti,normal,0.645484447479248
hnewpl,normal,0.6818757653236389
7m8ibi,normal,0.8270777463912964
bnbuu9,normal,0.7968491911888123
6bbm7i,normal,0.7882172465324402
4mt41u,normal,0.7578737735748291
a1zx3c,normal,0.7372859120368958
5kjy0z,normal,0.8221977949142456
4ukvcx,normal,0.7494422197341919
lr848c,normal,0.8349882364273071
mqt5rn,normal,0.7096627354621887
mg5tjd,normal,0.7870344519615173
lkws2j,normal,0.7724896669387817
lk4itf,normal,0.6912438273429871
knco2v,normal,0.7975313067436218
kzc46a,normal,0.8159525394439697
leu9p5,normal,0.7923497557640076
j1stwt,normal,0.7763152718544006
kww8q9,normal,0.8078605532646179
m0hp84,normal,0.8125231862068176
gowgbh,normal,0.7812760472297668
gthdui,normal,0.6403346657752991
mtfhbr,normal,0.7875924110412598
mw6udo,normal,0.8278265595436096
mdpbzy,normal,0.7052062153816223
msgeun,normal,0.5667787194252014
msni12,normal,0.7866159677505493
m43jm5,normal,0.7673678398132324
m1ffdc,normal,0.763458251953125
mtjgwa,normal,0.7407913208007812
l0gpkj,normal,0.8108264207839966
lsupsk,normal,0.7843088507652283
lf7tq5,normal,0.8123394250869751
m77qp6,normal,0.7924219965934753
khxzap,normal,0.755704939365387
m6hj2n,normal,0.7022096514701843
j42fb8,normal,0.7958627939224243
m8ah39,normal,0.7377793788909912
m0k5an,normal,0.7925001382827759
mxqmi8,normal,0.7704488635063171
mxk0wb,normal,0.8080304265022278
mxq5ui,normal,0.7740256190299988
mxmgky,normal,0.7779983282089233
my01ho,normal,0.683242678642273
mxytad,normal,0.7876166105270386
mxz002,normal,0.7920069098472595
mxtezl,normal,0.7747528553009033
mxsz4m,normal,0.7702414989471436
mxolql,normal,0.758987307548523
mxa6du,normal,0.8011696934700012
mxdqqv,normal,0.6785018444061279
mx9l8s,normal,0.7958657741546631
mx9ips,normal,0.7290463447570801
msthg7,normal,0.8016883730888367
mvv5hu,normal,0.8053602576255798
mxvmi4,normal,0.7837780117988586
mf7n8l,normal,0.7541694641113281
lpta40,normal,0.711812436580658
mq49ni,normal,0.5863468647003174
mod4jf,normal,0.8029749393463135
m0xij7,normal,0.7987203001976013
mvgro4,normal,0.7424020171165466
mov79p,normal,0.7988792061805725
mr9p79,normal,0.7264628410339355
mw8b1i,normal,0.75603848695755
mhncgl,normal,0.6663364768028259
mme5g6,normal,0.787590742111206
m3c4zu,normal,0.7127100229263306
i0a4p2,normal,0.8135790824890137
mgzf42,normal,0.6802966594696045
mqtwu3,normal,0.6914210915565491
ltdse2,normal,0.7305948138237
mqamqi,normal,0.7764348983764648
lzp8gf,normal,0.7186839580535889
gkhcqj,normal,0.7723607420921326
ly5ewj,normal,0.6538053154945374
icvcn8,normal,0.7692997455596924
91e746,normal,0.7539231777191162
mb3xj4,normal,0.8137814402580261
lm151u,normal,0.7155619263648987
lpgip6,normal,0.6427671909332275
mmy64o,normal,0.8071228861808777
mq5zil,normal,0.7723866105079651
mr14yi,normal,0.8115678429603577
k9aber,normal,0.7810146808624268
lvaxj2,normal,0.6700583100318909
m3l68x,normal,0.742904543876648
ie0v0f,normal,0.666663646697998
koa5ky,normal,0.77790766954422
k4lwul,normal,0.6711263656616211
jwg1vx,normal,0.8156490921974182
kfwda7,normal,0.6495577692985535
ms3rbj,normal,0.8139823079109192
ir90vo,normal,0.7608437538146973
j5mtex,normal,0.8221338987350464
i2lxu4,normal,0.7725388407707214
f2qoie,normal,0.5658459067344666
bqvru2,normal,0.6465704441070557
1e00wk,normal,0.7653424143791199
119in1,normal,0.7860888242721558
mvyfe9,normal,0.6701185703277588
msrr68,normal,0.7905123829841614
mugnnh,normal,0.7106767296791077
mqoclr,normal,0.7593994736671448
mrw5ig,normal,0.7753967642784119
mp3awl,normal,0.754622220993042
mp3ued,normal,0.7612048387527466
mm7oi9,normal,0.8136585354804993
mkeac0,normal,0.8037137985229492
mmignp,normal,0.7446313500404358
mj8j1a,normal,0.617907702922821
mepzsz,normal,0.7247945666313171
md2nfd,normal,0.7929893732070923
mcy3g7,normal,0.7885736227035522
m9eesf,normal,0.7312242388725281
kvtjxb,normal,0.679589569568634
idn6yx,normal,0.8033866882324219
j58t6e,normal,0.722853422164917
hoq9tk,normal,0.7807182669639587
fo5anb,normal,0.8049373626708984
m1ksr5,normal,0.7986131906509399
finvbh,normal,0.7748541831970215
ca1g34,normal,0.7913916707038879
hq3l98,normal,0.7347836494445801
horv5d,normal,0.7640937566757202
9mj4wl,normal,0.5963648557662964
74faxr,normal,0.8027237057685852
kxjcfw,normal,0.7917307615280151
70au9e,normal,0.7775806784629822
c6tndb,normal,0.7518616318702698
fhzv44,normal,0.6641026735305786
fkgyh0,normal,0.6398735642433167
esyyqm,normal,0.7945235371589661
6d55vt,normal,0.7879246473312378
eq8ozt,normal,0.762364387512207
cagg3i,normal,0.7627805471420288
8v6l8z,normal,0.5288681983947754
3ghavn,normal,0.7748028635978699
aoy8wl,normal,0.7684627175331116
4g16c4,normal,0.8080858588218689
73nr9n,normal,0.7838758230209351
6vqss2,normal,0.7940110564231873
lxkkwc,normal,0.8174261450767517
k3mzlz,normal,0.7766804695129395
kvy2ou,normal,0.7535748481750488
kse2k3,normal,0.7947126626968384
izprmw,normal,0.6436061263084412
k0a2yg,normal,0.65140300989151
fuagsu,normal,0.7477790713310242
is6b3v,normal,0.8028766512870789
jwancy,normal,0.7714443206787109
fue4uz,normal,0.8146788477897644
eci33j,normal,0.8045744895935059
mjs61f,normal,0.5536647439002991
fbmsez,normal,0.6799685955047607
gucug9,normal,0.732745885848999
fnu8qt,normal,0.7837515473365784
mkpks2,normal,0.7335991859436035
lsz5mb,normal,0.7760426998138428
m2mfe3,normal,0.780426025390625
m34r42,normal,0.8381338119506836
kyow8g,normal,0.6975101232528687
juq6re,normal,0.7504702210426331
jrjn4c,normal,0.7851850986480713
inghku,offensive,0.5731188654899597
jt73pz,normal,0.6743165850639343
inv78k,normal,0.6933145523071289
lmmgbf,normal,0.7659761309623718
gu1wgc,normal,0.6844243407249451
gptzwo,normal,0.7501975297927856
haevce,normal,0.6324688196182251
hif4s4,normal,0.7311066389083862
fnuyr4,normal,0.7686915993690491
it9w7p,normal,0.7708263993263245
bfg3xb,normal,0.7890796661376953
leq777,normal,0.7858408093452454
llvghj,normal,0.8206687569618225
ghdlz5,normal,0.6921301484107971
m9xg0r,normal,0.5940952897071838
ad6hhi,normal,0.8231247663497925
ltj4dd,normal,0.7613538503646851
luyp0y,normal,0.770118772983551
eicksh,normal,0.6614363789558411
lan5e7,normal,0.8253399133682251
b487tk,normal,0.7438949346542358
jt4sl2,normal,0.7251003980636597
mwurul,normal,0.7478761672973633
ms3x9r,normal,0.791296660900116
mobal1,normal,0.8095018863677979
mg4goz,normal,0.7762323021888733
me5k91,normal,0.7347677946090698
mam9ix,offensive,0.5122362375259399
mdqfoa,normal,0.6745914220809937
