tweet_id,classification,classification_score
in4ox8,normal,0.7733950614929199
m61rfz,normal,0.8172922134399414
gal76z,normal,0.7224839925765991
isou1y,normal,0.708541214466095
f94nv3,normal,0.8027575612068176
ezjufx,normal,0.7915462255477905
ey4642,normal,0.774039626121521
f3rq5v,normal,0.7983036041259766
clc04n,normal,0.762589156627655
ccv0gn,normal,0.7015017867088318
9q96gw,normal,0.7232828736305237
59y120,normal,0.7031534910202026
46lteu,normal,0.7970556020736694
3vbpwa,normal,0.7232878804206848
3r78h8,normal,0.7924579381942749
4j77qj,normal,0.7729405760765076
kkmfkr,normal,0.8145534992218018
ls5aqy,normal,0.7499040365219116
i5wm6y,normal,0.7559910416603088
mfh000,normal,0.6298479437828064
l4k8qd,normal,0.8253887891769409
jqx1ph,normal,0.7372050285339355
lbl38z,normal,0.8266242146492004
ka451p,normal,0.7277156710624695
aiirnn,normal,0.7721843123435974
j4awhj,normal,0.5939116477966309
i0mwxi,normal,0.7934718132019043
2u172h,normal,0.7675057649612427
i8vt6n,normal,0.7716726660728455
gsavwg,normal,0.7426710724830627
efznmd,normal,0.7552663683891296
k9h52o,normal,0.7294147610664368
l5g5j2,normal,0.7368887066841125
modrh9,normal,0.7901318669319153
ms3x9w,normal,0.7789517045021057
mjwfz5,normal,0.7530556917190552
mmagqu,normal,0.7971204519271851
ljvgg7,normal,0.7714070081710815
mnjr2a,normal,0.7900283932685852
l85ev5,normal,0.7975407242774963
kndapk,normal,0.7614679336547852
l76zt9,normal,0.5068564414978027
lb4blm,normal,0.7805969715118408
juhypi,normal,0.7386879324913025
hhqjcl,normal,0.6712032556533813
iuwwpe,normal,0.7324812412261963
lo2e9o,normal,0.7863527536392212
9qyje9,normal,0.6995190978050232
k46pmn,normal,0.7258950471878052
goghd2,normal,0.8233917355537415
fe08z7,normal,0.8136959075927734
g64iw0,normal,0.7109424471855164
d4xv7e,normal,0.7859982252120972
e9e75y,normal,0.7972278594970703
cj1k51,normal,0.7696824073791504
alpsrl,normal,0.7778769731521606
92eyn6,normal,0.6110960841178894
aw80a5,normal,0.8169567584991455
4x4vuf,normal,0.8025006055831909
6p23qp,normal,0.7369624376296997
mv1a2l,normal,0.7728886604309082
mszci2,normal,0.7839500308036804
mr0h8e,normal,0.817527711391449
moajpv,normal,0.7757789492607117
mq4efw,normal,0.7613899111747742
mmyw4u,normal,0.7916937470436096
mpdyqd,normal,0.7948631644248962
moebw4,normal,0.8501799702644348
mmwnb2,normal,0.6186973452568054
mm2060,normal,0.8273348212242126
mhyb7d,normal,0.7605562806129456
mhpamy,normal,0.7093939185142517
mixxj9,normal,0.8071173429489136
mhss7y,normal,0.7422142028808594
mco706,normal,0.7459245920181274
mp0njs,normal,0.7406824231147766
mi1gvq,normal,0.7874240279197693
l6rnvg,normal,0.7848275303840637
l4bdpy,normal,0.7535675168037415
mrt670,normal,0.650316059589386
k8t1ie,normal,0.7221977710723877
juvacw,normal,0.8053397536277771
kb79ou,normal,0.7504980564117432
mhyttu,normal,0.7481848001480103
j1d1c1,normal,0.7769012451171875
mknic9,normal,0.7342146635055542
lqqi8h,normal,0.7855626344680786
mac6mn,normal,0.747399091720581
ht5ium,normal,0.8317615985870361
lzf5c3,normal,0.7139856815338135
mmiayh,normal,0.8188701868057251
mf1phz,normal,0.7752970457077026
mb4w78,normal,0.6691039204597473
lvgvfy,normal,0.7320067882537842
kthfsa,normal,0.7633336782455444
kr1ipf,normal,0.7599899768829346
k836or,normal,0.7799972295761108
jmvft6,normal,0.8074945211410522
jcyzkl,normal,0.673518180847168
j715od,normal,0.8119552135467529
j5at5g,normal,0.7667625546455383
ixav4m,normal,0.7252250909805298
iw2l15,normal,0.7744575142860413
lmsul1,normal,0.7957773804664612
lykkmc,normal,0.6521620154380798
mcd54b,normal,0.7712388634681702
md3tv2,normal,0.7360692024230957
jpvvug,normal,0.7704210877418518
ldsvxp,normal,0.7864143252372742
kadsut,normal,0.7623999118804932
l75clg,normal,0.7754150032997131
moel5f,normal,0.6496744751930237
kexwdx,normal,0.7350510358810425
kxc0br,normal,0.7425017356872559
3yaibl,normal,0.729104220867157
4vc48t,normal,0.7903172969818115
3rtk8e,normal,0.7170715928077698
3tkoc1,normal,0.8029573559761047
ey8og8,normal,0.7867266535758972
acw5da,normal,0.80980384349823
hhcz5s,normal,0.7711781859397888
i4588t,normal,0.5904066562652588
jo4stq,normal,0.7771691083908081
sdn6p,normal,0.7867311835289001
i9db9h,normal,0.777371346950531
fy9rvr,normal,0.7271096706390381
cbxqui,normal,0.730901837348938
hublnz,normal,0.6259671449661255
g9h1g1,normal,0.7601017355918884
fhj8xh,normal,0.7967690229415894
79pa42,normal,0.7942261099815369
9lcnvm,normal,0.8001993894577026
89elx5,normal,0.7320550680160522
mwkbl4,normal,0.8040289282798767
k5jugg,normal,0.7993659973144531
jfnj8w,normal,0.7451223134994507
mwylkw,normal,0.7704626321792603
mhnwdf,normal,0.8135300874710083
lsbtv4,normal,0.7046590447425842
muyfby,normal,0.7631744742393494
luhndj,normal,0.8066051602363586
ddlgp3,normal,0.7341541647911072
ie1qrn,normal,0.7426860928535461
mxolql,normal,0.758987307548523
mit35g,normal,0.7470787167549133
moaq0t,normal,0.7681687474250793
m1ck8w,normal,0.689898669719696
mad6fz,normal,0.7969751358032227
mx2n25,normal,0.8241589665412903
mw60lp,normal,0.730628252029419
mug3sc,normal,0.7584980726242065
mtz6dp,normal,0.814501166343689
mu5jo1,normal,0.7652009129524231
mt9uq2,normal,0.7341384291648865
msls1q,normal,0.7666494250297546
mset5k,normal,0.8048543334007263
mr1k7s,normal,0.8039615750312805
mr1h95,normal,0.761056661605835
mpxc8f,normal,0.7830988764762878
mpi8sj,normal,0.8247581720352173
mpliaa,normal,0.8134418725967407
mocc4r,normal,0.7026222348213196
j1898i,normal,0.6706522703170776
lg0gbi,normal,0.7797250747680664
iumor4,normal,0.7940096259117126
mr2tu5,normal,0.8536415696144104
mpluim,normal,0.8302710652351379
m1z9qm,normal,0.6792944073677063
ml0voe,normal,0.7667727470397949
mw4nrj,normal,0.7189069986343384
ml0pve,normal,0.7083649635314941
msvbz5,normal,0.8575946092605591
mve8yz,normal,0.7152584195137024
mm71l1,normal,0.7924607396125793
mpisj8,normal,0.8474874496459961
mr2svk,normal,0.8548409938812256
ms8yfm,normal,0.6701692342758179
msuu60,normal,0.7698090076446533
m6ljkr,normal,0.7885912656784058
m7htgt,normal,0.8033484816551208
mlo5en,normal,0.7973875403404236
m3g50y,normal,0.6849910616874695
mbp9cr,normal,0.7756615281105042
mktss3,normal,0.7499011158943176
m31yvy,normal,0.7528256773948669
mfuyp4,normal,0.8017957210540771
lpwsc9,normal,0.7482736110687256
m5010i,normal,0.7444491982460022
mjpjxm,normal,0.7472216486930847
m7y4se,normal,0.5521009564399719
log8gt,normal,0.6798720359802246
mxw9zs,normal,0.7888405323028564
mxy8pl,normal,0.6974112391471863
mxpgee,normal,0.7651233673095703
my01ho,normal,0.683242678642273
mxy5qe,normal,0.8260810375213623
mxdtsl,normal,0.797322690486908
mw6udo,normal,0.8278265595436096
mx1u2y,normal,0.8009604811668396
mt23wy,normal,0.5308554768562317
mwc1rg,normal,0.78828364610672
mwmmj7,normal,0.6914991140365601
mwg511,normal,0.6897380948066711
mvnccd,normal,0.7742058634757996
mw4jz9,normal,0.7856866717338562
mvxwsa,normal,0.757087767124176
lngxna,normal,0.7781829833984375
mefgoc,normal,0.7977865934371948
lvp7mk,normal,0.795561671257019
lo4pv4,normal,0.6198031306266785
hudd0d,normal,0.8004747629165649
mx0pyd,normal,0.8164206147193909
g9k49o,normal,0.7007881999015808
mhjtg2,normal,0.8106629848480225
d28bcp,normal,0.8179003000259399
7ykme0,normal,0.7119604349136353
