tweet_id,classification,classification_score
llvuvx,normal,0.7067835927009583
llhdd7,normal,0.8268783688545227
djkmrg,normal,0.7857600450515747
dnwnj4,normal,0.8342519998550415
5sa5oe,normal,0.5744633674621582
koinjv,normal,0.7814474701881409
cexng6,normal,0.780225396156311
di8ss4,normal,0.7651268243789673
eyhyu6,normal,0.8150089383125305
ln8aqt,normal,0.8092877268791199
lazx0l,normal,0.7915750741958618
kcvc5m,normal,0.8035334944725037
a2jn7w,normal,0.767615795135498
eh71gy,normal,0.7011277675628662
kof47k,normal,0.7820106744766235
jjh3kg,normal,0.7365511059761047
jqwyt0,normal,0.752448320388794
26x2ju,normal,0.774077296257019
jmhv8g,normal,0.7581081390380859
g19yws,normal,0.6433411836624146
jc687o,normal,0.7493189573287964
2amcxi,normal,0.7828855514526367
29hf51,normal,0.7929762601852417
mc8q6z,normal,0.8189380168914795
mmvpmq,normal,0.7606116533279419
mm00g3,normal,0.6891925930976868
m729wu,normal,0.6744384169578552
k1cdtl,normal,0.8249434232711792
ltufqv,normal,0.6033679246902466
mtekg3,normal,0.8217325210571289
mq48mn,normal,0.7864376902580261
mpqfy3,normal,0.766676664352417
jy46hl,normal,0.6668100357055664
mx71x8,normal,0.7405298352241516
iwwye3,normal,0.7750900387763977
mluupw,normal,0.6799258589744568
mflaew,offensive,0.48898717761039734
moyxf4,normal,0.8194488883018494
mx9l8s,normal,0.7958657741546631
keb8wc,normal,0.7004787921905518
lvydnj,normal,0.6986815929412842
lwg1nl,normal,0.8025879859924316
l4hnam,normal,0.715088963508606
kglq2q,normal,0.7633324265480042
mxktme,normal,0.7929126620292664
mpk9zg,normal,0.7839704751968384
k5finr,normal,0.8021300435066223
l3fx7q,normal,0.6893669962882996
jv0myh,normal,0.7798933982849121
mw6udo,normal,0.8278265595436096
l6rcci,normal,0.8186826705932617
mwn6yl,normal,0.7829572558403015
f548jp,normal,0.5771076083183289
ka6neo,normal,0.8335418105125427
mutold,normal,0.7240735292434692
m2d2sb,normal,0.793064296245575
iv5t0z,normal,0.8239197731018066
hup3ab,normal,0.794244647026062
hve7g5,normal,0.7930834889411926
islvrv,normal,0.841601550579071
ldlj6a,normal,0.846981942653656
mwp52o,normal,0.7671214938163757
jg6lq2,normal,0.7963751554489136
mgsrmb,normal,0.7867342829704285
mjyxp8,normal,0.7276375889778137
mxolql,normal,0.758987307548523
imoohy,normal,0.5996053218841553
m8500s,normal,0.7706613540649414
mrfpi2,normal,0.717868983745575
m5virs,normal,0.7632040977478027
mridka,normal,0.717868983745575
mo8z4l,normal,0.7404923439025879
mve6cs,normal,0.6903455257415771
labd9o,normal,0.7890099883079529
mkfasw,normal,0.739656925201416
mxz002,normal,0.7920069098472595
mucng8,normal,0.7795232534408569
ml3oc1,normal,0.7464340925216675
mkm97t,normal,0.7581204175949097
mmm5tu,normal,0.8262996077537537
m7r06b,normal,0.6737779378890991
m9xh2d,normal,0.761859118938446
mjgrxh,normal,0.6831120252609253
mwkbl4,normal,0.8040289282798767
k5jugg,normal,0.7993659973144531
jfnj8w,normal,0.7451223134994507
mwylkw,normal,0.7704626321792603
mhnwdf,normal,0.8135300874710083
lsbtv4,normal,0.7046590447425842
muyfby,normal,0.7631744742393494
luhndj,normal,0.8066051602363586
ddlgp3,normal,0.7341541647911072
ie1qrn,normal,0.7426860928535461
mit35g,normal,0.7470787167549133
moaq0t,normal,0.7681687474250793
m1ck8w,normal,0.689898669719696
mad6fz,normal,0.7969751358032227
jv8qtq,normal,0.7676486968994141
l8vsoh,normal,0.7799142003059387
mwid0l,normal,0.7343693971633911
mwf720,normal,0.8228044509887695
m4av6q,normal,0.8097290992736816
lc3wwq,normal,0.758296012878418
laouer,normal,0.8359049558639526
kktt25,normal,0.7532891035079956
mv8r2s,normal,0.7939805388450623
ju2bbg,normal,0.7446402907371521
mtnwc3,normal,0.7602777481079102
l1n9o2,normal,0.8389967679977417
hz9lwv,normal,0.8182432651519775
godk2s,normal,0.8019713163375854
mfi383,normal,0.6176530122756958
ldwa00,normal,0.7807329297065735
jet09n,normal,0.7669714093208313
j97s7w,normal,0.6921716928482056
mnlnvp,normal,0.5949493050575256
kx9buv,normal,0.7293963432312012
lvty67,normal,0.7805232405662537
m8ryvf,normal,0.753583550453186
jg62ap,normal,0.8011246919631958
k8thfy,normal,0.7961388826370239
l8a2nu,normal,0.7578362226486206
kk46b8,normal,0.7664114236831665
dijoc7,normal,0.7884194254875183
mrw5ig,normal,0.7753967642784119
djivm1,normal,0.6803561449050903
aoma7o,normal,0.7417453527450562
m84cv0,normal,0.8216906189918518
canqaj,normal,0.7613508701324463
m5078r,normal,0.798968493938446
jlxq99,normal,0.7483075261116028
jecx9c,normal,0.7976376414299011
9ii02e,normal,0.7353746891021729
l3sj2i,hate speech,0.4000266194343567
9u6vyk,normal,0.7703056931495667
94x27f,normal,0.8006341457366943
8z2de7,normal,0.6808530688285828
3cklb2,normal,0.6658244132995605
5kabbt,normal,0.5973264575004578
3bcefg,normal,0.7065591216087341
7ejmnv,normal,0.7079349160194397
1zax2x,normal,0.7174725532531738
1yk1qj,normal,0.8134817481040955
lbtceh,normal,0.7819191217422485
m5x7y6,normal,0.6971022486686707
llfe0m,normal,0.7621379494667053
ki8nwm,normal,0.776095449924469
mrdnov,normal,0.7779248356819153
izj2j1,normal,0.7901333570480347
jc19n0,normal,0.812850832939148
fq9d5r,normal,0.8070905804634094
fbxjcz,normal,0.7091276049613953
6ly8qo,normal,0.8165685534477234
hr6irl,normal,0.7866909503936768
bei1n5,normal,0.7451110482215881
99hgan,normal,0.7218016386032104
ippf5q,normal,0.7804266214370728
ifdc5p,normal,0.8176878094673157
mvo6zj,normal,0.7965332865715027
m736br,normal,0.7821547389030457
lo9jcg,normal,0.7730376720428467
mlm8da,normal,0.7628522515296936
mwxn1e,normal,0.7971622347831726
mte04d,normal,0.791070818901062
kejmnb,normal,0.7814242839813232
meb6yr,normal,0.7685595750808716
lsz5mb,normal,0.7760426998138428
mdqfoa,normal,0.6745914220809937
lozern,normal,0.79213547706604
lrpcei,normal,0.7659506797790527
lq3m2s,normal,0.7955148220062256
jp92ap,normal,0.7879209518432617
lftjjx,normal,0.7681974768638611
eyucho,normal,0.8028802871704102
41t7zx,normal,0.512195348739624
mvyfe9,normal,0.6701185703277588
g6308w,normal,0.6573482155799866
gnrte4,normal,0.6539616584777832
lmylhe,normal,0.6936920881271362
1uc70p,normal,0.7921614646911621
12raw1,normal,0.7622613310813904
e0jjcj,normal,0.6899540424346924
cagg3i,normal,0.7627805471420288
2uf2vj,normal,0.6284295916557312
c4w2az,normal,0.7985054850578308
e0xzig,normal,0.820435643196106
8knmvt,normal,0.7961788177490234
jcsuoj,normal,0.7727778553962708
i6lb0t,normal,0.7447799444198608
lf8zoz,normal,0.7811621427536011
c649v2,normal,0.8193545341491699
kr3t9e,normal,0.766582190990448
6rtvrc,normal,0.7508803009986877
iz4m8v,normal,0.7551764845848083
izxxen,normal,0.7278603315353394
eeeg0u,normal,0.7880225777626038
b2mgym,normal,0.7396501302719116
9jtk2k,normal,0.7918832302093506
9owmoz,normal,0.7882762551307678
i9zs8b,normal,0.7234248518943787
6cpycr,normal,0.7999974489212036
he2gm8,offensive,0.4302849769592285
mugnnh,normal,0.7106767296791077
mboacv,normal,0.7260435223579407
mite1e,normal,0.7845664024353027
l69u61,normal,0.795257568359375
m1jbcx,normal,0.8103649020195007
kz6eq6,normal,0.8054770231246948
l7haft,normal,0.7069188952445984
le1ond,normal,0.7263303399085999
m532cv,normal,0.7914220690727234
m14u2s,normal,0.7746898531913757
lxkkwc,normal,0.8174261450767517
lueqhs,normal,0.7626677751541138
lrxex1,normal,0.7834528684616089
lr2php,normal,0.7498374581336975
