tweet_id,classification,classification_score
hu7ja5,normal,0.7736929655075073
gs88pz,normal,0.8079572319984436
f559uf,normal,0.664287269115448
7p9ist,normal,0.7313262820243835
a4hwrv,normal,0.7828007340431213
ytbdb,normal,0.734250545501709
1c56nc,normal,0.7366520166397095
2ehsrw,normal,0.6725394129753113
2181bt,normal,0.7744698524475098
i52e4,normal,0.6474239826202393
4pjs58,normal,0.790347695350647
2nww57,normal,0.7545683979988098
1svgk3,normal,0.691508948802948
drotg,normal,0.6745939254760742
mwoyll,normal,0.8269068002700806
ljbcyb,normal,0.7966050505638123
kg7lxi,normal,0.7822635769844055
kblg1n,normal,0.7994415760040283
jg23a5,normal,0.7928987145423889
kd39sl,normal,0.7538625597953796
kdj56d,normal,0.8107296228408813
ke6md0,normal,0.7610294818878174
j17qfv,normal,0.8291781544685364
hfrlyd,normal,0.7231454253196716
fcc9i4,normal,0.7552022933959961
hhdj5m,normal,0.732887864112854
ey95fv,normal,0.5487772226333618
htu4a3,normal,0.8164113163948059
gxqcw1,normal,0.7266426682472229
felqq7,normal,0.8166711926460266
dub9y6,normal,0.7103269696235657
hhfzcu,normal,0.732887864112854
fbs1se,normal,0.7281095385551453
ew6uf7,normal,0.7556105852127075
f0x2si,normal,0.7717043161392212
g4ubqt,normal,0.7810456156730652
btbo0k,normal,0.8004781603813171
9dzyc1,normal,0.7754377722740173
9tnkz7,normal,0.675902247428894
9la1ba,normal,0.8009884357452393
bs92hf,normal,0.7300199270248413
kafk5f,normal,0.7347382307052612
lg6vfe,normal,0.7591123580932617
kng2ka,normal,0.7012729644775391
m62nx8,normal,0.8045151233673096
monln2,normal,0.7338685989379883
mi4z7l,normal,0.6890907287597656
mb7ddi,normal,0.7768788933753967
mxiq47,normal,0.4620586931705475
ezur3x,normal,0.7422162294387817
mk6ujv,normal,0.6504663228988647
ld9x97,normal,0.641804039478302
kp8xpv,normal,0.7248307466506958
mfyi68,normal,0.6550102829933167
lfzayw,normal,0.8244253993034363
lfg5rg,normal,0.7247753739356995
mu6q45,normal,0.7507818341255188
mr5wu9,normal,0.7288786768913269
kguhak,normal,0.8023346066474915
kmasc2,normal,0.8345267176628113
kzpc1v,normal,0.7458605170249939
flxaiz,normal,0.7735926508903503
kq5f2q,normal,0.571561336517334
l567zi,normal,0.7765118479728699
f179ct,normal,0.7644280791282654
jwtp6q,normal,0.6256381869316101
js6wj8,normal,0.7850856184959412
eo6ncz,normal,0.6669119000434875
k2jxrw,normal,0.7817411422729492
jia5h2,normal,0.7806025743484497
erkhkh,normal,0.8032262325286865
ez6vez,normal,0.7314381003379822
f8nu9c,normal,0.75932776927948
8nn8tp,normal,0.7829199433326721
g7l9q9,normal,0.828681468963623
9slwll,normal,0.81830894947052
7j8nwk,normal,0.7262527346611023
5qklx4,normal,0.8286766409873962
kghaa,normal,0.8082015514373779
cdqss,normal,0.8135459423065186
znrvp,normal,0.8238271474838257
2iyfh6,normal,0.7883173823356628
jdqsy1,normal,0.6832605600357056
9k88gh,normal,0.7445985078811646
jpv5j9,normal,0.6955041885375977
15gidt,normal,0.8112319707870483
rcnj0,normal,0.7795868515968323
k29ozr,normal,0.811003565788269
1gbl9n,normal,0.6495006680488586
k06itv,normal,0.6982086300849915
wir9o,normal,0.6999794244766235
k9hhwq,normal,0.7491204142570496
zivuc,normal,0.7764411568641663
tdo0k,normal,0.7596448659896851
w5agv,normal,0.7369282841682434
j36hcz,normal,0.7710669636726379
kpak5e,normal,0.6402711868286133
ljs2yj,normal,0.7720772624015808
g4g3yk,normal,0.796755313873291
m885tt,normal,0.7790733575820923
am1b2v,normal,0.6760705709457397
km9z37,normal,0.7672654986381531
ez5pbd,normal,0.7790642976760864
impwcd,normal,0.7815279364585876
eyle0n,normal,0.7186375260353088
ac3qod,normal,0.72513347864151
i3npau,normal,0.821712851524353
eq333i,normal,0.7317111492156982
i0ydu9,normal,0.6992731690406799
eqvw0p,normal,0.629142165184021
fjo2qq,normal,0.7980464100837708
lhzepw,normal,0.8069664835929871
l3hra4,normal,0.7958449125289917
kpd62p,normal,0.7213634252548218
l1jp5d,normal,0.7536154389381409
kofs0f,normal,0.6162117719650269
kjyd01,normal,0.7662674188613892
l3zp9z,normal,0.7909228205680847
j3ftzk,normal,0.7457117438316345
mwoxxp,normal,0.7959970235824585
lgqqhx,normal,0.7204461097717285
fksf1y,normal,0.8005337119102478
f6uucu,normal,0.7221401929855347
gxap5a,normal,0.7086406946182251
mewv89,normal,0.70448899269104
mjugno,normal,0.7503722310066223
ll7jbn,normal,0.7845959067344666
m0foha,normal,0.7746354937553406
lao6t3,normal,0.7759804129600525
izq774,normal,0.7418864369392395
m5vw8o,normal,0.7015621662139893
m2n3g6,normal,0.6409009695053101
hykwz8,normal,0.5680750608444214
jj63ai,normal,0.7620553970336914
ld9rpt,normal,0.7322161197662354
jzr5nj,normal,0.6722901463508606
aj7tl0,normal,0.7656925916671753
2mw9k8,normal,0.7484464645385742
21ya50,normal,0.7844634652137756
lt1l0j,normal,0.7798202037811279
loj4ju,normal,0.5827821493148804
m49hgi,normal,0.7537028789520264
kn4ysg,normal,0.7822749614715576
kbmmyg,normal,0.7604790329933167
jxq0yu,normal,0.7287169694900513
jsww7n,normal,0.7429479360580444
j17r9e,normal,0.8291781544685364
ht0sz9,normal,0.7172719836235046
ierd0t,normal,0.6914522051811218
gcltcn,normal,0.8001492619514465
fissjs,normal,0.6808168888092041
hljmwo,normal,0.7814423441886902
ef8iqu,normal,0.7873725891113281
g4ub8z,normal,0.7729330658912659
emrcuq,normal,0.6114794015884399
f12ncy,normal,0.7788554430007935
hpgwki,normal,0.7650688886642456
ewbp01,normal,0.7457386255264282
fh3ohq,normal,0.707754909992218
g7erkv,normal,0.7268714904785156
ezgx9n,normal,0.7618982791900635
dgfgsh,normal,0.691129744052887
6nxbpc,normal,0.7956574559211731
ca4oee,normal,0.7670305967330933
etw83y,normal,0.5635021924972534
db070s,normal,0.7016167640686035
ejm4gp,normal,0.7656665444374084
ecioag,normal,0.733646035194397
ac4wd6,normal,0.7550726532936096
acit1z,normal,0.7761746644973755
3uld0y,normal,0.7420233488082886
6jpwtv,normal,0.7582325339317322
6vq18j,normal,0.7266356945037842
5m9vjl,normal,0.7830592393875122
12nyez,normal,0.771515429019928
4njfp1,normal,0.8202500343322754
4fqivk,normal,0.6871843934059143
3vm5kl,normal,0.7523577213287354
5wh58g,normal,0.6838164329528809
5mg16k,normal,0.6992001533508301
17hiqz,normal,0.7855762839317322
14u8k5,normal,0.7744449973106384
1excoy,normal,0.7919496297836304
3dfzx7,normal,0.7336228489875793
4szmmh,normal,0.7109140157699585
4xuzd1,normal,0.772566556930542
5jt4uy,normal,0.7899883389472961
5zyv15,normal,0.7535106539726257
4hwvs3,normal,0.7865228652954102
5p633m,normal,0.7350035905838013
5ynb9v,normal,0.6801149249076843
47d59h,normal,0.7652459144592285
15zma7,normal,0.6258145570755005
ltxtq8,normal,0.5478160381317139
kqzcf7,normal,0.6546751856803894
khsob4,normal,0.7588543891906738
kv2asa,normal,0.7149114012718201
jt133f,normal,0.8226925134658813
jzll9p,normal,0.7331127524375916
k1yren,normal,0.7047450542449951
hvg8e4,normal,0.7947489023208618
gtnr9x,normal,0.7229979634284973
gidmj9,normal,0.751801073551178
ghpizj,normal,0.6353618502616882
exirs1,normal,0.7277947068214417
epm04o,normal,0.6973071098327637
exd3s6,normal,0.743657112121582
drp2jc,normal,0.7213840484619141
b3sr37,normal,0.7795253992080688
aymnv0,normal,0.792956531047821
mpmrg3,normal,0.7166392207145691
mdprmf,normal,0.8022795915603638
mf6ibo,normal,0.7684059739112854
l0iy7r,normal,0.7404072880744934
l1l1ly,normal,0.6920536756515503
j9tnbx,normal,0.7000635266304016
i5wsrd,normal,0.776782751083374
k7exz4,normal,0.8018860220909119
vw43j,normal,0.7404507994651794
i59eu0,normal,0.7243320345878601
iele61,normal,0.6886802315711975
dbgjet,normal,0.7120417952537537
gbl3kh,normal,0.6780633330345154
alsrj2,normal,0.7473074197769165
mperco,normal,0.7619543075561523
fghgrq,normal,0.7782522439956665
m884p2,normal,0.7788918018341064
l8tcpu,normal,0.823387622833252
lp2h9w,normal,0.6349710822105408
db1st4,normal,0.8131580352783203
m13wmb,normal,0.7300454378128052
kwzpmi,normal,0.8031485676765442
ltqc6w,normal,0.7156925201416016
mbaaxq,normal,0.7916426658630371
lqrhio,normal,0.7092573642730713
lutrv3,normal,0.7353129982948303
l1sj8c,normal,0.7959909439086914
9x3l7b,normal,0.7634231448173523
mnr52u,normal,0.7711642980575562
lx0nz6,normal,0.8278188109397888
ljyyha,normal,0.7569565773010254
l9e144,normal,0.7264102697372437
m9bq5f,normal,0.7782342433929443
ksd5jn,normal,0.774614691734314
kynf5s,normal,0.8245912194252014
ku33jp,normal,0.8384732007980347
lin05f,normal,0.776118814945221
kl88oq,normal,0.7220924496650696
jmatk3,normal,0.7117364406585693
j8vegc,normal,0.6900205612182617
kb0nl8,normal,0.7531071305274963
jyahee,normal,0.7016881704330444
j3poz7,normal,0.5410289764404297
73nor6,normal,0.7911309599876404
3brwbq,normal,0.7719107270240784
mwbcd8,normal,0.7664095759391785
lygo09,normal,0.7823946475982666
ldonwc,normal,0.7962648868560791
kn7oj9,normal,0.8231353163719177
jzkom5,normal,0.7465372085571289
k5b8mn,normal,0.7590080499649048
lpnjz2,normal,0.8089519143104553
if52hl,normal,0.7489702701568604
htcqh6,normal,0.7850778698921204
igvqda,normal,0.8184564113616943
mjwx2x,normal,0.8106473088264465
m4vmvx,normal,0.7874391078948975
mey4j2,normal,0.8027544021606445
irzrq5,normal,0.7734656929969788
mx7139,normal,0.8049778342247009
m18qsp,normal,0.7806077003479004
mlc8vo,normal,0.7208022475242615
m8si17,normal,0.7884617447853088
lv7m0e,normal,0.7131762504577637
me7oq8,normal,0.7952179312705994
lm0fod,normal,0.7375301718711853
l1ebs9,normal,0.7611265778541565
liws40,normal,0.7249911427497864
lgsh9e,normal,0.6122605204582214
kv4f2x,normal,0.6971256732940674
l9ku6r,normal,0.794680118560791
msuwzg,normal,0.8025021553039551
r3pkj,normal,0.6973642110824585
ms1n9f,normal,0.7349593043327332
miivoi,normal,0.7300259470939636
m8fnyg,normal,0.7311120629310608
lyab18,normal,0.7384968400001526
lne7qh,normal,0.7339594960212708
ld5ppx,normal,0.7441509366035461
l7ywp0,normal,0.6770609021186829
l2mapt,normal,0.733137845993042
kt13uh,normal,0.747150182723999
koa70u,normal,0.7415907382965088
k6jm8h,normal,0.7310648560523987
kfjtz2,normal,0.728782057762146
jxns3u,normal,0.7334744334220886
j7wv5v,normal,0.731563925743103
jp3vqn,normal,0.7393087148666382
l9zn4n,normal,0.7620458006858826
lepgm2,normal,0.7749014496803284
le2ja5,normal,0.7480828762054443
kdbz7x,normal,0.8190150260925293
