tweet_id,classification,classification_score
mwprck,normal,0.8025361895561218
m8kdac,normal,0.8056369423866272
muvqdy,normal,0.8239566683769226
mnx0xi,normal,0.7256215214729309
mingcs,normal,0.7569698691368103
lyaatb,normal,0.7965558171272278
m8zyoa,normal,0.7658710479736328
mwq9rz,normal,0.8292356133460999
maw1ae,normal,0.6492208242416382
mjr1xb,normal,0.7677093744277954
mdfsy1,normal,0.6982699632644653
ma7jtu,normal,0.8089207410812378
liywty,normal,0.7385857701301575
mivsl9,normal,0.786323606967926
llm6hs,normal,0.7609634399414062
mjrjfo,normal,0.694658637046814
ltitvb,normal,0.7360612154006958
m2c90b,normal,0.7412174940109253
koz487,normal,0.6669336557388306
mw1b18,normal,0.7467260956764221
lmf5ri,normal,0.7753193974494934
lfkcpw,normal,0.7221565246582031
k52rt1,normal,0.769350528717041
knxx4d,normal,0.803288996219635
kwoa7j,normal,0.7625862956047058
k037a0,normal,0.7129343152046204
hg0yck,normal,0.7216436862945557
ilttjy,normal,0.7571245431900024
kmx6k3,normal,0.8010815382003784
i2a4r2,normal,0.6600277423858643
jcil4t,normal,0.6920194625854492
jznx6t,normal,0.7717716693878174
jwn9jq,normal,0.7880347371101379
mtft25,normal,0.6862127780914307
msjuk3,normal,0.7043920755386353
l47wof,normal,0.7307866811752319
it647b,normal,0.7861688137054443
mbrfaa,normal,0.7686283588409424
itei3o,normal,0.7057532072067261
ksyhbq,normal,0.7422911524772644
g5xc4b,normal,0.7412737011909485
cvppyp,normal,0.8050267100334167
kg1j8v,normal,0.8096276521682739
jumd8p,normal,0.7684219479560852
k857li,normal,0.7794781923294067
juwwgh,normal,0.7099608182907104
junn9r,normal,0.7166047692298889
lcem6p,normal,0.780242383480072
ioddlp,normal,0.7727795839309692
ibdrno,normal,0.7809911966323853
i82ini,normal,0.7762148976325989
gpgtzh,normal,0.7553360462188721
fcw1pw,normal,0.7228211164474487
g910pt,normal,0.7602354884147644
hucr2o,normal,0.8090935349464417
h7lxqo,normal,0.7801080346107483
5msq3f,normal,0.7508528232574463
f0a858,normal,0.7587868571281433
ehi1tz,normal,0.747314453125
am0s1v,normal,0.7118008136749268
ld7pp8,normal,0.7935767769813538
l9gwlw,normal,0.7469528913497925
kl2hmn,normal,0.6998470425605774
j7c0rn,normal,0.7657250165939331
i6ejy1,normal,0.7773182988166809
hfnl9r,normal,0.7750564217567444
he6uzo,normal,0.7634193301200867
g3nvrx,normal,0.7833629250526428
fs6oqi,normal,0.7374674677848816
febfka,normal,0.7415488958358765
epwrl2,normal,0.7837610244750977
c2sw1x,normal,0.7088027596473694
b4gqj9,normal,0.7510465383529663
5vbtbc,normal,0.7840217351913452
jjivvd,normal,0.6620164513587952
kdpdkk,normal,0.7527853846549988
j6wcf5,normal,0.8200116157531738
e33cfv,normal,0.7446500062942505
76ht93,normal,0.7856944799423218
adcokd,normal,0.7562109231948853
qkza5,normal,0.8288125395774841
mjmcul,normal,0.8082345724105835
ks9857,normal,0.7361211776733398
kmkmp5,normal,0.7311572432518005
k86jbm,normal,0.8126135468482971
k42lpb,normal,0.7127352952957153
k2cu1r,normal,0.765255868434906
jxb7o8,normal,0.6965644955635071
jwk9ig,normal,0.8138004541397095
jrt9nu,normal,0.7721751928329468
jq2cdg,normal,0.7924380302429199
kxiwus,normal,0.7658567428588867
cbtiih,normal,0.7874352931976318
k4sviy,normal,0.7736901640892029
jpqhn9,normal,0.6570051312446594
gkmbsx,normal,0.7747887372970581
hqkxo9,normal,0.7019298076629639
iwgzi8,normal,0.7915579080581665
j8axix,normal,0.7793885469436646
jbu4z1,normal,0.7747122645378113
i4887u,normal,0.7952603697776794
gqdl7q,normal,0.7452288866043091
hxvs7f,normal,0.7612874507904053
hkyqgj,normal,0.7783791422843933
fb00k5,normal,0.7305594682693481
mhmp34,normal,0.687807023525238
lpl7v3,normal,0.7594054937362671
kuagva,normal,0.7708579897880554
is0jzc,normal,0.8072145581245422
8x6vir,normal,0.7687641978263855
eupprt,normal,0.7388054728507996
hgktqq,normal,0.8143649101257324
dr9feh,normal,0.7740879058837891
hxsuj0,normal,0.8056545853614807
9vyymf,normal,0.7418351173400879
ajg4a2,normal,0.7590596675872803
ejj3i4,normal,0.7954766154289246
ghl912,normal,0.6840663552284241
afezkj,normal,0.8204612731933594
fflhiw,normal,0.7487649917602539
e0yswm,normal,0.6887633204460144
2vq4fz,normal,0.5335683226585388
bfkhzt,normal,0.7113373875617981
9u6hzn,normal,0.8206507563591003
90rd9m,normal,0.7636261582374573
e9smkp,normal,0.7657320499420166
4s0eah,normal,0.7769416570663452
7zq3po,normal,0.8104778528213501
4gb48i,normal,0.8117604851722717
8zmi4t,normal,0.7479798197746277
1qw087,normal,0.7668254971504211
9lyxlq,normal,0.7767632603645325
84l6m0,normal,0.7281491756439209
aixx6t,normal,0.7439401745796204
65h5eg,normal,0.7137362360954285
6iq9ef,normal,0.5479639172554016
7u78pv,normal,0.7772992849349976
75k678,normal,0.7242923378944397
72gocp,normal,0.8036227822303772
bq9wxl,normal,0.7311733365058899
3u9tuj,normal,0.807198703289032
6keup4,normal,0.7551319599151611
73pos3,normal,0.7460774183273315
5osbcg,normal,0.7847034335136414
366s9p,normal,0.655386209487915
70j7u1,normal,0.7825033664703369
6dvfqr,normal,0.7760940790176392
3z4i4l,normal,0.7291037440299988
719ay0,normal,0.8023268580436707
524m4k,normal,0.7183350920677185
36ulxb,normal,0.7328889966011047
2y1pdk,normal,0.7749361991882324
1tx9d5,normal,0.8244581818580627
mx9l8s,normal,0.7958657741546631
keb8wc,normal,0.7004787921905518
lvydnj,normal,0.6986815929412842
lwg1nl,normal,0.8025879859924316
l4hnam,normal,0.715088963508606
kglq2q,normal,0.7633324265480042
mxktme,normal,0.7929126620292664
mpk9zg,normal,0.7839704751968384
k5finr,normal,0.8021300435066223
l3fx7q,normal,0.6893669962882996
jv0myh,normal,0.7798933982849121
mw6udo,normal,0.8278265595436096
l6rcci,normal,0.8186826705932617
mwn6yl,normal,0.7829572558403015
f548jp,normal,0.5771076083183289
ka6neo,normal,0.8335418105125427
mutold,normal,0.7240735292434692
m2d2sb,normal,0.793064296245575
iv5t0z,normal,0.8239197731018066
hup3ab,normal,0.794244647026062
hve7g5,normal,0.7930834889411926
islvrv,normal,0.841601550579071
ldlj6a,normal,0.846981942653656
mwp52o,normal,0.7671214938163757
jg6lq2,normal,0.7963751554489136
mgsrmb,normal,0.7867342829704285
mjyxp8,normal,0.7276375889778137
mxolql,normal,0.758987307548523
imoohy,normal,0.5996053218841553
m8500s,normal,0.7706613540649414
ms6x7n,normal,0.7579910159111023
j1oaxh,normal,0.7429366111755371
l9gujz,normal,0.7792441844940186
ms6qan,normal,0.6209404468536377
mraz1y,normal,0.8060066103935242
mkrmax,normal,0.7249797582626343
l6old1,normal,0.7286766171455383
mqtwu3,normal,0.6914210915565491
mijzig,normal,0.657429039478302
msszx9,normal,0.7965614199638367
m0u4gw,normal,0.7658450603485107
mwylkw,normal,0.7704626321792603
mkx2su,normal,0.8086692690849304
mim20z,normal,0.7330923676490784
mssjhr,normal,0.7128446698188782
lvizl5,normal,0.6592431664466858
hea138,normal,0.7423662543296814
f5w880,normal,0.6899447441101074
h9g4me,normal,0.6520717144012451
5tgpsl,normal,0.6852856874465942
frk1ns,normal,0.7478806972503662
klhvmg,normal,0.778954267501831
aosta0,normal,0.7543783187866211
kxj1e8,normal,0.7359969019889832
24428j,normal,0.7036712765693665
ajq2bt,normal,0.5878525972366333
l8cq81,normal,0.7141826748847961
482i5g,normal,0.5414723753929138
kj9rdl,normal,0.5565138459205627
3nvayo,normal,0.6860494613647461
mrfpi2,normal,0.717868983745575
m5virs,normal,0.7632040977478027
mridka,normal,0.717868983745575
mo8z4l,normal,0.7404923439025879
mve6cs,normal,0.6903455257415771
labd9o,normal,0.7890099883079529
mkfasw,normal,0.739656925201416
mxz002,normal,0.7920069098472595
mucng8,normal,0.7795232534408569
ml3oc1,normal,0.7464340925216675
mkm97t,normal,0.7581204175949097
mmm5tu,normal,0.8262996077537537
m7r06b,normal,0.6737779378890991
m9xh2d,normal,0.761859118938446
mjgrxh,normal,0.6831120252609253
luypd5,normal,0.789770245552063
kcug4c,normal,0.7958457469940186
fsj5ka,normal,0.7871732115745544
fzlc55,normal,0.6430366635322571
mduujo,normal,0.6907274723052979
9mbrls,normal,0.7697857022285461
gqnovr,normal,0.7796183824539185
l2v9vj,normal,0.750857412815094
9ad1wb,normal,0.7699965834617615
j08s7b,normal,0.7677280902862549
lmcznt,normal,0.7835811972618103
l8zlw0,normal,0.7392152547836304
khxzap,normal,0.755704939365387
5kfm5v,normal,0.7853946089744568
9v9v3h,normal,0.7952653765678406
lutfjj,normal,0.677126944065094
h0oups,normal,0.7922590970993042
mtu48u,normal,0.6671273112297058
f9glt6,normal,0.7500329613685608
lowcyj,normal,0.789191722869873
5dm1r1,normal,0.7296268939971924
jbg3cc,normal,0.6673902869224548
60b7r8,normal,0.7671594619750977
47dazt,normal,0.7234265208244324
