tweet_id,classification,classification_score
mvevuz,normal,0.7523952126502991
ldy93n,normal,0.7981378436088562
mog67t,normal,0.7555869817733765
mlf8uy,normal,0.7590469717979431
m1toj7,normal,0.7356355786323547
m7p9dd,normal,0.8233206868171692
ld1qcq,normal,0.7715020179748535
kw34i8,normal,0.7694119811058044
mdv7i0,normal,0.7336817979812622
m0wd9h,normal,0.7918092012405396
mvjeui,normal,0.8101890683174133
mwyonr,normal,0.6999123692512512
lfmo4g,normal,0.6965022087097168
gx49oj,normal,0.6628839373588562
mtcpi0,normal,0.7391769886016846
mxe6mn,normal,0.7945292592048645
ljhadn,normal,0.7158219218254089
mq8xbe,normal,0.7820358276367188
mpw5p3,normal,0.7626670598983765
lkcvqs,normal,0.7223013639450073
lliy0j,normal,0.8005310893058777
ewhgkx,normal,0.7966659069061279
m15fqd,normal,0.7243112325668335
k26ikd,normal,0.7827064394950867
moersk,normal,0.7470620274543762
m9mtvh,normal,0.673689067363739
m8nptv,normal,0.7900477647781372
mvaf16,normal,0.6500614285469055
m34fgf,normal,0.7758117318153381
mn5dcf,normal,0.7273762822151184
kas1yf,normal,0.7946265935897827
mtjd46,normal,0.8266308903694153
l2ulzg,normal,0.8144422173500061
lzjajl,normal,0.7361237406730652
jstizl,normal,0.7842857241630554
l7q2ay,normal,0.6685300469398499
m6d0ea,normal,0.7775132060050964
l62930,normal,0.7918204665184021
m24p1h,normal,0.7578660249710083
kz1atj,normal,0.760482668876648
lb2op4,normal,0.6882973909378052
mgj4ia,normal,0.7726836204528809
m3cahf,normal,0.7917343378067017
m0h3vs,normal,0.7539334893226624
ksi6i7,normal,0.7576543688774109
m3tcor,normal,0.7575326561927795
m1tlmp,normal,0.7989022731781006
m4envi,normal,0.7253574728965759
j2ukoj,normal,0.805880069732666
m3h7yo,normal,0.7840044498443604
lwj0vt,normal,0.7838111519813538
m980ao,normal,0.6179751753807068
ku3zud,normal,0.7730433940887451
ku4jsc,normal,0.7025538682937622
ltjn4x,normal,0.7058904767036438
mjcg1d,normal,0.6420509815216064
mfj6ez,normal,0.6617757081985474
ikxs1o,normal,0.724517285823822
mp726g,normal,0.8006545305252075
mnzbpn,normal,0.6101543307304382
k0uls8,normal,0.7717195749282837
m9xq2o,normal,0.7181077599525452
ldhoon,normal,0.7564829587936401
mg6d1u,normal,0.7423615455627441
mpjwrl,normal,0.7182940244674683
aosko5,normal,0.5886456966400146
mgx5pv,normal,0.7704267501831055
lt6231,normal,0.8083949089050293
mruggv,normal,0.776216983795166
bl366y,normal,0.6885989308357239
mnv850,normal,0.7691670656204224
mp0g8y,normal,0.756592869758606
m6yba4,normal,0.780287504196167
mt05h3,normal,0.8154884576797485
lvu8zj,normal,0.5810047388076782
mmsewz,normal,0.8043836951255798
lqs1y1,normal,0.7547380924224854
mqsj2u,normal,0.8012301921844482
lpd2fe,normal,0.7962524890899658
mdxf81,normal,0.8162870407104492
mtka40,normal,0.639487624168396
mkq1rb,normal,0.804043710231781
mfwok0,normal,0.747455358505249
lnppeb,normal,0.8360782861709595
miq60x,normal,0.7912301421165466
movju3,normal,0.7552599310874939
mqf1dd,normal,0.7845102548599243
kgc3wh,normal,0.7946017384529114
lwd0ws,normal,0.7768399119377136
laicw0,normal,0.7404691576957703
livuku,normal,0.8030396699905396
l8xwh8,normal,0.7788635492324829
mr5oj6,normal,0.7758611440658569
mrgra3,normal,0.7569103837013245
mlattf,normal,0.8185358643531799
mscbzi,normal,0.7052252888679504
mv6yaf,normal,0.7499371767044067
m81q5g,normal,0.8228428363800049
mj7zws,normal,0.8081122636795044
mg4ykq,normal,0.6054562330245972
mt18r6,normal,0.6600645780563354
met01b,normal,0.7406052350997925
moxvyr,normal,0.7764542102813721
ljbet0,normal,0.7001433372497559
m5ra1p,normal,0.7202491164207458
m3bxi9,normal,0.7800247669219971
m0gwd5,normal,0.8140755891799927
b1wmid,normal,0.7648594379425049
lysxbd,normal,0.7512451410293579
kpom9h,normal,0.7922133803367615
m4wk0l,normal,0.772117555141449
kx71i8,normal,0.6612809300422668
4f2q39,normal,0.73143070936203
m4yvj9,normal,0.7881646156311035
ku1bun,normal,0.5867004990577698
knssko,normal,0.6897031664848328
jvw0fw,normal,0.5447601079940796
kn80z2,normal,0.7496363520622253
7cre5o,normal,0.6100958585739136
kzw9p5,normal,0.5528293251991272
lj4cmo,normal,0.5987821221351624
kl68mj,normal,0.7720731496810913
kbcc0x,normal,0.7969670295715332
lolh9t,normal,0.7600416541099548
lr3w08,normal,0.7957519888877869
llzham,normal,0.7853282690048218
muh2ey,normal,0.7935754656791687
m5guhw,normal,0.8311508893966675
l41qnu,normal,0.8077342510223389
kinpbl,normal,0.7879061102867126
mwklqb,normal,0.689827561378479
k77lqo,normal,0.819689929485321
mvm0ax,normal,0.6884856224060059
mhxwn9,normal,0.4391701817512512
mdcbaz,normal,0.751244306564331
m1jb0m,normal,0.7636504769325256
mw4yp2,normal,0.6708308458328247
mck5p5,normal,0.7482942938804626
lcaobp,normal,0.7771590352058411
eabcms,normal,0.6608284115791321
kzbbzi,normal,0.7033295631408691
lm4ymx,normal,0.6755381226539612
lomt3p,normal,0.7414931654930115
lwvf2e,offensive,0.3710725009441376
ltyjeb,normal,0.6889780163764954
kbqa1u,normal,0.8312656879425049
lk4bfv,normal,0.6779162883758545
f6bx5f,normal,0.7704365253448486
cnnyp2,normal,0.7451449036598206
mfwzeh,normal,0.7579870223999023
m3i8rd,normal,0.7226777076721191
l3bdg6,normal,0.7520299553871155
lyxnax,normal,0.7937667369842529
kikmd5,normal,0.8039384484291077
ddd9wv,normal,0.8003129363059998
bd5wpc,normal,0.7975765466690063
bmbciz,normal,0.7857820987701416
ba6wm6,normal,0.7839446067810059
ao7okm,normal,0.7373196482658386
d726sn,normal,0.8041338324546814
97oc8o,normal,0.7461328506469727
83fve7,normal,0.8113231658935547
b4da7z,normal,0.7364705801010132
6nvago,normal,0.79407799243927
b1sg76,normal,0.7847859263420105
7y06ev,normal,0.7619934678077698
4iwiqf,normal,0.7299562096595764
mlyi9s,normal,0.8128118515014648
mhdbod,normal,0.8472455739974976
mji25u,normal,0.7906899452209473
m496i5,normal,0.7971929907798767
lp7zwf,normal,0.6429900527000427
leqlgf,normal,0.8078877329826355
lskady,normal,0.6970939040184021
mx35qo,normal,0.7521337866783142
msl6mo,normal,0.6499797701835632
mh2mqv,normal,0.8111516833305359
mpc9sx,normal,0.696594774723053
mgccva,normal,0.8015950322151184
mbej11,normal,0.7493259906768799
ktg1f4,normal,0.7783921360969543
mixcfs,normal,0.6848108768463135
lgi87u,normal,0.7814638614654541
m4gyo6,normal,0.7424193620681763
mf21ww,normal,0.7518543601036072
lwe7dt,normal,0.8006910681724548
m05sz1,normal,0.7899996638298035
kyuh8w,normal,0.7726701498031616
jz6kv5,normal,0.8129885792732239
mw8s27,normal,0.8312847018241882
m1aied,normal,0.7341638803482056
ixuqdh,normal,0.8322768807411194
mtb1ll,normal,0.8331990242004395
kfv0zq,normal,0.7424481511116028
lvd2nu,normal,0.8049278855323792
ln0wnq,normal,0.7695761322975159
kdv53p,normal,0.7997165322303772
b9izho,normal,0.7870336174964905
iysnn3,normal,0.7850500345230103
bgfu90,normal,0.794795036315918
bj2c8s,normal,0.7878685593605042
htddlh,normal,0.7859143018722534
diri7t,normal,0.6921032071113586
cclpyn,normal,0.710663914680481
bj49cn,normal,0.8015281558036804
b7bqj4,normal,0.7993630170822144
bbhpdm,normal,0.7802756428718567
dxionv,normal,0.7965337634086609
bisshy,normal,0.7830700874328613
8ev87p,normal,0.8029830455780029
fj4hri,normal,0.7831127047538757
8oqrny,normal,0.7240087985992432
aw3ien,normal,0.7667288184165955
avatcx,normal,0.7588320970535278
awycfy,normal,0.7968023419380188
bcmfrr,normal,0.6885485649108887
awc9bf,normal,0.755084216594696
89fuo1,normal,0.6426148414611816
8bip2p,normal,0.8053030371665955
mi7u2u,normal,0.7794443368911743
m3a81f,normal,0.8199142813682556
m2i8pr,normal,0.8463820815086365
m1puyt,normal,0.8463820815086365
m0z90i,normal,0.8465806841850281
m08afx,normal,0.8493867516517639
j0colm,normal,0.8295453190803528
hxcxrr,normal,0.770218551158905
hk4phv,normal,0.748307466506958
g36c66,normal,0.8287707567214966
fh8io2,normal,0.7959491014480591
e51ksh,normal,0.7740235924720764
dhhnvx,normal,0.7052103877067566
d6gwlv,normal,0.7308527231216431
d0r0rp,normal,0.8121460676193237
blvrs5,normal,0.7990897297859192
bko3g5,normal,0.7735934257507324
bibbgf,normal,0.8277965784072876
b3rlim,normal,0.7975307106971741
ay5qbw,normal,0.7152197360992432
asuqti,normal,0.5589290261268616
asvtt3,normal,0.7333129048347473
9kyekh,normal,0.7823731303215027
8mgrbx,normal,0.5640013217926025
mu6fnk,normal,0.7982150316238403
mpg687,normal,0.7523625493049622
m5k5g9,normal,0.7301761507987976
lvtzep,normal,0.7937981486320496
lu18qy,normal,0.7563536763191223
lrc45i,normal,0.8108447194099426
lr38h4,normal,0.6908981204032898
lhl311,normal,0.6664150357246399
lfqp64,normal,0.7578402161598206
l9app3,normal,0.8111607432365417
l49o8a,normal,0.8072695732116699
kzawsk,normal,0.8125701546669006
kx9uzu,normal,0.8034385442733765
kodijc,normal,0.7716447114944458
kmpvg5,normal,0.7573764324188232
klajpe,normal,0.8231021761894226
klak7q,normal,0.7560886740684509
kksh62,normal,0.8133758902549744
kc7b5q,normal,0.8011922836303711
kbbk8t,normal,0.7576028108596802
kauxrn,normal,0.8360046148300171
k60yin,normal,0.7829146385192871
jt4je9,normal,0.8092268705368042
jdso8t,normal,0.8125544786453247
iykspl,normal,0.8210647702217102
m8x7ao,normal,0.7686933279037476
8btc9t,normal,0.6934994459152222
iwwadq,normal,0.7644271850585938
bgbqt6,normal,0.7934449315071106
bn62me,normal,0.7901034951210022
mbj38p,normal,0.8150880932807922
mgl81j,normal,0.7637984156608582
mob66i,normal,0.8163053393363953
lxz68l,normal,0.7784585952758789
m9fpgb,normal,0.7182272672653198
iwr8uo,normal,0.7176221013069153
lzg53h,normal,0.8000208735466003
lsujul,normal,0.7722587585449219
lpxs16,normal,0.7930358052253723
lim8m6,normal,0.7437808513641357
lidq2f,normal,0.7925490140914917
jr0oo0,normal,0.6955737471580505
la3pqr,normal,0.7226622104644775
jtnpiu,normal,0.8075315356254578
l2zl13,normal,0.7250880599021912
m8xw67,normal,0.7955166101455688
l43suz,normal,0.8278687596321106
mrokq1,normal,0.7980691194534302
mqc6sr,normal,0.7771777510643005
mx54o3,normal,0.8335001468658447
mik3m3,normal,0.7018546462059021
mh33ub,normal,0.649371862411499
mu17eu,normal,0.7751327753067017
mpnjy6,normal,0.7061079144477844
mxbjsl,normal,0.8046869039535522
mw8q41,normal,0.8190092444419861
mu9loz,normal,0.7795727849006653
mwixu1,normal,0.7840089201927185
mrs59x,normal,0.7363260388374329
mlsnh1,normal,0.7403491735458374
mmtci0,normal,0.6758182644844055
m5k7a1,normal,0.7576024532318115
mk39f3,normal,0.7605105638504028
mc8zms,normal,0.7550936937332153
mmdn3j,normal,0.7805057764053345
mkwu9b,normal,0.8432655334472656
lx4asx,normal,0.7587632536888123
m2v2mp,normal,0.7711557745933533
lcfyiv,normal,0.8128617405891418
lz79dm,normal,0.8029640316963196
f8l2d3,normal,0.7697354555130005
mtr9sg,normal,0.8174548745155334
m5m3ph,normal,0.8009761571884155
ktgp16,normal,0.8008406758308411
mru8fm,normal,0.8107161521911621
lvwi8i,normal,0.7827175259590149
lpvn0p,normal,0.8098707795143127
ly57ny,normal,0.8197439908981323
lgr8qf,normal,0.6992881298065186
lptlcy,normal,0.742810845375061
m9dkep,normal,0.7859094142913818
mhiv0s,normal,0.528759777545929
lv0jev,normal,0.7948315143585205
jr21qt,normal,0.834720253944397
j2zpsc,normal,0.7894806265830994
j5zimb,normal,0.8003712296485901
lr5e5k,normal,0.681566059589386
i7gakk,normal,0.7012837529182434
fl3vw1,normal,0.7780383229255676
lpfl9v,normal,0.7948315143585205
lk66ht,normal,0.7948315143585205
lf27k6,normal,0.8365328311920166
lf4ifj,normal,0.7948315143585205
lg6bvd,normal,0.7877839207649231
mujuby,normal,0.7582067251205444
dfnyo3,normal,0.7592421174049377
dbx7to,normal,0.7858045101165771
88o1mk,normal,0.6981794238090515
kb7yu5,normal,0.7096114754676819
g3ak3k,normal,0.7681907415390015
dy5gxz,normal,0.7898922562599182
c84urv,normal,0.7719327211380005
9kooym,normal,0.6823465824127197
mnqlqz,normal,0.7694438695907593
l7a0m1,normal,0.8113856315612793
kh2ox6,normal,0.7596033215522766
m55jdi,normal,0.7978083491325378
m1k0dr,normal,0.7809402942657471
m0h3p0,normal,0.7539334893226624
kash9l,normal,0.83772873878479
kd5jr8,normal,0.7657191753387451
gd5imw,normal,0.5559813976287842
gmi85d,normal,0.6939483880996704
fbm4qo,normal,0.7053488492965698
f6fyph,normal,0.6942306756973267
8egmrf,normal,0.794020414352417
axpvd3,normal,0.7185442447662354
m06djr,normal,0.7603892683982849
m22tuv,normal,0.8030524849891663
lunwkd,normal,0.7811089754104614
l5irmq,normal,0.7908703088760376
kkm2te,normal,0.7799879312515259
m4bwnw,normal,0.7629998922348022
jjcp7l,normal,0.8045604825019836
lmvfvj,normal,0.7805311679840088
m4znvo,normal,0.6743346452713013
lib5yh,normal,0.7863377332687378
mhrb3m,normal,0.7808797359466553
55115a,normal,0.7407387495040894
h948cs,normal,0.7749841213226318
j5ewls,normal,0.6834515333175659
ad47q3,normal,0.7276243567466736
3438s2,normal,0.7624850273132324
mdimu,normal,0.7647518515586853
5ksp4v,normal,0.7119923233985901
343u50,normal,0.7239277958869934
i1dicj,normal,0.7121239304542542
fr4t50,normal,0.779628336429596
tmvr5,normal,0.7821020483970642
hobqzn,normal,0.7786219120025635
39j0en,normal,0.791349470615387
2999vp,normal,0.7502118945121765
43b8qr,normal,0.7480889558792114
a0putb,normal,0.8215320110321045
kqnym,normal,0.5691459774971008
1o0f97,normal,0.6592162847518921
hld4u,normal,0.7194291353225708
vijfm,normal,0.7331166863441467
1e9rkf,normal,0.7805829644203186
mteq8,normal,0.7389954328536987
sgj2i,normal,0.7702346444129944
pvgy6,normal,0.772065281867981
m4j56p,normal,0.7122505307197571
ltey1s,normal,0.7981014251708984
mri2il,normal,0.8151225447654724
lkzvtp,normal,0.6712207198143005
ltdb2j,normal,0.8004245162010193
lr0lwx,normal,0.7228953838348389
kl69uj,normal,0.7379977107048035
mqtwu3,normal,0.6914210915565491
kghkk3,normal,0.6849183440208435
mswdnc,normal,0.7207886576652527
ggh2h9,normal,0.8315479755401611
cilkls,normal,0.7641034126281738
kg29dm,normal,0.807823657989502
ipiqy3,normal,0.7681791186332703
kvktul,normal,0.7468571066856384
ma4q78,normal,0.7760646343231201
kj03nb,normal,0.7853697538375854
mfxql2,normal,0.8036556243896484
mvp9wj,normal,0.7469089031219482
m493p7,normal,0.7528306841850281
m728pc,normal,0.7326768636703491
m14uka,normal,0.5953652262687683
kavu8a,normal,0.6221292018890381
mp5zhv,normal,0.6620776057243347
glh969,normal,0.681599497795105
mvpez8,normal,0.7250881791114807
lu3wt4,normal,0.6419208645820618
mh4ybn,normal,0.7760313749313354
lxt7t0,normal,0.8011365532875061
ltz3fe,normal,0.8310091495513916
mmwspq,normal,0.7695016264915466
f9iqr1,normal,0.7744404673576355
bn6rd9,normal,0.7625538110733032
kw4z64,normal,0.6797687411308289
kkcleb,normal,0.6692838668823242
iv8a36,normal,0.7686049938201904
chw883,normal,0.7824315428733826
m2vqr2,normal,0.8067021369934082
khjz11,normal,0.697306752204895
jd9s9o,normal,0.8037466406822205
m807l0,normal,0.7172370553016663
lq6m7x,normal,0.7739904522895813
kbm2fq,normal,0.7292247414588928
l0zawr,normal,0.7187300324440002
l0e5v1,normal,0.7604953646659851
fsqcyo,normal,0.761652946472168
kgwf7n,normal,0.7870035171508789
kmtfve,normal,0.7838625907897949
kfcnbj,normal,0.6671476364135742
ievkay,normal,0.7765244841575623
iyh0lm,normal,0.7898643016815186
b1tzs8,normal,0.7303496599197388
mjmnz4,normal,0.777850866317749
lolt69,normal,0.6240341067314148
mpnk5q,normal,0.785716712474823
m3g50y,normal,0.6849910616874695
mtmucb,normal,0.6357675790786743
motct3,normal,0.7738032341003418
mw54a0,normal,0.6713283061981201
kqex2k,normal,0.7335383892059326
mk6hmh,normal,0.7965316772460938
lj01pz,normal,0.6023132801055908
mejcbd,normal,0.7696413397789001
miqdwm,normal,0.7737901210784912
mb3xj4,normal,0.8137814402580261
mln6sb,normal,0.6991091370582581
m2zydx,normal,0.7491390705108643
hlmsn3,normal,0.8008858561515808
luv7q5,normal,0.7956230044364929
7axc9t,normal,0.7361929416656494
mjhp2w,normal,0.7830142974853516
izpj4j,normal,0.7682691216468811
li71zc,normal,0.7966666221618652
lo1xzl,normal,0.7635995149612427
dyvlcs,normal,0.7917801737785339
m7dl02,normal,0.7689874172210693
kphgif,normal,0.7937225699424744
l92z5s,normal,0.7956011295318604
7fwvsf,normal,0.7936133146286011
3rvorv,normal,0.7920462489128113
1lwspi,normal,0.7952558994293213
98n0lj,normal,0.8046262860298157
zrn1u,normal,0.6911308765411377
7vv6lk,normal,0.7840301990509033
5jje6b,normal,0.7772696614265442
2203fn,normal,0.8041845560073853
c94bn,normal,0.8220018744468689
2vrm71,normal,0.8026968240737915
5k8etj,normal,0.6414799690246582
2ua6q4,normal,0.7638065814971924
6avgf7,normal,0.8036801815032959
1em7ef,normal,0.7730672359466553
d7svf,normal,0.7934886813163757
bl8kl,normal,0.8236290812492371
c9rf2,normal,0.8197144865989685
5ly6jx,normal,0.7744261622428894
2x6vpd,normal,0.7342456579208374
4evi6q,normal,0.7977779507637024
5i13nd,normal,0.8029506206512451
f7k1i,normal,0.7727440595626831
meyu6j,normal,0.7031698822975159
j1yvs5,normal,0.7562181949615479
m6ljkr,normal,0.7885912656784058
lkv3gs,normal,0.6095224618911743
jjs15n,normal,0.7419056296348572
duksc2,normal,0.7520062923431396
knw37s,normal,0.7481920719146729
mvband,normal,0.7002550363540649
ig9x8e,normal,0.7737802267074585
jmief3,normal,0.8199564814567566
m0jzir,normal,0.7658397555351257
g6so7s,normal,0.7853259444236755
ln04b8,normal,0.7245980501174927
lrptb3,normal,0.7075839042663574
mgo8nb,normal,0.5992862582206726
fovf2d,normal,0.7506667375564575
lzcgl2,normal,0.7654640078544617
mk9cd4,normal,0.7673505544662476
m4ixo8,normal,0.7688539028167725
mduujo,normal,0.6907274723052979
f2c7wb,normal,0.7544644474983215
l4tmyq,normal,0.7679057121276855
mjprnd,normal,0.7018067240715027
kcz36z,normal,0.7497925758361816
mr9rit,normal,0.7536932229995728
jfbjdi,normal,0.7741096019744873
m5vxw6,normal,0.7494298219680786
l7kcq3,normal,0.7568078637123108
km47iu,normal,0.793769121170044
l79ogf,normal,0.7568078637123108
hjavko,normal,0.4855380356311798
lskpfx,normal,0.8081633448600769
kv9253,normal,0.8212992548942566
karc4q,normal,0.6476823687553406
ml8rh4,normal,0.808466374874115
kx9mvh,normal,0.7499921321868896
k18k6d,normal,0.8299151659011841
g4tcka,normal,0.7369047403335571
k5yini,normal,0.8175283074378967
j5n63q,normal,0.6914666295051575
mauq2f,normal,0.6441624760627747
evqxi8,normal,0.662013828754425
ll9jk7,normal,0.7047455906867981
mw8l16,normal,0.7692636251449585
kix6z3,normal,0.768450915813446
mhfb2f,normal,0.7200536131858826
jbiou9,normal,0.725082278251648
mpvsib,normal,0.6896314024925232
j8qykz,normal,0.7536405920982361
l68w7s,normal,0.6827439069747925
m9li8t,normal,0.7290317416191101
l5ibaw,normal,0.637261152267456
jb064q,normal,0.7136818766593933
madh2o,normal,0.700592577457428
i92n0i,normal,0.7635208964347839
ms6qan,normal,0.6209404468536377
mhbucg,normal,0.7976921200752258
i4uv02,normal,0.7533090710639954
fxucvx,normal,0.6036750674247742
lt1tbz,normal,0.7924330234527588
mkx99k,normal,0.6801612973213196
gadc0d,normal,0.7838605046272278
jfr2a1,normal,0.7348427772521973
msuu60,normal,0.7698090076446533
m2nd6o,normal,0.7494319677352905
mmhx7o,normal,0.7051151394844055
mqamqi,normal,0.7764348983764648
ldxyuh,normal,0.7009444236755371
lj6qkn,normal,0.6953157186508179
gbrk9a,normal,0.7514362335205078
j1a653,normal,0.770197868347168
lie2ht,normal,0.7053431272506714
kgc66w,normal,0.5322556495666504
mf4rip,normal,0.7750639915466309
mlw943,normal,0.7543834447860718
mn2nq0,normal,0.7512837648391724
lpooa9,normal,0.617783784866333
ki7ksy,normal,0.8077297806739807
l6b09k,normal,0.6756463646888733
mmrn8r,normal,0.7402852177619934
jwwecp,normal,0.7585283517837524
l00lgc,normal,0.7788431644439697
jh6kvs,normal,0.6947671175003052
jlz616,normal,0.7943345308303833
im3g22,normal,0.7070272564888
lpaxux,normal,0.6821742057800293
lzb0ef,normal,0.7349510788917542
jjhl8k,normal,0.7263720035552979
m0e66g,normal,0.6796618103981018
jrwfut,normal,0.6775696277618408
l6w4r1,normal,0.8171342015266418
gkaj88,normal,0.681394100189209
kjxewg,normal,0.7737070918083191
j73i0l,normal,0.7099233269691467
mvisqk,normal,0.71302330493927
kv5nhh,normal,0.6214228868484497
moak0y,normal,0.8006154298782349
mjh2za,normal,0.6382679343223572
9yx010,normal,0.7976644039154053
jwt20q,normal,0.7084750533103943
lax4pz,normal,0.7803083062171936
ae8zhv,normal,0.7660402059555054
8nlaha,normal,0.7505356669425964
ij5x3k,normal,0.7280369997024536
3sqzpc,normal,0.6685006022453308
j0kpix,normal,0.7470464706420898
jprgeu,normal,0.7742660641670227
in09j1,normal,0.6819379329681396
gp0xgz,normal,0.656979501247406
hm05bh,normal,0.6792840957641602
h97e5t,normal,0.7292887568473816
jcvp2x,normal,0.7795383930206299
d5dma1,normal,0.7325764894485474
bamwe2,normal,0.7283724546432495
buunpx,normal,0.7427176833152771
gc1pnh,normal,0.5252460837364197
cs5hik,normal,0.7864378094673157
ed1rno,normal,0.7835446000099182
byl1lr,normal,0.6509281396865845
go8uhh,normal,0.7033004760742188
e9xk61,normal,0.7359258532524109
mkaaa7,normal,0.755181074142456
gn8zej,normal,0.792802095413208
aen2v1,normal,0.7776909470558167
iqou89,normal,0.4827667772769928
fihzs3,normal,0.8147965669631958
jeps14,normal,0.7588027119636536
iblyat,normal,0.7224833965301514
kgh1jf,normal,0.734978437423706
1ywobw,normal,0.6974443197250366
9vntoo,normal,0.7586656212806702
bkhezp,normal,0.7857508659362793
kad9lt,normal,0.7496562600135803
in5qpd,normal,0.7637178301811218
jld6jy,normal,0.6365221738815308
bas9g,normal,0.6727521419525146
8nlc2g,normal,0.714630126953125
ae10x1,normal,0.7865985631942749
6rvw1g,normal,0.7235073447227478
3fflmt,normal,0.7833703756332397
hjb4eg,normal,0.7169981002807617
hwr2r8,normal,0.47344765067100525
2xi9mo,normal,0.7803182601928711
hr87fm,normal,0.6341224908828735
29laqq,normal,0.7275208234786987
2114cw,normal,0.8034833669662476
m9mmij,normal,0.7207552194595337
ltruhm,normal,0.788608193397522
ju2tfz,normal,0.6955889463424683
jm3equ,normal,0.780600368976593
jjinah,normal,0.6316973567008972
jhfcp4,normal,0.7824385166168213
jbck2s,normal,0.68426913022995
io91hf,normal,0.7490163445472717
hwm98e,normal,0.7037814259529114
hnzqua,normal,0.7590658068656921
gl1vfp,normal,0.7951644659042358
gau3o2,normal,0.7147841453552246
g7dlzb,normal,0.7844296097755432
g3kmab,normal,0.7229713797569275
fuwkkq,offensive,0.5063135027885437
fl3scm,normal,0.6760023236274719
fbpxho,normal,0.7662087678909302
f36enm,normal,0.7478584051132202
euwsq0,normal,0.6055575013160706
dyvgku,normal,0.7658056616783142
d1kign,normal,0.7575854063034058
d0g0qb,normal,0.6849616765975952
cgoc1a,normal,0.7733533978462219
mc0sma,normal,0.8174771070480347
kyp6ru,normal,0.7023369073867798
meibzg,normal,0.7145082354545593
l6f3cn,normal,0.7305253744125366
lfuupw,normal,0.6565362215042114
g06cgj,normal,0.7510933876037598
jhw1zr,normal,0.71369868516922
jpukto,normal,0.7500396370887756
jyila4,normal,0.73337721824646
jlqz1r,normal,0.7345225811004639
ju46zv,normal,0.7939292192459106
d2olp2,normal,0.660554826259613
5vz75b,normal,0.8014392256736755
jd04i8,normal,0.7250552773475647
dvv5uw,normal,0.7423355579376221
few2d2,normal,0.6807172298431396
27ni4p,normal,0.8361396193504333
i3rgjk,normal,0.7075542211532593
gtq564,normal,0.778329610824585
egzuq,normal,0.8010690212249756
5l6w3h,normal,0.7873668670654297
hh1eci,normal,0.6475315690040588
ef2cn9,normal,0.7484400272369385
eomm6c,normal,0.6281795501708984
2dpaej,normal,0.718547523021698
brfg93,normal,0.7562950253486633
6ffy94,normal,0.7733702659606934
2ie9jd,normal,0.7857969403266907
449d6v,normal,0.6882595419883728
9gy4v,normal,0.7329679727554321
edd9p2,normal,0.7038713097572327
hrujm6,normal,0.7704676985740662
her5bp,normal,0.4164820611476898
4b8crn,normal,0.7878177165985107
cjby60,normal,0.7451755404472351
jy55x9,normal,0.7478212714195251
kp6zi1,normal,0.6882283687591553
jbft2q,normal,0.5822278261184692
hzvep,normal,0.529270589351654
i0w1zb,normal,0.5168227553367615
4z8g67,normal,0.7002671360969543
7pig7,normal,0.7824455499649048
ly2t6,normal,0.7751303315162659
idk5w0,normal,0.7234013676643372
23mjgh,normal,0.7578362226486206
cb3sd,normal,0.7271876335144043
bkxvu,normal,0.5726922154426575
6lfdwm,normal,0.691935122013092
s2zcr,normal,0.7757405638694763
eldgs7,normal,0.7294262051582336
752xsp,normal,0.7761625051498413
dllpf2,normal,0.7783533334732056
jrz218,normal,0.7761099338531494
c2mkfs,normal,0.7667203545570374
ek5qra,normal,0.4690644145011902
2d84r0,normal,0.6984671354293823
8tixut,normal,0.7846978902816772
otjq7,normal,0.7636958360671997
2jkhmu,normal,0.7851907014846802
18q366,normal,0.6988506317138672
1x66pa,normal,0.7258985042572021
k5eogk,normal,0.6901920437812805
mi4ydi,normal,0.7077937126159668
mk4v6z,normal,0.7173823714256287
ha6fm1,normal,0.7805949449539185
fobh7u,normal,0.7173823714256287
ihom0w,normal,0.6324604749679565
jh6gfr,normal,0.8215328454971313
feeucz,normal,0.6399030089378357
hxtj4d,normal,0.7592242360115051
k0ucj4,normal,0.7620074152946472
mooq4m,normal,0.5462016463279724
lpa9wp,normal,0.7353058457374573
j89ulf,normal,0.7831591367721558
hfkte6,normal,0.7449909448623657
lbgd8x,normal,0.7649102807044983
mm6ynt,normal,0.6322255730628967
fk6kgy,normal,0.7269299030303955
jihj1p,normal,0.7760900855064392
cwd78k,normal,0.72100830078125
jv7650,normal,0.7651590704917908
j2nu7p,normal,0.7730857133865356
llnju1,normal,0.7512791156768799
k2ip2w,normal,0.7532449960708618
e8sdjr,normal,0.5282933712005615
ji4uk9,normal,0.7782538533210754
9240o,normal,0.7915279865264893
ia6b0v,normal,0.7603326439857483
jghz34,normal,0.7642602324485779
cowf5h,normal,0.8236831426620483
hgj1yy,normal,0.7432708144187927
ci7utq,normal,0.7603508234024048
a1bm85,normal,0.7333146929740906
cpynzl,normal,0.688356876373291
mbgdn2,normal,0.7526422142982483
kdgi55,normal,0.7754577994346619
m7kkul,normal,0.7887526154518127
jhl9gh,normal,0.7763540148735046
fuarmf,normal,0.732922375202179
mpqehg,normal,0.7768663167953491
l7dhkh,normal,0.7238044142723083
l19rk2,normal,0.6654307246208191
acilqe,normal,0.7630082964897156
md3t4m,normal,0.7691283226013184
l8ahtw,normal,0.7953100800514221
mkjnww,normal,0.7583587169647217
m3i7yy,normal,0.6892809867858887
m8eyn0,normal,0.7659690976142883
jb1zm4,normal,0.772869884967804
mmfmth,normal,0.742391049861908
ilbc97,normal,0.7502052187919617
kavrwz,normal,0.6221292018890381
mcpg1t,normal,0.7353600263595581
hfc8it,normal,0.7827690839767456
m0ebqr,normal,0.7598522305488586
ld6o20,normal,0.7049267292022705
jl2x3c,normal,0.730919361114502
ie70ay,normal,0.7392491698265076
ifu8ad,normal,0.7959588170051575
mnkshy,normal,0.6782979965209961
m8npkp,normal,0.7844579815864563
lg7kwl,normal,0.7769131064414978
hz8z5j,normal,0.7591739892959595
gvd34v,normal,0.6849460601806641
kp2i1e,normal,0.7845145463943481
l34eig,normal,0.537629246711731
8fsfds,normal,0.7732439637184143
iqouy3,normal,0.4827667772769928
6fu9bn,normal,0.6411837339401245
m3ic1n,normal,0.7921755909919739
8y012z,normal,0.7761099934577942
alfsto,normal,0.7663682103157043
55r7jk,normal,0.70802241563797
ijfo2y,normal,0.7769477367401123
bs478j,normal,0.7600023150444031
jcs5gn,normal,0.7522035241127014
hsfcej,normal,0.7430717349052429
acai8y,normal,0.7073826789855957
224ztn,normal,0.7991333603858948
zurnj,normal,0.811112642288208
ahcufi,normal,0.737822413444519
3jfqjm,normal,0.7406299710273743
j1g9qw,normal,0.6530497074127197
mefufa,normal,0.7002238631248474
mpb58x,normal,0.7053629755973816
m0mkgq,normal,0.7422443628311157
k4myhs,normal,0.7771595120429993
mlg5pb,normal,0.6688521504402161
mutxpo,normal,0.8179867267608643
mvwzoz,normal,0.8232864737510681
mop69l,normal,0.7469918727874756
lwfs07,normal,0.7472173571586609
lxjv7r,normal,0.7744743227958679
lt4y64,normal,0.77715003490448
iyi32f,normal,0.6794368624687195
ju2civ,normal,0.6679103970527649
m2iboh,normal,0.7875878214836121
lsyeah,normal,0.7816177606582642
j8u4tl,normal,0.7891750931739807
mt2vp4,normal,0.7341680526733398
jipr3s,normal,0.7448717355728149
iq50ea,normal,0.7579848170280457
mcisgd,normal,0.8153221607208252
lewezd,normal,0.7278410196304321
j5j5g9,normal,0.7803536057472229
be8g7i,normal,0.7845112085342407
mlsnrq,normal,0.8028092384338379
jrpvcc,normal,0.8132609724998474
msczyk,normal,0.8050114512443542
mas0qa,normal,0.6670811176300049
luicfl,normal,0.7441987991333008
kewo23,normal,0.7926539182662964
mv343w,normal,0.7011630535125732
h8cdi7,normal,0.7933017611503601
hmw64u,normal,0.8033944964408875
jgq81z,normal,0.6622222661972046
ivt7ny,normal,0.7992194890975952
hm7vo0,normal,0.6618794798851013
j0b0wn,normal,0.8085236549377441
fnk829,normal,0.7707781791687012
ly2cef,normal,0.7387275099754333
hoak8l,normal,0.7957732677459717
geysjy,normal,0.6176984310150146
l4tf4b,normal,0.5997772812843323
hn7zka,normal,0.760749101638794
hz1uow,normal,0.7584426403045654
mm72tr,normal,0.8292456865310669
mil55l,normal,0.6669348478317261
bdzkxc,normal,0.6964282989501953
ghuh5g,normal,0.7708923816680908
im5mcg,normal,0.7615688443183899
d3aro7,normal,0.8047931790351868
gomtwz,normal,0.7932056188583374
m8ldi0,normal,0.8006414771080017
l4tayq,normal,0.7860412001609802
hpms4k,normal,0.6594163775444031
3nue2l,normal,0.7692959308624268
gl4ul1,normal,0.8130496144294739
epw0mp,normal,0.7290430665016174
4dxyfo,normal,0.7838422656059265
c3bo1o,normal,0.7106703519821167
4iuzvd,normal,0.7176942229270935
717r4m,normal,0.7290430665016174
2uemj9,normal,0.7080730199813843
4u48lh,normal,0.5422025322914124
6yaodv,normal,0.7733495235443115
kv5im3,normal,0.6973292827606201
kvxj9o,normal,0.7689462304115295
jop37s,normal,0.7974274158477783
ibixui,normal,0.7752689123153687
i9a1l1,normal,0.7596777677536011
bc5ski,normal,0.7638826966285706
aj1cjw,normal,0.7650807499885559
37gjjf,normal,0.710557222366333
2oxuq0,normal,0.7909156084060669
lf1flj,normal,0.5655544996261597
d22yhb,normal,0.8529927730560303
9rnq9k,normal,0.6949941515922546
d702n3,normal,0.7851128578186035
36x22v,normal,0.714081346988678
cztvsg,normal,0.6919934749603271
bwbtzf,normal,0.7302983403205872
d6mo46,normal,0.7133913040161133
gltiyj,normal,0.8071101903915405
bx53ib,normal,0.7944966554641724
dia4yz,normal,0.795258641242981
727i1k,normal,0.7794127464294434
d83r5o,normal,0.8101556301116943
3s6vop,normal,0.7970445156097412
90gasw,normal,0.6292341351509094
fis7qj,normal,0.7556071877479553
k5h3n9,normal,0.6836860179901123
kqn5za,normal,0.6666815876960754
k5hsu9,normal,0.7554492354393005
m3ud98,normal,0.6192804574966431
heigeh,normal,0.7210546135902405
mftyer,normal,0.7580699324607849
lz8qgv,normal,0.7634420990943909
jmwrn3,normal,0.7967047095298767
lc26dz,normal,0.8059123158454895
i390pn,normal,0.8190403580665588
mlegqm,normal,0.69041508436203
m6r72s,normal,0.7401210069656372
jt7sgj,normal,0.7784871459007263
mpffun,normal,0.7097811698913574
iyd6eo,normal,0.6733319759368896
g3vivm,normal,0.6852254867553711
hsdyhl,normal,0.7560566663742065
fadcfz,normal,0.7310680747032166
dcc1wt,normal,0.766631543636322
mdcjlo,normal,0.6665388345718384
fzxdbs,normal,0.7585830688476562
lck0di,normal,0.7791873216629028
lh0m9x,normal,0.7874523997306824
fpgcro,normal,0.7520188093185425
mfdjmf,normal,0.7647298574447632
kufp1d,normal,0.7828094363212585
32ori4,normal,0.7741043567657471
fu3yad,normal,0.7931954264640808
d70har,normal,0.7292903065681458
c58jfg,normal,0.6862000823020935
9i1r8i,normal,0.8117150068283081
2v8lx6,normal,0.7406820058822632
8x2fic,normal,0.7171991467475891
997zlf,normal,0.6799235939979553
6bxozx,normal,0.7071335315704346
58c5p8,normal,0.7207828760147095
5pywvh,normal,0.596099317073822
6sqi6v,normal,0.6355413794517517
5ot5yt,normal,0.6656947135925293
m6p8cf,normal,0.7509360313415527
lgx5qv,normal,0.7506634593009949
jaq600,normal,0.713317334651947
c2oykm,normal,0.7647747993469238
7wnquv,normal,0.7968271970748901
gdhxo2,normal,0.7027016878128052
9esh6g,normal,0.7918482422828674
ls9ctg,normal,0.7697778344154358
mvx8nz,normal,0.7930701375007629
l0qnjo,normal,0.7578412890434265
lvrgrm,normal,0.826695442199707
ljhfs6,normal,0.7468100190162659
dvt6uo,normal,0.7705937027931213
6v4ah8,normal,0.7668575048446655
j65x00,normal,0.7354682683944702
jti878,normal,0.7818324565887451
5i1px8,normal,0.7376646995544434
il9qay,normal,0.7344991564750671
