tweet_id,classification,classification_score
mqi321,normal,0.7829451560974121
mxdfev,normal,0.7966019511222839
av95zo,normal,0.6376558542251587
mj9pzu,normal,0.6578983068466187
muwq51,normal,0.7062148451805115
m1obiq,normal,0.7691336274147034
ltirpy,normal,0.727379322052002
lhcxv7,normal,0.79982590675354
mnl7v6,normal,0.6996204853057861
4vogtc,normal,0.750754714012146
lr7hz0,normal,0.8375014662742615
lqxu1o,normal,0.6897651553153992
k8ftg4,normal,0.7763516902923584
kyt1ea,normal,0.6678346991539001
kcxoxu,normal,0.804955005645752
l3vt57,normal,0.7922293543815613
1tfwxs,normal,0.8038948178291321
k92sr3,normal,0.8134911060333252
kphfcm,normal,0.8191905617713928
ks4l5v,normal,0.746025800704956
13j0wa,normal,0.76246178150177
jt0wip,normal,0.7455024719238281
jzraim,normal,0.7740666270256042
kx2nni,normal,0.7751066088676453
jwrnmr,normal,0.6490294933319092
jl0woz,normal,0.7062036395072937
j8dhtj,normal,0.7406277656555176
jnkmtv,normal,0.8240110874176025
jm3vgv,normal,0.6727394461631775
j8oe3m,normal,0.7620809674263
j3tosu,normal,0.7667087316513062
iprbuz,normal,0.797190248966217
lwu6ci,normal,0.7229242920875549
lyjk80,normal,0.8294932246208191
itvmax,normal,0.8116714954376221
lwtjfv,normal,0.7229242920875549
k550d8,normal,0.7696037292480469
ckdw12,normal,0.6960254907608032
k0ha98,normal,0.7923762798309326
4ur7hj,normal,0.7034319043159485
im4zrl,normal,0.7690584063529968
aseln6,normal,0.7735030055046082
fn3ehl,normal,0.7588319182395935
exytmd,normal,0.7442620396614075
b474cf,normal,0.7495447397232056
78kmd1,normal,0.7274652719497681
jjcxt0,normal,0.7936919927597046
m6y54o,normal,0.7675214409828186
iltj7g,normal,0.6853328347206116
gv2t74,normal,0.7382116913795471
m61rfz,normal,0.8172922134399414
gy3dw4,normal,0.7529711723327637
gqabi8,normal,0.8110260963439941
lb4blm,normal,0.7805969715118408
l9ktxm,normal,0.8325557112693787
l0w5t6,normal,0.757798433303833
k87m8q,normal,0.7586837410926819
jc6nk1,normal,0.7120035290718079
kzmv6w,normal,0.826705276966095
jm2bpv,normal,0.8058871626853943
jqkpbf,normal,0.7884678840637207
ljfyps,normal,0.7533555030822754
l1b0pi,normal,0.7033160924911499
l4zocd,normal,0.7266020178794861
k8c6q4,normal,0.7883199453353882
modgxt,normal,0.6887922883033752
mur017,normal,0.7446574568748474
mr9umu,normal,0.7454326152801514
mmwnb2,normal,0.6186973452568054
l7bphi,normal,0.8325601816177368
mknic9,normal,0.7342146635055542
kd821v,normal,0.7252691388130188
mvdnyl,normal,0.7677140831947327
modrh9,normal,0.7901318669319153
mktfqj,normal,0.6206644177436829
hgzsdl,normal,0.7847049832344055
mkw1q2,normal,0.7046246528625488
m7bmks,normal,0.6968210935592651
cto8vk,normal,0.6256967186927795
ezfpxn,normal,0.7885754704475403
evax94,normal,0.7745822668075562
a81ejt,normal,0.7195492386817932
2zlkp1,normal,0.7772073745727539
a2lvuf,normal,0.628264307975769
4sursc,normal,0.6762894988059998
3ryjv1,normal,0.7556103467941284
4qnzci,normal,0.7284674048423767
2e3a09,normal,0.6822619438171387
19ubb3,normal,0.7940617203712463
mmiayh,normal,0.8188701868057251
mf1phz,normal,0.7752970457077026
mb4w78,normal,0.6691039204597473
lvgvfy,normal,0.7320067882537842
l4k8qd,normal,0.8253887891769409
kthfsa,normal,0.7633336782455444
kr1ipf,normal,0.7599899768829346
k836or,normal,0.7799972295761108
jmvft6,normal,0.8074945211410522
jcyzkl,normal,0.673518180847168
j715od,normal,0.8119552135467529
j5at5g,normal,0.7667625546455383
ixav4m,normal,0.7252250909805298
iw2l15,normal,0.7744575142860413
iuwwpe,normal,0.7324812412261963
l247qs,normal,0.7267322540283203
gw1u3q,normal,0.743613600730896
gx7d0u,normal,0.6509711146354675
eoxjby,normal,0.7707210183143616
2dnc8j,normal,0.6980749368667603
mgmdgo,normal,0.7726156711578369
m5m9sm,normal,0.8030367493629456
l71wxz,normal,0.7394473552703857
kmtmy8,normal,0.7546136379241943
ktxlu3,normal,0.6872704029083252
lfjyvr,normal,0.7119030952453613
hzyl3a,normal,0.7678085565567017
i80mj1,normal,0.7822075486183167
lfpx5m,normal,0.6369033455848694
mitj6m,normal,0.7819852828979492
ip182y,normal,0.8089541792869568
j6lh4k,normal,0.7621291279792786
ma1fd6,normal,0.742766261100769
mk2fhj,normal,0.822831392288208
kghxar,normal,0.7887485027313232
g2l06p,normal,0.8226965069770813
d85nkk,normal,0.7035648822784424
e1s4uu,normal,0.7537879943847656
mkx4uy,normal,0.8078056573867798
mmuzk1,normal,0.7974316477775574
mbmxnb,normal,0.7748937010765076
72543t,normal,0.8019605875015259
g2w417,normal,0.6945315599441528
ax4mcl,normal,0.7050076723098755
3yaibl,normal,0.729104220867157
18wf34,normal,0.7521523237228394
3sbstm,normal,0.771254301071167
43j50a,normal,0.7655121088027954
4lsm5e,normal,0.7286459803581238
51kt5b,normal,0.7534485459327698
3pr0nd,normal,0.793042004108429
12i8tv,normal,0.7642948627471924
49os7p,normal,0.790812611579895
12vdl2,normal,0.7707368731498718
3gub09,normal,0.7392616868019104
3q51du,normal,0.7508012652397156
3rtk8e,normal,0.7170715928077698
155kup,normal,0.6942445635795593
1a3ags,normal,0.8052258491516113
12luld,normal,0.7268480658531189
32fdyt,normal,0.7466421723365784
13w384,normal,0.7320307493209839
126h77,normal,0.7737745642662048
12zevo,normal,0.7349091172218323
km2oyl,normal,0.8277931213378906
lyd9es,normal,0.7330013513565063
fy186f,normal,0.7783084511756897
lh3khe,normal,0.7791212797164917
mrh24v,normal,0.7110278010368347
mpdtcf,normal,0.8153152465820312
hlci11,normal,0.7645794749259949
lajowy,normal,0.7709553837776184
mdxmov,normal,0.7604311108589172
k8glvs,normal,0.7514359354972839
lt1tbz,normal,0.7924330234527588
mhnwdf,normal,0.8135300874710083
mw2mad,normal,0.8191799521446228
ml1yv7,normal,0.7960020303726196
mfaod5,normal,0.659162700176239
lk68pi,normal,0.7187880873680115
ms6qan,normal,0.6209404468536377
mmk50p,normal,0.6593274474143982
md7fcc,normal,0.7210741639137268
kgagpu,normal,0.7607808709144592
mfwtzq,normal,0.7849090695381165
mp619z,normal,0.7765642404556274
8dqhj6,normal,0.802959144115448
km0ew4,normal,0.7182157635688782
iovfzf,normal,0.7328000664710999
mf06bz,normal,0.7660315036773682
fc6d4z,normal,0.7305592894554138
51mr7c,normal,0.5720125436782837
lk7tbw,normal,0.6975502371788025
m20fjm,normal,0.7114098072052002
ms6x7n,normal,0.7579910159111023
j1oaxh,normal,0.7429366111755371
l9gujz,normal,0.7792441844940186
mraz1y,normal,0.8060066103935242
mkrmax,normal,0.7249797582626343
l6old1,normal,0.7286766171455383
mqtwu3,normal,0.6914210915565491
mijzig,normal,0.657429039478302
msszx9,normal,0.7965614199638367
m0u4gw,normal,0.7658450603485107
mwylkw,normal,0.7704626321792603
mim20z,normal,0.7330923676490784
mkx2su,normal,0.8086692690849304
mssjhr,normal,0.7128446698188782
ka6neo,normal,0.8335418105125427
mutold,normal,0.7240735292434692
m2d2sb,normal,0.793064296245575
iv5t0z,normal,0.8239197731018066
hup3ab,normal,0.794244647026062
hve7g5,normal,0.7930834889411926
islvrv,normal,0.841601550579071
mwp52o,normal,0.7671214938163757
ldlj6a,normal,0.846981942653656
jg6lq2,normal,0.7963751554489136
mgsrmb,normal,0.7867342829704285
mjyxp8,normal,0.7276375889778137
mxolql,normal,0.758987307548523
imoohy,normal,0.5996053218841553
m8500s,normal,0.7706613540649414
kv1bq0,normal,0.7739620804786682
m70ks8,normal,0.7632826566696167
mgxpm4,normal,0.6640723943710327
lglfc3,normal,0.7882782816886902
mbjb3o,normal,0.6918995380401611
lk6627,normal,0.7147752642631531
mw6udo,normal,0.8278265595436096
kbz1ei,normal,0.653406023979187
kydma8,normal,0.7053377032279968
m3lteg,normal,0.6111063361167908
ms56f6,normal,0.7673681974411011
ealqf6,normal,0.7727575302124023
mpvsib,normal,0.6896314024925232
ckdrju,normal,0.8238022923469543
lx3tga,normal,0.7648892998695374
mrfpi2,normal,0.717868983745575
m5virs,normal,0.7632040977478027
mridka,normal,0.717868983745575
mo8z4l,normal,0.7404923439025879
mve6cs,normal,0.6903455257415771
labd9o,normal,0.7890099883079529
mxz002,normal,0.7920069098472595
mkfasw,normal,0.739656925201416
mucng8,normal,0.7795232534408569
ml3oc1,normal,0.7464340925216675
mkm97t,normal,0.7581204175949097
mmm5tu,normal,0.8262996077537537
m7r06b,normal,0.6737779378890991
m9xh2d,normal,0.761859118938446
mjgrxh,normal,0.6831120252609253
mvnccd,normal,0.7742058634757996
mr4dtt,normal,0.6627944707870483
dl0gpi,normal,0.7484294772148132
mndmqt,normal,0.7597440481185913
m6ko0b,normal,0.7784552574157715
m9q925,normal,0.7459878325462341
mhx7mm,normal,0.743830680847168
5iy46x,normal,0.7524717450141907
jvuml1,normal,0.505696713924408
