tweet_id,classification,classification_score
m1obiq,normal,0.7691336274147034
iprbuz,normal,0.797190248966217
ip36h4,normal,0.7585269808769226
hhzswp,normal,0.7458155155181885
33k6qd,normal,0.8233864307403564
lr7hz0,normal,0.8375014662742615
131s5t,normal,0.7834522128105164
iwo4m2,normal,0.7889926433563232
9fyqcy,normal,0.8061970472335815
3l44u4,normal,0.7718045115470886
78g3r4,normal,0.7128655910491943
8wxgux,normal,0.5558551549911499
2e72yb,normal,0.708203911781311
1caoma,normal,0.7258924841880798
2l4gpv,normal,0.7450342774391174
lb1upx,normal,0.5146498084068298
m6onl2,normal,0.7175456285476685
mvoayr,normal,0.823729395866394
ln0cee,normal,0.7891008257865906
ix1sup,normal,0.714038074016571
mcp2di,normal,0.7711585164070129
mk9lqa,normal,0.7361038327217102
ml1ax8,normal,0.7696109414100647
fljk5v,normal,0.6848788261413574
m15j0i,normal,0.6569210290908813
e8kj81,normal,0.7595376372337341
lmwka4,normal,0.7055749297142029
jy0eew,normal,0.8082883358001709
kbcso2,normal,0.749147891998291
jt884z,normal,0.8051391243934631
jjcxt0,normal,0.7936919927597046
m6y54o,normal,0.7675214409828186
iltj7g,normal,0.6853328347206116
gv2t74,normal,0.7382116913795471
m61rfz,normal,0.8172922134399414
gy3dw4,normal,0.7529711723327637
gqabi8,normal,0.8110260963439941
lb4blm,normal,0.7805969715118408
l9ktxm,normal,0.8325557112693787
l0w5t6,normal,0.757798433303833
k87m8q,normal,0.7586837410926819
jc6nk1,normal,0.7120035290718079
kzmv6w,normal,0.826705276966095
jm2bpv,normal,0.8058871626853943
jqkpbf,normal,0.7884678840637207
mkw1q2,normal,0.7046246528625488
m7bmks,normal,0.6968210935592651
cto8vk,normal,0.6256967186927795
ezfpxn,normal,0.7885754704475403
evax94,normal,0.7745822668075562
a81ejt,normal,0.7195492386817932
2zlkp1,normal,0.7772073745727539
a2lvuf,normal,0.628264307975769
4sursc,normal,0.6762894988059998
3ryjv1,normal,0.7556103467941284
4qnzci,normal,0.7284674048423767
2e3a09,normal,0.6822619438171387
19ubb3,normal,0.7940617203712463
mmiayh,normal,0.8188701868057251
mf1phz,normal,0.7752970457077026
mb4w78,normal,0.6691039204597473
lvgvfy,normal,0.7320067882537842
l4k8qd,normal,0.8253887891769409
kthfsa,normal,0.7633336782455444
kr1ipf,normal,0.7599899768829346
k836or,normal,0.7799972295761108
jmvft6,normal,0.8074945211410522
jcyzkl,normal,0.673518180847168
j715od,normal,0.8119552135467529
j5at5g,normal,0.7667625546455383
ixav4m,normal,0.7252250909805298
iw2l15,normal,0.7744575142860413
iuwwpe,normal,0.7324812412261963
i7xl5t,normal,0.7271134257316589
mpqoae,normal,0.704275906085968
mqkzuy,normal,0.7670841813087463
fc90dt,normal,0.7499392628669739
cb4vqg,normal,0.776011049747467
ff8qgt,normal,0.8267574906349182
kmtstb,normal,0.8057848811149597
ic29f2,normal,0.7988598346710205
4le1tn,normal,0.648231565952301
ineksd,normal,0.6594545841217041
1r8h4c,normal,0.8089659810066223
i7c5vs,normal,0.7740663290023804
6wtbbn,normal,0.8089421987533569
mgtdhk,normal,0.771360456943512
jisi8w,normal,0.791633665561676
jyqyqg,normal,0.6707785129547119
ioqu7b,normal,0.7799639701843262
jyvwwf,normal,0.8035380244255066
jfzq98,normal,0.6889358758926392
hxzmhj,normal,0.7981302738189697
j0n1jo,normal,0.8091099262237549
i56gnf,normal,0.6250086426734924
hohkjk,normal,0.5757706761360168
gus1au,normal,0.7747658491134644
i7uq5q,normal,0.7580592632293701
g9wwaa,normal,0.7963671088218689
gx7d0u,normal,0.6509711146354675
lkhmsb,normal,0.8270153999328613
mw5s5o,normal,0.8207917809486389
m3fdj7,normal,0.8066247701644897
mrf8pt,normal,0.8195507526397705
jqgbw3,normal,0.592719554901123
a2whh0,normal,0.7430984973907471
8bvqex,normal,0.48355451226234436
5mugk9,normal,0.8454828858375549
5exe5g,normal,0.5885183215141296
8buri5,normal,0.5919638276100159
5ka8y9,normal,0.8453200459480286
5rcmex,normal,0.8239697813987732
5q91dk,normal,0.6827929019927979
5wry2h,normal,0.6981648802757263
5wbl7o,normal,0.7927206754684448
5jkciz,normal,0.7707408666610718
5nfwz1,normal,0.6740925312042236
13s51k,normal,0.6857548356056213
17n2zk,normal,0.8109638094902039
5wopp9,normal,0.5926501154899597
657fog,normal,0.734369695186615
3t30g9,normal,0.8159445524215698
4h9oy6,normal,0.7302989959716797
13tzvm,normal,0.7626157999038696
hwmwen,normal,0.7625476717948914
61z14l,normal,0.7629135847091675
9bfwgb,normal,0.6935174465179443
81rftk,normal,0.8322572708129883
6ee6t1,normal,0.8292046189308167
3j975c,normal,0.7387375831604004
l2my57,normal,0.7110117077827454
kjidls,normal,0.5876970291137695
kvxdx5,normal,0.7730070352554321
mvhkil,normal,0.7610021233558655
kzbhik,normal,0.7918314337730408
img72q,normal,0.6766337156295776
lspz1j,normal,0.6653459668159485
mnmmww,normal,0.6771122217178345
hbekaf,normal,0.7110668420791626
g88h8n,normal,0.7835732698440552
i8hqal,normal,0.820016622543335
meyu6j,normal,0.7031698822975159
jbrcmw,normal,0.7544063925743103
l5dcrp,normal,0.7914222478866577
hgdyaf,normal,0.7582705616950989
kv1bq0,normal,0.7739620804786682
m70ks8,normal,0.7632826566696167
mgxpm4,normal,0.6640723943710327
lglfc3,normal,0.7882782816886902
mbjb3o,normal,0.6918995380401611
lk6627,normal,0.7147752642631531
mw6udo,normal,0.8278265595436096
kbz1ei,normal,0.653406023979187
kydma8,normal,0.7053377032279968
m3lteg,normal,0.6111063361167908
ms56f6,normal,0.7673681974411011
ealqf6,normal,0.7727575302124023
mpvsib,normal,0.6896314024925232
ckdrju,normal,0.8238022923469543
lx3tga,normal,0.7648892998695374
mwkbl4,normal,0.8040289282798767
k5jugg,normal,0.7993659973144531
jfnj8w,normal,0.7451223134994507
mwylkw,normal,0.7704626321792603
mhnwdf,normal,0.8135300874710083
lsbtv4,normal,0.7046590447425842
muyfby,normal,0.7631744742393494
luhndj,normal,0.8066051602363586
ddlgp3,normal,0.7341541647911072
ie1qrn,normal,0.7426860928535461
mxolql,normal,0.758987307548523
mit35g,normal,0.7470787167549133
moaq0t,normal,0.7681687474250793
m1ck8w,normal,0.689898669719696
mad6fz,normal,0.7969751358032227
jtijv0,normal,0.7585986256599426
lg0ouy,normal,0.6654307246208191
mhk3oj,normal,0.7483682632446289
9dhgw5,normal,0.6760081648826599
hyfgrt,normal,0.6523798108100891
j0d0o8,normal,0.7916339039802551
mrkvi5,normal,0.765032947063446
mxwyrd,normal,0.8398633003234863
j71gkk,normal,0.6021980047225952
l0ndzl,normal,0.6929441094398499
mgxmmv,normal,0.6517788767814636
mleuv8,normal,0.7823882699012756
m718zw,normal,0.8210139870643616
mkqgh0,normal,0.7759662866592407
mjxahg,normal,0.8479114174842834
mr5cc6,normal,0.7802587747573853
kxhv59,normal,0.7986669540405273
mwjmlz,normal,0.7551305294036865
mx2pye,normal,0.7819439172744751
mee48k,normal,0.7769669890403748
ljqftn,normal,0.8522776365280151
ahlv2u,normal,0.7681357860565186
llbiz8,normal,0.737571120262146
m6jget,normal,0.7817584872245789
m92z0n,normal,0.7896926403045654
hhvdcm,normal,0.7992244958877563
kv6btm,normal,0.7913389801979065
lp8o1s,normal,0.7914682626724243
mkqr92,normal,0.7838318347930908
mq3cc4,normal,0.731212854385376
mf477n,normal,0.7721830010414124
m00j3j,normal,0.8107970952987671
m9qqy1,normal,0.7583039999008179
jyts2z,normal,0.755406379699707
mvi76h,normal,0.7835032343864441
lj8kem,normal,0.7236654162406921
kspddw,normal,0.7337645888328552
jed2kp,normal,0.6384528279304504
mh7397,normal,0.7929046750068665
mtr5v8,normal,0.7824011445045471
ls9v6g,normal,0.7887066006660461
k1cdtl,normal,0.8249434232711792
kyw5p7,normal,0.7547096014022827
mp3hja,normal,0.6054229140281677
mulknd,normal,0.7554612159729004
m0znof,normal,0.7876714468002319
ltufqv,normal,0.6033679246902466
keeoct,normal,0.5859506726264954
mv4aqs,normal,0.6970007419586182
ljxed3,normal,0.7233476042747498
kxlbfg,normal,0.7767860889434814
mrjbeo,normal,0.6496744751930237
m5odjl,normal,0.6744478344917297
mfxql2,normal,0.8036556243896484
