tweet_id,classification,classification_score
mwb7bp,normal,0.7760082483291626
mq588w,normal,0.7653562426567078
mufc1d,normal,0.7845132946968079
mlu3vr,normal,0.7621774077415466
lpn6n0,normal,0.8209767937660217
mkpu4k,normal,0.7889564633369446
mc7io0,normal,0.7767747640609741
moappy,normal,0.7312539219856262
mnylyr,normal,0.7576655149459839
m3kihu,normal,0.7398830056190491
mj5mcm,normal,0.7078863382339478
mq22rm,normal,0.7887597680091858
mddvwn,normal,0.7980518937110901
mvjvjg,normal,0.7888871431350708
mv4qvc,normal,0.7525669932365417
mlakt2,normal,0.746114194393158
mjf8d1,normal,0.8327889442443848
mwt07s,normal,0.7970106601715088
kjx8uk,normal,0.6895709037780762
mjiq9l,normal,0.8051431775093079
m3oawa,normal,0.8037914037704468
mbmsx6,normal,0.719953715801239
kynshr,normal,0.7801499366760254
mn3ylh,normal,0.7974764108657837
muewi2,normal,0.7535601854324341
mlyygy,normal,0.8059771656990051
mccque,normal,0.7988082766532898
mfrznf,normal,0.7486926913261414
m9llf1,normal,0.8049640655517578
mcm4m3,normal,0.7591626048088074
mgta9n,normal,0.7252391576766968
mdg540,normal,0.7885398268699646
msdbo4,normal,0.7807703018188477
lcw0bs,normal,0.7706504464149475
m5wfbd,normal,0.744930624961853
kuwqa9,normal,0.7407882213592529
m80ioa,normal,0.700024425983429
mdtfdz,normal,0.7505427002906799
mfxs79,normal,0.7186959385871887
mj4h43,normal,0.740946888923645
m6fvpg,normal,0.7900193333625793
mix8lq,normal,0.6923701167106628
ltu7nx,normal,0.7565687298774719
mermu4,normal,0.8012027740478516
l7opod,normal,0.7988221049308777
lokpj7,normal,0.7827948927879333
lkcmu7,normal,0.7059330940246582
kd0041,normal,0.7329251170158386
mfl6gq,normal,0.7364273071289062
mbh40r,normal,0.7837480306625366
mq18q5,normal,0.7210532426834106
mbhriq,normal,0.739604651927948
lzfm7s,normal,0.7532814145088196
mx9cbx,normal,0.7740340828895569
lwstix,normal,0.7819375395774841
msgczo,normal,0.8047128915786743
m1al32,normal,0.774024486541748
m7de6y,normal,0.8190107345581055
l37rb0,normal,0.6496744751930237
kq4x8c,normal,0.8082835078239441
m6b53g,normal,0.8013021349906921
lwedmm,normal,0.7196235060691833
mp6sf0,normal,0.6186953186988831
ltcyph,normal,0.7310815453529358
lyeops,normal,0.7006243467330933
k2wa75,normal,0.8042082786560059
m8yg68,normal,0.8100034594535828
kxnkpy,normal,0.7929354310035706
kquzkc,normal,0.7144864201545715
kdkxnz,normal,0.7298792600631714
llwbu8,normal,0.7503550052642822
mn5y60,normal,0.7451558113098145
m1a26e,normal,0.8340814709663391
kt991i,normal,0.8031800389289856
m0vwu6,normal,0.7457993626594543
mkiptf,normal,0.6945797801017761
l7rmhs,normal,0.7646153569221497
moxshn,normal,0.7999959588050842
mf54nc,normal,0.7128089666366577
lvreeb,normal,0.7897728085517883
k9wqfa,normal,0.695543646812439
k9ujpf,normal,0.7946012616157532
lcstfh,normal,0.6698662638664246
mrq795,normal,0.7912132740020752
i3pl6k,normal,0.825973629951477
k6ayjs,normal,0.7510122060775757
kjpich,normal,0.7556350231170654
mqi1is,normal,0.7225962281227112
kr1mpc,normal,0.8205930590629578
max7xv,normal,0.7341189980506897
lxpgmu,normal,0.8183088898658752
kg0do1,normal,0.7581945061683655
ks0tpb,normal,0.7838917374610901
mehgss,normal,0.7836043834686279
loil0c,normal,0.7526626586914062
jquw2w,normal,0.790028989315033
lhtge3,normal,0.7047460079193115
k8ituq,normal,0.8102158308029175
mwxql5,normal,0.7916633486747742
mfynrx,normal,0.8126417994499207
mi9jsz,normal,0.550618588924408
kvn8gv,normal,0.6722248196601868
kstnf6,normal,0.7323822379112244
kfuka2,normal,0.7213250994682312
kjths5,normal,0.7312830686569214
lvm0dn,normal,0.6965024471282959
mhlg4h,normal,0.7299128770828247
li6abt,normal,0.7045730948448181
febjyc,normal,0.7399111390113831
lt53wu,normal,0.7979920506477356
kbypw3,normal,0.7695282101631165
gat2q4,normal,0.7390906810760498
m35trd,normal,0.5957264304161072
ldivkc,normal,0.7772819399833679
g3b5wf,normal,0.755592942237854
e2ri4d,normal,0.6710319519042969
f8z5em,normal,0.7598142623901367
kju6wu,normal,0.738105833530426
kadykf,normal,0.7066966891288757
gggvx2,normal,0.793566882610321
jjgip0,normal,0.7717321515083313
ikb91r,normal,0.785382866859436
jtiprl,normal,0.7600398659706116
j17oim,normal,0.6860500574111938
kftfuc,normal,0.6688122749328613
k874pk,normal,0.706864058971405
fe4xdc,normal,0.8051149845123291
f961w2,normal,0.8078680038452148
f9e4l3,normal,0.7202181220054626
icztat,normal,0.6646134853363037
j32fkf,normal,0.7660502195358276
7k5fa3,normal,0.7088619470596313
gdreo5,normal,0.7957834601402283
43by7h,normal,0.7075114250183105
eqhylf,normal,0.7991223335266113
hkdsot,normal,0.7630437612533569
3t7dig,normal,0.8092379570007324
a4evio,normal,0.7358079552650452
75v3lw,normal,0.6557326912879944
cl9exn,normal,0.6566037535667419
ery61s,normal,0.659365177154541
3fqnmc,normal,0.6612702012062073
g1jshv,normal,0.7488778233528137
gcl294,normal,0.7435904741287231
azluyc,normal,0.6785799860954285
3slgj0,normal,0.6884804368019104
91h6ck,normal,0.7961058616638184
32z84c,normal,0.717414140701294
mu6w5d,normal,0.767533004283905
me9b0j,normal,0.7682913541793823
kd2z1t,normal,0.7154478430747986
kwayo9,normal,0.6445799469947815
ge95rh,normal,0.687593400478363
kadpin,normal,0.7427127957344055
ipk4y7,normal,0.7798631191253662
jjnydv,normal,0.7668330669403076
jkc48d,normal,0.7614417672157288
e3waxm,normal,0.7961840629577637
excbb3,normal,0.8212199211120605
ib8bdt,normal,0.7108364701271057
lwc5ht,normal,0.812981367111206
ef611p,normal,0.7579900026321411
lvnas6,normal,0.7491954565048218
ib8amq,normal,0.6418712139129639
eacs5d,normal,0.8150222897529602
lcashx,normal,0.7092846632003784
fjomf6,normal,0.5872939229011536
epo6k5,normal,0.7349932193756104
lkhvio,normal,0.7462141513824463
eidv83,normal,0.6934294700622559
fnbqq5,normal,0.7768046259880066
f29uxg,normal,0.6990942358970642
gw0lp4,normal,0.7688717842102051
lq4o3d,normal,0.757225751876831
emzqui,normal,0.8797768950462341
kf9u3d,normal,0.7593122720718384
l0keun,normal,0.7032120823860168
cj8k60,normal,0.7287771105766296
dyqciz,normal,0.7525536417961121
kp1y90,normal,0.7652218341827393
cvh2yu,normal,0.7450879812240601
fn08kl,normal,0.8244553804397583
cvesot,normal,0.7003316283226013
e5lbbq,normal,0.798056960105896
3yyy77,normal,0.830366313457489
juil6s,normal,0.7224277853965759
kbpo9k,normal,0.7705398797988892
k60k9j,normal,0.7400735020637512
2vyzhe,normal,0.7433885335922241
edpu75,normal,0.762420654296875
jibp7x,normal,0.7832376956939697
jkla3x,normal,0.6563554406166077
c2zn4u,normal,0.6247982978820801
hm3amj,normal,0.6858651041984558
dx0pvj,normal,0.7639768719673157
aye3ld,normal,0.7215981483459473
k3z1sr,normal,0.6773406267166138
e04szn,normal,0.7130506038665771
lnyk2j,normal,0.7313704490661621
jl8ufv,normal,0.734441876411438
ikoy2j,normal,0.7588796019554138
khbjy9,normal,0.6660568714141846
mhgys8,normal,0.7142574787139893
i9mqb4,normal,0.7446156144142151
8bokl5,normal,0.6218720078468323
k782bq,normal,0.7802179455757141
b0w757,normal,0.8062301874160767
lhek0z,normal,0.7165061831474304
l3x39b,normal,0.7413582801818848
ldu496,normal,0.7257044911384583
k1fxtn,normal,0.7747073769569397
9gpb0b,normal,0.7692291736602783
khci5w,normal,0.634708046913147
jjg0cm,normal,0.7718872427940369
2b3ppb,normal,0.8114925622940063
isak7l,normal,0.725954532623291
fc6fri,normal,0.7576088905334473
3pitmg,normal,0.70624178647995
giqve5,normal,0.5502235889434814
335er0,normal,0.750800371170044
34tomz,normal,0.7818426489830017
3uu4du,normal,0.7872809767723083
gx1jq,normal,0.8071618676185608
2i5mma,normal,0.7375438809394836
2zck5s,normal,0.7754101753234863
1uba16,normal,0.746809184551239
daffm,normal,0.8106209635734558
ei9bj5,normal,0.6652607321739197
7d2f5q,normal,0.7221761345863342
fl8fx1,normal,0.7268697023391724
gyjwk8,normal,0.6585450768470764
3xid32,normal,0.7887505888938904
7qbqui,normal,0.7182167768478394
f8tdhn,normal,0.431306391954422
f1w54b,normal,0.7323502898216248
gc0lv9,normal,0.655448853969574
eim3cf,normal,0.6731529831886292
c96a4a,normal,0.7181487083435059
ekb6vc,normal,0.6373980641365051
eocdm9,normal,0.750898540019989
e31jut,normal,0.6135243773460388
5wepgl,normal,0.770858108997345
4h0gao,normal,0.7441540956497192
b3m8m1,normal,0.6624755263328552
esvcil,normal,0.6503493785858154
7t2b0n,normal,0.5922155380249023
5ktc63,normal,0.7659367918968201
kr1d59,normal,0.7333277463912964
kozz8n,normal,0.6551980376243591
8i1nh8,normal,0.798754096031189
jyk6ih,normal,0.7542100548744202
k9b0ie,normal,0.7766364216804504
knyukc,normal,0.7841222882270813
1jjr5q,normal,0.802510678768158
e6j7vh,normal,0.7505881786346436
g0x09e,normal,0.7680556178092957
hluyqx,normal,0.7017194628715515
eg1x2e,normal,0.7249296307563782
2oc9tr,normal,0.7634713649749756
gzj0bq,normal,0.7158406972885132
fi98xj,normal,0.7051970362663269
fxij3i,normal,0.6853395104408264
gbp38c,normal,0.731879711151123
et1o5w,normal,0.8036524057388306
7yw5mi,normal,0.7761980891227722
e4o2d6,normal,0.7392758131027222
dz5yok,normal,0.7404295802116394
89f3xw,normal,0.7337090373039246
a14026,normal,0.7072445750236511
7nqc4j,normal,0.7051310539245605
7ku76t,normal,0.7403949499130249
4kjwnu,normal,0.7626137733459473
931b3k,normal,0.7552955150604248
4rh951,normal,0.6853665709495544
9t7t2a,normal,0.8130934238433838
7kzi4j,normal,0.7493343353271484
6u6wc7,normal,0.7521255016326904
4wuqv4,normal,0.5753579139709473
5nj4ux,normal,0.7278661131858826
3jry93,normal,0.7641580700874329
69lime,normal,0.5923083424568176
57grer,normal,0.7079240083694458
5gsjsr,normal,0.8001610040664673
512ayi,normal,0.7567073106765747
7mfdvg,normal,0.7645554542541504
3y5qp3,normal,0.8299660086631775
3pqctd,normal,0.8134943246841431
2wjdij,normal,0.6682600975036621
12k1e4,normal,0.7662503123283386
mr5ljn,normal,0.7974516749382019
mqd6pk,normal,0.7008505463600159
mnzikh,normal,0.6297399997711182
mcc4ib,normal,0.7262080907821655
lmamf8,normal,0.7169560790061951
lkokpt,normal,0.5699401497840881
lg04f3,normal,0.8046712875366211
muhlke,normal,0.8179149031639099
bh2ed8,normal,0.7143740653991699
bl50qa,normal,0.6068471670150757
4kdb0j,normal,0.7589924931526184
9ab4nc,normal,0.792540431022644
b1n0q0,normal,0.757337749004364
e5hyeb,normal,0.6520437598228455
e03rs5,normal,0.697113037109375
jverfs,normal,0.7912040948867798
kf5fqp,normal,0.7577905654907227
ikkuf4,normal,0.6212170720100403
b9edb9,normal,0.7550483345985413
cy6t62,normal,0.8095760345458984
dn4b1i,normal,0.7813907265663147
3wzb20,normal,0.7979487776756287
erqxaj,normal,0.7330582141876221
3xk7fe,normal,0.7469911575317383
3xfifw,normal,0.6518929600715637
1ngo38,normal,0.7416366338729858
1ro9sb,normal,0.7861464023590088
fdoel,normal,0.7214760184288025
asuli8,normal,0.7582378387451172
8vrmcc,normal,0.7602499723434448
24hakr,normal,0.7999337315559387
54mjxf,normal,0.7848833203315735
6yqfjc,normal,0.7821469902992249
nycxg,normal,0.7259616255760193
3187lu,normal,0.8240756988525391
kmdbb,normal,0.754200279712677
102e4e,normal,0.8257127404212952
zqzt1,normal,0.7919643521308899
lzwh2s,normal,0.7658246159553528
l8q75y,normal,0.7645523548126221
lli4sa,normal,0.8492560386657715
ln334y,normal,0.6557326912879944
jbfm0h,normal,0.7448075413703918
jguqo3,normal,0.6793884634971619
marpa2,normal,0.7181404829025269
j6nusy,normal,0.7456444501876831
iyc7wv,normal,0.7364201545715332
lzjnbg,normal,0.7552091479301453
idcicp,normal,0.747109055519104
fewp34,normal,0.6496190428733826
eyelx9,normal,0.7511252760887146
ecm1zz,normal,0.7378088235855103
cuh6e4,normal,0.770534336566925
lcts1e,normal,0.6912354826927185
7tggu5,normal,0.7042652368545532
lhqx87,normal,0.7489702105522156
jvepo6,normal,0.7922254800796509
eg87po,normal,0.7674824595451355
f3wf5e,normal,0.7604926824569702
8eocxa,normal,0.8018236756324768
kphjen,normal,0.7562420964241028
95cb4d,normal,0.7002443671226501
kg6hk7,normal,0.5803552865982056
kqzw4k,normal,0.6847878098487854
jsnlq3,normal,0.7312169671058655
57tum4,normal,0.7332241535186768
a1p2kd,normal,0.8139612078666687
ix6k84,normal,0.6303742527961731
3mnd57,normal,0.7881506681442261
ilzefc,normal,0.774451494216919
8bdq9t,normal,0.7654457688331604
k868oy,normal,0.6711930632591248
jp6zhk,normal,0.7628351449966431
jf1sbm,normal,0.6021885871887207
6db7v8,normal,0.6420655846595764
4mz1ga,normal,0.7651796340942383
f62c61,normal,0.7355680465698242
50d90b,normal,0.7568891644477844
k3zl2k,normal,0.7993982434272766
j4ic2z,normal,0.6752482056617737
jqqhbn,normal,0.7764602899551392
6pt4a6,normal,0.7650708556175232
h0htq2,normal,0.8201385736465454
jhmnhi,normal,0.5804542303085327
3v4rxf,normal,0.7211295962333679
ibfpkv,normal,0.8019161224365234
hbdaij,normal,0.7164144515991211
khl8uh,normal,0.7490128874778748
iajm4s,normal,0.7289626002311707
elcawa,normal,0.747046709060669
muxag3,normal,0.7745506763458252
e6j0zh,normal,0.8184565901756287
mgta62,normal,0.6336258053779602
dsl068,normal,0.6212531924247742
fils0t,normal,0.74582439661026
e7f3i4,normal,0.6989660859107971
f5j2ox,normal,0.7633106708526611
e65coz,normal,0.7447050213813782
5s6dqn,normal,0.49121296405792236
ejr141,normal,0.7057154178619385
jiald9,normal,0.7269676327705383
kyng5q,normal,0.6870468854904175
l1ihop,normal,0.6886155009269714
d06p02,normal,0.8177579045295715
aseqk4,normal,0.6422960758209229
lfc5o9,normal,0.7818871736526489
fl1wkc,normal,0.7761611342430115
dm0xlw,normal,0.7451478838920593
ltgj9q,normal,0.7574952244758606
lfpb8n,normal,0.6953251361846924
cp9w3r,normal,0.792580783367157
kzoo4l,normal,0.6746264100074768
e04fed,normal,0.8093280792236328
krvj60,normal,0.6368100643157959
k6zk5f,normal,0.6145995855331421
kh7dyo,normal,0.7210114002227783
kkgh86,normal,0.7080086469650269
bhst08,normal,0.7139931917190552
kfbkw2,normal,0.49170687794685364
jkr5ov,normal,0.6436991691589355
jyvk52,normal,0.756010115146637
eoha6a,normal,0.7422694563865662
ccf9dm,normal,0.758593738079071
gsllbj,normal,0.750182569026947
itesqy,normal,0.7519997954368591
gd4jgf,normal,0.7936254739761353
ej2yft,normal,0.6844049692153931
f0j1be,normal,0.7889530658721924
9qi3l4,normal,0.6401726007461548
i1gnxm,normal,0.7632493376731873
dm08r3,normal,0.7638809680938721
bczu3z,normal,0.7443697452545166
czy6ly,normal,0.8147720694541931
ihy80q,normal,0.7112404108047485
e0hsl7,normal,0.7957504987716675
cj0yrl,normal,0.7413836717605591
c9rxxy,normal,0.6035451292991638
eyjise,normal,0.7600075006484985
en3yzd,normal,0.7643191814422607
dovdeb,normal,0.6688918471336365
ej1jyr,normal,0.7081755995750427
hjm37r,normal,0.68541020154953
gb9v3w,normal,0.8216853141784668
e15fcy,normal,0.7492883801460266
gzwf3m,normal,0.7351509928703308
c0efwo,normal,0.7823589444160461
g9fdgt,normal,0.8474775552749634
eemgb3,normal,0.7609416246414185
eddm79,normal,0.7363144159317017
efkk8p,normal,0.5190191864967346
chdkix,normal,0.7727745771408081
beqbyk,normal,0.7552118897438049
cev1sg,normal,0.7926741242408752
cxirwa,normal,0.7371569275856018
d06brl,normal,0.6734098792076111
aroc5s,normal,0.7198927402496338
hn56qu,normal,0.7385985255241394
hxi0pe,normal,0.7735353112220764
7gjusn,normal,0.7898642420768738
6ou493,normal,0.7049641609191895
7jea8r,normal,0.7881391048431396
5r3aqs,normal,0.7854912877082825
m2m40x,normal,0.7443513870239258
lmj2n7,normal,0.7319902181625366
mge44b,normal,0.8060417175292969
m4q0jm,normal,0.7169647216796875
ma91wz,normal,0.7403505444526672
mh0uf7,normal,0.7226783037185669
cv6vlz,normal,0.8083410263061523
7tmcdw,normal,0.7119624018669128
c5i6nx,normal,0.7113990187644958
kydp7z,normal,0.6828681230545044
kfmcfv,normal,0.7053138017654419
kdk9dc,normal,0.7885187268257141
84129z,normal,0.6809682250022888
kf0kb7,normal,0.7806175351142883
iedncw,normal,0.7550821900367737
e3zbfs,normal,0.5588101744651794
k4eupr,normal,0.7768373489379883
jyz8vg,normal,0.7602717876434326
k01rgf,normal,0.7034129500389099
jt62zo,normal,0.5467076897621155
k3bf40,normal,0.7900740504264832
kgqmm2,normal,0.6961327791213989
io9kyk,normal,0.7552300691604614
gpvkyr,normal,0.7277551293373108
hxwui1,normal,0.758822500705719
iiwis3,normal,0.7602717876434326
kaiw39,normal,0.7168828248977661
gtugfb,normal,0.7352728843688965
ilxldg,normal,0.7680943608283997
i33r9v,normal,0.7544312477111816
4fhafx,normal,0.8315114378929138
5v2rpi,normal,0.7416625618934631
5ftsva,normal,0.661381721496582
go584q,normal,0.7461937069892883
gyndx9,normal,0.8121165633201599
4hm7vq,normal,0.738810658454895
gml8ir,normal,0.7496141791343689
g0v0t4,normal,0.7108542323112488
g3u7dn,normal,0.7252010703086853
geksqf,normal,0.7640194296836853
esrj8a,normal,0.75395667552948
mr79fy,normal,0.7898783087730408
m09win,normal,0.751190185546875
lwrs7d,normal,0.7632696032524109
lqzami,normal,0.7026277780532837
lg44ek,normal,0.70091712474823
l034m2,normal,0.7494555711746216
kvym36,normal,0.7953680753707886
ksj59z,normal,0.7657833695411682
kq1efp,normal,0.7826574444770813
km7baq,normal,0.7623802423477173
kdxlag,normal,0.7086004018783569
kbxwsn,normal,0.7374347448348999
k80wmo,normal,0.7895302772521973
k82pv5,normal,0.6325138807296753
k7k77y,normal,0.6761323809623718
k7jgpd,normal,0.8230986595153809
k4f8l5,normal,0.7976075410842896
k4aw8u,normal,0.5705069899559021
jyvf42,normal,0.7515064477920532
jz0inn,normal,0.5959821343421936
jwjl5n,normal,0.6501457691192627
jw4hvv,normal,0.7005209922790527
juzrb5,normal,0.8012194037437439
jtuzqs,normal,0.733592689037323
jp7ccs,normal,0.5830303430557251
jg0dpn,normal,0.8017584681510925
jdfai4,normal,0.7589406371116638
j8ird0,normal,0.7712054252624512
j3gmbx,normal,0.7220515608787537
i8ph0x,normal,0.7626247406005859
i05h86,normal,0.7691495418548584
hyaj8u,normal,0.7009996771812439
hlmaqk,normal,0.7393652200698853
hls3q9,normal,0.6459867358207703
hjzj3o,normal,0.766417384147644
hecl7q,normal,0.7205367088317871
hfdkiy,normal,0.6726251244544983
hcgj1d,normal,0.7156776189804077
hawskq,normal,0.7120810747146606
gxad9y,normal,0.8266637325286865
gmcfo7,normal,0.8192340731620789
gls6di,normal,0.8049831986427307
gl30l9,normal,0.7492778301239014
ges1kp,normal,0.6989437341690063
g9w5an,normal,0.727271556854248
fy0mue,normal,0.8253690600395203
ftklz7,offensive,0.4126473367214203
fs5ven,normal,0.756638765335083
fi9eoe,normal,0.7891438007354736
ib2as9,normal,0.7111165523529053
fots0q,normal,0.7767753005027771
eg3buu,normal,0.5139737129211426
e03mgo,normal,0.7904165387153625
ecgwvl,normal,0.6905483603477478
aw6c6z,normal,0.8183950185775757
dqryi1,normal,0.6965687870979309
dz8ytw,normal,0.7390255928039551
6ei1k8,normal,0.7282063961029053
86brvb,normal,0.7097538709640503
9sjv64,normal,0.8353275656700134
63fvsq,normal,0.7942003607749939
6ioras,normal,0.798892080783844
61iap9,normal,0.7923875451087952
6vf3qp,normal,0.7196347713470459
5k4z8p,normal,0.711207389831543
4q9v2p,normal,0.7159895896911621
4tpwp9,normal,0.757940948009491
4ezvjy,normal,0.6777403950691223
mif4vz,normal,0.7979325652122498
k4a6j2,normal,0.7542302012443542
cw7a7n,normal,0.6317224502563477
k64p99,normal,0.7933638691902161
jzpeqp,normal,0.7685924172401428
jvqi1t,normal,0.7537543177604675
k52y43,normal,0.8194529414176941
isxjkd,normal,0.7496756911277771
jj5gpg,normal,0.782804548740387
4w5jzt,normal,0.7748000621795654
hdsi1f,normal,0.6984379291534424
ekxkrh,normal,0.6572762727737427
3xuc1y,normal,0.7105771899223328
hdxisa,normal,0.6678836345672607
fey546,normal,0.7304213047027588
dbnvt8,normal,0.7672982811927795
eddxbb,normal,0.7037949562072754
ebjbal,normal,0.7843505144119263
ds2pun,normal,0.697433590888977
czr5dg,normal,0.7652637958526611
d3d3yq,normal,0.7399239540100098
a97z2f,normal,0.80704265832901
cwngm4,normal,0.7067168951034546
du98u4,normal,0.7067168951034546
baqgim,normal,0.7052711844444275
cxkudc,normal,0.7811869382858276
ej3nox,normal,0.7604414224624634
e7hcsv,normal,0.7406426668167114
d6mfxm,normal,0.5759382247924805
fewgp8,normal,0.7225078344345093
mkwymd,normal,0.7243869304656982
lcjezb,normal,0.7613295912742615
jjuqk0,normal,0.7637786865234375
hgmnuz,normal,0.7071287631988525
jxvjny,normal,0.5940929055213928
fhawgp,normal,0.6955878138542175
dxiai3,normal,0.6299373507499695
fe28wj,normal,0.6665059328079224
h07lzu,normal,0.6899252533912659
c04inj,normal,0.8159421682357788
8tzet0,normal,0.7707427144050598
dw1x4h,normal,0.6798596382141113
6obykd,normal,0.6770691871643066
fe92gm,normal,0.6711107492446899
dbex03,normal,0.7550927996635437
e9743l,normal,0.7515564560890198
8u61d8,normal,0.7286694049835205
dz6pzc,normal,0.7166513204574585
dyha3c,normal,0.7091986536979675
6nkr9k,normal,0.7306931614875793
9wewoo,normal,0.774647057056427
c6o6bz,normal,0.6765989661216736
ely1zp,normal,0.7527940273284912
56gxd0,normal,0.806384265422821
9fno6u,normal,0.7737972736358643
5fg46u,normal,0.7495594620704651
5b5utv,normal,0.7668260335922241
7dw5tp,normal,0.7760441303253174
59idt8,normal,0.6895942091941833
3x1b88,normal,0.7704501748085022
5vs394,normal,0.7733761072158813
5ndheu,normal,0.7767646312713623
61e89u,normal,0.6913487911224365
580n0v,normal,0.7399505972862244
4srszl,normal,0.7343118786811829
3q562b,normal,0.775644838809967
40wq8h,normal,0.7839358448982239
3zto0v,normal,0.4803270399570465
3vnxt8,normal,0.7351580262184143
la16ey,normal,0.8029127717018127
l80yl5,normal,0.7827293872833252
l3lwpg,normal,0.7736660242080688
kfzpbm,normal,0.7495735287666321
9b39no,normal,0.7930394411087036
imcxrz,normal,0.5855635404586792
k3ggyi,normal,0.7111669778823853
jtmq59,normal,0.801048755645752
hqn4yv,normal,0.7746216654777527
gdpnsg,normal,0.6425716280937195
e54hgc,normal,0.7026228904724121
dq7g72,normal,0.7802866101264954
bmsl7k,normal,0.6541568040847778
def1fe,normal,0.5926110744476318
8gs4y2,normal,0.7813898921012878
bvrd70,normal,0.7915846705436707
eb481h,normal,0.7812674045562744
bbjh1s,normal,0.7634972333908081
e3ht42,normal,0.7325695753097534
cu0aes,normal,0.7926937937736511
az9gfd,normal,0.8068233728408813
e9whrl,normal,0.7590710520744324
bu65r9,normal,0.7491939663887024
b6o03z,normal,0.824201226234436
cd384m,normal,0.7862123250961304
8nx9j4,normal,0.7155217528343201
awpr3b,normal,0.8090052604675293
eajfh4,normal,0.5309754014015198
7kwdq5,normal,0.739230751991272
6dy129,normal,0.7581628561019897
a3g6ln,normal,0.7894241809844971
80toll,normal,0.8300474286079407
86c2b5,normal,0.790729284286499
6ox9fl,normal,0.767818033695221
8r3b6v,normal,0.6557780504226685
8hegla,normal,0.6455230116844177
dlb7xo,normal,0.7492825984954834
7uujqg,normal,0.713591456413269
8m8ehi,normal,0.6420776844024658
7sg9o6,normal,0.7807942628860474
8903a9,normal,0.8136209845542908
85mvrh,normal,0.7174553871154785
8l5m2x,normal,0.7243682742118835
6t1y1n,normal,0.7384134531021118
6yj5co,normal,0.6948793530464172
cde9ni,normal,0.5966388583183289
dohm00,normal,0.6443191766738892
kk6ryo,normal,0.6791221499443054
j5vnao,normal,0.7730490565299988
6qdwia,normal,0.8035473227500916
hklbla,normal,0.7823768854141235
kg14fl,normal,0.7407644987106323
ecx9r4,normal,0.5579388737678528
a9pa19,normal,0.7359824180603027
9nuw3r,normal,0.7368738651275635
8wm5ba,normal,0.7647076845169067
am7vio,normal,0.7858116030693054
ct5naw,normal,0.65067058801651
cwmcnu,normal,0.7967779040336609
boffnz,normal,0.7925927042961121
7mos6s,normal,0.8148608207702637
7q61zc,normal,0.8011332154273987
98aaq5,normal,0.7743644118309021
797ted,normal,0.7855452299118042
96yw5s,normal,0.62452632188797
cw7x0i,normal,0.7487404942512512
5b5y1i,normal,0.7479334473609924
923bhd,normal,0.7858208417892456
mqys2s,normal,0.6763808727264404
mtavsb,normal,0.7992019653320312
l4rh64,normal,0.75678551197052
m5tq0c,normal,0.7283796668052673
k7nxpk,normal,0.738917350769043
ldc0wu,normal,0.7859827876091003
kkttvu,normal,0.7873630523681641
jq0p3d,normal,0.7221474051475525
kc6253,normal,0.7971843481063843
khjlu8,normal,0.744575560092926
kd3kpo,normal,0.6858448386192322
k8255w,normal,0.7783597111701965
k1x1rk,normal,0.7576464414596558
jn70xk,normal,0.7384960055351257
jpp560,normal,0.783635139465332
jj0e9y,normal,0.7856862545013428
jy37qy,normal,0.7884221076965332
llu73a,normal,0.6785590648651123
js4rgd,normal,0.819346010684967
ejly3b,normal,0.8053048253059387
kvcyzv,normal,0.8022143840789795
k7160l,normal,0.7352469563484192
gyfp3m,normal,0.7219936847686768
ecspg7,normal,0.7405416369438171
dsuebq,normal,0.7765886187553406
kt8grj,normal,0.7989062666893005
m71pq1,normal,0.7222912907600403
lwesn7,normal,0.7658966779708862
lqoey5,normal,0.5845190286636353
e1urm0,normal,0.6557278037071228
eruug7,normal,0.7663639187812805
g54mrk,normal,0.7088044285774231
bg63xj,normal,0.8012624382972717
lhawno,normal,0.6119058132171631
gggylh,normal,0.766671895980835
kay0ld,normal,0.753015398979187
bgny54,normal,0.7708100080490112
f8nv9e,normal,0.635628879070282
e0c1x7,normal,0.7415249943733215
dm38z7,normal,0.8262970447540283
kw92ve,normal,0.7583750486373901
e08ryy,normal,0.7947059869766235
dn7kfi,normal,0.730072557926178
gdqe26,normal,0.7862716317176819
l78s2g,normal,0.7610539793968201
kgpm4t,normal,0.7640314698219299
g8fynh,normal,0.7242954969406128
gpm7ey,normal,0.6360846161842346
hofdn7,normal,0.8038760423660278
axmqqz,normal,0.7923257946968079
mdpo31,normal,0.8267256617546082
mdjl6h,normal,0.8266812562942505
lnf7q7,normal,0.7890955805778503
lx7248,normal,0.6940733194351196
m3y30y,normal,0.7039179801940918
hbhsy5,normal,0.7913594841957092
kr16b9,normal,0.8045465350151062
j01qnb,normal,0.8015305399894714
ihmqoq,normal,0.8093425035476685
hgjy3a,normal,0.7927274107933044
kg2r8v,normal,0.7077934145927429
kzyixh,normal,0.824343204498291
h0fxcg,normal,0.8295796513557434
hgb0yy,normal,0.7978351712226868
l0teac,normal,0.7890458703041077
kr195u,normal,0.7710763812065125
jqo2v5,normal,0.61170494556427
k45slm,normal,0.8172489404678345
ke2p0v,normal,0.8078244924545288
didkcc,normal,0.8240551948547363
hr5wvr,normal,0.7921846508979797
ef4j62,normal,0.7699916958808899
k98d7t,normal,0.7625945806503296
cwdeo6,normal,0.7806108593940735
ct7mkn,normal,0.78444904088974
c087b6,normal,0.7724885940551758
f9p7qy,normal,0.7626606822013855
dhshjc,normal,0.8161652684211731
b493xz,normal,0.7980239987373352
cglj54,normal,0.7990017533302307
cei2iz,normal,0.7656106948852539
ede9ng,normal,0.7802994847297668
c2qcz2,normal,0.7612685561180115
hy9w2j,normal,0.7009996771812439
cksoap,normal,0.7813451290130615
armldd,normal,0.7259605526924133
cw628p,normal,0.7807237505912781
cqfmvr,normal,0.8007829189300537
i44mdz,normal,0.8367920517921448
fnaatd,normal,0.680181622505188
f4alpu,normal,0.8108733892440796
h9l3u0,normal,0.8016309142112732
epkbhi,normal,0.8200232982635498
efze8t,normal,0.8013976812362671
dve7wh,normal,0.7819465398788452
f302gg,normal,0.6781774759292603
g0pbn7,normal,0.6796248555183411
evhvmy,normal,0.7103751301765442
frwe8j,normal,0.817354679107666
ej6wdb,normal,0.8149574398994446
kqo01c,normal,0.7194254994392395
l5mmfu,normal,0.7876142263412476
li4qp3,normal,0.8182041645050049
k7mnj7,normal,0.7422299385070801
ku4upr,normal,0.7722325325012207
iq9wrb,normal,0.8014862537384033
i0thn8,normal,0.746188759803772
kb2m0r,normal,0.746658980846405
eazeo1,normal,0.6523926854133606
f4uwfl,normal,0.7526007294654846
j677ve,normal,0.8267465233802795
g9pq83,normal,0.7851060628890991
hq7csy,normal,0.6826323866844177
ecmtot,normal,0.7442159652709961
e0xr5o,normal,0.6952571868896484
5z9km3,normal,0.8283798694610596
b0o4fh,normal,0.8432838320732117
c8qnya,normal,0.7946876883506775
c4qtxh,normal,0.7418680191040039
d61x0x,normal,0.7215031981468201
9qwhci,normal,0.5604223608970642
4tp19d,normal,0.8148137331008911
9xhk66,normal,0.720189094543457
cblj74,normal,0.7535555958747864
55uaqh,normal,0.7922627329826355
8m80ty,normal,0.5936828255653381
73v53p,normal,0.7701319456100464
70prnr,normal,0.6292006969451904
75kpov,normal,0.7361008524894714
6ms8vj,normal,0.6744612455368042
5feceo,normal,0.81427001953125
5061ji,normal,0.7949556112289429
6p09s3,normal,0.7967314124107361
6nbffs,normal,0.8178787231445312
4t4t5p,normal,0.8434997797012329
kxfp4e,normal,0.8109858632087708
k1h3rf,normal,0.7918873429298401
klyp0k,normal,0.7696940898895264
fczkz2,normal,0.6261031031608582
j044g4,normal,0.8195635080337524
eyj4ze,normal,0.8349851369857788
kq8uzu,normal,0.8140537142753601
jfdw8s,normal,0.7642718553543091
mlmn5g,normal,0.8097819089889526
ksuzjx,normal,0.8233205080032349
kross6,normal,0.771408200263977
kqri6v,normal,0.6984874606132507
khsjpq,normal,0.7874684929847717
kcr7sa,normal,0.7724162340164185
hqmkux,normal,0.8049073815345764
gvuue8,normal,0.8103646039962769
grrojf,normal,0.7920862436294556
ftcism,normal,0.49507710337638855
fmz5mi,normal,0.7483193278312683
fapvmt,normal,0.7578824758529663
etrvc3,normal,0.6926555633544922
eped05,normal,0.8083302974700928
dkpeap,normal,0.6636896133422852
defpqs,normal,0.8298011422157288
caabp6,normal,0.80562824010849
brd6yr,normal,0.7480465769767761
bgorso,normal,0.7221547961235046
9g66q6,normal,0.77020663022995
96by88,normal,0.7443081736564636
901rop,normal,0.7882143259048462
8vwupv,normal,0.6563383340835571
8toy9w,normal,0.8195837140083313
8ijvq8,normal,0.7671785950660706
84ec2m,normal,0.78000807762146
7kwpha,normal,0.7120339870452881
7cwrhv,normal,0.8009050488471985
65mau3,normal,0.7762055397033691
65h5gs,normal,0.6932545900344849
5zb6hy,normal,0.7836721539497375
5hfa6d,normal,0.6530837416648865
l3pal5,normal,0.7931525707244873
6asbjt,normal,0.7945998311042786
huxbuu,normal,0.46563202142715454
dcx093,normal,0.8049579858779907
l2rtox,normal,0.7559555768966675
aknxnl,normal,0.7775530815124512
igm3i8,normal,0.6658484935760498
f53mqe,normal,0.7307795882225037
gceis6,normal,0.8138359785079956
k9dope,normal,0.7725148797035217
69yd2i,normal,0.6856036186218262
8kh2f0,normal,0.79339200258255
7gv8fb,normal,0.7922059297561646
6ocrrk,normal,0.7829717397689819
kcx90m,normal,0.798869252204895
kh56p4,normal,0.7383092045783997
mmg5te,normal,0.7874400019645691
kfossf,normal,0.7804333567619324
kwrfnm,normal,0.8275429606437683
ltv9hq,normal,0.8032791018486023
j4cl4c,normal,0.782374918460846
ljbgqs,normal,0.8067432045936584
ln3frn,normal,0.7872229814529419
l91bbi,normal,0.7376514673233032
fskced,normal,0.7336460947990417
f4a83r,normal,0.7563549280166626
jv0oos,normal,0.7958062291145325
jyhhsw,normal,0.7382209300994873
km9wko,normal,0.7784596085548401
g8kevq,normal,0.7705183029174805
hnrbv1,normal,0.7664400339126587
8jzd3p,normal,0.7620100975036621
fk7t02,normal,0.8193480372428894
eeyfex,normal,0.816310703754425
8v8p8o,normal,0.7768915295600891
eldrh4,normal,0.5085471272468567
hliyau,normal,0.8006654977798462
fo882d,normal,0.637356162071228
erwndk,normal,0.8193480372428894
fb3k4v,normal,0.7921532392501831
eivuwu,normal,0.8140846490859985
fw1qdv,normal,0.7260684967041016
bo73r2,normal,0.7814022898674011
f910b4,normal,0.6486798524856567
g0lfzq,normal,0.7281649112701416
e1zzcn,normal,0.8193480372428894
atbkw7,normal,0.8340498208999634
4snmcd,normal,0.8115981817245483
503tyd,normal,0.74803227186203
dvgpi8,normal,0.44510120153427124
9mgxhi,normal,0.7402412295341492
echmb4,normal,0.7508510947227478
dayyya,normal,0.7979882955551147
9hjs2v,normal,0.7583087086677551
7srico,normal,0.7788985967636108
a1289z,normal,0.7740738987922668
7jvd0n,normal,0.7915968894958496
ahdfkd,normal,0.8144338726997375
loor6n,normal,0.7686533331871033
lrklok,normal,0.6964827179908752
lgpv1i,normal,0.7531170845031738
l0dzvz,normal,0.7670587301254272
k8hwq6,normal,0.7953293323516846
g6o4ff,normal,0.7502120137214661
eqj6vj,normal,0.6507452130317688
ftwbdi,normal,0.7244212031364441
el7se6,normal,0.7849475741386414
fzq02v,normal,0.7403382658958435
f0w7a6,normal,0.7723680734634399
ckhg6i,normal,0.7430670261383057
99hqgz,normal,0.7816047072410583
858i24,normal,0.7397658824920654
7t7ty3,normal,0.775721549987793
70tjf3,normal,0.6136425733566284
5n61sb,normal,0.6188981533050537
l0wss6,normal,0.7918684482574463
j29ul7,normal,0.8063789010047913
gukca3,normal,0.8318513631820679
j5o7pg,normal,0.7953051328659058
jdr7y7,normal,0.7604793310165405
ehu4wp,normal,0.7551788687705994
gzces1,normal,0.7376865148544312
gfwu1m,normal,0.7632909417152405
ai3377,normal,0.702735424041748
7pbo70,normal,0.8207146525382996
bx2fb5,normal,0.7106834053993225
92gsdg,normal,0.8204845786094666
9rfg42,normal,0.7870885133743286
9j7dx9,normal,0.7698997855186462
7isjl2,normal,0.8111274838447571
67ynzn,normal,0.8253287076950073
5k7tpq,normal,0.8004888296127319
ji1ufj,normal,0.8185982704162598
7tnuc8,normal,0.8181002140045166
l9rb2t,normal,0.8223627805709839
jmg3lm,normal,0.7882591485977173
mp03ej,normal,0.7395878434181213
mstg68,normal,0.8074883818626404
itep08,normal,0.7756768465042114
jqtsg4,normal,0.7138153314590454
g8kwls,normal,0.8059404492378235
l8dhbq,normal,0.7914278507232666
mayid1,normal,0.778455376625061
ee7uon,normal,0.7906248569488525
fbkhmi,normal,0.7497829794883728
kccb10,normal,0.7781726717948914
e6swgj,normal,0.8295153379440308
e7rtb8,normal,0.8217581510543823
jl37p1,normal,0.8139629364013672
de9ade,normal,0.8382272124290466
kv2zmj,normal,0.8295398354530334
kgvcn0,normal,0.7626608610153198
dnf175,normal,0.7788514494895935
8ot35c,normal,0.7872100472450256
hb5nd7,normal,0.7812888026237488
jxcn00,normal,0.7837821841239929
93rg5y,normal,0.809781014919281
5z1gv8,normal,0.6958783864974976
glb3r8,normal,0.6733777523040771
5jjsuo,normal,0.7534972429275513
i98dhv,normal,0.8262105584144592
fwcxin,normal,0.6597294807434082
gmnguo,normal,0.8261271119117737
g30id3,normal,0.7933703064918518
gke9kh,normal,0.7484265565872192
ezmgoo,normal,0.789857804775238
eelk4i,normal,0.833242654800415
bnbayt,normal,0.8123226165771484
hf5z73,normal,0.8224063515663147
bl0lch,normal,0.763851523399353
ehjmim,normal,0.7849269509315491
ckah7d,normal,0.7063531875610352
dxwpwl,normal,0.7709690928459167
e26rx1,normal,0.8082180023193359
agc1rr,normal,0.7751761078834534
eng149,normal,0.8252254724502563
c7xf60,normal,0.76388019323349
eo38of,normal,0.7421934008598328
fiu0no,normal,0.658656656742096
fl3kte,normal,0.7388065457344055
8dajxb,normal,0.7967382669448853
8mmdyb,normal,0.7544505000114441
j0tn2h,normal,0.7887908816337585
l1m8ce,normal,0.7718073129653931
3kexto,normal,0.593938946723938
1kfk4j,normal,0.7474318742752075
ckq13,normal,0.7698764204978943
ckcl3,normal,0.7607381939888
139dsy,normal,0.7054405212402344
mchrwb,normal,0.812533974647522
mjbbqb,normal,0.684934139251709
mbleeb,normal,0.7508304715156555
m0r9yo,normal,0.7293407320976257
lvaxj2,normal,0.6700583100318909
lhqm9t,normal,0.7330874800682068
mrm0sm,normal,0.6125949621200562
m47x7b,normal,0.8162552118301392
mqtwu3,normal,0.6914210915565491
mttq1q,normal,0.7454975843429565
mwf720,normal,0.8228044509887695
mbtdmc,normal,0.7665948867797852
mp2x43,normal,0.7905471920967102
mrosx7,normal,0.8006495237350464
mi3p7f,normal,0.7997410893440247
mephcr,normal,0.7735294699668884
lviyqa,normal,0.8022007346153259
mpd3o7,normal,0.7164987921714783
lj1cfb,normal,0.7240574359893799
mwekxy,normal,0.7725691199302673
mstw8p,normal,0.7534384727478027
m5jtfy,normal,0.801792323589325
koynje,normal,0.7427213191986084
mgee5k,normal,0.6698710918426514
mijbc7,normal,0.770584225654602
m556h1,normal,0.7224927544593811
kas9z6,normal,0.6147128939628601
lqrxl7,normal,0.7743385434150696
mxbkfv,normal,0.7547930479049683
lzfg8t,normal,0.7411006093025208
me7mcd,normal,0.7309579849243164
iikebv,normal,0.6639204621315002
mubc25,normal,0.7541854977607727
lg3xg8,normal,0.8099564909934998
mka53w,normal,0.824356734752655
mk78n2,normal,0.4917321503162384
l72d1n,normal,0.7986996173858643
mf1wau,normal,0.7719063758850098
mjmp8o,normal,0.7991761565208435
mevbb9,normal,0.7574746608734131
mokddr,normal,0.7562524080276489
l5ta2n,normal,0.800880491733551
mq9gj6,normal,0.7791063785552979
luz74x,normal,0.7899385690689087
m1gawy,normal,0.7171258926391602
ljtl46,normal,0.7523946166038513
kysbx8,normal,0.7791813611984253
mpluim,normal,0.8302710652351379
laopl0,normal,0.7346368432044983
lrhn9o,normal,0.73581862449646
l0ndzl,normal,0.6929441094398499
mmuot6,normal,0.7811020612716675
mw9dq6,normal,0.6291323304176331
mqxse5,normal,0.7063034176826477
l40prq,normal,0.8109920024871826
l2uye8,normal,0.7070888876914978
lq550t,normal,0.7954995036125183
mru7r2,normal,0.7919089198112488
msq34i,normal,0.7288130521774292
lc1h7p,normal,0.6570113897323608
kwvp7o,normal,0.7907933592796326
mwsk15,normal,0.6291323304176331
l74485,normal,0.8086156249046326
lfcb6y,normal,0.734843373298645
mh5buw,normal,0.7393120527267456
ms0tov,normal,0.7543835043907166
m61nth,normal,0.809634268283844
mcd7i9,normal,0.7598483562469482
mt33qo,normal,0.8002978563308716
kww0p9,normal,0.8047757148742676
mohd1i,normal,0.7215004563331604
mlomud,normal,0.8119754791259766
m6r4gp,normal,0.8068476915359497
mqvwob,normal,0.6729651689529419
ly5v62,normal,0.7584035992622375
kez0j2,normal,0.8293136954307556
l01xli,normal,0.7542425394058228
luq9z3,normal,0.7778883576393127
mc4r0f,normal,0.7442960143089294
m4nwet,normal,0.6766465902328491
hrsjcx,normal,0.7659581899642944
mrkbw4,normal,0.6756272912025452
mr7vfk,normal,0.7520043253898621
lya9mo,normal,0.7466123104095459
m0nmdv,normal,0.6496744751930237
mfthu9,normal,0.6379347443580627
ltdse2,normal,0.7305948138237
mfgg9p,normal,0.7520207762718201
lcn9t9,normal,0.7885946035385132
lwd1u9,normal,0.7813995480537415
msoh4l,normal,0.8191654682159424
j62p3a,normal,0.7960430979728699
knujjz,normal,0.7613628506660461
jnpbsb,normal,0.7940876483917236
l9es9b,normal,0.736651599407196
muoaqt,normal,0.7689017057418823
lkv3gs,normal,0.6095224618911743
mhlur1,normal,0.7996729612350464
msgeun,normal,0.5667787194252014
ks6wac,normal,0.7739946842193604
cvsv1x,normal,0.8298156261444092
kpdxsl,normal,0.7714046835899353
m97o5p,normal,0.7236365079879761
mcn7jr,normal,0.7975021600723267
mgv44i,normal,0.6729599237442017
mmndbl,normal,0.8310156464576721
i7ezfk,normal,0.7986794710159302
m2g1n4,normal,0.7401142716407776
jnnd8n,normal,0.7889384627342224
msjtkg,normal,0.7900723814964294
joqcfx,normal,0.8120917081832886
gjc20e,normal,0.7260420322418213
l4ifs4,normal,0.8043922781944275
igk3hp,normal,0.704453706741333
m4ixo8,normal,0.7688539028167725
f0nu0x,normal,0.7674931287765503
j4rb8p,normal,0.7769274115562439
m3tz4m,normal,0.7345353960990906
moffeb,normal,0.8102067708969116
i3rhm0,normal,0.7149406671524048
iguh06,normal,0.7606592774391174
d023c6,normal,0.6460652351379395
f1da7d,normal,0.7459903955459595
eyt5sz,normal,0.7295818328857422
luvggo,normal,0.795360267162323
mn0nh1,normal,0.7478987574577332
hzxn0d,normal,0.6762894988059998
mtdu0e,normal,0.7202652096748352
mvjry8,normal,0.7903681993484497
mgpwvq,normal,0.8377884030342102
d6ivfs,normal,0.8097098469734192
lolx5c,normal,0.7815377116203308
km5rjt,normal,0.786379873752594
fhr7u9,normal,0.7808574438095093
m4djmo,normal,0.8001118302345276
dm20eo,normal,0.7844793200492859
mdpbzy,normal,0.7052062153816223
lxsgoj,normal,0.8119111657142639
ka6neo,normal,0.8335418105125427
kwzlfk,normal,0.7999840974807739
inmxoz,normal,0.7772303819656372
lbc49w,normal,0.7937516570091248
mbdcpy,normal,0.7979314923286438
j22j6z,normal,0.8095237612724304
lkdiqx,normal,0.7728002071380615
jgs0dn,normal,0.7704287767410278
m471cz,normal,0.7305014729499817
lknk7n,normal,0.8060671091079712
fxa59w,normal,0.7598896026611328
m9a5bg,normal,0.7851907014846802
mc29v8,normal,0.8252748847007751
mcg7bo,normal,0.835807204246521
ilkfyh,normal,0.7721083164215088
grrao1,normal,0.8280422687530518
ena50q,normal,0.8038683533668518
meyu6j,normal,0.7031698822975159
litb89,normal,0.818221926689148
mpk86q,normal,0.8048607110977173
m6gw72,normal,0.8231626152992249
mrapca,normal,0.7368889451026917
fcg7hf,normal,0.7998316884040833
h7qrpv,normal,0.8029149174690247
jw1ztc,normal,0.6918854117393494
e2bran,normal,0.7939284443855286
mgu4d3,normal,0.7621843814849854
lwtzwd,normal,0.7919470071792603
g8r1i5,normal,0.7832736372947693
elx6dz,normal,0.6696144938468933
ml0pve,normal,0.7083649635314941
m5d7y1,normal,0.8086458444595337
a3wpsr,normal,0.7415503859519958
g0px78,normal,0.7949858903884888
i2fbi0,normal,0.7996469736099243
b8ownq,normal,0.8382999897003174
kbcwe5,normal,0.7288416624069214
fj1lme,normal,0.7339885234832764
juy7z4,normal,0.7776870727539062
hy7jte,normal,0.7990493774414062
dm9xzf,normal,0.8225587606430054
luzhcm,normal,0.7267495393753052
ipmgs1,normal,0.8152029514312744
mi99hr,normal,0.7597411870956421
j2a2qh,normal,0.764701783657074
jtdspd,normal,0.7570855617523193
bodsyp,normal,0.7921546697616577
kdynxy,normal,0.7504754066467285
7viovy,normal,0.7955336570739746
187201,normal,0.7274987101554871
g6fbfv,normal,0.737009584903717
dvvx0h,normal,0.7601763606071472
ghy0ex,normal,0.7528939843177795
ewsqbo,normal,0.7557483911514282
gt9kia,normal,0.6416175365447998
d614g,normal,0.6870442628860474
fcw44l,normal,0.6905980110168457
fsedqb,normal,0.496693879365921
fzjic5,normal,0.8035322427749634
6jpda5,normal,0.741563081741333
d7o3fp,normal,0.801256000995636
88ugj9,normal,0.7398990988731384
1971wr,normal,0.7410827875137329
3hgh3n,normal,0.7341217994689941
bp1cru,normal,0.7337157726287842
akga5v,normal,0.6800525188446045
dqfc06,normal,0.7333903908729553
88jju7,normal,0.8077880144119263
9wky1d,normal,0.7876419425010681
4kyso7,normal,0.5998976826667786
8wpktj,normal,0.750529944896698
19c1pl,normal,0.7031593322753906
aessie,normal,0.7444282174110413
45ta52,normal,0.6897779107093811
8vjvf9,normal,0.7162613272666931
6yphgu,normal,0.722182035446167
3ez5cz,normal,0.6821495294570923
5zaf4a,normal,0.6560733914375305
6lfi2g,normal,0.7851700782775879
6j4k3q,normal,0.47784438729286194
2j27b1,normal,0.6248549818992615
59dqeu,normal,0.6433785557746887
5eciws,normal,0.8216149806976318
1or121,normal,0.7157287001609802
15ryrm,normal,0.5895125865936279
4wswmx,normal,0.7778019905090332
29bu91,normal,0.6640545725822449
49hwot,normal,0.7928150296211243
4y62vr,normal,0.6961758732795715
41092a,normal,0.747062087059021
4vuaug,normal,0.8064473867416382
3c65mn,normal,0.4824830889701843
48ctwg,normal,0.5896999835968018
4vmk1o,normal,0.7115410566329956
5s72xy,normal,0.728499710559845
l6mngx,normal,0.7775723338127136
jx5u3f,normal,0.8415147662162781
mv44n5,normal,0.746378481388092
euvm3z,normal,0.8316247463226318
lwzexy,normal,0.696570634841919
4vm7zh,normal,0.7804163694381714
2y2ny8,normal,0.7002032399177551
m0e7ia,normal,0.7156464457511902
lhwedz,normal,0.7421010732650757
jhl3gk,normal,0.7663223147392273
k93dd0,normal,0.6424357295036316
74ecec,normal,0.7030506730079651
2ebr9x,normal,0.790158212184906
h129hc,normal,0.635887086391449
jcp6zi,normal,0.7806238532066345
i66gxb,normal,0.7851570248603821
k63v65,normal,0.7055824398994446
jajbu0,normal,0.7541770935058594
2mrhcn,normal,0.6723418235778809
k8fcln,normal,0.8181692361831665
2nsy1b,normal,0.7840821743011475
kjps8j,normal,0.7829645276069641
2low75,normal,0.5247265696525574
f35ivs,normal,0.6811385750770569
502zrj,normal,0.7772010564804077
kc8r79,normal,0.7680513858795166
2pzltd,normal,0.7987819314002991
4bs3ej,normal,0.7898873686790466
3bqb4i,normal,0.8210263848304749
4cu2ec,normal,0.6966736912727356
2w82a7,normal,0.6196827292442322
jlxweo,normal,0.7499881386756897
2egqkm,normal,0.7350530624389648
3etkjx,normal,0.8365197777748108
2apwae,normal,0.7715039849281311
gyok9q,normal,0.768264651298523
c6f14e,normal,0.7267016768455505
9kx4fn,normal,0.6520398259162903
eiiv9x,normal,0.774564266204834
e7d1y,normal,0.7681904435157776
hus5kt,normal,0.7384412288665771
bu14fv,normal,0.7586227059364319
extklr,normal,0.7955087423324585
blp9u,normal,0.7509746551513672
idcxk4,normal,0.7764011025428772
6meoa4,normal,0.7969805002212524
drpihh,normal,0.745876133441925
ez92cg,normal,0.8186672925949097
d6yszh,normal,0.7222520709037781
mny06j,normal,0.751514732837677
f7o9g1,normal,0.7839548587799072
lin7hu,normal,0.7446675896644592
ltxy93,normal,0.7022345662117004
lqa24v,normal,0.78899747133255
kulitf,normal,0.7470778822898865
lp31ms,normal,0.7646291255950928
byfop8,normal,0.8079208731651306
j9a5za,normal,0.7667814493179321
lo1xzl,normal,0.7635995149612427
k7jh0y,normal,0.7635497450828552
iomcqc,normal,0.7650203108787537
lcg4dj,normal,0.7352020740509033
ak43oo,normal,0.666972279548645
ju7zdc,normal,0.7636260390281677
jmbic3,normal,0.8295227289199829
dt0h5f,normal,0.7177595496177673
dhlm03,normal,0.7925997972488403
hi9gak,normal,0.6970635056495667
ib72tq,normal,0.7682300209999084
hzknst,normal,0.7821798920631409
548ncd,normal,0.8049439787864685
87e6q8,normal,0.7345834970474243
7smosn,normal,0.7889101505279541
6wavpu,normal,0.7705585956573486
1rip2o,normal,0.7248465418815613
7037z1,normal,0.752535343170166
hfhbcj,normal,0.6909084320068359
gikh9b,normal,0.73113614320755
e9pzxk,normal,0.7893442511558533
f92rak,normal,0.7307300567626953
61eaka,normal,0.7527521252632141
3za7jj,normal,0.7729739546775818
1r0zuw,normal,0.7272863388061523
dpj6bu,normal,0.7942622303962708
ceg4ik,normal,0.7669346928596497
gmy768,normal,0.5956925749778748
a0eslw,normal,0.717487096786499
93gzln,normal,0.7567822337150574
clcf1s,normal,0.7905175685882568
83730l,normal,0.6597628593444824
1xk7xl,normal,0.8041666746139526
2mww52,normal,0.6539616584777832
2hn1jo,normal,0.7891490459442139
qiuom,normal,0.7869293093681335
ffa9xb,normal,0.8122177124023438
8ta5qy,normal,0.7445548176765442
vuj2s,normal,0.6288567781448364
dd8ud9,normal,0.7825740575790405
eym1vg,normal,0.6890784502029419
mnmd0l,normal,0.7526817321777344
m1s4av,normal,0.7756727337837219
mru1hc,normal,0.8036597967147827
mtr5v8,normal,0.7824011445045471
mtssnb,normal,0.782920241355896
mp6x9a,normal,0.7838439345359802
msx0mo,normal,0.8006969094276428
m25gzp,normal,0.6974330544471741
mohsoa,normal,0.6338594555854797
m3br4l,normal,0.8324220776557922
mfxclk,normal,0.7334326505661011
movb3b,normal,0.7434548735618591
mi4ef2,normal,0.7787447571754456
mm8xz5,normal,0.7651147842407227
lyfnfa,normal,0.751171350479126
jmx3zq,normal,0.7862036824226379
mqel0h,normal,0.5609001517295837
msta2s,normal,0.7597814798355103
mtmu4a,normal,0.790587306022644
mlwilk,normal,0.762916624546051
mprr1w,normal,0.7168556451797485
l2yngr,normal,0.8055405616760254
mvndpz,normal,0.8365820050239563
mwg511,normal,0.6897380948066711
mf2r9n,normal,0.790187656879425
mi8v76,normal,0.7757969498634338
m8d03n,normal,0.7074112296104431
m8wi31,normal,0.8021166920661926
mlq5dc,normal,0.8019496202468872
mir43l,normal,0.7853301763534546
m0o9zy,normal,0.8347052931785583
m71uhm,normal,0.8082994222640991
midblg,normal,0.6320441961288452
mr4zy9,normal,0.8100873827934265
lody5t,normal,0.8103673458099365
moda2l,normal,0.8115585446357727
modkzl,normal,0.811606764793396
m4xrw5,normal,0.8244151473045349
lf3q2i,normal,0.7696309089660645
lttizc,normal,0.8285940885543823
kygd9h,normal,0.8235348463058472
mlmjor,normal,0.7910093665122986
m4h9sh,normal,0.818912148475647
lkwcu6,normal,0.798443615436554
l6zt46,normal,0.7821657061576843
llsf51,normal,0.7839747071266174
mqmyiw,normal,0.740813672542572
mvtazw,normal,0.7041345238685608
leygeu,normal,0.5266958475112915
kiifud,normal,0.7716344594955444
lgbc70,normal,0.7865854501724243
k85n4o,normal,0.7311918139457703
lglt0f,normal,0.7438713312149048
llcwou,offensive,0.40695035457611084
leqryv,normal,0.8023421764373779
lf1j1b,normal,0.6596508622169495
lwxx6j,normal,0.8054593205451965
iil209,normal,0.7643172144889832
i5ozhj,normal,0.7617366909980774
lwjy7k,normal,0.7488526105880737
mrktkw,normal,0.6749497652053833
mooq4m,normal,0.5462016463279724
ltyi7k,normal,0.813909649848938
lru41y,normal,0.798689067363739
imc561,normal,0.7689682245254517
ghdkl5,normal,0.7644226551055908
lzgbuo,normal,0.7453945279121399
gud2gu,normal,0.7303850650787354
l68a3h,normal,0.7334389686584473
fuauh2,normal,0.7248630523681641
k2kl32,normal,0.7712434530258179
mjh2za,normal,0.6382679343223572
iabtcq,normal,0.7482325434684753
jiq4yb,normal,0.7744455933570862
i4fd4x,normal,0.6627926826477051
kyp6ru,normal,0.7023369073867798
feeucz,normal,0.6399030089378357
jd72xl,normal,0.7693060040473938
ksglqw,normal,0.7725061178207397
k7czta,normal,0.5387617945671082
kw5ihf,normal,0.7697598934173584
k7fz19,normal,0.7594650983810425
ir7tlv,normal,0.7764973044395447
ineai6,normal,0.6646672487258911
ijnpl2,normal,0.7450685501098633
mce5h2,normal,0.6614886522293091
jz60xv,normal,0.7524088025093079
jcvsrc,normal,0.7424287796020508
meibzg,normal,0.7145082354545593
i19w8i,normal,0.7742745876312256
jq24oa,normal,0.7678290009498596
m9fu68,normal,0.7743299603462219
ea9mbz,normal,0.7855285406112671
l6l7nx,normal,0.7778465747833252
fdoyzd,normal,0.7105650305747986
mtspy8,offensive,0.48640745878219604
jut0ej,normal,0.6880120038986206
mrob1t,normal,0.728453516960144
l2d6cj,normal,0.7401614785194397
kbj1k2,normal,0.7305747866630554
kr4aff,normal,0.7501260042190552
jhxbqk,normal,0.7745058536529541
mo6n6d,normal,0.81393963098526
jcazfe,normal,0.7703714966773987
fymre6,normal,0.8093807697296143
ltruhm,normal,0.788608193397522
kbvhuq,normal,0.7803059220314026
lo9bc3,normal,0.7452271580696106
jhhrw4,normal,0.777516782283783
krheal,normal,0.7654749751091003
gtprd1,normal,0.7661682963371277
knu657,normal,0.3868044316768646
itfqfs,normal,0.7469004392623901
hr19hi,normal,0.7725973129272461
kgh1jf,normal,0.734978437423706
es33p8,normal,0.49432167410850525
ebe1vf,normal,0.7540571093559265
er4bkg,normal,0.7533363103866577
k2wcu1,normal,0.7988895773887634
jh6gfr,normal,0.8215328454971313
kkppy6,normal,0.6983537673950195
g3ihpq,normal,0.6633305549621582
jfsteh,normal,0.5788988471031189
jsgtyk,normal,0.7748095393180847
k3ztaa,normal,0.7280163168907166
ehp6gu,normal,0.6813985705375671
eq5xft,normal,0.7529655694961548
jk19dn,normal,0.79457688331604
c59b1d,normal,0.7059593200683594
jbnt8c,normal,0.6544285416603088
k6k1gb,normal,0.7839350700378418
gog5rn,normal,0.7096261382102966
jlqjqc,normal,0.7393152713775635
jq87io,normal,0.7609966993331909
iqci1l,normal,0.679534912109375
dvbm0x,normal,0.7058345079421997
elno13,normal,0.6678124666213989
gwcre2,normal,0.6912888288497925
iv37tl,normal,0.6612547636032104
i9802v,normal,0.7868391275405884
a7c36,normal,0.7970724701881409
cg8vtc,normal,0.7225704789161682
d4adcu,normal,0.763755738735199
7wp18r,normal,0.5816968679428101
8yxdn9,normal,0.5782803893089294
8erw7a,normal,0.8083004951477051
drqhb,normal,0.7042911052703857
3nhkbv,normal,0.49060532450675964
2x1qbv,normal,0.5766220092773438
mq470b,normal,0.7774956226348877
lkl7gv,normal,0.6244547963142395
leunaa,normal,0.7189964652061462
mbcqn3,normal,0.7856095433235168
jihgbg,normal,0.7672883868217468
kgrsns,normal,0.7209324240684509
mb2ggz,normal,0.7022300362586975
j9d1v9,normal,0.8068353533744812
mjxczp,normal,0.6835713982582092
lpi0ay,normal,0.7189964652061462
i5f9dn,normal,0.7779819369316101
i5kaem,normal,0.7128114104270935
jv5rt6,normal,0.7265949249267578
kpo0aj,normal,0.7308080792427063
mptkwe,normal,0.8344221115112305
k1nqnr,normal,0.7344402074813843
g6oq6t,normal,0.5811317563056946
j5jgkj,normal,0.7843834757804871
gojf15,normal,0.6928706169128418
k7mg04,normal,0.8050662279129028
kn8q9j,normal,0.7083073854446411
iypfgx,normal,0.8064082860946655
hj3plp,normal,0.8161259889602661
jnrd2n,normal,0.7862857580184937
lhh3rl,normal,0.7621279358863831
k1o8ei,normal,0.7694194316864014
le644s,normal,0.8058800101280212
iidg1x,normal,0.7786887288093567
jws1by,normal,0.6468396782875061
g8f0a7,normal,0.7454126477241516
moj5pu,normal,0.7422159314155579
e55l12,normal,0.7368879318237305
m7hqzs,normal,0.7530447244644165
ck9s51,normal,0.76328045129776
k040pb,normal,0.7220459580421448
ki973g,normal,0.7784065008163452
fv3uik,normal,0.7698436975479126
d2aumk,normal,0.6880064010620117
gktltx,normal,0.7692721486091614
le3k02,normal,0.7362645864486694
j7eaie,normal,0.815564751625061
kl27ne,normal,0.793208658695221
lxhz2o,normal,0.7024136185646057
9f2rdf,normal,0.8038541674613953
h9wdac,normal,0.7704852819442749
iuum1m,normal,0.7779200077056885
gxu5ki,normal,0.6938015222549438
fl3scm,normal,0.6760023236274719
g2mxjf,normal,0.7144713997840881
ajz9pu,normal,0.8051052689552307
2s4278,normal,0.7895171046257019
2qfpdb,normal,0.7443327903747559
4byaoi,normal,0.6696625351905823
4h68ct,normal,0.704054594039917
dtm8t,normal,0.4851864278316498
lvyc6,normal,0.7204533815383911
khil13,normal,0.7758246660232544
kvy2h4,normal,0.7209327816963196
ltiyr9,normal,0.8053909540176392
j68hqv,normal,0.7929455041885376
lnycnx,normal,0.7434602379798889
hnjuu2,normal,0.7478954195976257
mcyxs9,normal,0.7935634255409241
jbkjja,normal,0.7045539021492004
k9wxuw,normal,0.6789303421974182
k93o2a,normal,0.7948243021965027
kmi8jm,normal,0.6719566583633423
im74g6,normal,0.767811119556427
ku588l,normal,0.696190595626831
hgt3j9,normal,0.8254716396331787
fsib45,normal,0.690295398235321
ftz68k,normal,0.6560198664665222
1xcpi3,normal,0.7428925633430481
66xhfw,normal,0.673337459564209
fkqsg4,normal,0.6596917510032654
hf45o,normal,0.8181777000427246
imf65v,normal,0.6975017189979553
k38boh,normal,0.7832942008972168
dygmnl,normal,0.7439530491828918
jpukto,normal,0.7500396370887756
jwsql,normal,0.7710967659950256
d0htr,normal,0.7523250579833984
diuleg,normal,0.6601042747497559
dfiv7i,normal,0.7327401041984558
hznigg,normal,0.7184613943099976
aec1cs,normal,0.7854454517364502
dk9sat,normal,0.7516958117485046
63nejw,normal,0.6751027703285217
2usd66,normal,0.6665738821029663
4xnmhg,normal,0.8021098971366882
5y1wr9,normal,0.7433918118476868
g4m8sy,normal,0.7091902494430542
krqhrk,normal,0.5464473366737366
c0ynmf,normal,0.7631012201309204
8lwwe2,normal,0.6743346452713013
4fv4q8,normal,0.7484589219093323
8c3hgb,normal,0.6755850315093994
8lk1if,normal,0.6608171463012695
ee945n,normal,0.6503918170928955
8hqn4o,normal,0.6654307246208191
jbck2s,normal,0.68426913022995
5d04qo,normal,0.7713519334793091
8di3p2,normal,0.7561942338943481
26qn4j,normal,0.6247129440307617
2i64ar,normal,0.762535572052002
f4a5r7,normal,0.7322385907173157
gtq564,normal,0.778329610824585
aaalc0,normal,0.7730721235275269
18me75,normal,0.79654461145401
1kw6rq,normal,0.7621758580207825
fuwub9,normal,0.7690367698669434
ei6zqx,normal,0.7161408066749573
hpkfi2,normal,0.6021738052368164
cxeof,normal,0.7458353042602539
119wuh,normal,0.7179340720176697
effe6,normal,0.6871050596237183
deb3d,normal,0.8116447329521179
ek4fj,normal,0.6837851405143738
1833ej,normal,0.7529399991035461
829e0,normal,0.7029418349266052
81ved,normal,0.7157463431358337
81j1w,normal,0.826541006565094
81wc0,normal,0.7354691028594971
l4k9w,normal,0.8092070817947388
dqvex,normal,0.6880070567131042
dq5f8g,normal,0.7306077480316162
9llpp,normal,0.771371603012085
9l7e8,normal,0.7816734910011292
6vg1x,normal,0.7415191531181335
11sj18,normal,0.7575976252555847
iqou89,normal,0.4827667772769928
gp6bk6,normal,0.7401268482208252
2uzjpq,normal,0.7688496112823486
hd4qq,normal,0.7479798197746277
3xitl0,normal,0.7448169589042664
l6d23,normal,0.6465691924095154
8czuw,normal,0.6762894988059998
1mnp36,normal,0.6803981065750122
496ouj,normal,0.7174989581108093
1aj2lc,normal,0.7851300239562988
22zwr1,normal,0.5632500648498535
1alqf0,normal,0.7812100648880005
m34ylg,normal,0.5072759389877319
axe0be,normal,0.6816650629043579
in09j1,normal,0.6819379329681396
3yvb4g,normal,0.7365115284919739
953uc4,normal,0.7431288957595825
40rlsv,normal,0.778188169002533
gnz2q7,normal,0.7903542518615723
jcvp2x,normal,0.7795383930206299
gib4w,normal,0.41883164644241333
holqga,normal,0.8163560032844543
g1a8q9,normal,0.7851446270942688
hl39e8,normal,0.7525832653045654
b82pkn,normal,0.7381591796875
gu9sbh,normal,0.777104914188385
i4lpf,normal,0.752724289894104
hcl6pq,normal,0.8168638944625854
hl37al,normal,0.752475917339325
ddpyn,normal,0.7260890603065491
bsmfum,normal,0.6165849566459656
arhi7,normal,0.7054029703140259
11l52b,normal,0.6241499185562134
e0cqfs,normal,0.7934148907661438
f5lcl,normal,0.7654402256011963
bp5zn3,normal,0.5774586200714111
g3kmab,normal,0.7229713797569275
9k81v1,normal,0.7573922276496887
azq3x7,normal,0.6974164247512817
c7qzvk,normal,0.7056792378425598
4bi597,normal,0.6721529960632324
2n35n1,normal,0.68942791223526
96lwqi,normal,0.7365128993988037
b1d36s,normal,0.8227761387825012
hejqlt,normal,0.7811247110366821
kri7yi,normal,0.7942841649055481
ftqkj5,normal,0.7522878646850586
k5xb0b,normal,0.7221872210502625
aw437m,normal,0.7198699116706848
iqrc02,normal,0.7757434248924255
ser97,normal,0.7437886595726013
iysn46,normal,0.774006724357605
jydmg0,normal,0.8225497007369995
2mlky0,normal,0.7395856380462646
96feqw,normal,0.6894748210906982
gm6ld6,normal,0.6450377702713013
4hupk7,normal,0.7764674425125122
6zzxbc,normal,0.7977917194366455
j02k5x,normal,0.6102099418640137
fkvhv9,normal,0.7709089517593384
10mncu,normal,0.757380485534668
13zs4k,normal,0.7772746682167053
tpybt,normal,0.8030669689178467
ivmdd,normal,0.7685697078704834
9f2re,normal,0.7378729581832886
92q1r,normal,0.751343309879303
8irg1,normal,0.7911126613616943
4i58ic,normal,0.7943362593650818
ek4dq,normal,0.7344462275505066
g1yv3w,normal,0.7410516142845154
1sl7yv,normal,0.7098907232284546
y7g2c,normal,0.7928877472877502
shytb,normal,0.7684698104858398
dhumg,normal,0.6899262070655823
9f53m,normal,0.7903286814689636
89v2k,normal,0.7430640459060669
eam14r,normal,0.6331821084022522
4uj6ig,normal,0.7979853749275208
dqyb5,normal,0.8311373591423035
88bhbs,normal,0.707237184047699
fotiz,normal,0.7756658792495728
4njhnq,normal,0.7412237524986267
fo9we,normal,0.8050664067268372
baa2t,normal,0.7860130071640015
8h2wpg,normal,0.7124431133270264
92ttw0,normal,0.789578378200531
a2u3v,normal,0.8275507092475891
375d5r,normal,0.8235201835632324
9qubkt,normal,0.8383457660675049
itjjn,normal,0.7772044539451599
35dqis,normal,0.6964906454086304
70ft3s,normal,0.7510379552841187
2zwxjz,normal,0.7030910849571228
lz6ugf,normal,0.7087224125862122
kganmf,normal,0.7087686061859131
7uggkh,normal,0.8079501390457153
7hqbcr,normal,0.8082444667816162
ihexm,normal,0.6990736126899719
8wsqvj,normal,0.6008821129798889
90qigf,normal,0.6082038283348083
4d12ew,normal,0.780339777469635
stmjy,normal,0.8017150163650513
7dxeuj,normal,0.6966562271118164
jfqtw,normal,0.7617599368095398
1unaq0,normal,0.5612800717353821
1gimie,normal,0.7956499457359314
m4t2mi,normal,0.7721351981163025
mi61he,normal,0.7560665607452393
mssn6e,normal,0.689717710018158
jmn07u,normal,0.7706730961799622
hqwuo0,normal,0.5934829115867615
iy33pm,normal,0.724810004234314
l8ok9d,normal,0.7788349986076355
c02b14,normal,0.7508221864700317
d9qts,normal,0.7730584740638733
hit4te,normal,0.7879370450973511
2aquny,normal,0.7801538109779358
emdc6,normal,0.8410994410514832
16coqa,normal,0.6235834956169128
4veg1x,normal,0.6437305808067322
5o8ggw,normal,0.7759884595870972
bswr7j,normal,0.5858739018440247
1lto9m,normal,0.7524739503860474
9qwam1,normal,0.7658646702766418
ecjbg3,normal,0.7842099070549011
r21jl,normal,0.7487205266952515
5ez8kr,normal,0.5357612371444702
9bn3we,normal,0.6831802129745483
87590,normal,0.6480852365493774
3844mu,normal,0.6276461482048035
md18zz,normal,0.7242558598518372
mr3toa,normal,0.6965587735176086
lw321d,normal,0.7892955541610718
mw939m,normal,0.6360612511634827
msu1lg,normal,0.7384015321731567
mszbm4,normal,0.7692973017692566
lz63eq,normal,0.7998687624931335
ll6y79,normal,0.6796318292617798
mpqehg,normal,0.7768663167953491
mcgy3w,normal,0.7527681589126587
mhyzxm,normal,0.7396068572998047
mi8lsu,normal,0.7560509443283081
mqyf1u,normal,0.7790770530700684
ki7dsv,normal,0.7894638776779175
mtcnnn,normal,0.7586960792541504
m78sc0,normal,0.731959342956543
l9a0l3,normal,0.6417357921600342
mnlpj5,normal,0.7593302130699158
mgnbdt,normal,0.7680399417877197
lreszq,normal,0.6936069130897522
mmub0s,normal,0.7902336120605469
lxp4de,normal,0.7291553616523743
mn3t2t,normal,0.7220199704170227
md21fw,normal,0.5910360813140869
lacjro,normal,0.7670657634735107
mx3bpn,normal,0.7469243407249451
ll14zd,normal,0.48883169889450073
mqek0k,normal,0.7121432423591614
m6rzs6,normal,0.7530272603034973
lpprnm,normal,0.8083490133285522
mkqnw6,normal,0.675251305103302
lj4by7,normal,0.6759928464889526
moi93t,normal,0.7804502844810486
mlfw7w,normal,0.7980899810791016
ijcbxz,normal,0.7658059597015381
mdqiu6,normal,0.8729926347732544
mvs6zi,normal,0.7844326496124268
laas3h,normal,0.7110785245895386
kp1a77,normal,0.7898676991462708
lddew7,normal,0.7369142174720764
mm3grh,normal,0.7983148694038391
mc0adm,normal,0.8014476895332336
mmreu8,normal,0.6857035756111145
mk8xnq,normal,0.759689211845398
m678ej,normal,0.7452818751335144
miew5i,normal,0.7575781941413879
k47rqt,normal,0.6110907196998596
mitqp6,normal,0.7983633279800415
md8dq9,normal,0.7809865474700928
mvne5s,normal,0.7751825451850891
mrawoh,normal,0.7185943126678467
kn38ib,normal,0.7928826212882996
kzfnd5,normal,0.7501360774040222
mrp7xn,normal,0.6547768115997314
m5ewwl,normal,0.8026925921440125
ma3rff,normal,0.7715891003608704
mefcbu,normal,0.572184681892395
l8k1j9,normal,0.8035109639167786
mgaf25,normal,0.7989242076873779
lg9z90,normal,0.6621790528297424
md2b4b,normal,0.734385073184967
m6vf8b,normal,0.43810218572616577
j7y1ep,normal,0.7359396815299988
icomwf,normal,0.7090986371040344
hqu0zl,normal,0.8285982608795166
mdb0ap,normal,0.7658138871192932
lh8gdp,normal,0.8163014650344849
l3omyk,normal,0.6589195728302002
lchtj2,normal,0.6802250146865845
mw7qp1,normal,0.7800260782241821
mufdfj,normal,0.803520679473877
kaqb0l,normal,0.6901445388793945
jdswpm,normal,0.7917607426643372
lmmu8e,normal,0.7814008593559265
mim0ab,normal,0.7804902195930481
mr1068,normal,0.5585896372795105
lwfs07,normal,0.7472173571586609
moi0uk,normal,0.7050522565841675
mozeb1,normal,0.8046041131019592
mn8oms,normal,0.6792315244674683
m2xzm5,normal,0.7493224740028381
mquejq,normal,0.7505344748497009
mgjb3r,normal,0.603516161441803
lpzpno,normal,0.7583059668540955
llcwj6,normal,0.7959954142570496
mo7f8o,normal,0.722682535648346
lwvv6o,normal,0.78704434633255
mdwrrv,normal,0.6291223764419556
moxcyv,normal,0.7644783854484558
kkku16,normal,0.7520795464515686
ma1dk3,normal,0.7782785892486572
mwx6wj,normal,0.8729926347732544
ms4yvm,normal,0.8729926347732544
msj8z8,normal,0.7832391858100891
mra1u9,normal,0.7758828401565552
mqh6ik,normal,0.8108255863189697
mo4zpr,normal,0.793266236782074
mnj2kr,normal,0.8729926347732544
mmt0zc,normal,0.7897456288337708
mkjnww,normal,0.7583587169647217
mim3ad,normal,0.8729926347732544
mf7gh5,normal,0.7260673642158508
mahnz4,normal,0.7635241150856018
m8j49c,normal,0.8729926347732544
m8npkp,normal,0.7844579815864563
m4xxsy,normal,0.704993724822998
m4ecli,normal,0.7803435325622559
m3kk6i,normal,0.8729926347732544
m35lkw,normal,0.7531353235244751
lzs7jm,normal,0.7774155735969543
lzkh5t,normal,0.7877465486526489
lyeyui,normal,0.8729926347732544
lyoald,normal,0.7760137915611267
lt0oa3,normal,0.8729926347732544
lnj99h,normal,0.8729926347732544
ljmr70,normal,0.7065804600715637
lidyil,normal,0.8729926347732544
leawb0,normal,0.8083477020263672
l2b8un,normal,0.8030027151107788
l22205,normal,0.611000657081604
kzr4lz,normal,0.7953205704689026
kxxdrd,normal,0.8729926347732544
kt5azj,normal,0.8729926347732544
ktrk3b,normal,0.5138991475105286
kp95zc,normal,0.7406650185585022
kodjre,normal,0.8729926347732544
kovh3j,normal,0.788818359375
klxu80,normal,0.6996762156486511
kk1b00,normal,0.8603804111480713
khmrxd,normal,0.6622790694236755
kfnw3c,normal,0.8603804111480713
kb5kk3,normal,0.8603804111480713
k916gp,normal,0.7758918404579163
k6np6u,normal,0.8603804111480713
k0ito5,normal,0.7198546528816223
k23vd6,normal,0.8603804111480713
k1xkpz,normal,0.7558912038803101
k0ufyq,normal,0.7801699638366699
jxrroj,normal,0.8603804111480713
jvezvh,normal,0.6334459781646729
ms1tqj,normal,0.7247626781463623
kf1z5r,normal,0.6576578617095947
lngoc5,normal,0.7699922919273376
m0gs6p,normal,0.793078601360321
l99ajm,normal,0.6841066479682922
lgi9pd,normal,0.7516099810600281
lyuqge,normal,0.8326849937438965
k7misp,normal,0.7937989234924316
lwukyf,normal,0.7109401822090149
mqx1ao,normal,0.7987582087516785
j7dt3k,normal,0.7618865966796875
l2vssc,normal,0.7178046107292175
mejiaf,normal,0.7553945183753967
ms7kf5,normal,0.7703787684440613
ll4xjg,normal,0.7956925630569458
mgihs7,normal,0.7529032230377197
mkwizq,normal,0.8054040670394897
mjhonq,normal,0.7676429748535156
jnlklo,normal,0.7793219089508057
mnautz,normal,0.7690282464027405
mezyeg,normal,0.7780970335006714
ek7bt3,normal,0.7466350793838501
mpzocj,normal,0.7639410495758057
kvwap1,normal,0.792468786239624
g8d2k2,normal,0.8162108659744263
g3wmv2,normal,0.7936380505561829
l5qprx,normal,0.6687145233154297
hoi3lr,normal,0.778374195098877
m6onbi,normal,0.7685340046882629
gp6djo,normal,0.6524887084960938
dli6mu,normal,0.826719343662262
gam5f1,normal,0.7960346341133118
lg8933,normal,0.7871381044387817
ckpjqw,normal,0.7942559123039246
2vwgk9,normal,0.7560204863548279
mnpimf,normal,0.80904221534729
b76bye,normal,0.8105307817459106
lig48x,normal,0.8045547604560852
jm4d4r,normal,0.77510666847229
grmqfi,normal,0.7980234026908875
lkmzzy,normal,0.693394660949707
lujnp2,normal,0.8112286925315857
hrae6w,normal,0.7879404425621033
k12tn7,normal,0.7598476409912109
c4jwwk,normal,0.7867418527603149
kqfx3z,normal,0.7354435324668884
j5gnx1,normal,0.7638624906539917
jt27u1,normal,0.8107871413230896
g5nv9e,normal,0.7378228902816772
2hfitv,normal,0.7898703217506409
mm64kt,normal,0.7574631571769714
mqxgu7,normal,0.7827078104019165
mvmrqx,normal,0.7751955389976501
mnvfz9,normal,0.7656242251396179
mlg5pb,normal,0.6688521504402161
mutvkm,normal,0.6848933696746826
mb1lbf,normal,0.5487858653068542
mm5gnq,normal,0.7495620846748352
lbz9yt,normal,0.7794986367225647
melc3l,normal,0.7246784567832947
lqv81o,normal,0.6624926924705505
lke1uc,normal,0.7714122533798218
kwg8dm,normal,0.7966479063034058
mr15bj,normal,0.7526705861091614
l3bmpq,normal,0.8093236088752747
lu899g,normal,0.8152565360069275
m0wztc,normal,0.6918596029281616
mkpwx3,normal,0.7853148579597473
mle6ad,normal,0.7627404928207397
krt9s3,normal,0.7640940546989441
mlboco,normal,0.7863469123840332
lbafx3,normal,0.7937516570091248
mj4sc9,normal,0.8006037473678589
lobcc0,normal,0.81805020570755
k9sbpr,normal,0.6261537671089172
jzrycc,normal,0.7755596041679382
ku414s,normal,0.6940012574195862
m6f5e8,normal,0.8227822184562683
m2gcwg,normal,0.7487284541130066
m3ttps,normal,0.7026932239532471
mkyorg,normal,0.7241024374961853
mvnajy,normal,0.8056235909461975
jlwbmc,normal,0.6984982490539551
mt3pxc,normal,0.7700397372245789
lj7g5b,normal,0.6904715895652771
mqm7tx,normal,0.7698195576667786
mr2d51,normal,0.6387566328048706
mtwce0,normal,0.7025752663612366
k0xzus,normal,0.7422957420349121
mnk05a,normal,0.6959686279296875
lc2ds0,normal,0.8085571527481079
mrgmyf,normal,0.7558369636535645
jeqele,normal,0.7525649666786194
lz88kd,normal,0.7611258625984192
lbvu5l,normal,0.7708768248558044
jhn85i,normal,0.7359328866004944
jh30ny,normal,0.7021138072013855
jrmzy0,normal,0.7615481615066528
mutxpo,normal,0.8179867267608643
jhf3lm,normal,0.6691131591796875
m9c9df,normal,0.8257495164871216
ilgc3s,normal,0.7803441286087036
mhgy10,normal,0.7398342490196228
mhgvxn,normal,0.7642257213592529
d1fjkb,normal,0.7503746151924133
9zq7ot,normal,0.706987738609314
krsmom,normal,0.8196744322776794
8y1isd,normal,0.7964184880256653
abz7m3,normal,0.6508538722991943
5y58y6,normal,0.7894986271858215
76l1jv,normal,0.7890043258666992
1kzw13,normal,0.7902540564537048
3u4mr2,normal,0.7602946162223816
t83sr,normal,0.8018245100975037
i16wqr,normal,0.7505683302879333
ppv9p,normal,0.8129495978355408
r1s6f,normal,0.717653751373291
tio7y,normal,0.7918483018875122
pryx4,normal,0.7689569592475891
qdvbe,normal,0.8332557082176208
uasii,normal,0.8129875659942627
u3zej,normal,0.7643935680389404
s6tll,normal,0.7794743776321411
3009t7,normal,0.7820069193840027
mcuo7,normal,0.7694220542907715
7mxzja,normal,0.7589308023452759
rx0k7,normal,0.7094357013702393
243x4p,normal,0.797743022441864
txiuu,normal,0.7773148417472839
og3hk,normal,0.7938364148139954
1aaigo,normal,0.7938619256019592
fypi3j,normal,0.7694334387779236
o1wjv,normal,0.7316411733627319
11bnmq,normal,0.7334548234939575
btu4pf,normal,0.7611949443817139
qyn5y,normal,0.8142836093902588
tljde,normal,0.8465275764465332
9vx4hc,normal,0.7852969765663147
f53hyf,normal,0.7843746542930603
1ft9pw,normal,0.7119118571281433
towwb,normal,0.793974757194519
52epfu,normal,0.8025362491607666
evyvvo,offensive,0.559527575969696
1mt86y,normal,0.7867853045463562
3zw3cb,normal,0.7333610653877258
6o0h86,normal,0.6300599575042725
nw3xs,normal,0.723186731338501
jlhpu,normal,0.7920668721199036
rs2cd,normal,0.7544575333595276
mwapq0,normal,0.5911601185798645
jkhrcb,normal,0.7688011527061462
jq7e7g,normal,0.6722121238708496
khjhnm,normal,0.8276302814483643
g7evco,normal,0.7196434736251831
ln3jeu,normal,0.8240309953689575
k4st9y,normal,0.7868446111679077
lj4sx3,normal,0.7255670428276062
hvb6pk,normal,0.7603874206542969
kenrxc,normal,0.8081653714179993
lm3m4d,normal,0.7449186444282532
iatxai,normal,0.6469267010688782
jc15qs,normal,0.7302073836326599
eew08i,normal,0.6909262537956238
i7qxcn,normal,0.7941809892654419
hj3jpr,normal,0.7236159443855286
irqeak,normal,0.7537238001823425
hmxevx,normal,0.6415925621986389
goer7y,normal,0.7112748622894287
8y34d5,normal,0.7265602946281433
55g7sz,normal,0.7924246788024902
fo8oy4,normal,0.6817068457603455
gfciyh,normal,0.7708638310432434
3nwu6v,normal,0.8227206468582153
ab8qzg,normal,0.8136574029922485
7remjy,normal,0.638535737991333
ab8vq1,normal,0.6913192868232727
6wzxvw,normal,0.7249969244003296
2j9i9e,normal,0.7874209880828857
cu0men,normal,0.7630407214164734
44z9vr,normal,0.6694462299346924
77nu3g,normal,0.7930795550346375
8qmxlb,normal,0.6246740818023682
50wdqo,normal,0.7359062433242798
berx35,normal,0.5658907890319824
4gkedu,normal,0.7681324481964111
9ooj1f,normal,0.7548717856407166
3lkpk0,normal,0.7311135530471802
bcmw6s,normal,0.7396057844161987
bwtft0,normal,0.7967051863670349
4tctp8,normal,0.7605535387992859
7bmp22,normal,0.6375521421432495
7wn744,normal,0.7945631146430969
70andl,normal,0.7473075985908508
40yhw1,normal,0.6760032176971436
bdva8f,normal,0.6960839629173279
2tbciw,normal,0.7636588215827942
bdbtfg,normal,0.8010240793228149
4xy68u,normal,0.714455783367157
l7qh4f,normal,0.6839009523391724
mrvx4j,normal,0.8089008927345276
lz8iky,normal,0.7401669025421143
m4liyk,normal,0.7165793180465698
hjdml2,normal,0.7901851534843445
icyc1r,normal,0.840399444103241
frcn7f,normal,0.7953451871871948
d4e5wf,normal,0.7690232992172241
gurk53,normal,0.7565548419952393
4tfpbo,normal,0.7889562845230103
crzl1h,normal,0.6510175466537476
9tpaq6,normal,0.7483956217765808
c2v2q4,normal,0.7129592895507812
38tjow,normal,0.8339287042617798
8s3alm,normal,0.8213329911231995
p6cmh,normal,0.7826743125915527
1bn2qm,normal,0.7207607626914978
5ysq3a,normal,0.810968279838562
jth2j,normal,0.8074681162834167
4gjag8,normal,0.8262954354286194
1fok7i,normal,0.6721019148826599
jmp8cj,normal,0.80601567029953
msai0r,normal,0.7789412140846252
acfxtn,normal,0.7617356181144714
irqmu4,normal,0.797000527381897
7o4yj9,normal,0.6613852977752686
9ksaqf,normal,0.7381564378738403
15yrhe,normal,0.7350829839706421
7gn3zj,normal,0.7839570045471191
jd8g6m,normal,0.8067821860313416
c1hogc,normal,0.8082548379898071
dbg7ye,normal,0.7925848364830017
fl2dz9,normal,0.762153148651123
eu5nhg,normal,0.7795748710632324
6woszc,normal,0.6222269535064697
9odbhx,normal,0.7543123960494995
70snzi,normal,0.7273986339569092
4u2dio,normal,0.7866345047950745
6lgiaj,normal,0.5534995794296265
257uo8,normal,0.7507117986679077
5fnu1n,normal,0.8087765574455261
5q2d4f,normal,0.7745987176895142
56wet7,normal,0.7653538584709167
b9ob0u,normal,0.7688051462173462
5mguk7,normal,0.7227057218551636
6zjpez,normal,0.8175668120384216
302lo3,normal,0.8065735697746277
2vzbe0,normal,0.7709946036338806
72q3od,normal,0.7159034013748169
9r77n2,normal,0.7145758271217346
