tweet_id,classification,classification_score
lguahg,normal,0.794594407081604
khq57s,normal,0.8146101832389832
cgdtcr,normal,0.7560766339302063
cg8lv5,normal,0.8409829139709473
5iucgh,normal,0.7818793058395386
4ceq1c,normal,0.804069459438324
mx8hxf,normal,0.688378632068634
m5guhw,normal,0.8311508893966675
k77lqo,normal,0.819689929485321
ms7tvm,normal,0.7981181740760803
m871o3,normal,0.7415896654129028
lt21ch,normal,0.6206845045089722
mh1z9e,normal,0.7178114056587219
lo826p,normal,0.8384347558021545
lh6yqq,normal,0.726637065410614
kbqa1u,normal,0.8312656879425049
laeexw,normal,0.7601941227912903
lyt4oc,normal,0.7612772583961487
kvw3gj,normal,0.819689929485321
k936kf,normal,0.8344915509223938
l9ozn8,normal,0.787781834602356
laa2j4,normal,0.8172271251678467
knizfh,normal,0.8179914951324463
lj392t,normal,0.7721763253211975
lal9if,normal,0.8072236180305481
jrk922,normal,0.7899021506309509
koc40r,normal,0.7473514676094055
hbodcf,normal,0.7423003315925598
j7huub,normal,0.7687152624130249
bj8ev4,normal,0.8007957935333252
fu5x1l,normal,0.6949082016944885
jf8ajc,normal,0.770798921585083
ix0i42,normal,0.8351348638534546
muokzl,normal,0.73673415184021
muokwx,normal,0.73673415184021
mxpzkn,normal,0.7583865523338318
mx8nvp,normal,0.6379159092903137
mxmq2e,normal,0.7263579964637756
mxigod,normal,0.8256664276123047
mx6bcb,normal,0.7657135128974915
mx36lg,normal,0.6708466410636902
mwbtpb,normal,0.7662685513496399
mw7rww,normal,0.787469208240509
mvyhjr,normal,0.8136225938796997
muh2ey,normal,0.7935754656791687
mubb3m,normal,0.7007417678833008
mtrhr2,normal,0.7558484077453613
mt5t88,normal,0.738823413848877
mo6kwl,normal,0.7637712359428406
m9km9b,normal,0.7433985471725464
mxl2s0,normal,0.8128701448440552
mgavm4,normal,0.8064336776733398
mpr5u5,normal,0.6061205267906189
ldjg06,normal,0.7411975264549255
mp07ye,normal,0.7966188788414001
m9x6x5,normal,0.7866332530975342
mr7hjr,normal,0.7834264039993286
mxxhjl,normal,0.6808955669403076
moxf1i,normal,0.8015514016151428
l221is,normal,0.7909526824951172
m23mww,normal,0.7732774615287781
m1i817,normal,0.7315182685852051
lk1ohj,normal,0.7238380908966064
ml77j1,normal,0.7086477279663086
kxjgpy,normal,0.7823877930641174
m5tn74,normal,0.783656895160675
megpx4,normal,0.627077579498291
lawtxq,normal,0.8033046722412109
lxd6zn,normal,0.780089795589447
kznxxk,normal,0.7889925837516785
kd5br6,normal,0.7944425344467163
kzl2w1,normal,0.7431104183197021
mxsw0l,normal,0.7427741289138794
i0fihs,normal,0.7852522134780884
lgapbr,normal,0.7484955787658691
mm0us9,normal,0.8185268044471741
l03tty,normal,0.7860073447227478
i5w8db,normal,0.785695493221283
mmsewz,normal,0.8043836951255798
lmu0ml,normal,0.7074260711669922
lqj6uh,normal,0.8008354306221008
msnzb9,normal,0.7897211909294128
ljo6c0,normal,0.7596017718315125
msyr60,normal,0.8198869824409485
mlaejd,normal,0.6563630104064941
muo4cf,normal,0.7716485857963562
mwr86i,normal,0.5879335999488831
mgq2bp,normal,0.7727466225624084
md20pm,normal,0.7958939075469971
mwmku3,normal,0.6848093271255493
mjrydz,normal,0.7452542781829834
mf4146,normal,0.7380684614181519
mqoiph,normal,0.8306276798248291
lw5so0,normal,0.7904378175735474
m4b0xe,normal,0.7964429259300232
mtka40,normal,0.639487624168396
mk5jen,normal,0.7888391017913818
if1qnt,normal,0.629414439201355
mw4ig8,normal,0.7943722009658813
mqx83e,normal,0.7592964172363281
mv1u03,normal,0.8042057752609253
mivta9,normal,0.7529029250144958
fua2ag,normal,0.8137465119361877
a5c1ag,normal,0.7918874621391296
m89kvx,normal,0.7713205218315125
lo2qy6,normal,0.8011193871498108
m5o41d,normal,0.7941482067108154
mvw81g,normal,0.7440841794013977
mxe9ll,normal,0.7296705842018127
mxuq9a,normal,0.7699832916259766
mxwz3x,normal,0.8064219951629639
mxqcgb,normal,0.6681023240089417
mxjc3v,normal,0.6260189414024353
mxfsl1,normal,0.7602272033691406
mxbmst,normal,0.773995578289032
mxl8f8,normal,0.7658021450042725
mxrosz,normal,0.577488124370575
mx8t2v,normal,0.8203712701797485
mxd7o4,normal,0.7387813925743103
mwjj1q,normal,0.7180407643318176
mtbo4y,normal,0.7834779620170593
mwjktl,normal,0.7418627142906189
mpll0z,normal,0.7314636707305908
leagn7,normal,0.7720139026641846
mjf346,normal,0.7768473625183105
mxunmj,normal,0.6185358166694641
lwpgpg,normal,0.756978452205658
maklf2,normal,0.7784076929092407
m222en,normal,0.6842187643051147
kg2yoc,normal,0.7086002826690674
lshpia,normal,0.785883903503418
l0hke9,normal,0.7466189861297607
moyv9a,normal,0.8300425410270691
i2pm4o,normal,0.7484328746795654
monj2y,normal,0.7162318825721741
ange46,normal,0.8050541281700134
b079bt,normal,0.7895469665527344
dx47qb,normal,0.8042936325073242
mp9m53,normal,0.810366153717041
msyz48,normal,0.6316719055175781
flphzr,normal,0.7290335893630981
a449y3,normal,0.810187578201294
mc2iz0,normal,0.7728350758552551
mron7b,normal,0.7135793566703796
lxty8d,normal,0.782694935798645
mv6ll1,normal,0.7017956972122192
lqxz1s,normal,0.8083215951919556
lm2c6j,normal,0.8165026903152466
l9k7hi,normal,0.7089199423789978
mwaikv,normal,0.7599421739578247
mn6r5v,normal,0.7950109839439392
mwyonr,normal,0.6999123692512512
mtcx44,normal,0.7729640007019043
mrktxh,normal,0.703025758266449
jd77di,normal,0.7885647416114807
ldhv50,normal,0.7804151773452759
mshcx8,normal,0.7460199594497681
lszx86,normal,0.7738777995109558
ldhoon,normal,0.7564829587936401
mu8xnk,normal,0.701596200466156
lzsxgi,normal,0.6681804060935974
mnoc0e,normal,0.78367680311203
mvbz62,normal,0.8068233728408813
moxde6,normal,0.7949655055999756
mok4nt,normal,0.8043758273124695
lw0vns,normal,0.7921195030212402
m8tph2,normal,0.763145923614502
m055gf,normal,0.7685554027557373
mu7zz8,normal,0.6681006550788879
k2pilt,normal,0.7415699362754822
kxvv0q,normal,0.7921819090843201
mu2f4z,normal,0.7443409562110901
mirtke,normal,0.7574751973152161
iyjiqa,normal,0.7008402943611145
mm4emd,normal,0.7564481496810913
mu1ur2,normal,0.7969748973846436
mu1vhj,normal,0.6607229709625244
mxufa2,normal,0.7291264533996582
mxkfif,normal,0.6152343153953552
mxk012,normal,0.779278039932251
mwny4v,normal,0.7662801146507263
mx6zsr,normal,0.6358034014701843
mwarqw,normal,0.7206757664680481
mweogm,normal,0.7124038338661194
mvf218,normal,0.8143799304962158
mvr577,normal,0.823307454586029
mrf9jp,normal,0.8068558573722839
mvi8wu,normal,0.7543224692344666
mqu1h4,normal,0.7556994557380676
moyxpc,normal,0.7815825343132019
m2g3dk,normal,0.5645566582679749
kas0s2,normal,0.7441163659095764
mjnkzn,normal,0.8020696640014648
jbxtob,normal,0.792616605758667
m4cjap,normal,0.7801406979560852
mjba0p,normal,0.8056551814079285
mqf1dd,normal,0.7845102548599243
mxoy4r,normal,0.7755764722824097
mqat5s,normal,0.7999839186668396
ltsf91,normal,0.8066675662994385
mp51ps,normal,0.7518422603607178
k2n68o,normal,0.8089699149131775
m400m5,normal,0.7606199383735657
mmor0q,normal,0.7883535623550415
elzl6v,normal,0.7881796956062317
bia3co,normal,0.7403955459594727
bqcqyy,normal,0.8023259043693542
bidzfg,normal,0.7978572845458984
blvadm,normal,0.6112203001976013
bilxza,normal,0.7146326303482056
ayxbii,normal,0.7280218005180359
mkvw8i,normal,0.5978560447692871
mnzqu4,normal,0.7849056124687195
mwhug1,normal,0.7852068543434143
mwqwf1,normal,0.7476049065589905
ltr67r,normal,0.8115357160568237
m6xdo7,normal,0.8313488960266113
mebpqg,normal,0.7502632141113281
lcqjfl,normal,0.7668041586875916
lkr8l2,normal,0.8067566752433777
ls8nnw,normal,0.7734384536743164
lxi90a,normal,0.660405695438385
lzmlr7,normal,0.7547698616981506
l68aps,normal,0.7049658298492432
mlyi9s,normal,0.8128118515014648
m9cr26,normal,0.8112651109695435
kb1fm5,normal,0.8351886868476868
jskelp,normal,0.8154427409172058
bko3g5,normal,0.7735934257507324
mnqlqz,normal,0.7694438695907593
m1k0dr,normal,0.7809402942657471
luqrqf,normal,0.7702612280845642
lf6zqg,normal,0.7773917317390442
jyz5y3,normal,0.7235239744186401
lrc45i,normal,0.8108447194099426
itwcj1,normal,0.7361180782318115
ihw6zl,normal,0.7781819701194763
ihu7d3,normal,0.6722246408462524
d6f23m,normal,0.757064700126648
dgg0zf,normal,0.7610747218132019
dd100g,normal,0.6870241761207581
4f39qe,normal,0.7339240908622742
mu6fnk,normal,0.7982150316238403
mt1vc9,normal,0.8393489718437195
mr4gna,normal,0.7574129104614258
mlp4wb,normal,0.8064477443695068
mi7u2u,normal,0.7794443368911743
mgl81j,normal,0.7637984156608582
mco8u0,normal,0.8297984600067139
mcnd0k,normal,0.7675111889839172
m8x7ao,normal,0.7686933279037476
m6h5ms,normal,0.8206924200057983
m2v2mp,normal,0.7711557745933533
m3a81f,normal,0.8199142813682556
m2sz6s,normal,0.7921335697174072
m2i8pr,normal,0.8463820815086365
m1puyt,normal,0.8463820815086365
ly4hb9,normal,0.805817186832428
mrokq1,normal,0.7980691194534302
mwcxxt,normal,0.7446362376213074
mreeif,normal,0.7753027081489563
msfh78,normal,0.7359991669654846
mj6lhu,normal,0.7341281175613403
msaw9w,normal,0.7982417941093445
jybfym,normal,0.6705735325813293
mf6zej,normal,0.778427243232727
m7875v,normal,0.8044402599334717
lxnkfm,normal,0.7196252942085266
mb0ddk,normal,0.7681103348731995
mwkjuy,normal,0.8113816976547241
mu9loz,normal,0.7795727849006653
mskfnr,normal,0.7995263338088989
mrzyjw,normal,0.7642976641654968
mjj5ch,normal,0.7392668724060059
mhiv0s,normal,0.528759777545929
m83s1q,normal,0.736869215965271
m95lda,normal,0.7461689710617065
m7fx1w,normal,0.8129590749740601
m6cdcs,normal,0.7829683423042297
m5j4u7,normal,0.6922882199287415
lp690a,normal,0.7418647408485413
l2sw9s,normal,0.7775682806968689
bgfu90,normal,0.794795036315918
gd5imw,normal,0.5559813976287842
fwrh79,normal,0.7369657158851624
c5pjii,normal,0.7582967281341553
c84urv,normal,0.7719327211380005
d9hhvv,normal,0.6349152326583862
bct8ra,normal,0.8032457232475281
c2e71v,normal,0.7686462998390198
b8ycmd,normal,0.8010597229003906
8m8181,normal,0.7346249222755432
behqg6,normal,0.7727065682411194
mw5dtq,normal,0.8042790293693542
mw5kls,normal,0.6281015276908875
mujuby,normal,0.7582067251205444
mqe22j,normal,0.7268983721733093
mru8fm,normal,0.8107161521911621
mot712,normal,0.8096314668655396
mn4yxp,normal,0.800950825214386
mk75at,normal,0.8124816417694092
mixteo,normal,0.7778415679931641
mtsm9a,normal,0.832045316696167
mp6e0b,normal,0.832045316696167
mkc5i8,normal,0.832045316696167
mfh8ej,normal,0.832045316696167
maedq6,normal,0.8440289497375488
m7s8rw,normal,0.6233657598495483
m2uzr6,normal,0.7917368412017822
m5c801,normal,0.8440289497375488
m3nfho,normal,0.78130704164505
mmqza9,normal,0.7823023796081543
m5k5g9,normal,0.7301761507987976
ln0p8w,normal,0.7905189990997314
lib5yh,normal,0.7863377332687378
lhk4ow,normal,0.7922836542129517
kyofrr,normal,0.843008279800415
kv5pgn,normal,0.7712764143943787
kbs6xt,normal,0.8100800514221191
js6tn1,normal,0.7211861610412598
jcgs5c,normal,0.774529218673706
hcqfyh,normal,0.7863908410072327
mfuxgo,normal,0.6899207234382629
kg63sh,normal,0.6758182644844055
kxw7kv,normal,0.5833629369735718
kf90ie,normal,0.8115963339805603
fy3fne,normal,0.7360358238220215
kat5xl,normal,0.7892066240310669
fy40iy,normal,0.7615036964416504
jqke6o,normal,0.7232410311698914
jqqkj2,normal,0.7270110249519348
j4kavw,normal,0.8153801560401917
hl6sov,normal,0.7440630197525024
fkqm15,normal,0.8065465092658997
g6v4n0,normal,0.8160440921783447
bmp3xb,normal,0.7435333728790283
mheg3j,normal,0.7998045086860657
klv21r,normal,0.7830062508583069
lhzrlo,normal,0.7759274840354919
laxfud,normal,0.7979328632354736
iq7ym3,normal,0.7840908169746399
h9pn3l,normal,0.8255111575126648
av488y,normal,0.7992638945579529
d6nhjn,normal,0.5881997346878052
8yeznm,normal,0.7610282897949219
k6dc8r,normal,0.8366187810897827
mxqitb,normal,0.7411958575248718
lv0jev,normal,0.7948315143585205
kw3319,normal,0.7945292592048645
ii9g76,normal,0.7626833915710449
mjaizn,normal,0.8524550795555115
g8sfnb,normal,0.7430753707885742
i8eo88,normal,0.7492098212242126
jdm71p,normal,0.6493387222290039
jl83i8,normal,0.8336560130119324
jy8r3y,normal,0.8321375250816345
8am86n,normal,0.818207323551178
bgk3a2,normal,0.7529815435409546
elf67f,normal,0.7852652072906494
bhnr4q,normal,0.7756876945495605
gsa8qd,normal,0.8273454308509827
bx3qap,normal,0.7026733160018921
fgltsf,normal,0.6429721713066101
gbzdm3,normal,0.820525050163269
knpzsp,normal,0.7652247548103333
ktupnw,normal,0.7920029163360596
fh8io2,normal,0.7959491014480591
jt4je9,normal,0.8092268705368042
jffcfu,normal,0.8195730447769165
jdto03,normal,0.8204125761985779
i8dald,normal,0.78389573097229
hk4phv,normal,0.748307466506958
gvxl20,normal,0.8065703511238098
gt2heo,normal,0.7417112588882446
dh0fqx,normal,0.8412161469459534
da8sbx,normal,0.7514932155609131
d14ng5,normal,0.6916577219963074
bksdr7,normal,0.7510442733764648
m0z90i,normal,0.8465806841850281
gvumaa,normal,0.8217487335205078
lo9ngh,normal,0.7634701728820801
m3ly6l,normal,0.7782261967658997
kyyin3,normal,0.8061601519584656
mo6581,normal,0.7335101962089539
an08tu,normal,0.7704386711120605
7p85vl,normal,0.7850292921066284
8chgnu,normal,0.696654736995697
4o3b4e,normal,0.5162045359611511
movb3b,normal,0.7434548735618591
lof4rk,normal,0.7068944573402405
mfhrxk,normal,0.8059611320495605
metik8,normal,0.7559856176376343
m2n7v3,normal,0.776001513004303
ly55e7,normal,0.796969473361969
mx9l8s,normal,0.7958657741546631
mtvz37,normal,0.6638798117637634
l8k75k,normal,0.761258602142334
le1m6f,normal,0.7504661083221436
mxw9zs,normal,0.7888405323028564
l0jtlc,normal,0.7414924502372742
m8znji,normal,0.7171959280967712
lngxna,normal,0.7781829833984375
mn402x,normal,0.7720763087272644
mc8q6z,normal,0.8189380168914795
mpel6e,normal,0.7253475189208984
mlgm80,normal,0.543124258518219
mq49ni,normal,0.5863468647003174
mvmnyp,normal,0.47232377529144287
m9inrr,normal,0.773848831653595
me7mcd,normal,0.7309579849243164
l84pcp,normal,0.7859167456626892
mhg1es,normal,0.8103155493736267
ksh699,normal,0.7767009735107422
m5o22f,normal,0.7699816823005676
mrrxlk,normal,0.7573637366294861
lkinjs,normal,0.7948930859565735
llhj7c,normal,0.8017683625221252
klty66,normal,0.7669780850410461
mbg9i7,normal,0.7458023428916931
moj4j1,normal,0.7853901386260986
mxk0wb,normal,0.8080304265022278
mve8yz,normal,0.7152584195137024
mxl5ye,normal,0.8119810819625854
ms7e5w,normal,0.7454693913459778
l9es9b,normal,0.736651599407196
mv6uve,normal,0.8129356503486633
murfxw,normal,0.7531076669692993
mq8x3h,normal,0.6174429655075073
kjysoz,normal,0.8267444968223572
m6u5no,normal,0.7824863195419312
m86q9m,normal,0.6659450531005859
mu0n2h,normal,0.7644919157028198
mkukcp,normal,0.7872379422187805
lsykxq,normal,0.7813940644264221
lawqmr,normal,0.767962634563446
m6aat5,normal,0.7633671760559082
kae6bk,normal,0.6896370053291321
muv697,normal,0.7484642863273621
jjp7w3,normal,0.7464475035667419
fedvj3,normal,0.7761711478233337
mrjksl,normal,0.7291571497917175
kto9z4,normal,0.7720580697059631
m3t0o7,normal,0.7385528087615967
lymn3z,normal,0.7277463674545288
i5tpva,normal,0.7589783668518066
lee1xu,normal,0.7890223860740662
lyizxz,normal,0.7274439334869385
ctxgh3,normal,0.8202061057090759
mhchrg,normal,0.7224898934364319
mchnw8,normal,0.7037157416343689
kq4hf9,normal,0.7112480998039246
fl0dht,normal,0.7905864119529724
jr7c33,normal,0.6446322202682495
jjma3d,normal,0.6363494396209717
gerluz,normal,0.699420154094696
adwqbr,normal,0.7303673624992371
mmwspq,normal,0.7695016264915466
giv9y5,normal,0.671290934085846
8m3lp4,normal,0.722241222858429
eyt90m,normal,0.5697378516197205
mob8yt,normal,0.651141345500946
mtppay,normal,0.4927217960357666
4uikg1,normal,0.7671301960945129
ml63c3,normal,0.5657486319541931
mrd9rj,normal,0.6936711668968201
m2ohhc,normal,0.7835012078285217
kday0f,normal,0.7837274074554443
kz4ll2,normal,0.7066015601158142
khsvh5,normal,0.6958100199699402
ljyvtv,normal,0.7269756197929382
iiztw8,normal,0.7573337554931641
khosml,normal,0.6636199355125427
hqbpr6,normal,0.6433613300323486
jwgd4f,normal,0.6966217160224915
mswopm,normal,0.7235409021377563
hv9gn4,normal,0.6280662417411804
ju7gxj,normal,0.6917591691017151
m6f3tg,normal,0.6461004614830017
msu4uw,normal,0.8092563152313232
mj904e,normal,0.8139610290527344
k9r4fm,normal,0.7930940985679626
mrxn3m,normal,0.8265563249588013
lpmqew,normal,0.7445869445800781
itzvzc,normal,0.7967635989189148
muidrr,normal,0.7912257313728333
mp6rbs,normal,0.8159805536270142
mtac5e,normal,0.7429279685020447
idsuts,normal,0.7242626547813416
mxin93,normal,0.7025885581970215
mxjton,normal,0.7813894152641296
mt4ojz,normal,0.7792817950248718
mwddid,normal,0.8182395696640015
mwn6yl,normal,0.7829572558403015
mw7m8n,normal,0.7463917136192322
mvmshe,normal,0.7473308444023132
mvv7z7,normal,0.78487628698349
muw38l,normal,0.6828662753105164
mvnk5s,normal,0.7940391302108765
mv5b67,normal,0.8135972619056702
mtnm7x,normal,0.7545279264450073
msthg7,normal,0.8016883730888367
msux98,normal,0.7938143014907837
m8p2sr,normal,0.7581884860992432
jb4zod,normal,0.8164626359939575
mbj83b,normal,0.7858728170394897
m8d03n,normal,0.7074112296104431
mi3p7f,normal,0.7997410893440247
k9xvdh,normal,0.7664194107055664
eaor6u,normal,0.799534022808075
mhyi2y,normal,0.7729184031486511
mcc5rq,normal,0.7788748741149902
e4xzfb,normal,0.7365275025367737
ilgoiq,normal,0.7671592235565186
cbxsi0,normal,0.7871901392936707
lvelie,normal,0.7773270010948181
mowr53,normal,0.7791361212730408
mxnhb4,normal,0.7417227029800415
mvw1cd,normal,0.4816511571407318
mxq5ui,normal,0.7740256190299988
mx2rk4,normal,0.776305615901947
mxytad,normal,0.7876166105270386
mxxg36,normal,0.7723296880722046
mu60yc,normal,0.8050267100334167
mxm9sc,normal,0.7479601502418518
mx2n25,normal,0.8241589665412903
mwylkw,normal,0.7704626321792603
mwts24,normal,0.7662136554718018
mx18pl,normal,0.7806798815727234
mw4nrj,normal,0.7189069986343384
mw7u57,normal,0.7539962530136108
mhfrk5,normal,0.734255850315094
mmwrji,normal,0.7842526435852051
mbjxg2,normal,0.8200286030769348
lijt0r,normal,0.7452462315559387
lnjacn,normal,0.7021216750144958
mm4kcb,normal,0.7747743129730225
mbengg,normal,0.7858618497848511
m3gun2,normal,0.6004121899604797
mc5w3s,normal,0.7896559834480286
mar3q0,normal,0.5427348017692566
mmwa25,normal,0.7538829445838928
mb93j9,normal,0.7992866039276123
mvu4it,normal,0.596176028251648
m7ato1,normal,0.7706010341644287
m493p7,normal,0.7528306841850281
mvii6d,normal,0.7767783403396606
m45njn,normal,0.787760317325592
mdqe1w,normal,0.8080077767372131
mx4wps,normal,0.8027684688568115
kwj7vc,normal,0.693839967250824
mbp9cr,normal,0.7756615281105042
mplduk,normal,0.798096239566803
mqel0h,normal,0.5609001517295837
ig409m,normal,0.6976120471954346
mcic03,normal,0.7219305634498596
lfu46h,normal,0.6920381188392639
kg98hk,normal,0.7830898761749268
lvzyiu,normal,0.8121446967124939
l5qvsd,normal,0.7482792735099792
mf16by,normal,0.7237356305122375
ilwrto,normal,0.7160099744796753
lrmoso,normal,0.7820469737052917
j8yf70,normal,0.7499305605888367
mn8j8t,normal,0.7979066967964172
j6vw29,normal,0.623119592666626
jodi58,normal,0.7741726636886597
i8yjse,normal,0.7053225636482239
f8xnsk,normal,0.8015140891075134
h11q51,normal,0.6342573761940002
g2sntk,normal,0.7734164595603943
fjreza,normal,0.651408851146698
mtnwc3,normal,0.7602777481079102
lgdtsc,normal,0.8154710531234741
jd2dxq,normal,0.7802549004554749
fjifj6,normal,0.8090065121650696
liabhw,normal,0.8147210478782654
lqtx6u,normal,0.7952986359596252
iqp65d,normal,0.7157874703407288
m27471,normal,0.8228581547737122
mu6luj,normal,0.7443315386772156
mh4ybn,normal,0.7760313749313354
fqwxgw,normal,0.8161863684654236
k2js5f,normal,0.78489750623703
ddo8p,normal,0.7717525959014893
mxmanm,normal,0.6922211050987244
mt9gb3,normal,0.7327187657356262
mvisqk,normal,0.71302330493927
mspsri,normal,0.78371661901474
mu3yln,normal,0.7889111042022705
murw2a,normal,0.8033143281936646
muh5qh,normal,0.7846384048461914
muikdp,normal,0.6498269438743591
mu5e3u,normal,0.7714565992355347
mu7vvn,normal,0.7857051491737366
mthdma,normal,0.626775860786438
mtirhl,normal,0.5201430320739746
mqv78c,normal,0.8061516284942627
msrp8x,normal,0.7722236514091492
mssn6e,normal,0.689717710018158
mwm8mz,normal,0.7498600482940674
mg6ldu,normal,0.7417876124382019
imvj5z,normal,0.7574185729026794
lhbyn2,normal,0.7721524238586426
hhhvsb,normal,0.7455684542655945
jhrql0,normal,0.7986484169960022
iuli77,normal,0.7843939661979675
m34ylg,normal,0.5072759389877319
m69vcj,normal,0.7376563549041748
gsc6qu,normal,0.7392630577087402
erjs4l,normal,0.7323733568191528
gm6ld6,normal,0.6450377702713013
m0f2oz,normal,0.7910934686660767
lgd7n7,normal,0.7501428723335266
m6amoh,normal,0.5803961157798767
k302mz,normal,0.7902318835258484
ki6e8e,normal,0.6998068690299988
8vwk9c,normal,0.7180837988853455
jlj68l,normal,0.7813363671302795
k6d5bt,normal,0.560682475566864
afrqop,normal,0.7621291279792786
12x9cw,normal,0.7081157565116882
jm9qxd,normal,0.774929940700531
13kiw5,normal,0.8031137585639954
iv56ie,normal,0.7599685192108154
38ahaq,normal,0.7073797583580017
jz11pc,normal,0.7656981348991394
lek2kn,normal,0.8076204061508179
ii173i,normal,0.8089370131492615
e4abvm,normal,0.6764466762542725
l8yfbn,normal,0.7703432440757751
mcyxs9,normal,0.7935634255409241
mjh2za,normal,0.6382679343223572
mo6n6d,normal,0.81393963098526
lcox03,normal,0.769412100315094
irx9qa,normal,0.8097794055938721
m4g7y2,normal,0.7751601338386536
kvovp6,normal,0.7334252595901489
k37v0t,normal,0.7997501492500305
4pnjas,normal,0.7928768992424011
mlw943,normal,0.7543834447860718
m0pq2t,normal,0.7469351887702942
jy55x9,normal,0.7478212714195251
kb7ogf,normal,0.8090699911117554
jixoqm,normal,0.811489999294281
lnezp9,normal,0.7621489763259888
f6q3y2,normal,0.748207688331604
j5kfet,normal,0.7870191931724548
f21b0a,normal,0.7064388990402222
mb20bi,normal,0.7700392603874207
mwvsua,normal,0.7865044474601746
f83vuf,normal,0.8488049507141113
fdoyzd,normal,0.7105650305747986
met5nd,normal,0.7050412893295288
mx59hs,normal,0.7335395216941833
mxa1cv,normal,0.78195720911026
mwrh5a,normal,0.7612622380256653
mvd62w,normal,0.7813194990158081
mv430f,normal,0.7218984365463257
msxn4g,normal,0.7896116971969604
msxqfb,normal,0.7985580563545227
msp7uv,normal,0.7368379235267639
mt56kx,normal,0.7615858912467957
mschfa,normal,0.8048422932624817
mgf1cl,normal,0.7350975871086121
mqmyiw,normal,0.740813672542572
lglt0f,normal,0.7438713312149048
lplvp7,normal,0.7752150893211365
muxp6t,normal,0.6850308775901794
mnh7rb,normal,0.7799745798110962
jcm3no,normal,0.6632911562919617
kyp6ru,normal,0.7023369073867798
k670xz,normal,0.6557326912879944
31plfk,normal,0.756083071231842
mfglf,normal,0.744299590587616
fpog3,normal,0.6496744751930237
7amh5y,normal,0.7478460073471069
5i3adw,normal,0.7754221558570862
bauzai,normal,0.6784070134162903
nrblf,normal,0.7113574147224426
98bbx4,normal,0.7679534554481506
8x3h60,normal,0.7507299780845642
4c48n1,normal,0.7647610306739807
jv02z,normal,0.8546284437179565
xu59h,normal,0.706095278263092
moj5pu,normal,0.7422159314155579
mjcacl,normal,0.8416553735733032
mjk3fe,normal,0.8183102011680603
m9fu68,normal,0.7743299603462219
m6fz2s,normal,0.7434670329093933
m5q6bv,normal,0.8175405859947205
m4t2mi,normal,0.7721351981163025
luz3kj,normal,0.7907068133354187
lpooa9,normal,0.617783784866333
jqeod2,normal,0.7513928413391113
lo3d6c,normal,0.7660120725631714
j0r097,normal,0.5601201057434082
k3llhz,normal,0.7063982486724854
m78mhf,normal,0.8000818490982056
j8fg4u,normal,0.6883901357650757
iz5t4j,normal,0.7984375953674316
jz6k8v,normal,0.8202188014984131
ifs39a,normal,0.7740870118141174
mooq4m,normal,0.5462016463279724
l70x0h,normal,0.7791926860809326
hwoodl,normal,0.7134145498275757
lurcig,normal,0.7018503546714783
k945kk,normal,0.7399040460586548
jhxjf4,normal,0.7496424317359924
lzhwil,normal,0.7977595329284668
kp6zi1,normal,0.6882283687591553
2csld7,normal,0.7920770645141602
gtq564,normal,0.778329610824585
cgdjdh,normal,0.7662510275840759
bpn1g,normal,0.6966742873191833
46en6u,normal,0.8093050122261047
1bmpz2,normal,0.7346699833869934
1bb5gs,normal,0.8083903789520264
esf22j,normal,0.8017969131469727
10wypk,normal,0.744629979133606
41wlgn,normal,0.7549245357513428
gpttn,normal,0.7320297956466675
hkmdp3,normal,0.780430793762207
llnju1,normal,0.7512791156768799
hit4te,normal,0.7879370450973511
hf9sea,normal,0.8084720969200134
hzp33,normal,0.7628330588340759
akiocz,normal,0.7657687067985535
d68242,normal,0.7020120024681091
9l852n,normal,0.7994652986526489
gagxh,normal,0.779704213142395
6nh5eg,normal,0.8157263398170471
7t5hzo,normal,0.7100760340690613
2q9wo7,normal,0.7005965113639832
3djin4,normal,0.8028596639633179
lu0bfe,normal,0.7557029724121094
m7hqzs,normal,0.7530447244644165
gczyr5,normal,0.6166326999664307
g3sxjj,normal,0.7854453921318054
dcs7hx,normal,0.7992960810661316
mjdcau,normal,0.7492859363555908
7xwpss,normal,0.7368369102478027
gjtf9l,normal,0.8007305860519409
8sxgtq,normal,0.795000433921814
lt22zw,normal,0.7650023698806763
d0tspq,normal,0.795866072177887
lpz5q8,normal,0.717821478843689
glm7w7,normal,0.650397002696991
g95q1y,normal,0.6720069050788879
4w9xlh,normal,0.6646047234535217
7xnhvs,normal,0.6398793458938599
df9ud,normal,0.6900320649147034
j7ho9b,normal,0.7173368334770203
gc2kss,normal,0.6935790777206421
99cga,normal,0.7944647073745728
s3br3,normal,0.7327836155891418
7ovztx,normal,0.7331125736236572
7vhrhg,normal,0.7291700839996338
7ykgn0,normal,0.7805545330047607
mutvkm,normal,0.6848933696746826
mlg5pb,normal,0.6688521504402161
m5ewwl,normal,0.8026925921440125
mos33k,normal,0.7489155530929565
ms4yvm,normal,0.8729926347732544
mnj2kr,normal,0.8729926347732544
mim3ad,normal,0.8729926347732544
mwx6wj,normal,0.8729926347732544
mdqiu6,normal,0.8729926347732544
mtuozy,normal,0.8034932017326355
m8j49c,normal,0.8729926347732544
mkebw2,normal,0.7984408140182495
m486h8,normal,0.7746791243553162
m3kk6i,normal,0.8729926347732544
lyeyui,normal,0.8729926347732544
mw3dd1,normal,0.7503592371940613
mvksq9,normal,0.7943739891052246
mwoqp0,normal,0.8055486083030701
mwno9q,normal,0.7124839425086975
mwlkor,normal,0.816711962223053
mxo5ll,normal,0.6480260491371155
mwgrat,normal,0.6411375999450684
mxuzob,normal,0.778240442276001
mxuh3t,normal,0.7945326566696167
mx4h25,normal,0.7604276537895203
mvx8nz,normal,0.7930701375007629
mxpig6,normal,0.7483941316604614
mx35v0,normal,0.6708466410636902
mxmw0e,normal,0.6164934635162354
mxjijh,normal,0.8031063675880432
mxqfck,normal,0.7557944059371948
mxccmt,normal,0.7970801591873169
mtg549,normal,0.7714471220970154
mwpdoc,normal,0.7836253643035889
mw4xnn,normal,0.7048406004905701
musogk,normal,0.6539425849914551
mudn44,normal,0.7023150324821472
muzlpq,normal,0.7758376002311707
muevyc,normal,0.7284586429595947
msunpf,normal,0.6682091951370239
msz113,normal,0.7923180460929871
ms7kf5,normal,0.7703787684440613
ms4tvo,normal,0.5522230863571167
mx8pbm,normal,0.7624754309654236
mw45w6,normal,0.6432004570960999
mxo8a4,normal,0.6887426376342773
mxn5kd,normal,0.7228814959526062
mxr6vk,normal,0.6487957239151001
mxog6m,normal,0.7959789037704468
mxg84t,normal,0.7197060585021973
mx1toj,normal,0.7666881680488586
mw3c94,normal,0.7503068447113037
mtur50,normal,0.7486581802368164
mwn7dz,normal,0.7791617512702942
ktz4y8,normal,0.6669776439666748
lwik2l,normal,0.6226474046707153
jh90db,normal,0.6779964566230774
mk9x3m,normal,0.757010817527771
i1gd64,normal,0.7732066512107849
gskqt7,normal,0.8016480207443237
mtr4cq,normal,0.6246238350868225
miiref,normal,0.7113847136497498
lywr5f,normal,0.8108934760093689
hlz2qz,normal,0.6956573724746704
mjsjx8,normal,0.6874767541885376
9yt6g2,normal,0.7451132535934448
dirlt4,normal,0.661017656326294
b3d0xa,normal,0.7495402097702026
kyo4ki,normal,0.785737156867981
mx7zkb,normal,0.8086177110671997
mw941a,normal,0.7981734275817871
mvfzyd,normal,0.7730476260185242
mula5e,normal,0.7345482707023621
mu6jv9,normal,0.7979406118392944
mswv9u,normal,0.8128349184989929
msdn5q,normal,0.7991704940795898
mroq3m,normal,0.7689239382743835
mqx1ao,normal,0.7987582087516785
mr1vn2,normal,0.6182783246040344
mqza6k,normal,0.7831724882125854
mxo8ef,normal,0.7570651173591614
lbbr2l,normal,0.6732159852981567
lax92s,normal,0.7806005477905273
mv343w,normal,0.7011630535125732
knsyim,normal,0.7511869668960571
m6v6xi,normal,0.7560226917266846
mtoy1d,normal,0.7848643064498901
l1ir3r,normal,0.7935289144515991
k339a4,normal,0.6771581768989563
mhfbkb,normal,0.7919143438339233
m5zily,normal,0.7713165879249573
kagawo,normal,0.7521461844444275
b5d5n6,normal,0.6936149597167969
9smzub,normal,0.6874734163284302
l63135,normal,0.7368744015693665
97k0cx,normal,0.7698174715042114
knantd,normal,0.5979731678962708
9bz4w9,normal,0.7645540237426758
iq4aw0,normal,0.7846475839614868
lkyxhx,normal,0.7635633945465088
lanjh6,normal,0.6496270895004272
jf0gbi,normal,0.7430948615074158
l9tm3q,normal,0.7676417231559753
8s7ss5,normal,0.7627556920051575
mx1yac,normal,0.7478165030479431
mm4tkv,normal,0.7912941575050354
heimvx,normal,0.634187638759613
jtgijf,normal,0.6755850315093994
k7zccm,normal,0.7036560773849487
ilupiw,normal,0.7200983762741089
m396w0,normal,0.7783927321434021
lhv8x2,normal,0.600744366645813
j8ltzi,normal,0.6294052004814148
bf9db6,normal,0.7671862840652466
lfqc61,normal,0.7303925156593323
7agjcc,normal,0.6743346452713013
g9cwrp,normal,0.7322980165481567
l57ag4,normal,0.7777683734893799
btjkyr,normal,0.7385585308074951
mvlahv,normal,0.732837975025177
mvwzoz,normal,0.8232864737510681
mwbqfd,normal,0.7075225710868835
ms8u06,normal,0.6884517073631287
mu2mai,normal,0.7921991348266602
mts5uk,normal,0.782028317451477
mpoybt,normal,0.7780158519744873
mpklbo,normal,0.8321084976196289
mop2ui,normal,0.7937378883361816
mnd5rz,normal,0.7846740484237671
mlzf91,normal,0.6875482201576233
mmhjn2,normal,0.7611143589019775
mag9f5,normal,0.7960700392723083
mujr0f,normal,0.755214273929596
ivknz3,normal,0.7879970669746399
hhycwy,normal,0.8080045580863953
mlsnrq,normal,0.8028092384338379
l2kgbr,normal,0.7022634744644165
lxejsu,normal,0.7845798134803772
kl9l3u,normal,0.7756654024124146
kkjpe4,normal,0.7581789493560791
dmncih,normal,0.7812805771827698
mlo8fr,normal,0.7721853852272034
eror0a,normal,0.7828185558319092
lj8i50,normal,0.7464007139205933
gnzzt0,normal,0.8016896843910217
8o3d24,normal,0.7554346919059753
mmuxx6,normal,0.7304811477661133
mfahjg,normal,0.7568398118019104
mp8dlv,normal,0.7262923717498779
mdvlk5,normal,0.8168426156044006
lhm8fn,normal,0.4777514636516571
l0yygl,normal,0.6728901267051697
mg1el5,normal,0.623339056968689
kxho49,normal,0.7703275680541992
mc5r5x,normal,0.8034296631813049
lukpk6,normal,0.7044338583946228
mrkdw6,normal,0.7788690328598022
ldndi8,normal,0.7810115814208984
hi6m62,normal,0.7614295482635498
luookl,normal,0.816863477230072
mo4zpr,normal,0.793266236782074
llzuia,normal,0.6698223352432251
mw39c0,normal,0.7933834791183472
azkl66,normal,0.5780852437019348
3ihiuc,normal,0.6257942914962769
mkjnww,normal,0.7583587169647217
c26rg7,normal,0.7755359411239624
b7utp1,normal,0.6559135317802429
lg8933,normal,0.7871381044387817
kavrwz,normal,0.6221292018890381
dh429t,normal,0.8309447765350342
bqggmp,normal,0.6803505420684814
k1ja1n,normal,0.7118594646453857
ldfxxz,normal,0.6821866631507874
k4xdzq,normal,0.7561512589454651
cucrdj,normal,0.7092699408531189
czl9qg,normal,0.6978245973587036
jsgqd5,normal,0.7530893087387085
5qm8ie,normal,0.6908180117607117
jpgtgh,normal,0.8043864965438843
kq1ocn,normal,0.7433123588562012
g3wqe1,normal,0.769992470741272
esljif,normal,0.8174819946289062
