tweet_id,classification,classification_score
m1n9kk,normal,0.8102495670318604
m3h3fa,normal,0.7614688277244568
lyy6bv,normal,0.7688952684402466
m0gqz7,normal,0.6571304202079773
kzlrp4,normal,0.7985669374465942
j838hg,normal,0.7942253947257996
ka8w1g,normal,0.795453667640686
dgga18,normal,0.7811233401298523
mt4kvp,normal,0.7980313897132874
lt7y81,normal,0.7899483442306519
j1c140,normal,0.8079474568367004
m82yo6,normal,0.8482118248939514
gza9rd,normal,0.7343572974205017
mxkfif,normal,0.6152343153953552
mgq121,normal,0.7831404209136963
m54988,normal,0.7019078731536865
lefs02,normal,0.6815727949142456
lujkvh,normal,0.74381023645401
mlscla,normal,0.7685593962669373
lklr9h,normal,0.7648215293884277
lcl292,normal,0.7838196754455566
kjhvtq,normal,0.8118342161178589
l8819i,normal,0.7782301306724548
kawpow,normal,0.8032370805740356
mubb3m,normal,0.7007417678833008
msphtb,normal,0.6246535181999207
lz2rax,normal,0.7568951845169067
j0th3g,normal,0.7915499210357666
jvf6l8,normal,0.8255046010017395
ihxc26,normal,0.7881147861480713
mekczu,normal,0.6789441704750061
lgm1c0,normal,0.7447376847267151
lplz5g,normal,0.7805050015449524
mxe9ll,normal,0.7296705842018127
kyrfqk,normal,0.7778379917144775
k60dh1,normal,0.7798891663551331
mvgiuw,normal,0.7255985140800476
mf46fm,normal,0.5980837941169739
mko1yo,normal,0.7123157382011414
mx7tsv,normal,0.7652709484100342
mb6cn1,normal,0.7521686553955078
mbk1av,normal,0.8124346137046814
muxa31,normal,0.7282160520553589
lv9ae0,normal,0.7888807654380798
meskda,normal,0.6209728717803955
mq8on8,normal,0.8012207746505737
lxilwm,normal,0.773356020450592
mjioas,normal,0.6786540150642395
m844a2,normal,0.7513561844825745
mq7kei,normal,0.8011049032211304
mofb4l,normal,0.7397545576095581
lbcj8u,normal,0.8052427768707275
muwfeu,normal,0.7851568460464478
mppn9c,normal,0.6841097474098206
mt5ibg,normal,0.7865559458732605
lndand,normal,0.8479799032211304
lzg8gq,normal,0.7382181882858276
mkxhwf,normal,0.7735265493392944
mt9azx,normal,0.7472875714302063
mnmwsv,normal,0.780799388885498
lyxbvt,normal,0.7609071135520935
m5guhw,normal,0.8311508893966675
mpv0vz,normal,0.774844765663147
8eb7mq,normal,0.7832826972007751
mux0is,normal,0.6013743877410889
lmt3md,normal,0.7871986627578735
knm2ln,normal,0.8314522504806519
lfh1a6,normal,0.7639296650886536
kyqnzk,normal,0.8322601318359375
l86jts,normal,0.7975491881370544
m23k8s,normal,0.7612598538398743
kbqa1u,normal,0.8312656879425049
k9udpo,normal,0.7776426672935486
bbiwzn,normal,0.7945835590362549
6geekz,normal,0.8501958847045898
lqihgx,normal,0.809270977973938
m5zcoc,normal,0.8171340227127075
mhs1b4,normal,0.7098225355148315
mu2jez,normal,0.8050428032875061
lqx7oe,normal,0.8095330595970154
mkxvn4,normal,0.8239279389381409
m3vn66,normal,0.755850076675415
mq64eg,normal,0.8186957240104675
m2zype,normal,0.7153857946395874
lsxlxa,normal,0.7246726155281067
lsqrnw,normal,0.7338610291481018
m39f2y,normal,0.8316947817802429
l8lknh,normal,0.7007235884666443
mt9kt6,normal,0.7612934708595276
m9x2td,normal,0.7836925387382507
ltponx,normal,0.5800247192382812
l080a8,normal,0.5554324984550476
gffz6l,normal,0.794934093952179
gnn53x,normal,0.7629404664039612
c5fhug,normal,0.7783903479576111
bbe37a,normal,0.7152336239814758
9c8sr4,normal,0.7320103049278259
8h7z2s,normal,0.6678380370140076
6k3td0,normal,0.6289083957672119
mmc91a,normal,0.7537339925765991
bnmwf2,normal,0.7759069204330444
7ch49i,normal,0.7667370438575745
iy52za,normal,0.7591282725334167
igqwvi,normal,0.7541326284408569
gyrs3n,normal,0.497937947511673
aknc2k,normal,0.7807249426841736
8enz91,normal,0.7512742280960083
g0o8or,normal,0.7538564205169678
gcn3t3,normal,0.7123333811759949
8jkp0i,normal,0.7484433054924011
awf2bn,normal,0.7244099378585815
95prqu,normal,0.6185083985328674
djvox4,normal,0.7620499134063721
ad2vlv,normal,0.7835443615913391
mj2plf,normal,0.762130081653595
l8nbmm,normal,0.8207186460494995
mlrz7h,normal,0.7814249396324158
lz0ul2,normal,0.7736656069755554
lj8945,normal,0.7290340065956116
i1t4gx,normal,0.7312223315238953
mpc1m1,normal,0.7298868298530579
f83z8c,normal,0.7292437553405762
moynzd,normal,0.7722760438919067
ldgr2g,normal,0.7853178381919861
mok019,normal,0.6451941728591919
mjtbav,normal,0.6238924264907837
mlzb9s,normal,0.7381042242050171
dexaoy,normal,0.765173614025116
mknpy1,normal,0.7407544255256653
md5xxo,normal,0.7718173265457153
mwlexu,normal,0.7814911603927612
muy9fb,normal,0.7697447538375854
mtn7nd,normal,0.8072506189346313
mm5t5t,normal,0.7520325183868408
mp07ye,normal,0.7966188788414001
mroxsu,normal,0.8003748059272766
mmx6y5,normal,0.6586419343948364
lgplbs,normal,0.8163859844207764
m4chbe,normal,0.7516989707946777
m0ncgy,normal,0.809058427810669
mffe9v,normal,0.829785943031311
mfoqxc,normal,0.7805713415145874
lwvb0o,normal,0.7171584963798523
ln70iu,normal,0.7550202012062073
lm6uwq,normal,0.8301315903663635
l1ky6i,normal,0.7268343567848206
gm1o1j,normal,0.7888209819793701
k3lw6s,normal,0.7965391278266907
mx6z3h,normal,0.6994922161102295
juyggw,normal,0.7706834077835083
mbut5j,normal,0.7745987176895142
mrd2cc,normal,0.7789687514305115
mw1oc5,normal,0.794903039932251
m2mxxg,normal,0.7873631119728088
mtevj6,normal,0.7062576413154602
mltcyg,normal,0.7742663025856018
lul827,normal,0.8212695717811584
murl5x,normal,0.8098558783531189
md7xvh,normal,0.7961030602455139
mubmkr,normal,0.8199183940887451
mhl14d,normal,0.7796594500541687
mee98s,normal,0.7935588955879211
lgym0j,normal,0.6723028421401978
le3psm,normal,0.7593002319335938
ksks6o,normal,0.7795582413673401
ly4wpq,normal,0.7702799439430237
mibb4c,normal,0.6798157691955566
m54rux,normal,0.8095324635505676
lwxkgx,normal,0.816987931728363
lxoj5l,normal,0.6654307246208191
kwos7m,normal,0.7816535234451294
m2q6w8,normal,0.7874761819839478
ko31pa,normal,0.8459093570709229
mwwz4g,normal,0.8036937117576599
f9qgn9,normal,0.7940120697021484
mjsf6j,normal,0.7726438045501709
mfj6ez,normal,0.6617757081985474
8bjvbu,normal,0.8106793165206909
f1rs1t,normal,0.7998505234718323
ac5rqm,normal,0.7409899234771729
99gi5u,normal,0.8007021546363831
7w5t1b,normal,0.7739199995994568
alyqvj,normal,0.6670811176300049
job56b,normal,0.7796507477760315
cbupof,normal,0.5975672006607056
7r10do,normal,0.7617685198783875
e6hrwa,normal,0.6465852856636047
k8t7um,normal,0.80003821849823
8dknau,normal,0.5028425455093384
g7qpmn,normal,0.5874345302581787
fzf4nn,normal,0.7472684979438782
awqx71,normal,0.6775270104408264
9heukw,normal,0.8014414310455322
7hyqx1,normal,0.8156030178070068
9lvt4w,normal,0.8300884366035461
bh3tuy,normal,0.797378659248352
mrgj97,normal,0.5751597285270691
mj6lhu,normal,0.7341281175613403
mik3m3,normal,0.7018546462059021
mpksiz,normal,0.7760671973228455
mbleaw,normal,0.7867957353591919
mjbnwd,normal,0.7911363244056702
ms9zgc,normal,0.7258639335632324
mbli12,normal,0.7955112457275391
m2g37z,normal,0.7638841867446899
mbj38p,normal,0.8150880932807922
mkwx6k,normal,0.6074052453041077
m1ctcy,normal,0.8057234883308411
m7875v,normal,0.8044402599334717
mmk5qf,normal,0.7569314241409302
m7bbo4,normal,0.7108451128005981
lvct9p,normal,0.7372738718986511
lvilzz,normal,0.6539616584777832
lsqdam,normal,0.8053357005119324
mujuby,normal,0.7582067251205444
mq7cc8,normal,0.7653957605361938
mwhl3e,normal,0.7687479853630066
ltqjxb,normal,0.7148189544677734
mk39f3,normal,0.7605105638504028
mtiazl,normal,0.8084770441055298
mco8u0,normal,0.8297984600067139
mjdvpt,normal,0.8394346833229065
m8hycf,normal,0.6936152577400208
mioqh9,normal,0.8083207607269287
me2icy,normal,0.69010990858078
lw0m1u,normal,0.740467369556427
mcxavq,normal,0.8046175837516785
jxylvj,normal,0.7612602710723877
lq7zq9,normal,0.7940064668655396
lzgur1,normal,0.7807334661483765
lib5yh,normal,0.7863377332687378
lh4pf8,normal,0.7370876669883728
l22ywi,normal,0.8311151266098022
k7yjjz,normal,0.6539616584777832
b5sdhx,normal,0.796744704246521
krtzaz,normal,0.7866025567054749
js0o5c,normal,0.8059123158454895
jr5gcq,normal,0.6918200850486755
i4jdhx,normal,0.7884331345558167
i0g5b6,normal,0.7138374447822571
m6n7gh,normal,0.721407413482666
l74ysf,normal,0.7774963974952698
mru8fm,normal,0.8107161521911621
mg2dft,normal,0.6632577776908875
ma9atm,normal,0.7840936779975891
m9b3to,normal,0.7697347402572632
m83s1q,normal,0.736869215965271
m76ec7,normal,0.8133656978607178
m8z8oo,normal,0.6956772208213806
lrl5qu,normal,0.7597994208335876
m27s9f,normal,0.7390596270561218
m6auf3,normal,0.7982434630393982
jfz2mg,normal,0.7208732962608337
dhhnvx,normal,0.7052103877067566
iyf10n,normal,0.8004295825958252
mra7ad,normal,0.7032158970832825
lpxs16,normal,0.7930358052253723
lvtzep,normal,0.7937981486320496
m9dkep,normal,0.7859094142913818
ku3jpb,normal,0.6539616584777832
jnjjrh,normal,0.7163569927215576
hjwa75,normal,0.7637916803359985
dbx7to,normal,0.7858045101165771
c32zt8,normal,0.5767043232917786
ay99po,normal,0.8373270034790039
8dwx09,normal,0.7777069211006165
8ldamv,normal,0.7501553297042847
8lqh9e,normal,0.750382661819458
li1q7i,normal,0.7781571745872498
mi7u2u,normal,0.7794443368911743
mu6fnk,normal,0.7982150316238403
k84ayh,normal,0.7929742932319641
jyl0sd,normal,0.8067674040794373
kdbn1l,normal,0.6807611584663391
ma2e3h,normal,0.6496744751930237
lhl311,normal,0.6664150357246399
m5k5g9,normal,0.7301761507987976
l8ch70,normal,0.6962257027626038
l8883d,normal,0.7999104261398315
lj4jsa,normal,0.7938693761825562
lwbs83,normal,0.7354292869567871
mh33ub,normal,0.649371862411499
mnau9z,normal,0.788163423538208
mrzyjw,normal,0.7642976641654968
mv5bt5,normal,0.7906362414360046
mwh19i,normal,0.7847243547439575
m0j34i,normal,0.7945263385772705
mcx8c4,normal,0.747573971748352
mf3pzm,normal,0.799765944480896
mgqo9d,normal,0.799320638179779
mmdn3j,normal,0.7805057764053345
lil5hj,normal,0.7301087975502014
m7fx1w,normal,0.8129590749740601
knb968,normal,0.7370371222496033
mv1dro,normal,0.833090603351593
me205o,normal,0.8195089101791382
lpzwyy,normal,0.7961077690124512
ilfcfr,normal,0.7998782396316528
m8x7ao,normal,0.7686933279037476
lo9ngh,normal,0.7634701728820801
gj397e,normal,0.7364270687103271
h0ehk2,normal,0.6950925588607788
kzat9j,normal,0.7031005620956421
erx25l,normal,0.7735176682472229
kx9uzu,normal,0.8034385442733765
d50vjn,normal,0.653110921382904
mr4gna,normal,0.7574129104614258
lq790q,normal,0.7635226249694824
l4qw5r,normal,0.7386795878410339
mgl81j,normal,0.7637984156608582
m9w10h,normal,0.8080918192863464
lxm9q8,normal,0.7504637837409973
m2v2mp,normal,0.7711557745933533
lqeund,normal,0.7835052013397217
lw2mta,normal,0.7931786775588989
lqrrx7,normal,0.7880329489707947
lr38h4,normal,0.6908981204032898
llbrfy,normal,0.8070223927497864
mqfxch,normal,0.810386598110199
mf8lir,normal,0.7994016408920288
mw94zb,normal,0.7898739576339722
mt8vh9,normal,0.7924071550369263
mswngu,normal,0.8155419826507568
moe64p,normal,0.8336377739906311
mqamkn,normal,0.780466616153717
mqyq90,normal,0.7518526911735535
mw94uq,normal,0.7564176917076111
mjgjrn,normal,0.7418543696403503
mfss08,normal,0.8211432099342346
m5xd32,normal,0.7887213230133057
lw1hu2,normal,0.6474319100379944
m07hc9,normal,0.7423414587974548
lj2ebu,normal,0.6654307246208191
kwqkfb,normal,0.7720710635185242
lcuq2b,normal,0.8313974738121033
muwd9j,normal,0.6554306149482727
l6h2v8,normal,0.8243398666381836
mu0pad,normal,0.7644919157028198
mw92zj,normal,0.8309003710746765
mryf55,normal,0.6934184432029724
kj1fx8,normal,0.7746579051017761
mpgmt8,normal,0.7907737493515015
msxfmg,normal,0.7690436840057373
kyyin3,normal,0.8061601519584656
mlbnmk,normal,0.7905313372612
kt43jb,normal,0.8292872309684753
jrleu4,normal,0.8106935620307922
ir5x1v,normal,0.7591536641120911
hj6zf0,normal,0.773004949092865
j8d4bk,normal,0.7997021675109863
l8yczc,normal,0.7478818893432617
euthgv,normal,0.7954038381576538
bjhcjy,normal,0.804119348526001
hrduj1,normal,0.7955811023712158
hyvt6e,normal,0.8000993132591248
gmi85d,normal,0.6939483880996704
htma2y,normal,0.7653487324714661
ihu7d3,normal,0.6722246408462524
mx2z63,normal,0.7474684119224548
m4x0l4,normal,0.7621577382087708
m1k0dr,normal,0.7809402942657471
looh8r,normal,0.787224292755127
m2uzr6,normal,0.7917368412017822
l8cd99,normal,0.7196766138076782
kyzsqz,normal,0.696033239364624
kas4ku,normal,0.7758216261863708
kf2xwf,normal,0.7581804394721985
keiktb,normal,0.7655784487724304
kxr6xj,normal,0.7955259084701538
jpvu7o,normal,0.7932685613632202
kp8hi0,normal,0.7690685987472534
j06h7a,normal,0.5835189819335938
jsj5za,normal,0.8141456246376038
iub7fv,normal,0.7270057201385498
hzn2sr,normal,0.8194640278816223
g6n11o,normal,0.7101407051086426
g7kpym,normal,0.8002804517745972
damc4a,normal,0.7911635041236877
ivx5y4,normal,0.8094658255577087
fsnwtx,normal,0.7853138446807861
mxq5ui,normal,0.7740256190299988
mxoutz,normal,0.6389620304107666
mwygx3,normal,0.7962439656257629
mx8bwv,normal,0.7505358457565308
mx18pl,normal,0.7806798815727234
mwsy8b,normal,0.7631174921989441
mx1u2y,normal,0.8009604811668396
mx3yer,normal,0.8024867177009583
mwixll,normal,0.7945736646652222
mwfxsd,normal,0.7954025864601135
mwn1jg,normal,0.7836869359016418
mwg511,normal,0.6897380948066711
mxin93,normal,0.7025885581970215
mv515z,normal,0.7847270965576172
mxgzdf,normal,0.7643582224845886
mxci4c,normal,0.7352731823921204
mwasuc,normal,0.8320174813270569
mvn4fx,normal,0.762061357498169
mxqvvb,normal,0.7807446718215942
mx2n25,normal,0.8241589665412903
mw6udo,normal,0.8278265595436096
mxc733,normal,0.6817169189453125
mwibqw,normal,0.7858469486236572
mw4nrj,normal,0.7189069986343384
mx2d29,normal,0.7057744264602661
mwsab1,normal,0.5360288619995117
mwpogn,normal,0.7828873991966248
msux98,normal,0.7938143014907837
mpu9u6,normal,0.7400611042976379
mi08yv,normal,0.7512847781181335
mp2x43,normal,0.7905471920967102
mw3ine,normal,0.8062024712562561
mateng,normal,0.6744478344917297
mpi1pr,normal,0.8114888072013855
m7bqds,normal,0.7621262669563293
miye84,normal,0.7961529493331909
mxjdvv,normal,0.7727435827255249
mucjqm,normal,0.7908467054367065
lvd7m6,normal,0.7833219170570374
knelzt,normal,0.7777743935585022
lkhdyy,normal,0.727734386920929
mhcw6z,normal,0.7737227082252502
mnr7kr,normal,0.7995452880859375
mxk0wb,normal,0.8080304265022278
mx3rty,normal,0.6322435736656189
mxm9sc,normal,0.7479601502418518
mwesas,normal,0.7568916082382202
mx71x8,normal,0.7405298352241516
mx69ma,normal,0.6235973834991455
mx2heg,normal,0.8114002346992493
mwjnp5,normal,0.7296270728111267
mxmgky,normal,0.7779983282089233
mxpcqw,normal,0.7670103311538696
mxllum,normal,0.7939534187316895
mxbobf,normal,0.8206926584243774
mwoelw,normal,0.7873319387435913
mwtw4o,normal,0.7742885947227478
mweq0o,normal,0.7095240950584412
mw8b1i,normal,0.75603848695755
mwjqeu,normal,0.5918112397193909
mw84e6,normal,0.6735916137695312
mvgro4,normal,0.7424020171165466
mvr02d,normal,0.6922880411148071
mxpilt,normal,0.7849021553993225
mwv4nd,normal,0.78572016954422
mhqk3p,normal,0.6991425156593323
mkgwkv,normal,0.6842679977416992
ljt5dt,normal,0.8037714958190918
mhmstq,normal,0.7417504191398621
mna4oq,normal,0.7524446845054626
mgee5k,normal,0.6698710918426514
me7mcd,normal,0.7309579849243164
lfl2ob,normal,0.7377462983131409
m0y1tk,normal,0.8334413170814514
legpds,normal,0.7592260837554932
lt926g,normal,0.7589776515960693
mm0yaa,normal,0.7037530541419983
mff7n2,normal,0.6304097175598145
mm9yay,normal,0.5687514543533325
mchrwb,normal,0.812533974647522
m47x7b,normal,0.8162552118301392
mdyrq4,normal,0.7863194942474365
lyltau,normal,0.8320122957229614
m5sj3e,normal,0.7883761525154114
jwjs0j,normal,0.7768746614456177
le1m6f,normal,0.7504661083221436
mcimgq,normal,0.765388011932373
jsucul,normal,0.7246344685554504
lkosdr,normal,0.7910891771316528
lj2zks,normal,0.5982844829559326
m0xij7,normal,0.7987203001976013
mc8dua,normal,0.808660626411438
m87yln,normal,0.7426992058753967
mcwkfh,normal,0.723720133304596
kkd9ug,normal,0.7146173715591431
jsd50w,normal,0.7237100005149841
fusck7,normal,0.6922035217285156
llrppq,normal,0.7951769232749939
kwrp98,normal,0.8148254156112671
m19rq7,normal,0.6600473523139954
kf3rgm,normal,0.6863365173339844
mpluim,normal,0.8302710652351379
mtfhbr,normal,0.7875924110412598
iuoh3n,normal,0.7899417877197266
lwdsxe,normal,0.7631704211235046
m8l6pw,normal,0.6815918684005737
m27nqz,normal,0.6758182644844055
lfg95n,normal,0.6546148061752319
lrw1jp,normal,0.8083298802375793
kd5jd1,normal,0.8130106925964355
lrp4ch,normal,0.6885712146759033
mvm592,normal,0.6040467023849487
lxi6pf,normal,0.7426535487174988
mbnf4b,normal,0.7903791069984436
mdpyoc,normal,0.6737613081932068
lrq3dl,normal,0.717047393321991
l2yngr,normal,0.8055405616760254
lpw0jh,normal,0.6379075050354004
luhdwv,normal,0.7985498905181885
kuinj7,normal,0.8197309374809265
mm6kla,normal,0.763209342956543
m9100p,normal,0.7158780694007874
lhot54,normal,0.6935248374938965
m7aydq,normal,0.7887881994247437
hgk8dn,normal,0.6172803044319153
lnu1p0,normal,0.7782957553863525
aq46zd,normal,0.7207561731338501
jid1fn,normal,0.8074927926063538
lj2h18,normal,0.7367371320724487
lu9z9a,normal,0.7069986462593079
66xhst,normal,0.7371889352798462
k32wq3,normal,0.7994642853736877
kuu1zk,normal,0.7680291533470154
lt3rwg,normal,0.7712100148200989
mkwkjq,normal,0.8023392558097839
kqj07w,normal,0.7508769631385803
kr1mjr,normal,0.7254154682159424
bc1uoe,normal,0.6447262167930603
meyu6j,normal,0.7031698822975159
j7aymk,normal,0.6931827664375305
l679vb,normal,0.8261775374412537
l808td,normal,0.6976751089096069
mx2rk4,normal,0.776305615901947
ky69u4,normal,0.765482485294342
kyqr5g,normal,0.8058984279632568
mstw8p,normal,0.7534384727478027
lkcrqr,normal,0.7543550133705139
mq1lqe,normal,0.7484733462333679
m9qyk9,normal,0.8039724826812744
k9wogn,normal,0.7357425093650818
la4j96,normal,0.6664534211158752
llda6l,normal,0.767885684967041
mephcr,normal,0.7735294699668884
mnuwel,normal,0.7086383700370789
mdatp0,normal,0.7663577795028687
hbfywh,normal,0.7681796550750732
mtvumi,normal,0.6964738965034485
hdq04s,normal,0.7517595291137695
mll5fm,normal,0.7956218123435974
lnhurw,normal,0.8166125416755676
mjenuj,normal,0.7960480451583862
khjx0p,normal,0.7490307688713074
lqla3l,normal,0.6753477454185486
mt9ad6,normal,0.6800231337547302
j993qo,normal,0.7563543319702148
i7puy7,normal,0.7106758952140808
miu4vt,normal,0.7540343403816223
k5lfmp,normal,0.7882499694824219
mrrxlk,normal,0.7573637366294861
lazx0l,normal,0.7915750741958618
lcel12,normal,0.7980165481567383
lzu0sq,normal,0.7390891313552856
mosza4,normal,0.6491629481315613
fln7j7,normal,0.7744287848472595
gwh8ij,normal,0.8070911169052124
mlbum1,normal,0.6753206253051758
m9atj5,normal,0.7927699089050293
mo6r3f,normal,0.5690167546272278
mk6uvx,normal,0.7932947874069214
mip9sm,normal,0.8116414546966553
muw648,normal,0.769208550453186
mv5res,normal,0.7767634987831116
l5enrl,normal,0.7883355617523193
kjwz7v,normal,0.7532399296760559
llsf51,normal,0.7839747071266174
mqmyiw,normal,0.740813672542572
mvtazw,normal,0.7041345238685608
leygeu,normal,0.5266958475112915
kiifud,normal,0.7716344594955444
lgbc70,normal,0.7865854501724243
k85n4o,normal,0.7311918139457703
lglt0f,normal,0.7438713312149048
llcwou,offensive,0.40695035457611084
leqryv,normal,0.8023421764373779
lf1j1b,normal,0.6596508622169495
lwxx6j,normal,0.8054593205451965
iil209,normal,0.7643172144889832
i5ozhj,normal,0.7617366909980774
lwjy7k,normal,0.7488526105880737
mtspy8,offensive,0.48640745878219604
jut0ej,normal,0.6880120038986206
mrob1t,normal,0.728453516960144
l2d6cj,normal,0.7401614785194397
kbj1k2,normal,0.7305747866630554
kr4aff,normal,0.7501260042190552
mjh2za,normal,0.6382679343223572
jhxbqk,normal,0.7745058536529541
mo6n6d,normal,0.81393963098526
kyp6ru,normal,0.7023369073867798
mxmanm,normal,0.6922211050987244
kw5ihf,normal,0.7697598934173584
jcazfe,normal,0.7703714966773987
fymre6,normal,0.8093807697296143
m1fw8v,normal,0.7893360257148743
m34ylg,normal,0.5072759389877319
lru41y,normal,0.798689067363739
k1s6nc,normal,0.8100885152816772
met5nd,normal,0.7050412893295288
etbgfc,normal,0.7557958960533142
efcru0,normal,0.7912850975990295
ipj3mt,normal,0.7540030479431152
d2aumk,normal,0.6880064010620117
aj1osh,normal,0.7189258933067322
mbdtxl,normal,0.6359596848487854
f61eqy,normal,0.7206452488899231
meibzg,normal,0.7145082354545593
ccv3be,normal,0.7472675442695618
haksqi,normal,0.7652263045310974
jb07nu,normal,0.7716437578201294
1ax3b9,normal,0.6042380928993225
4o4huf,normal,0.6632843613624573
620vlf,normal,0.8039320707321167
2b851p,normal,0.773581326007843
10e573,normal,0.8106536269187927
6ffy94,normal,0.7733702659606934
19geic,normal,0.7597917914390564
mou0ad,normal,0.7627427577972412
ktyhsp,normal,0.6949930191040039
lz6ugf,normal,0.7087224125862122
k0d4un,normal,0.5053383111953735
lpsa3n,normal,0.7615718245506287
hgwtzj,normal,0.7380955815315247
jmvfrl,normal,0.7228778600692749
khil13,normal,0.7758246660232544
llizzf,normal,0.6660284399986267
j9sjhi,normal,0.740351140499115
k21m47,normal,0.7274235486984253
kvovp6,normal,0.7334252595901489
3joyi1,normal,0.78209388256073
gg7bdr,normal,0.6694106459617615
g7msx2,normal,0.7851925492286682
lbilg3,normal,0.6824473738670349
b68kv9,normal,0.7531934380531311
kkvddl,normal,0.7788305878639221
m4hyrf,normal,0.7724945545196533
it6pm8,normal,0.7158533334732056
lo9bc3,normal,0.7452271580696106
1co179,normal,0.6735024452209473
hibg2c,normal,0.7206088304519653
1jshwz,normal,0.7396749258041382
1darjv,normal,0.6537193655967712
l8ok9d,normal,0.7788349986076355
evnm3b,normal,0.829653799533844
lnezp9,normal,0.7621489763259888
kwf0tk,normal,0.7836300730705261
m3lgq5,normal,0.5099626779556274
mm6ynt,normal,0.6322255730628967
iqou89,normal,0.4827667772769928
kqln8b,normal,0.7315848469734192
kmi8jm,normal,0.6719566583633423
5h9ol6,normal,0.8030647039413452
jj1bsw,normal,0.7086281180381775
ka76tc,normal,0.8143836855888367
as43yt,normal,0.5771756768226624
i8z2ry,normal,0.7133988738059998
jpr912,normal,0.7581112384796143
k5eogk,normal,0.6901920437812805
in5qpd,normal,0.7637178301811218
av8msq,normal,0.7824908494949341
9esjit,normal,0.7850572466850281
46ap7s,normal,0.8041092753410339
go11u7,normal,0.5961259603500366
6omlh,normal,0.7591768503189087
5ksniw,normal,0.7695770859718323
dehpwf,normal,0.7768020033836365
hgu3mg,normal,0.7812541127204895
e0m7ww,normal,0.6856378316879272
inj1d,normal,0.7659043073654175
41pp6f,normal,0.5245713591575623
gagxh,normal,0.779704213142395
jq7eqo,normal,0.7376959919929504
bmyv66,normal,0.6694530248641968
fcngpe,normal,0.7558863759040833
lh63ox,normal,0.6946882009506226
9ofed9,normal,0.7683073878288269
k670xz,normal,0.6557326912879944
h8zd6f,normal,0.8143476247787476
gll6z6,normal,0.7472385764122009
cmk9q,normal,0.7667946219444275
bqisbx,normal,0.6541557908058167
jk19dn,normal,0.79457688331604
fcb989,normal,0.7733985185623169
b3fb4b,normal,0.7916484475135803
h9m8m5,normal,0.6596463322639465
a82dkg,normal,0.5475360155105591
gaowj0,normal,0.6766496300697327
5necnp,normal,0.5724437236785889
ap0i5n,normal,0.613408625125885
a9z5u4,normal,0.4213090240955353
22ys2x,normal,0.7749168872833252
10cn5h,normal,0.6205066442489624
8jbwor,normal,0.7435414791107178
7o25k,normal,0.7433242797851562
4uqb78,normal,0.7462248206138611
a6ajo,normal,0.7776411771774292
1wx84z,normal,0.5371085405349731
4vocdt,normal,0.7137320637702942
1unaq0,normal,0.5612800717353821
me6f5u,normal,0.7643425464630127
mivde0,normal,0.8077715635299683
jmqlfl,normal,0.8195178508758545
mx59hs,normal,0.7335395216941833
g3oc4t,normal,0.7277879118919373
gf9uoi,normal,0.7641292214393616
mfx4rk,normal,0.7893778681755066
h16mcl,normal,0.7568027377128601
mdc9iy,normal,0.7819071412086487
huw307,normal,0.7524928450584412
fqwhwa,normal,0.7830398082733154
85jhby,normal,0.7880330681800842
i22dok,normal,0.7741730213165283
ibzkq2,normal,0.8229085803031921
lp8od0,normal,0.7136922478675842
cgygqp,normal,0.6903163194656372
2v5czi,normal,0.8302543759346008
kl27ne,normal,0.793208658695221
hyvs8q,normal,0.7754027247428894
k2mwm5,normal,0.8147226572036743
ht9825,normal,0.6777526140213013
hl5w23,normal,0.7379234433174133
b6812s,normal,0.7430898547172546
k2wcu1,normal,0.7988895773887634
hp5jh8,normal,0.8076381683349609
kkppy6,normal,0.6983537673950195
735q9l,normal,0.7988648414611816
lek2kn,normal,0.8076204061508179
lbtbg7,normal,0.706556499004364
hzmff1,normal,0.7467941641807556
kbvhuq,normal,0.7803059220314026
3gpi6f,normal,0.774756133556366
fxl93,normal,0.8045137524604797
22jkmz,normal,0.7652571797370911
6hyjfb,normal,0.7703771591186523
3g3mcy,normal,0.7846348285675049
1uelx3,normal,0.7380886673927307
3tpt56,normal,0.7115333676338196
elno13,normal,0.6678124666213989
6g44dh,normal,0.7212317585945129
6hqe1u,normal,0.6753717064857483
dwaeta,normal,0.7163056135177612
ll65u9,normal,0.7326327562332153
ldty5q,normal,0.7463454008102417
3s1hm5,normal,0.7263604998588562
25w5xw,normal,0.7933588027954102
ekh6ls,normal,0.7529547214508057
h84m8n,normal,0.7905169725418091
jixoqm,normal,0.811489999294281
md18zz,normal,0.7242558598518372
mr3toa,normal,0.6965587735176086
lw321d,normal,0.7892955541610718
mw939m,normal,0.6360612511634827
msu1lg,normal,0.7384015321731567
mszbm4,normal,0.7692973017692566
lz63eq,normal,0.7998687624931335
ll6y79,normal,0.6796318292617798
mpqehg,normal,0.7768663167953491
mcgy3w,normal,0.7527681589126587
mhyzxm,normal,0.7396068572998047
mi8lsu,normal,0.7560509443283081
mqyf1u,normal,0.7790770530700684
ki7dsv,normal,0.7894638776779175
mtcnnn,normal,0.7586960792541504
lreszq,normal,0.6936069130897522
moi93t,normal,0.7804502844810486
mrawoh,normal,0.7185943126678467
kn38ib,normal,0.7928826212882996
kzfnd5,normal,0.7501360774040222
mrp7xn,normal,0.6547768115997314
mgnbdt,normal,0.7680399417877197
m5ewwl,normal,0.8026925921440125
ma3rff,normal,0.7715891003608704
mefcbu,normal,0.572184681892395
l8k1j9,normal,0.8035109639167786
mgaf25,normal,0.7989242076873779
lg9z90,normal,0.6621790528297424
md2b4b,normal,0.734385073184967
m6vf8b,normal,0.43810218572616577
l9vjdg,normal,0.6557798385620117
mbfzu7,normal,0.794152557849884
l2kosh,normal,0.8072919845581055
mx3khy,normal,0.7870071530342102
mwlgb1,normal,0.8116899132728577
mdlha1,normal,0.7174763083457947
mbndtn,normal,0.7984638214111328
m0ld4m,normal,0.7957730889320374
mio107,normal,0.7941495180130005
ksefuj,normal,0.7681066989898682
mju6ht,normal,0.7579787373542786
lwfs07,normal,0.7472173571586609
lt45bf,normal,0.6905308961868286
la8iix,normal,0.7641693949699402
g4w0ko,normal,0.6836273670196533
7wpw50,normal,0.7135518193244934
23asc6,normal,0.7892913818359375
vdsdq,normal,0.7146528363227844
buw6np,normal,0.8040252923965454
buqfly,normal,0.7295071482658386
b5maay,normal,0.8372077941894531
4w8ztz,normal,0.7732892036437988
m812po,normal,0.7622191309928894
mhgt5x,normal,0.6484184265136719
md2zpc,normal,0.8181450366973877
kz9n14,normal,0.783843457698822
mk9x3m,normal,0.757010817527771
mdo287,normal,0.741732656955719
mw3c94,normal,0.7503068447113037
m678ej,normal,0.7452818751335144
kqu9wi,normal,0.6932758688926697
ks7sbd,normal,0.8193038105964661
mlma5o,normal,0.7250245213508606
lexol9,normal,0.8400763869285583
kuomch,normal,0.729479193687439
ma1dk3,normal,0.7782785892486572
m90zyp,normal,0.7836257219314575
j7e6v4,normal,0.6352883577346802
lys5cj,normal,0.7219449877738953
mmjegd,normal,0.6814241409301758
mjwqs9,normal,0.7930591702461243
lf3s8h,normal,0.7696145176887512
g7y4vs,normal,0.75201016664505
l1xlsi,normal,0.7934011816978455
l4pg1h,normal,0.8236382603645325
m6p8cf,normal,0.7509360313415527
jt9ec9,normal,0.7310529351234436
mnbtca,normal,0.7765989899635315
g9muek,normal,0.7558753490447998
fj6ghw,normal,0.758918821811676
mdubbo,normal,0.7868603467941284
k09t35,normal,0.6406352519989014
mctmir,normal,0.7073731422424316
ju97fv,normal,0.759442925453186
k3z0rg,normal,0.7895268201828003
hv3xr7,normal,0.6504879593849182
msewtw,normal,0.7379891872406006
hf2jbt,normal,0.6487098336219788
h7gp5q,normal,0.7227911353111267
lweaov,normal,0.7994723320007324
g90w5q,normal,0.8178415298461914
loqrwq,normal,0.7746281027793884
ltl0i0,normal,0.8161181211471558
hjh5xy,normal,0.7328817844390869
lm5077,normal,0.6702136397361755
ms9xh4,normal,0.8088091015815735
m1t8rn,normal,0.75614994764328
m75yf1,normal,0.5935529470443726
koe2uz,normal,0.7930206656455994
exwejs,normal,0.8318830132484436
k9yjf5,normal,0.7134330868721008
ltrryl,normal,0.7834930419921875
infy6s,normal,0.77604740858078
mudn44,normal,0.7023150324821472
hami3u,normal,0.7715103030204773
efgehx,normal,0.7720707058906555
kdcans,normal,0.7211489677429199
jo7g70,normal,0.7877449989318848
mx35v0,normal,0.6708466410636902
mx8lqm,normal,0.7869442105293274
lxshxq,normal,0.8104792237281799
jsv1zx,normal,0.8164026737213135
lvpa4a,normal,0.663145124912262
lp568o,normal,0.800640344619751
mc0adm,normal,0.8014476895332336
kalkof,normal,0.770558774471283
luh61t,normal,0.7778552770614624
kp7fp9,normal,0.713751494884491
mqx7qf,normal,0.8053600192070007
mo4zpr,normal,0.793266236782074
kwmhtz,normal,0.6594763994216919
l9rrsh,normal,0.7740744948387146
m5zily,normal,0.7713165879249573
mv343w,normal,0.7011630535125732
l835wc,normal,0.6828545331954956
m6dguz,normal,0.7693420648574829
ldjk1s,normal,0.7731311917304993
c15qpb,normal,0.7783229351043701
jrpfzl,normal,0.762334942817688
j6abn6,normal,0.7404605150222778
c0qjgd,normal,0.650703489780426
hi2muh,normal,0.6826085448265076
miv0xe,normal,0.7796217203140259
hnt45i,normal,0.6985089778900146
m0o9fa,normal,0.7440389394760132
lcgol1,normal,0.7840424180030823
mve3b5,normal,0.7418707609176636
mwpdoc,normal,0.7836253643035889
m0nc1m,normal,0.8006221652030945
meu2bx,normal,0.7331692576408386
meragl,normal,0.776298463344574
m8eyn0,normal,0.7659690976142883
hoi94g,normal,0.7952154874801636
lj8i50,normal,0.7464007139205933
l2amrz,normal,0.6668346524238586
kseove,normal,0.7665606141090393
kmz36l,normal,0.7175986170768738
gep128,normal,0.6849368810653687
ct9gmb,normal,0.7841943502426147
m86194,normal,0.6377843618392944
jono0x,normal,0.6690024137496948
mk0mjz,normal,0.6524070501327515
fevp1j,normal,0.760186493396759
ijhhc8,normal,0.7769657969474792
ipf0s7,normal,0.7833588719367981
i9urwh,normal,0.7440201640129089
gapnyb,normal,0.7200326919555664
f99j08,normal,0.7189041376113892
ikkjq9,normal,0.729546844959259
edy0tr,normal,0.8079349398612976
cwms55,normal,0.7720035314559937
fckcwm,normal,0.7626289129257202
kxd9y9,normal,0.7595235109329224
m4vqqd,normal,0.7463468909263611
7cmf5n,normal,0.8160449862480164
mm4tkv,normal,0.7912941575050354
lb4n5v,normal,0.7767569422721863
les682,normal,0.7762646675109863
lwqb2g,normal,0.8046734929084778
l7b778,normal,0.7583391666412354
mpksqp,normal,0.7788354754447937
koqerj,normal,0.703686535358429
llua50,normal,0.7599231600761414
kb4jde,normal,0.769308865070343
m28xgn,normal,0.7614487409591675
mh4zt8,normal,0.7633526921272278
mubx3j,normal,0.7874006032943726
m1e3h7,normal,0.8011980056762695
mn8oms,normal,0.6792315244674683
laap8i,normal,0.7838398814201355
msroke,normal,0.7578418254852295
mrhlpp,normal,0.7503825426101685
jqfg66,normal,0.7551482319831848
kci92w,normal,0.8085896968841553
l0o5zf,normal,0.6238371133804321
l2vd2f,normal,0.8133987188339233
mdvryr,normal,0.783510684967041
lwmcu0,normal,0.7532122731208801
gz15v4,normal,0.7738654017448425
