tweet_id,classification,classification_score
lexo7h,normal,0.7847223877906799
iyfdwv,normal,0.8016091585159302
ce7q8t,normal,0.7231704592704773
g9wwaa,normal,0.7963671088218689
f4ghmp,normal,0.8276622891426086
f002ql,normal,0.726372241973877
ezfpxn,normal,0.7885754704475403
e6aqka,normal,0.7370361089706421
ld08ga,normal,0.7884886860847473
k4oskq,normal,0.7189800143241882
md370c,normal,0.7681135535240173
mvoayr,normal,0.823729395866394
mknic9,normal,0.7342146635055542
lrhsbc,normal,0.8037039637565613
ljbzmu,normal,0.561823844909668
jsecic,normal,0.8192777037620544
jzn2fv,normal,0.707940936088562
l05tar,normal,0.7350500822067261
lprm4z,normal,0.5843310952186584
jyju3j,normal,0.7117454409599304
k73v43,normal,0.7328080534934998
k92sr3,normal,0.8134911060333252
km0t4i,normal,0.7609944939613342
lb1upx,normal,0.5146498084068298
m6onl2,normal,0.7175456285476685
ln0cee,normal,0.7891008257865906
ix1sup,normal,0.714038074016571
mcp2di,normal,0.7711585164070129
mk9lqa,normal,0.7361038327217102
ml1ax8,normal,0.7696109414100647
fljk5v,normal,0.6848788261413574
m15j0i,normal,0.6569210290908813
e8kj81,normal,0.7595376372337341
lmwka4,normal,0.7055749297142029
jy0eew,normal,0.8082883358001709
kbcso2,normal,0.749147891998291
jt884z,normal,0.8051391243934631
md1kfm,normal,0.7527740597724915
mx8d4e,normal,0.518082857131958
mvtbew,normal,0.7715478539466858
mv83l3,normal,0.7471280097961426
muuz9t,normal,0.619543194770813
mu4gnq,normal,0.7397197484970093
mtv0ak,normal,0.7280222177505493
ms3x9w,normal,0.7789517045021057
mrt670,normal,0.650316059589386
mrt4pz,normal,0.7996098399162292
mrnzav,normal,0.7662423849105835
mq4efw,normal,0.7613899111747742
mq0tb4,normal,0.7310092449188232
mpdyqd,normal,0.7948631644248962
mp4e1x,normal,0.7373484373092651
mvrma2,normal,0.7553229331970215
mu0u96,normal,0.7342577576637268
mssy4l,normal,0.749729573726654
mpb70b,normal,0.6836899518966675
mojij3,normal,0.7481508851051331
mnl7v6,normal,0.6996204853057861
mkw1q2,normal,0.7046246528625488
mktfqj,normal,0.6206644177436829
mhss7y,normal,0.7422142028808594
mccc9v,normal,0.7945175170898438
mbef0g,normal,0.5310641527175903
mahio3,normal,0.7624348402023315
mwxw8u,normal,0.710828423500061
mu71gh,normal,0.7094330191612244
mthmxy,normal,0.7695789337158203
mvf0o2,normal,0.7965306639671326
mv5nfq,normal,0.7830674052238464
mow7ik,normal,0.7610533237457275
mqi321,normal,0.7829451560974121
mqkzuy,normal,0.7670841813087463
mnftvb,normal,0.7875482439994812
mq72np,normal,0.733898937702179
moebw4,normal,0.8501799702644348
mnujkt,normal,0.8097692131996155
mv1a2l,normal,0.7728886604309082
mszci2,normal,0.7839500308036804
mr0h8e,normal,0.817527711391449
moajpv,normal,0.7757789492607117
mmyw4u,normal,0.7916937470436096
mmwnb2,normal,0.6186973452568054
mm2060,normal,0.8273348212242126
mhyb7d,normal,0.7605562806129456
mhpamy,normal,0.7093939185142517
mixxj9,normal,0.8071173429489136
mco706,normal,0.7459245920181274
m7bmks,normal,0.6968210935592651
iprbuz,normal,0.797190248966217
cto8vk,normal,0.6256967186927795
evax94,normal,0.7745822668075562
a81ejt,normal,0.7195492386817932
2zlkp1,normal,0.7772073745727539
kavbji,normal,0.8241372108459473
5bpllh,normal,0.6985175013542175
mmk50p,normal,0.6593274474143982
mgkrhn,normal,0.770254373550415
kpqqos,normal,0.6936359405517578
m4cnqg,normal,0.7424296736717224
lfn5st,normal,0.7043547630310059
lykm73,normal,0.749692976474762
kzqa3j,normal,0.6930224895477295
k8dsyo,normal,0.7202422022819519
lyywrx,normal,0.781158447265625
ixic04,normal,0.7631222605705261
l13rha,normal,0.792612612247467
kwmzz4,normal,0.7879776954650879
m92fan,normal,0.6755850315093994
mijbc7,normal,0.770584225654602
m2urow,normal,0.7198262214660645
muijw0,normal,0.8068428039550781
mxums1,normal,0.7809401154518127
mx27w8,normal,0.7834382653236389
mxqjck,normal,0.7423424124717712
mx2rk4,normal,0.776305615901947
mxkztt,normal,0.8393480181694031
mx2n25,normal,0.8241589665412903
mw6udo,normal,0.8278265595436096
mt2pwf,normal,0.8244916796684265
mtmu4a,normal,0.790587306022644
mw84e6,normal,0.6735916137695312
mugb5i,normal,0.6645387411117554
mujrs8,normal,0.8197594285011292
mtmucb,normal,0.6357675790786743
msux98,normal,0.7938143014907837
mxq5ui,normal,0.7740256190299988
mxwgc3,normal,0.7841455936431885
mxpilt,normal,0.7207784652709961
mxuwe1,normal,0.777620255947113
my291o,normal,0.8215494751930237
mxpgee,normal,0.7651233673095703
mxytad,normal,0.7876166105270386
mxxg36,normal,0.7723296880722046
mux88x,normal,0.7833951115608215
mv2haq,normal,0.64841628074646
mxdtsl,normal,0.797322690486908
mxdqqv,normal,0.6785018444061279
mxci4c,normal,0.7352731823921204
mx18pl,normal,0.7806798815727234
meizev,normal,0.7979057431221008
maatum,normal,0.8303490877151489
jgej25,normal,0.6736933588981628
m0o9zy,normal,0.8347052931785583
ku04jd,normal,0.819794774055481
kskb5v,normal,0.727078378200531
luzfez,normal,0.8400692939758301
kft0ch,normal,0.8208743929862976
levr1g,normal,0.8234427571296692
ljvcqk,normal,0.8263697624206543
lixmzw,normal,0.7773219347000122
levvai,normal,0.805712878704071
j7bwph,normal,0.7004022002220154
jggix8,normal,0.7459073662757874
mphvuc,normal,0.796397864818573
mxnuua,normal,0.7550628185272217
mx3icg,normal,0.800972044467926
mvqra5,normal,0.7735340595245361
mwpogn,normal,0.7828873991966248
mwevb2,normal,0.6889058351516724
mwpdum,normal,0.7951905727386475
mwg4l9,normal,0.813475489616394
mvt5cx,normal,0.6560762524604797
mviw79,normal,0.7477632164955139
mxk0wb,normal,0.8080304265022278
mxqmi8,normal,0.7704488635063171
mxmgky,normal,0.7779983282089233
mu9jp1,normal,0.7832589149475098
my0hw0,normal,0.8245117664337158
mo6r3f,normal,0.5690167546272278
msjjm0,normal,0.7953338623046875
mu1ibv,normal,0.7358871698379517
mdyrq4,normal,0.7863194942474365
mphfde,normal,0.7978793978691101
le2zbs,normal,0.7670899629592896
lb5vo5,normal,0.7745519876480103
m7wbpm,normal,0.7810564637184143
mpi492,normal,0.8066505193710327
mpel6e,normal,0.7253475189208984
koa5ky,normal,0.77790766954422
mkwrt5,normal,0.7459045052528381
mgjicv,normal,0.7344497442245483
m6u5no,normal,0.7824863195419312
mk28i6,normal,0.8044569492340088
lnwikn,normal,0.7226101756095886
mtnwc3,normal,0.7602777481079102
mq64b5,normal,0.7218526601791382
m17e3a,normal,0.6353476047515869
mjpiey,normal,0.7623648643493652
lvcrgp,normal,0.7918782830238342
mwc1rg,normal,0.78828364610672
mqy6it,normal,0.7892560958862305
lndz0d,normal,0.5880865454673767
mqr02i,normal,0.8222305178642273
