tweet_id,classification,classification_score
esml1f,normal,0.7671257853507996
jtaczu,normal,0.8071573972702026
jw9xzy,normal,0.7275019884109497
etgs5t,normal,0.7298967838287354
7njw3x,normal,0.7824047207832336
k1pmw3,normal,0.7618665099143982
k01o82,normal,0.7918710112571716
eq45q6,normal,0.8114818930625916
eqs0km,normal,0.7794215083122253
7grjm7,normal,0.837186336517334
jw9zr1,normal,0.7671053409576416
jwa23b,normal,0.7946328520774841
k1r1t5,normal,0.7699567675590515
mvgqxi,normal,0.7459224462509155
md0ryc,normal,0.736126720905304
hwzy1l,normal,0.7555102705955505
fldxm2,normal,0.7660156488418579
f6t3z3,normal,0.8118043541908264
971d8l,normal,0.8223704099655151
96v7xd,normal,0.7900660634040833
8ocgp1,normal,0.7370145320892334
7p8c8v,normal,0.8022213578224182
7jfeyl,normal,0.7778080701828003
7h5sr8,normal,0.8258349895477295
7gb097,normal,0.6820573210716248
e935g3,normal,0.7823500633239746
aw4duw,normal,0.7143498063087463
7iju2k,normal,0.8352450728416443
7ng2ia,normal,0.7954050898551941
9ggh4y,normal,0.7491834759712219
3s7lga,normal,0.7716062068939209
2o69er,normal,0.7245146632194519
mf8pka,normal,0.8070734143257141
lht1fw,normal,0.8006782531738281
mbteci,normal,0.8424375653266907
lwk7uw,normal,0.8432229161262512
m82ciy,normal,0.7810410261154175
l68jkt,normal,0.7625241875648499
he2ydo,normal,0.7302382588386536
lkfl9x,normal,0.7587606310844421
mazegx,normal,0.8012756109237671
lf2yqx,normal,0.7415764927864075
g5li93,normal,0.750697135925293
kbr9s7,normal,0.7590377926826477
l55pzh,normal,0.7932853102684021
lp51l4,normal,0.7735840082168579
j86hke,normal,0.7699055075645447
mxon49,normal,0.8106325268745422
mu952x,normal,0.7445228099822998
mvg4bn,normal,0.8026190400123596
mu8imz,normal,0.7602194547653198
mk8m8q,normal,0.7903309464454651
mj3v9o,normal,0.7720597982406616
mgu84s,normal,0.6855580806732178
mcjurl,normal,0.7919738292694092
mcp2eh,normal,0.8215983510017395
ll6qzw,normal,0.7886154651641846
leb64u,normal,0.771756649017334
lghdgo,normal,0.8024128675460815
lcqty2,normal,0.6950582265853882
mvszmo,normal,0.7778735160827637
mtvqny,normal,0.7795482277870178
mqhbzn,normal,0.7838827967643738
ma4z38,normal,0.761215090751648
m70kek,normal,0.7893041968345642
m0twug,normal,0.7610900402069092
lybj27,normal,0.6889820098876953
lkz2s5,normal,0.777971088886261
lgy4qt,normal,0.7981501221656799
kpumje,normal,0.801878035068512
knwe96,normal,0.7617887258529663
mv12dp,normal,0.7472713589668274
kp0v1s,normal,0.7944655418395996
g9do7r,normal,0.6680072546005249
kc4cz5,normal,0.7243279218673706
b8p1we,normal,0.8122818470001221
7ck6y4,normal,0.6854196190834045
2im096,normal,0.7924070954322815
g852xy,normal,0.8271251320838928
6bqex0,normal,0.7743868231773376
gmhxbz,normal,0.7642914652824402
6temsx,normal,0.6542547941207886
mtgaht,normal,0.6748607754707336
muc9qs,normal,0.7831604480743408
mrbn89,normal,0.7762542366981506
mnwbs6,normal,0.6926848292350769
mmptiq,normal,0.7614349126815796
mf9jpt,normal,0.6996573805809021
mg7wrd,normal,0.8002631664276123
mfsu10,normal,0.8090350031852722
mcga7g,normal,0.7952234148979187
m7xxgv,normal,0.7912139296531677
m1neng,normal,0.7680145502090454
lo29ap,normal,0.7183526754379272
mxxzbx,normal,0.6443384289741516
mtn3r7,normal,0.7612339854240417
mu69v2,normal,0.8199683427810669
ms4fs4,normal,0.7295889854431152
mi1468,normal,0.7772935032844543
mioorl,normal,0.7542511820793152
mfffyc,normal,0.787048876285553
mfjgan,normal,0.748748242855072
mgrtlf,normal,0.7173125743865967
mtkjnd,normal,0.7914055585861206
mhjuz3,normal,0.8136239647865295
moao5p,normal,0.7845584750175476
mx0mxi,normal,0.7406386137008667
mm45ro,normal,0.8228411078453064
mrhh14,normal,0.7541387677192688
