tweet_id,classification,classification_score
6kpry4,normal,0.8063454627990723
l6sm8r,normal,0.7763595581054688
j5pvhz,normal,0.7789872884750366
4g4a30,normal,0.7656471729278564
hauiah,normal,0.793650209903717
coprgg,normal,0.750232994556427
69qyhv,normal,0.7218292355537415
9w51nv,normal,0.7974612712860107
9qmfft,normal,0.716230571269989
99xh4x,normal,0.7909093499183655
9o8lgu,normal,0.7401920557022095
a8oqq5,normal,0.7270385026931763
8qcj4b,normal,0.6797100305557251
a4ed81,normal,0.8197166323661804
6kpm8h,normal,0.8144096732139587
6f4j95,normal,0.7527204155921936
6keg56,normal,0.8003056645393372
693k9i,normal,0.7700605392456055
6ieecu,normal,0.7856668829917908
6kvtrq,normal,0.805069088935852
6etls0,normal,0.7818048000335693
6kr54h,normal,0.7704100012779236
m6v6xl,normal,0.791968822479248
m8r8a6,normal,0.7780947685241699
mt57dy,normal,0.7399675250053406
lg5a06,normal,0.703202486038208
ky5k40,normal,0.7123064398765564
k328r1,normal,0.7396854758262634
me25lr,normal,0.825796902179718
kln1em,normal,0.8162397742271423
kqcqde,normal,0.7142311930656433
kvoapv,normal,0.7506109476089478
k7m9qd,normal,0.7702301144599915
m5htd6,normal,0.7118914723396301
jgme3v,normal,0.7936789393424988
mrsre0,normal,0.7491010427474976
mxfgsh,normal,0.7800674438476562
mxlbmi,normal,0.8000049591064453
mxiotw,normal,0.7361293435096741
mxd4mf,normal,0.7221706509590149
mvwcq1,normal,0.7773219347000122
mu8v56,normal,0.7615310549736023
mu3ppy,normal,0.8130005598068237
mtq0e6,normal,0.7069621086120605
mq1tin,normal,0.8128141164779663
mp40n1,normal,0.7992495894432068
moc7zl,normal,0.7942306399345398
mn2r5e,normal,0.7927010655403137
mg5hop,normal,0.8212172389030457
mjj3u7,normal,0.8065440058708191
mjcldu,normal,0.7486089468002319
mizlxy,normal,0.7504482269287109
mvb0v8,normal,0.8185368776321411
l8k03v,normal,0.7977787256240845
m3jzf6,normal,0.8196295499801636
lam1kn,normal,0.8126547932624817
m4z7ri,normal,0.7446172833442688
mn1muk,normal,0.7588828206062317
k1atbb,normal,0.8154884576797485
kjgmyo,normal,0.8022892475128174
iecsup,normal,0.7741492390632629
mrk4ss,normal,0.749153733253479
mimnx0,normal,0.781371533870697
kej0w2,normal,0.7288740873336792
ltdrw2,normal,0.8390871286392212
efxv7h,normal,0.766796350479126
mhw4yg,normal,0.8098298907279968
eklxra,normal,0.760137677192688
gmom34,normal,0.7945008277893066
gem75v,normal,0.804595947265625
biyyhn,normal,0.789753258228302
2e8k6f,normal,0.7964443564414978
mewc1x,normal,0.7987962961196899
l11n70,normal,0.7795160412788391
m4g6vg,normal,0.788916826248169
mj6p6k,normal,0.7794670462608337
lqvp03,normal,0.8023476004600525
l3nb8y,normal,0.7384698987007141
jrd3x0,normal,0.7668572068214417
k83mi5,normal,0.7533432245254517
ahydi9,normal,0.743005096912384
k6qy34,normal,0.7610489130020142
kez4we,normal,0.7169812321662903
jyautb,normal,0.7237157821655273
9wtr30,normal,0.7321939468383789
gp7mcg,normal,0.8035457730293274
iy047x,normal,0.6474685072898865
maix82,normal,0.7911866903305054
md7cvk,normal,0.7762740850448608
igdyed,normal,0.8185790181159973
gb4xxy,normal,0.788447380065918
hcmgnq,normal,0.7605278491973877
gnw686,normal,0.7878358960151672
b6s30y,normal,0.729808509349823
a2kib6,normal,0.7120715975761414
bblk33,normal,0.7620962262153625
9vw94z,normal,0.7540746927261353
cfppbw,normal,0.7810617685317993
apa071,normal,0.8064217567443848
9obl1t,normal,0.76418536901474
1cfazp,normal,0.7583597898483276
ky6vl5,normal,0.8026354908943176
hdj3x8,normal,0.7797316312789917
mmq3ur,normal,0.7291375398635864
mqaqve,normal,0.7699546813964844
lidcch,normal,0.7655394673347473
mtfr9k,normal,0.7653902173042297
mwoxxp,normal,0.7959970235824585
6l2pfc,normal,0.7133473753929138
m7e203,normal,0.7845991253852844
likuxs,normal,0.7388873100280762
6o9b92,normal,0.7907561659812927
fev9vd,normal,0.7702299356460571
lgh9e5,normal,0.810701847076416
kny26d,normal,0.8126802444458008
i9v22a,normal,0.751741349697113
m79gnb,normal,0.7018104195594788
mgpr18,normal,0.8229544758796692
6k4kb8,normal,0.8303567171096802
m4ftwb,normal,0.8169578313827515
l6skte,normal,0.7763595581054688
hauhwe,normal,0.795695960521698
4g4a6x,normal,0.7656471729278564
9fjmuw,normal,0.7475337982177734
9bql4m,normal,0.6609881520271301
6qm5fe,normal,0.7676796913146973
7huqxc,normal,0.8015811443328857
63shkj,normal,0.8003162145614624
4gb6if,normal,0.7747121453285217
50j778,normal,0.8116936683654785
5khras,normal,0.7834827303886414
kumrl1,normal,0.8139264583587646
hmj53b,normal,0.6934822201728821
h9kmpq,normal,0.7016535401344299
g9nvev,normal,0.7818465828895569
gm6n5x,normal,0.7150933146476746
a4y2mc,normal,0.7433332204818726
4sb8bs,normal,0.780005156993866
1cwvq2,normal,0.7532421350479126
1dmd1r,normal,0.7552756071090698
mnr52u,normal,0.7711642980575562
lx0nz6,normal,0.8278188109397888
ljyyha,normal,0.7569565773010254
l9e144,normal,0.7264102697372437
m9bq5f,normal,0.7782342433929443
ksd5jn,normal,0.774614691734314
kynf5s,normal,0.8245912194252014
ku33jp,normal,0.8384732007980347
lin05f,normal,0.776118814945221
kl88oq,normal,0.7220924496650696
jmatk3,normal,0.7117364406585693
j8vegc,normal,0.6900205612182617
kb0nl8,normal,0.7531071305274963
jyahee,normal,0.7016881704330444
j3poz7,normal,0.5410289764404297
m8r940,normal,0.7780947685241699
khge4z,normal,0.8071107268333435
ky1p1i,normal,0.8148975372314453
mvdjm2,normal,0.7283928990364075
mxp5bs,normal,0.7411150336265564
ms1n9f,normal,0.7349593043327332
l8tcpu,normal,0.823387622833252
morkth,normal,0.7211915850639343
miivoi,normal,0.7300259470939636
mey4j2,normal,0.8027544021606445
jcef18,normal,0.7789969444274902
lmk1oe,normal,0.6360390782356262
mh6iln,normal,0.5953789949417114
mcn1g2,normal,0.7747397422790527
m8fnyg,normal,0.7311120629310608
lwyhg7,normal,0.8180825114250183
mvhxar,normal,0.7718796730041504
mdprmf,normal,0.8022795915603638
gh3c38,normal,0.7519431114196777
m4t7fq,normal,0.7914824485778809
l4shjf,normal,0.760587215423584
m8avn1,normal,0.8082464337348938
ksvykn,normal,0.7129637598991394
lt1rwv,normal,0.7652226686477661
lzo7wc,normal,0.7419309020042419
loj4ju,normal,0.5827821493148804
lo7jcg,normal,0.7054221630096436
lvu77k,normal,0.7484975457191467
mtes7u,normal,0.6916902661323547
mhkunm,normal,0.8145190477371216
ix1l16,normal,0.5414944291114807
mkp2an,normal,0.7058247923851013
lt1l0j,normal,0.7798202037811279
kq4zl0,normal,0.7404559850692749
mjboc8,normal,0.7845533490180969
lelilw,normal,0.7043624520301819
kpx050,normal,0.811981737613678
lmifau,normal,0.7642998099327087
g4g9tt,normal,0.7645329236984253
mwbcd8,normal,0.7664095759391785
lygo09,normal,0.7823946475982666
ldonwc,normal,0.7962648868560791
kn7oj9,normal,0.8231353163719177
jzkom5,normal,0.7465372085571289
k5b8mn,normal,0.7590080499649048
lpnjz2,normal,0.8089519143104553
if52hl,normal,0.7489702701568604
htcqh6,normal,0.7850778698921204
igvqda,normal,0.8184564113616943
mjwx2x,normal,0.8106473088264465
m884p2,normal,0.7788918018341064
m4vmvx,normal,0.7874391078948975
mu6qrh,normal,0.6499165892601013
hjfoj9,normal,0.7554870843887329
mperco,normal,0.7619543075561523
mq1yyh,normal,0.8121554851531982
mom20y,normal,0.7734871506690979
mrga4k,normal,0.6667100191116333
m6z2ha,normal,0.776608943939209
ls3ra9,normal,0.7786328196525574
ll3ksy,normal,0.7820862531661987
lp2h9w,normal,0.6349710822105408
la2azm,normal,0.7372890114784241
