tweet_id,classification,classification_score
mtj0rb,normal,0.7327589988708496
mqwtzq,normal,0.7319861650466919
mpw1k4,normal,0.793164074420929
kg22ym,normal,0.7349763512611389
h10sl2,normal,0.755332887172699
i8f9mb,normal,0.7966406941413879
hb4sob,normal,0.6794283986091614
hxvpym,normal,0.7818061709403992
fgiz51,normal,0.7609906196594238
ftnfae,normal,0.7875821590423584
gdc8i6,normal,0.7766244411468506
gmwp48,normal,0.7490455508232117
9iv4pw,normal,0.7690975666046143
mxwerm,normal,0.7939658761024475
mvor8h,normal,0.7713176012039185
mxuq9a,normal,0.7699832916259766
mu4vvh,normal,0.7355123162269592
mxs094,normal,0.8068317174911499
mxl36l,normal,0.7928600907325745
mxaujq,normal,0.7961599230766296
mx9dxd,normal,0.8345310091972351
mx9ddl,normal,0.7109793424606323
mwovsa,normal,0.7896578907966614
mx29kh,normal,0.7019075155258179
mx3zjo,normal,0.7634394764900208
mx6zsr,normal,0.6358034014701843
msppx6,normal,0.7926535606384277
mvkxsc,normal,0.7122448682785034
mtka40,normal,0.639487624168396
mqsj2u,normal,0.8012301921844482
mj5wst,normal,0.8169022798538208
mjw6pg,normal,0.6122002005577087
mbdo3c,normal,0.6769912242889404
mb73k1,normal,0.7703903317451477
maqm8g,normal,0.7497652173042297
mk0j0r,normal,0.748845100402832
jg4sep,normal,0.7805652022361755
mfc6yv,normal,0.760232150554657
lwiqz9,normal,0.7678744196891785
mozz6g,normal,0.7068192362785339
l896a9,normal,0.7512416839599609
m4pzu1,normal,0.7467092871665955
lbpegc,normal,0.7701704502105713
mf24nw,normal,0.7531801462173462
mpoi74,normal,0.7827237248420715
llstri,normal,0.7253574728965759
mvaua6,normal,0.729486346244812
kxdgfb,normal,0.7653583884239197
mlh869,normal,0.7933784127235413
ls8onj,normal,0.6645238399505615
lrqnrx,normal,0.7651957273483276
m1w80r,normal,0.7055012583732605
m0tl9y,normal,0.6854439377784729
mi6qmi,normal,0.7757745385169983
ln5ug9,normal,0.7334275245666504
lr5yzv,normal,0.7711982727050781
ic41bo,normal,0.8060898780822754
mwkx52,normal,0.7694633603096008
lqkpk7,normal,0.8269827365875244
l22ir6,normal,0.7963972687721252
lhueq2,normal,0.7772327065467834
ked32y,normal,0.7668941617012024
lej5xc,normal,0.7448375821113586
k31ijs,normal,0.798994779586792
m5guhw,normal,0.8311508893966675
mn2ycu,normal,0.766201376914978
k77lqo,normal,0.819689929485321
htpqsg,normal,0.6847060918807983
j07rrj,normal,0.7568933367729187
ey6zwc,normal,0.7451029419898987
8bos8m,normal,0.786390483379364
dutka8,normal,0.7066112756729126
k6vfrl,normal,0.7598365545272827
lu1iol,normal,0.8024773597717285
m1vpvq,normal,0.7181122303009033
m4964h,normal,0.5409770607948303
l8m2mg,normal,0.6807898879051208
lw5so0,normal,0.7904378175735474
lhv9wz,normal,0.798502504825592
lkcrbp,normal,0.7935922145843506
m0z94b,normal,0.7879343628883362
l2c34v,normal,0.8050812482833862
m2nj0l,normal,0.8354954719543457
lz2rax,normal,0.7568951845169067
lj1ca2,normal,0.6890023350715637
mxl66d,normal,0.6741185784339905
m15wjs,normal,0.6736083626747131
lzk98d,normal,0.7375149130821228
mxcwuy,normal,0.7411752343177795
mxn8f7,normal,0.6978991627693176
mxjpvy,normal,0.7500097751617432
mxtmmb,normal,0.8034810423851013
mxcsfb,normal,0.797714352607727
mxt17z,normal,0.8041634559631348
mxcttt,normal,0.8017323017120361
mx2j1r,normal,0.6196827292442322
mwvt1g,normal,0.7433643937110901
mwhzb9,normal,0.7252423167228699
mv8oam,normal,0.8462694883346558
mwjwa0,normal,0.7386447787284851
mw6b16,normal,0.7903836369514465
mvxp5i,normal,0.8049556612968445
mvij3l,normal,0.734359622001648
meuvbd,normal,0.7404097318649292
mvoqzc,normal,0.7316548228263855
mmwr1x,normal,0.7842526435852051
mssg2o,normal,0.7059327363967896
kx9ryy,normal,0.706386387348175
mx8cpm,normal,0.7858826518058777
l8o6o9,normal,0.8013408184051514
lrrlap,normal,0.7909106016159058
lacjfk,normal,0.7670657634735107
modf9n,normal,0.7823561429977417
muokzl,normal,0.73673415184021
muokwx,normal,0.73673415184021
mxpzkn,normal,0.7583865523338318
mx8nvp,normal,0.6379159092903137
mxmq2e,normal,0.7263579964637756
mxigod,normal,0.8256664276123047
mx6bcb,normal,0.7657135128974915
mx36lg,normal,0.6708466410636902
mwbtpb,normal,0.7662685513496399
mw7rww,normal,0.787469208240509
mvyhjr,normal,0.8136225938796997
muh2ey,normal,0.7935754656791687
mubb3m,normal,0.7007417678833008
mtrhr2,normal,0.7558484077453613
mt5t88,normal,0.738823413848877
da9pq0,normal,0.7699393033981323
8esw7t,normal,0.8249919414520264
lwd0ws,normal,0.7768399119377136
2uxi0p,normal,0.7670156359672546
82axp0,normal,0.7809563279151917
g0t0sw,normal,0.7261319160461426
gy9rd2,normal,0.6970918774604797
cttasc,normal,0.7857642769813538
daqw6r,normal,0.7807786464691162
cnchiv,normal,0.7663667798042297
cidgip,normal,0.8169831037521362
daibod,normal,0.8177924752235413
da55o2,normal,0.7315220236778259
btnav6,normal,0.7690339088439941
am3m1m,normal,0.7816914916038513
mptkg3,normal,0.757969081401825
lj5rzf,normal,0.8236628770828247
j1ae39,normal,0.7721035480499268
jlxja1,normal,0.7307008504867554
hyvueu,normal,0.7813605070114136
colsq1,normal,0.7348546385765076
mq8gtt,normal,0.7655196785926819
mvhrxw,normal,0.6357484459877014
hdyry1,normal,0.803620457649231
m6jaqu,normal,0.7169508337974548
m4xnwu,normal,0.7884482741355896
mr3a54,normal,0.681324303150177
loimkr,normal,0.8145356774330139
82n0qu,normal,0.6231172680854797
m3gqso,normal,0.742111325263977
mem3jj,normal,0.7255178093910217
fglqze,normal,0.6762894988059998
fi3wrd,normal,0.6827509999275208
cr62rv,normal,0.7736247777938843
bw9kco,normal,0.7642149329185486
lh6s08,normal,0.5937708616256714
ld98di,normal,0.7970290780067444
kz8zmn,normal,0.6713696122169495
ja0mtp,normal,0.7392014861106873
9615z7,normal,0.7313954830169678
hr3eqj,normal,0.759445309638977
hrxn7j,normal,0.7709943652153015
jdqj9n,normal,0.804100751876831
ix0i42,normal,0.8351348638534546
hyvv97,normal,0.7975625991821289
kuxtke,normal,0.7230757474899292
lsdipt,normal,0.7927055358886719
lj4o28,normal,0.753994345664978
lweolr,normal,0.7047293782234192
lhrpby,normal,0.7269085049629211
kbt7ej,normal,0.838059663772583
ml7isw,normal,0.7966037392616272
i6zqvb,normal,0.7866275906562805
mgg1kp,normal,0.763300359249115
mremce,normal,0.7618840932846069
mt65l5,normal,0.7601144313812256
meskda,normal,0.6209728717803955
mjcg1d,normal,0.6420509815216064
mqe6zb,normal,0.7969236373901367
ky73rg,normal,0.7772372961044312
jl1wm6,normal,0.4465576708316803
kv3ns6,normal,0.756094753742218
muozju,normal,0.7796840667724609
lh3c8k,normal,0.763187825679779
jsg51g,normal,0.6578444838523865
mrgu80,normal,0.5630344748497009
mf97am,normal,0.6868947148323059
mu7cnx,normal,0.6764163374900818
mk9s8c,normal,0.7188469171524048
m2jcm4,normal,0.7631524801254272
mlvqwf,normal,0.6856092214584351
ma6tae,normal,0.7797321677207947
mwce4k,normal,0.7635260820388794
bkxlm0,normal,0.5877583622932434
mm020h,normal,0.7097422480583191
lhpeoh,normal,0.7689459919929504
mqfm65,normal,0.7360557913780212
mm9zrk,normal,0.7462446689605713
moyltz,normal,0.7645358443260193
md0fx1,normal,0.618352472782135
kujyz3,normal,0.7855750322341919
m1cgry,normal,0.8163707256317139
lk3zd5,normal,0.6528998613357544
j81klz,normal,0.8120377063751221
k87axx,normal,0.7904070019721985
mu6fnk,normal,0.7982150316238403
mkqikz,normal,0.7697191834449768
lq7zq9,normal,0.7940064668655396
liyvyi,normal,0.6672887206077576
f21jlx,normal,0.7621959447860718
gxxsx1,normal,0.7634288668632507
c3di0r,normal,0.7946034073829651
elf67f,normal,0.7852652072906494
dbkdor,normal,0.7600589394569397
c5pjii,normal,0.7582967281341553
bdwktl,normal,0.6860511302947998
8ei6tq,normal,0.7223441004753113
daj0o1,normal,0.7704021334648132
da8sbx,normal,0.7514932155609131
exloqu,normal,0.7621959447860718
d9uqps,normal,0.8030077219009399
9k24qe,normal,0.7499946355819702
bdepk9,normal,0.8003764748573303
aam794,normal,0.7994850873947144
8aligb,normal,0.7944938540458679
4f39qe,normal,0.7339240908622742
lsujul,normal,0.7722587585449219
bk0sd1,normal,0.7729018926620483
aw3ien,normal,0.7667288184165955
mfuxgo,normal,0.6899207234382629
kg63sh,normal,0.6758182644844055
kxw7kv,normal,0.5833629369735718
kf90ie,normal,0.8115963339805603
fy3fne,normal,0.7360358238220215
kat5xl,normal,0.7892066240310669
fy40iy,normal,0.7615036964416504
jqke6o,normal,0.7232410311698914
jqqkj2,normal,0.7270110249519348
j4kavw,normal,0.8153801560401917
hl6sov,normal,0.7440630197525024
fkqm15,normal,0.8065465092658997
g6v4n0,normal,0.8160440921783447
bmp3xb,normal,0.7435333728790283
lp690a,normal,0.7418647408485413
l2sw9s,normal,0.7775682806968689
ihu7d3,normal,0.6722246408462524
bgfu90,normal,0.794795036315918
gd5imw,normal,0.5559813976287842
fwrh79,normal,0.7369657158851624
c84urv,normal,0.7719327211380005
d9hhvv,normal,0.6349152326583862
bko3g5,normal,0.7735934257507324
bct8ra,normal,0.8032457232475281
c2e71v,normal,0.7686462998390198
b8ycmd,normal,0.8010597229003906
8m8181,normal,0.7346249222755432
behqg6,normal,0.7727065682411194
mgl81j,normal,0.7637984156608582
mt1vc9,normal,0.8393489718437195
mi7u2u,normal,0.7794443368911743
m7s8rw,normal,0.6233657598495483
j4djv1,normal,0.8111192584037781
m1k0dr,normal,0.7809402942657471
llfs9e,normal,0.7480356693267822
m8x7ao,normal,0.7686933279037476
lr2n8y,normal,0.7735379338264465
lssrdc,normal,0.8029830455780029
l22ywi,normal,0.8311151266098022
g0bhqy,normal,0.8037652969360352
kr7b50,normal,0.7004596590995789
lhk4ow,normal,0.7922836542129517
hjwmzd,normal,0.7588267922401428
mf8lir,normal,0.7994016408920288
l1hiup,normal,0.8231028318405151
kdoosb,normal,0.8306856751441956
muvmr9,normal,0.790225625038147
mvkkwm,normal,0.7664363384246826
mixteo,normal,0.7778415679931641
melbd3,normal,0.7900502681732178
mhiv0s,normal,0.528759777545929
lsgxik,normal,0.8133189678192139
hsa97a,normal,0.796291708946228
lhl311,normal,0.6664150357246399
m6h5ms,normal,0.8206924200057983
ll9up2,normal,0.7692455649375916
lfiz7w,normal,0.8556907176971436
lwbs83,normal,0.7354292869567871
luqrqf,normal,0.7702612280845642
kb1fm5,normal,0.8351886868476868
kx9uzu,normal,0.8034385442733765
hmfiyl,normal,0.7447051405906677
akj5qa,normal,0.7560768127441406
bazycd,normal,0.7512733936309814
ke9zjj,normal,0.6758182644844055
m76xic,normal,0.7322507500648499
lh6vaw,normal,0.8024753332138062
jr3c8q,normal,0.7814605832099915
lhy4wz,normal,0.7767972946166992
lf6zqg,normal,0.7773917317390442
l78oub,normal,0.8084394335746765
flpfg8,normal,0.8102664351463318
jftdui,normal,0.8346135020256042
jcgs5c,normal,0.774529218673706
jskelp,normal,0.8154427409172058
jt4je9,normal,0.8092268705368042
kkl9vj,normal,0.7486882209777832
aic83h,normal,0.7703456878662109
kgoncv,normal,0.7773097157478333
m1ctcy,normal,0.8057234883308411
jyz5y3,normal,0.7235239744186401
kbs6xt,normal,0.8100800514221191
fhhf3x,normal,0.6404173374176025
699k4t,normal,0.7176571488380432
ly4hb9,normal,0.805817186832428
lxnkfm,normal,0.7196252942085266
lw2mta,normal,0.7931786775588989
j0wwoa,normal,0.7899150848388672
m1uaoe,normal,0.7319938540458679
m95lda,normal,0.7461689710617065
mheg3j,normal,0.7998045086860657
klv21r,normal,0.7830062508583069
lhzrlo,normal,0.7759274840354919
laxfud,normal,0.7979328632354736
iq7ym3,normal,0.7840908169746399
h9pn3l,normal,0.8255111575126648
av488y,normal,0.7992638945579529
d6nhjn,normal,0.5881997346878052
8yeznm,normal,0.7610282897949219
lh71g6,normal,0.8011353015899658
lecsan,normal,0.6622657775878906
lep4zd,normal,0.7996070384979248
ilfcfr,normal,0.7998782396316528
c2n9lt,normal,0.7759279608726501
jjj6i1,normal,0.7967537641525269
axtrx7,normal,0.7774466872215271
bblsks,normal,0.7810584902763367
cybp3t,normal,0.7315257787704468
f8fb03,normal,0.8049637079238892
ceomo9,normal,0.7649356126785278
b2wlfd,normal,0.7513712644577026
bhfa9r,offensive,0.47277677059173584
buk9za,normal,0.7928159236907959
92jl4k,normal,0.6674346923828125
8mtc5d,normal,0.5740725994110107
77o8v9,normal,0.7606399655342102
m0z90i,normal,0.8465806841850281
gvumaa,normal,0.8217487335205078
lo9ngh,normal,0.7634701728820801
m3ly6l,normal,0.7782261967658997
m3a81f,normal,0.8199142813682556
kyyin3,normal,0.8061601519584656
mtmi6s,normal,0.7881267070770264
mskdqt,normal,0.7942712306976318
mu0635,normal,0.759067177772522
lriz99,normal,0.7923941016197205
lxx3vp,normal,0.7881686091423035
lmzy63,normal,0.7227074503898621
l5vgrl,normal,0.6930041909217834
l43suz,normal,0.8278687596321106
kg41se,normal,0.7588494420051575
ka83sx,normal,0.7833683490753174
kqittm,normal,0.7002372145652771
kj8l5x,normal,0.7505534887313843
jb3a42,normal,0.7844927906990051
jgmkbf,normal,0.7157269716262817
cw4dgr,normal,0.6162351369857788
ailyj3,normal,0.8087003827095032
iu463z,normal,0.7262719869613647
g1u75i,normal,0.7918754816055298
f3bz05,normal,0.6469749212265015
bgk3a2,normal,0.7529815435409546
fbm4qo,normal,0.7053488492965698
biaj7v,normal,0.7403955459594727
ff3twb,normal,0.8301069736480713
bhkdbm,normal,0.7644004225730896
bj2c8s,normal,0.7878685593605042
e7lvpv,normal,0.803145706653595
awycfy,normal,0.7968023419380188
f7lw65,normal,0.7657384872436523
euenjb,normal,0.7106782793998718
f6to56,normal,0.7378920316696167
dwlrs0,normal,0.7300903797149658
b36umt,normal,0.7554425597190857
8eefm4,normal,0.8352183699607849
8l3sbh,normal,0.7225245833396912
8eak92,normal,0.7883085012435913
lrsz2i,normal,0.7471532225608826
ihb20q,normal,0.7691037058830261
htddlh,normal,0.7859143018722534
jljrxx,normal,0.5990251302719116
k9j8gm,normal,0.7945041656494141
8ekq1w,normal,0.6819121837615967
iq4hmp,normal,0.7688701152801514
g31bpy,normal,0.7504109740257263
cuis9t,normal,0.81941819190979
lxuse7,normal,0.7831694483757019
lj2mnb,normal,0.7998706698417664
mpa821,normal,0.7582777142524719
lku8ka,normal,0.7552160024642944
losyqg,normal,0.8055028915405273
kedw77,normal,0.7544476389884949
9jtvbi,normal,0.7135950326919556
4a4m0j,normal,0.7711042165756226
2jr11z,normal,0.7838772535324097
lpta40,normal,0.711812436580658
k1rd3r,normal,0.7913188338279724
m41ng3,normal,0.7566925287246704
fvgmnl,normal,0.802841067314148
kgwf7n,normal,0.7870035171508789
g6jl4f,normal,0.746932327747345
a5yi33,normal,0.8021690249443054
id28dk,normal,0.8022899627685547
hy0pa3,normal,0.6768349409103394
a166lt,normal,0.7988714575767517
gzlisd,normal,0.7455219030380249
a9qh41,normal,0.6950483322143555
c6cwiw,normal,0.7425402998924255
cub3wp,normal,0.760180652141571
fvp3ge,normal,0.8523680567741394
ejb0jg,normal,0.7678660154342651
6lu5ov,normal,0.8206004500389099
a52rpi,normal,0.7983556389808655
h6409,normal,0.7053118348121643
5cj1i2,normal,0.7686432003974915
bkrqjj,normal,0.792788028717041
6nhuv0,normal,0.7135459184646606
dsb89e,normal,0.7677428126335144
5zw66c,normal,0.7752013802528381
9sb3pw,normal,0.8471553325653076
ctzffx,normal,0.7790215015411377
3j5hhe,normal,0.7407461404800415
cdafow,normal,0.793266773223877
33k907,normal,0.7626384496688843
8kgpro,normal,0.7885953187942505
217f1n,normal,0.6935288906097412
6ny61l,normal,0.7937766909599304
caeaok,normal,0.7856178283691406
mu9jp1,normal,0.7832589149475098
mkieif,normal,0.7303673028945923
mgqous,normal,0.8288078308105469
mtdvbf,normal,0.8500048518180847
mjxahg,normal,0.8479114174842834
kvs7aa,normal,0.6717633605003357
mplvja,normal,0.7809184789657593
mf1t1m,normal,0.8506065011024475
mornxt,normal,0.849238932132721
m9xuec,normal,0.8510584235191345
ksyzli,normal,0.7754685878753662
mkvn4m,normal,0.7036305665969849
mje1qv,normal,0.8316067457199097
lozcg7,normal,0.8516805768013
mt2pwf,normal,0.8244916796684265
mr72io,normal,0.6150738596916199
j8qykz,normal,0.7536405920982361
mqf92u,normal,0.7620182633399963
mrhp7s,normal,0.7219072580337524
mo9hdi,normal,0.705653727054596
gqfrz7,normal,0.7003609538078308
j5nadf,normal,0.6890209913253784
fwjdst,normal,0.7481913566589355
hf1vzp,normal,0.6872242093086243
kbq2kg,normal,0.743767261505127
i3mba7,normal,0.6897596716880798
mphopz,normal,0.7919999957084656
ibijk2,normal,0.7527289390563965
lw0i2c,normal,0.7951027154922485
lwzexy,normal,0.696570634841919
mpmejp,normal,0.7754552960395813
mjh1x7,normal,0.6090224981307983
mljxhc,normal,0.7137929797172546
kz3f9z,normal,0.7641656994819641
m7309v,normal,0.7681974172592163
jma0bg,normal,0.769322395324707
meyu6j,normal,0.7031698822975159
l5tclq,normal,0.7744215130805969
m06y9k,normal,0.7142686247825623
mpdtcf,normal,0.8153152465820312
eomh1f,normal,0.6968340873718262
mswdnc,normal,0.7207886576652527
mp5dur,normal,0.7444894909858704
lywqwv,normal,0.6410025358200073
kpdxsl,normal,0.7714046835899353
mdl8e5,normal,0.7072938680648804
ks7tdr,normal,0.7053504586219788
k4me5t,normal,0.7742924690246582
jrjw2x,normal,0.6499214768409729
k8ym22,normal,0.7898830771446228
klq58w,normal,0.7284466028213501
kq9f4r,normal,0.7478113770484924
hbohsj,normal,0.731231153011322
mtqkt7,normal,0.7042840123176575
jpmob5,normal,0.7593114376068115
cqzjqp,normal,0.7412792444229126
iyae8p,normal,0.8130378723144531
jldbww,normal,0.782713770866394
j9c6qm,normal,0.781428873538971
mhfrk5,normal,0.734255850315094
mmwrji,normal,0.7842526435852051
mbjxg2,normal,0.8200286030769348
lijt0r,normal,0.7452462315559387
lnjacn,normal,0.7021216750144958
mm4kcb,normal,0.7747743129730225
mbengg,normal,0.7858618497848511
m3gun2,normal,0.6004121899604797
mc5w3s,normal,0.7896559834480286
mar3q0,normal,0.5427348017692566
mmwa25,normal,0.7538829445838928
mb93j9,normal,0.7992866039276123
mvu4it,normal,0.596176028251648
m7ato1,normal,0.7706010341644287
m493p7,normal,0.7528306841850281
llwzrx,normal,0.5614041090011597
kyy52g,normal,0.771641194820404
lvanc4,normal,0.7436162829399109
kkqq5c,normal,0.7686439752578735
kn8e1j,normal,0.6644032001495361
jg8nz6,normal,0.7815608978271484
mw4nrj,normal,0.7189069986343384
jbeedo,normal,0.8112038373947144
ic30uh,normal,0.7715315818786621
mmk50p,normal,0.6593274474143982
ii68fj,normal,0.7504974007606506
k0m67b,normal,0.7525587677955627
cop3mq,normal,0.8272272944450378
i21ddb,normal,0.7084159851074219
koa5ky,normal,0.77790766954422
mw6udo,normal,0.8278265595436096
lwc4pc,normal,0.8206307291984558
lmo3ls,normal,0.7776181697845459
mg72qq,normal,0.7676982283592224
ma8fvp,normal,0.8195330500602722
ltufqv,normal,0.6033679246902466
jb064q,normal,0.7136818766593933
ku3aau,normal,0.7455543279647827
kqw38i,normal,0.8245053291320801
lzd6cj,normal,0.7948246598243713
lg0thg,normal,0.8047658801078796
lhrb4a,normal,0.7814546823501587
lrhzd2,normal,0.6648597121238708
kr3qs6,normal,0.7572192549705505
mefecs,normal,0.7955135107040405
m5a2w0,normal,0.7507837414741516
jbpa4l,normal,0.6576327681541443
g2j8g7,normal,0.817171037197113
mfi383,normal,0.6176530122756958
l4ifs4,normal,0.8043922781944275
lxd5a9,normal,0.7826058268547058
muo0ot,normal,0.6928576231002808
hnkrei,normal,0.8204752802848816
gj0y89,normal,0.7098615169525146
lfunap,normal,0.7588655352592468
mv4yqx,normal,0.7181862592697144
ikn1eg,normal,0.8156647086143494
l7y1bi,normal,0.7515162825584412
mff7n2,normal,0.6304097175598145
kyvnmo,normal,0.7783567309379578
kxb3f6,normal,0.6501200795173645
mkx99k,normal,0.6801612973213196
lrz10t,normal,0.7345453500747681
boq82j,normal,0.5653551816940308
lzp8gf,normal,0.7186839580535889
mjyxp8,normal,0.7276375889778137
mm8tys,normal,0.7285380363464355
mnd2t3,normal,0.7711412310600281
mqen4f,normal,0.6903444528579712
moaq0t,normal,0.7681687474250793
kday0f,normal,0.7837274074554443
knt2a2,normal,0.8076591491699219
ihkujf,normal,0.7289810180664062
lk623r,normal,0.7712033987045288
hbmym3,normal,0.8038550019264221
k5qav2,normal,0.6158714294433594
l5v402,normal,0.8076868057250977
ehr12q,normal,0.7630360126495361
lqkavr,normal,0.7886051535606384
j4psrd,normal,0.7948399782180786
m2d2sb,normal,0.793064296245575
d1tr2h,normal,0.7949219942092896
lw4sqy,normal,0.8097988367080688
mvvouy,normal,0.5917624235153198
mxjdvv,normal,0.7727435827255249
mxrp6q,normal,0.8003953099250793
mwirzz,normal,0.7077990174293518
mxc733,normal,0.6817169189453125
mwvrg7,normal,0.7811694145202637
msq34i,normal,0.7288130521774292
mvv7z7,normal,0.78487628698349
mugb5i,normal,0.6645387411117554
mt4gr9,normal,0.8031064867973328
msl16u,normal,0.735720694065094
mrrqy6,normal,0.7139720320701599
mplduk,normal,0.798096239566803
mplxbp,normal,0.7044408321380615
mvk3ey,normal,0.7163347601890564
h0hd86,normal,0.6722344160079956
i052a3,normal,0.71287602186203
i8tvqb,normal,0.8317030668258667
j5qp6r,normal,0.7507460713386536
i8icmi,normal,0.6794432997703552
i7k0nk,normal,0.7401973009109497
mti3r8,normal,0.7320491075515747
g4ui2i,normal,0.7971419095993042
mvsa2q,normal,0.7273769974708557
gd2jyp,normal,0.7803001403808594
mxw9zs,normal,0.7888405323028564
lvzie8,normal,0.8064149618148804
lmuexr,normal,0.7684244513511658
ltia4x,normal,0.7870604395866394
fi4grb,normal,0.6719256639480591
iiq50k,normal,0.7704739570617676
7a38lg,normal,0.7955625653266907
fi5azl,normal,0.7452857494354248
mv71sg,normal,0.7630841732025146
bt33f9,normal,0.7680507898330688
i8rdj8,normal,0.7804165482521057
9k47vf,normal,0.8031452894210815
lrafd5,normal,0.7968120574951172
jbbe9f,normal,0.804381787776947
t2504,normal,0.7460866570472717
k2vj5h,normal,0.7818038463592529
5jzw2c,normal,0.8058200478553772
6o4e4m,normal,0.816074550151825
75e4g3,normal,0.7646329402923584
lifdtv,normal,0.6941962242126465
8zfod5,normal,0.7914860248565674
jyf4tn,normal,0.8433420658111572
37qlwd,normal,0.704325795173645
l3g163,normal,0.7952818274497986
l0eife,normal,0.6521795392036438
acjhy2,normal,0.7907416224479675
10njgr,normal,0.7689822316169739
ioi6xt,normal,0.7470133304595947
amudob,normal,0.7464831471443176
amspln,normal,0.7481145262718201
ec8y3,normal,0.7514905333518982
3jmeab,normal,0.6592094898223877
mutrou,normal,0.7542809247970581
mssn6e,normal,0.689717710018158
mqmyiw,normal,0.740813672542572
mo6n6d,normal,0.81393963098526
mlu9dc,normal,0.7256643176078796
meibzg,normal,0.7145082354545593
m9fu68,normal,0.7743299603462219
m4g7y2,normal,0.7751601338386536
lo9bc3,normal,0.7452271580696106
kyp6ru,normal,0.7023369073867798
ku588l,normal,0.696190595626831
krqhrk,normal,0.5464473366737366
kp6zi1,normal,0.6882283687591553
kbvhuq,normal,0.7803059220314026
k38boh,normal,0.7832942008972168
mx59hs,normal,0.7335395216941833
mxmanm,normal,0.6922211050987244
msp7uv,normal,0.7368379235267639
moak0y,normal,0.8006154298782349
mqva74,normal,0.7333354353904724
mmrn8r,normal,0.7402852177619934
mjh2za,normal,0.6382679343223572
mbdtxl,normal,0.6359596848487854
m6amoh,normal,0.5803961157798767
m4gl23,normal,0.8223249316215515
m34ylg,normal,0.5072759389877319
lp8od0,normal,0.7136922478675842
lb6ejg,normal,0.7868282794952393
m3npna,normal,0.7276892066001892
mgshqs,normal,0.798501193523407
mjohtq,normal,0.6563119292259216
lzzvnp,normal,0.7494660019874573
i7x3bt,normal,0.779043436050415
jknyp2,normal,0.8136465549468994
k040pb,normal,0.7220459580421448
ie209p,normal,0.8290061354637146
bf6v1r,normal,0.7802774310112
lh63ox,normal,0.6946882009506226
kts8s2,normal,0.6879411339759827
khz0ys,normal,0.7591212391853333
kdb5gn,normal,0.6681269407272339
k2tadi,normal,0.7195851802825928
ltsh8u,normal,0.7836914658546448
kdtj2p,normal,0.7646933197975159
k2ug3f,normal,0.6901130080223083
muh5qh,normal,0.7846384048461914
kwxnlr,normal,0.8015825152397156
jtac2t,normal,0.7582588195800781
lg8gh3,normal,0.7638559937477112
fg669v,normal,0.6786056160926819
la05kb,normal,0.7880151867866516
jz67st,normal,0.7627999782562256
mvui6u,normal,0.7241535186767578
mwvsua,normal,0.7865044474601746
mv430f,normal,0.7218984365463257
mthdma,normal,0.626775860786438
msrp8x,normal,0.7722236514091492
msxn4g,normal,0.7896116971969604
mschfa,normal,0.8048422932624817
moj5pu,normal,0.7422159314155579
mo7qwr,normal,0.6744283437728882
mkabnr,normal,0.6709094643592834
ms7igy,normal,0.5920690298080444
g54sy2,normal,0.7341939806938171
hrp5xh,normal,0.822566568851471
d5s01z,normal,0.7357866168022156
he6mty,normal,0.5803598165512085
f3m2hy,normal,0.6841280460357666
hphr1w,normal,0.7112164497375488
m4lvzv,normal,0.7732056379318237
fk8udp,normal,0.748742938041687
ffhp61,normal,0.7979549765586853
kvj64h,normal,0.6363316774368286
kdnc5h,normal,0.7451218962669373
7nqvql,normal,0.8064336180686951
lummut,normal,0.7544720768928528
lr0k26,normal,0.6601772308349609
j26opz,normal,0.788736879825592
lhc346,normal,0.5993347764015198
ioj9ai,normal,0.6596701145172119
mwrh5a,normal,0.7612622380256653
ma9dsf,normal,0.7889633774757385
lnezp9,normal,0.7621489763259888
jvl1ru,normal,0.6795991063117981
mr0ium,normal,0.7991289496421814
k670xz,normal,0.6557326912879944
31plfk,normal,0.756083071231842
mfglf,normal,0.744299590587616
fpog3,normal,0.6496744751930237
7amh5y,normal,0.7478460073471069
5i3adw,normal,0.7754221558570862
bauzai,normal,0.6784070134162903
nrblf,normal,0.7113574147224426
98bbx4,normal,0.7679534554481506
8x3h60,normal,0.7507299780845642
4c48n1,normal,0.7647610306739807
jv02z,normal,0.8546284437179565
xu59h,normal,0.706095278263092
mt9gb3,normal,0.7327187657356262
mjcacl,normal,0.8416553735733032
mjk3fe,normal,0.8183102011680603
mcyxs9,normal,0.7935634255409241
m6fz2s,normal,0.7434670329093933
m5q6bv,normal,0.8175405859947205
m4t2mi,normal,0.7721351981163025
luz3kj,normal,0.7907068133354187
ktyhsp,normal,0.6949930191040039
mkyx0x,normal,0.7846736311912537
ljx9gu,normal,0.7268338203430176
mlw943,normal,0.7543834447860718
mvisqk,normal,0.71302330493927
jvtzga,normal,0.7593066692352295
ksmv6u,normal,0.7950877547264099
l0m8xi,normal,0.6140142679214478
kv5nhh,normal,0.6214228868484497
gy7wbq,normal,0.8242175579071045
mtirhl,normal,0.5201430320739746
kjxewg,normal,0.7737070918083191
kf15b2,normal,0.8173776865005493
j6u7cv,normal,0.8310938477516174
fbw68a,normal,0.7884692549705505
j0h4ac,normal,0.7562345862388611
lzb0ef,normal,0.7349510788917542
d5k2br,normal,0.7650150656700134
85b3x2,normal,0.7753833532333374
383jr8,normal,0.8336114287376404
l8qmej,normal,0.7976076602935791
hgjq9a,normal,0.7483087182044983
lo7h9m,normal,0.7260286808013916
4gl66g,normal,0.6854683756828308
9zjqda,normal,0.774211585521698
kszpfq,normal,0.7838869690895081
i7gpks,normal,0.7283899784088135
jhw1zr,normal,0.71369868516922
jfsteh,normal,0.5788988471031189
jyyhg2,normal,0.7639164924621582
2sdqek,normal,0.8013490438461304
6xp6wg,normal,0.6972753405570984
1mc3j5,normal,0.617681086063385
caz32q,normal,0.6945501565933228
m0f2oz,normal,0.7910934686660767
4w9xlh,normal,0.6646047234535217
7xnhvs,normal,0.6398793458938599
df9ud,normal,0.6900320649147034
j7ho9b,normal,0.7173368334770203
gc2kss,normal,0.6935790777206421
99cga,normal,0.7944647073745728
s3br3,normal,0.7327836155891418
8wjll,normal,0.6084677577018738
ec0nar,normal,0.6412860155105591
fl3scm,normal,0.6760023236274719
d5kd9t,normal,0.5782603621482849
b4q8nj,normal,0.7472119927406311
m665ac,normal,0.8320144414901733
kjqd0g,normal,0.7356275320053101
khnph6,normal,0.6808648705482483
k3ztaa,normal,0.7280163168907166
ju46zv,normal,0.7939292192459106
jpukto,normal,0.7500396370887756
miqr2l,normal,0.5655803680419922
kuhign,normal,0.7726091742515564
ivaem0,normal,0.7648787498474121
hzvrdh,normal,0.7232540249824524
7ipqed,normal,0.7685766220092773
bmpkas,normal,0.8067350387573242
5xhk4p,normal,0.7454858422279358
2aazo5,normal,0.8080710172653198
mutvkm,normal,0.6848933696746826
mlg5pb,normal,0.6688521504402161
m5ewwl,normal,0.8026925921440125
mos33k,normal,0.7489155530929565
ms4yvm,normal,0.8729926347732544
mnj2kr,normal,0.8729926347732544
mim3ad,normal,0.8729926347732544
mwx6wj,normal,0.8729926347732544
mdqiu6,normal,0.8729926347732544
mtuozy,normal,0.8034932017326355
m8j49c,normal,0.8729926347732544
mkebw2,normal,0.7984408140182495
m486h8,normal,0.7746791243553162
m3kk6i,normal,0.8729926347732544
lyeyui,normal,0.8729926347732544
ls8odx,normal,0.6645238399505615
lg2b4u,normal,0.7706315517425537
l28mgf,normal,0.6147747039794922
mweodi,normal,0.7711947560310364
koqerj,normal,0.703686535358429
lu0bpq,normal,0.7806330919265747
m6p8cf,normal,0.7509360313415527
mqgjf3,normal,0.8042216300964355
mrhlpp,normal,0.7503825426101685
md0mwy,normal,0.7846860885620117
llz4pd,normal,0.7256078124046326
lrgnxn,normal,0.8119111657142639
limzr1,normal,0.5649716258049011
kvyuev,normal,0.7383294701576233
ls2fbk,normal,0.6763946413993835
mfkbr1,normal,0.7948905229568481
f8u11t,normal,0.796741247177124
jj18jw,normal,0.7705383896827698
mdd84o,normal,0.7522176504135132
icf4i3,normal,0.7543640732765198
jc15qs,normal,0.7302073836326599
hr3vco,normal,0.6717540621757507
7qoc0i,normal,0.76884925365448
je6jna,normal,0.8066426515579224
gnwzrx,normal,0.7985919713973999
fafp69,normal,0.7215035557746887
adtxqm,normal,0.6758182644844055
ivcasc,normal,0.7644223570823669
lkng4q,normal,0.7753139138221741
jbbifn,normal,0.8004006147384644
mxo5ll,normal,0.6480260491371155
mfrvk9,normal,0.7287154793739319
joa44f,normal,0.6754263639450073
ko4za1,normal,0.7637144327163696
jh9sel,normal,0.8206883072853088
lnolxu,normal,0.6247140765190125
bzhbeo,normal,0.7668523788452148
mtrda6,normal,0.6206352114677429
m5zily,normal,0.7713165879249573
mr86jn,normal,0.6796148419380188
hqu0zl,normal,0.8285982608795166
lz608g,normal,0.5460986495018005
lyk3ap,normal,0.76630038022995
mx4h25,normal,0.7604276537895203
mv3ei1,normal,0.7322854995727539
m05bmg,normal,0.7307291030883789
kz73yq,normal,0.8102167844772339
lqmuqk,normal,0.765584409236908
ms4650,normal,0.7418729066848755
m3fmj0,normal,0.7450882792472839
mbhqks,normal,0.8231204748153687
mfcr4a,normal,0.7861582040786743
mlhelu,normal,0.812818169593811
kxho49,normal,0.7703275680541992
l7qh4f,normal,0.6839009523391724
m2hh6h,normal,0.7938773036003113
jycvtq,normal,0.7384178638458252
lfrug5,normal,0.7577467560768127
me1uxv,normal,0.7992748618125916
mq389m,normal,0.7980349063873291
mc5r5x,normal,0.8034296631813049
mq7u17,normal,0.5922264456748962
mkkbd3,normal,0.7734746932983398
mvp1zg,normal,0.793229877948761
mx5o8z,normal,0.6948344111442566
lvd8wb,normal,0.7337242364883423
lp0b3o,normal,0.7505100965499878
l5jljk,normal,0.7246203422546387
lm9hk7,normal,0.6654307246208191
m5j77v,normal,0.7924075126647949
keij0n,normal,0.7783104181289673
mqeaa7,normal,0.7941274642944336
lchhob,normal,0.8030803203582764
mujr0f,normal,0.755214273929596
m48w4r,normal,0.7102047204971313
kdfie4,normal,0.7907490134239197
lwb90z,normal,0.7714861035346985
ioa005,normal,0.6596701145172119
mstvia,normal,0.7245444655418396
md9kw2,normal,0.7954025268554688
mp24rj,normal,0.7831527590751648
gpz6ij,normal,0.6639003157615662
mdc2ii,normal,0.759266197681427
mx35v0,normal,0.6708466410636902
kagawo,normal,0.7521461844444275
b5d5n6,normal,0.6936149597167969
9smzub,normal,0.6874734163284302
l63135,normal,0.7368744015693665
97k0cx,normal,0.7698174715042114
knantd,normal,0.5979731678962708
9bz4w9,normal,0.7645540237426758
iq4aw0,normal,0.7846475839614868
lkyxhx,normal,0.7635633945465088
lanjh6,normal,0.6496270895004272
jf0gbi,normal,0.7430948615074158
l9tm3q,normal,0.7676417231559753
8s7ss5,normal,0.7627556920051575
mxhya1,normal,0.7374053597450256
ma9dkb,normal,0.7110291719436646
lu3hv5,normal,0.7647083401679993
ldancd,normal,0.7367342114448547
jtkvne,normal,0.8032358288764954
hx77a3,normal,0.7296802401542664
avw64s,normal,0.8163168430328369
avw65a,normal,0.8151581883430481
ftp9w4,normal,0.6586452126502991
7x1g0q,normal,0.7546846866607666
federn,normal,0.5679006576538086
fehst7,normal,0.7585684061050415
emzqsy,normal,0.7078847885131836
cc8zh8,normal,0.7272903919219971
dgloj6,normal,0.5555251240730286
muvj6h,normal,0.7645453214645386
jr211y,normal,0.7885617017745972
jxqtkr,normal,0.7009556889533997
jr5trn,normal,0.7714239358901978
gfusvk,normal,0.7646276354789734
golo9g,normal,0.8231063485145569
dm27pg,normal,0.5976569652557373
fvnyd5,normal,0.7692956924438477
gbkt1h,normal,0.6670811176300049
h11bm7,normal,0.8124392032623291
fwak5i,normal,0.6090335249900818
m14xj6,normal,0.6666521430015564
md3t4m,normal,0.7691283226013184
mkjnww,normal,0.7583587169647217
5zm2kp,normal,0.7829483151435852
kuwwgd,normal,0.7807236313819885
keceix,normal,0.7300429344177246
m7vztk,normal,0.734385073184967
kp7fp9,normal,0.713751494884491
mlzf91,normal,0.6875482201576233
kn4iuj,normal,0.7932794690132141
chqom2,normal,0.7349691390991211
hmu47i,normal,0.6836832761764526
lpbvrq,normal,0.7732834815979004
hmvuyg,normal,0.7394921183586121
kvkbuy,normal,0.7011504173278809
dszx7p,normal,0.7611112594604492
ehfjsk,normal,0.7423137426376343
lz8iky,normal,0.7401669025421143
kavrwz,normal,0.6221292018890381
mmuxx6,normal,0.7304811477661133
mfahjg,normal,0.7568398118019104
mp8dlv,normal,0.7262923717498779
mdvlk5,normal,0.8168426156044006
lhm8fn,normal,0.4777514636516571
l0yygl,normal,0.6728901267051697
mg1el5,normal,0.623339056968689
lukpk6,normal,0.7044338583946228
mrkdw6,normal,0.7788690328598022
ldndi8,normal,0.7810115814208984
hi6m62,normal,0.7614295482635498
luookl,normal,0.816863477230072
mxg84t,normal,0.7197060585021973
mu6jv9,normal,0.7979406118392944
ms7kf5,normal,0.7703787684440613
mqk53p,normal,0.7962712049484253
mnq8sa,normal,0.7603086829185486
mlsnrq,normal,0.8028092384338379
mkwizq,normal,0.8054040670394897
mgh40x,normal,0.7934900522232056
mhniny,normal,0.7967636585235596
mb7tqe,normal,0.7304149866104126
m74ur0,normal,0.7625093460083008
m3eup5,normal,0.6195375919342041
mqe22r,normal,0.7132179141044617
m5pvlf,normal,0.7747553586959839
mpqehg,normal,0.7768663167953491
mi4m5n,normal,0.7834587097167969
mdjmrt,normal,0.6934054493904114
m24ijd,normal,0.7276655435562134
m6i61u,normal,0.7780338525772095
mvrn96,normal,0.6526743769645691
me6lmf,normal,0.6744478344917297
jjf7zj,normal,0.66832435131073
