tweet_id,classification,classification_score
kgnjt1,normal,0.706835925579071
j8oe3m,normal,0.7620809674263
j8j2lr,normal,0.7749399542808533
j0763j,normal,0.7706607580184937
g7x29d,normal,0.7869665026664734
hcfsi4,normal,0.7508913278579712
gnd4ry,normal,0.809528112411499
fwsjap,normal,0.833196759223938
muq7rf,normal,0.7235371470451355
mvoayr,normal,0.823729395866394
matxtk,normal,0.7983525991439819
lb8m3t,normal,0.7899704575538635
kgf18d,normal,0.7349452972412109
iej4im,normal,0.6715570092201233
j2ang8,normal,0.7988153100013733
hod666,normal,0.80912846326828
ifc6mp,normal,0.8188644647598267
hff06e,normal,0.6221522092819214
f41n7a,normal,0.8241432309150696
3h4uj7,normal,0.6917147636413574
bpuer4,normal,0.7868152260780334
2e3wdm,normal,0.6967310309410095
2bv8if,normal,0.7129637002944946
ip2yfi,normal,0.850075900554657
i03paq,normal,0.7603228688240051
m3bgzo,normal,0.6762347221374512
ka6xn0,normal,0.8018229007720947
m2j0ix,normal,0.751625120639801
mkw1q2,normal,0.7046246528625488
esyjyf,normal,0.721355140209198
kghxar,normal,0.7887485027313232
7nekeb,normal,0.7625434398651123
b0q0wo,normal,0.8508404493331909
herg9c,normal,0.7926294803619385
koe4fa,normal,0.7977806925773621
l3lzty,normal,0.8126152157783508
hz1o8d,normal,0.7952529191970825
jberzx,normal,0.6336544156074524
mw7zum,normal,0.8182121515274048
gfsj7x,normal,0.758779764175415
il69vp,normal,0.7275935411453247
h8ts8o,normal,0.714268684387207
m1obiq,normal,0.7691336274147034
lpujn4,normal,0.8163765072822571
jqj1mq,normal,0.719548225402832
m61rfz,normal,0.8172922134399414
g9pnaj,normal,0.7312924861907959
e6a2ms,normal,0.790388822555542
gy7u0f,normal,0.8031719923019409
kndapk,normal,0.7614679336547852
mwxw8u,normal,0.710828423500061
mx8d4e,normal,0.518082857131958
mu71gh,normal,0.7094330191612244
mthmxy,normal,0.7695789337158203
mvf0o2,normal,0.7965306639671326
mv5nfq,normal,0.7830674052238464
mrt670,normal,0.650316059589386
mow7ik,normal,0.7610533237457275
mqi321,normal,0.7829451560974121
mqkzuy,normal,0.7670841813087463
mnftvb,normal,0.7875482439994812
mq72np,normal,0.733898937702179
mq0tb4,normal,0.7310092449188232
moebw4,normal,0.8501799702644348
mnujkt,normal,0.8097692131996155
mv1a2l,normal,0.7728886604309082
mszci2,normal,0.7839500308036804
mr0h8e,normal,0.817527711391449
moajpv,normal,0.7757789492607117
mq4efw,normal,0.7613899111747742
mmyw4u,normal,0.7916937470436096
mpdyqd,normal,0.7948631644248962
mmwnb2,normal,0.6186973452568054
mm2060,normal,0.8273348212242126
mhyb7d,normal,0.7605562806129456
mhpamy,normal,0.7093939185142517
mixxj9,normal,0.8071173429489136
mhss7y,normal,0.7422142028808594
mco706,normal,0.7459245920181274
mwz9t4,normal,0.6288800835609436
mg2iyu,normal,0.7619361877441406
mhc1y2,normal,0.8183684945106506
md1kfm,normal,0.7527740597724915
lnz6sb,normal,0.7844974398612976
l92zaz,normal,0.7948907613754272
awwcd8,normal,0.7161791920661926
l7myaq,normal,0.7738964557647705
jl0woz,normal,0.7062036395072937
jcyzkl,normal,0.673518180847168
jfzq98,normal,0.6889358758926392
ioifq0,normal,0.7574211359024048
gphqla,normal,0.7575185894966125
mvli59,normal,0.7686932682991028
mxqstm,normal,0.766435444355011
mwrypn,normal,0.7750856280326843
mvtbew,normal,0.7715478539466858
mrfrdp,normal,0.8095991015434265
mrnlo8,normal,0.6473972201347351
mohsqk,normal,0.6841588616371155
mlm40m,normal,0.698137640953064
lf8rnq,normal,0.8183899521827698
kq8g4i,normal,0.7750880122184753
lx68pq,normal,0.7819401025772095
j2qha2,normal,0.7607378959655762
f0lkpn,normal,0.8218971490859985
bkkmsp,normal,0.6566464900970459
13qta0,normal,0.7158048152923584
3q89gr,normal,0.7310990691184998
4wiz5p,normal,0.6598776578903198
mftqh3,normal,0.8240612745285034
ldekef,normal,0.8212844729423523
mm41ri,normal,0.7132247686386108
m4nwet,normal,0.6766465902328491
mrqicy,normal,0.8136432766914368
mvloun,normal,0.7911456823348999
mlfadg,normal,0.7503018975257874
mq8ggv,normal,0.6190251111984253
ms6x7n,normal,0.7579910159111023
kxsnme,normal,0.7826979756355286
lwcsrq,normal,0.8155445456504822
kvyi7k,normal,0.6908381581306458
kkb6qd,normal,0.8129306435585022
kte7d4,normal,0.7688018083572388
mlvjke,normal,0.7318195700645447
mr5cc6,normal,0.7802587747573853
mn3pr7,normal,0.7862672209739685
mw6udo,normal,0.8278265595436096
mc5w3s,normal,0.7896559834480286
m41cdw,normal,0.7885870337486267
mk6tkf,normal,0.8176301121711731
lq555v,normal,0.7324641346931458
mn7xak,normal,0.7726027369499207
mojuga,normal,0.7173207998275757
lhrb4a,normal,0.7814546823501587
k98hvf,normal,0.8167221546173096
lke7zn,normal,0.8205273151397705
m8pene,normal,0.825654923915863
lym9mv,normal,0.7696702480316162
hxrxzl,normal,0.7091590166091919
mfdj22,normal,0.762222945690155
lz4quu,normal,0.7318317890167236
mfo4zc,normal,0.7091109156608582
lyelw7,normal,0.7416853904724121
ljtyqj,normal,0.816317617893219
j7lx85,normal,0.8014658689498901
mwid0l,normal,0.7343693971633911
msthg7,normal,0.8016883730888367
lvhx6k,normal,0.7706069350242615
g0m9mv,normal,0.5924721360206604
khc4wa,normal,0.8208474516868591
buauph,normal,0.8170828223228455
mpnyze,normal,0.8162415027618408
j7bs94,normal,0.740735650062561
koa5ky,normal,0.77790766954422
mvg1hj,normal,0.539837121963501
mtik2x,normal,0.7618126273155212
mj2esl,normal,0.6237354874610901
lemji7,normal,0.8112084269523621
k2m0vl,normal,0.7100027799606323
jcfmgc,normal,0.6340270638465881
j412en,normal,0.6340270638465881
ltdse2,normal,0.7305948138237
dws91u,normal,0.6473931074142456
m20dpp,normal,0.677973747253418
h0conp,normal,0.7725403904914856
hqkypc,normal,0.756232738494873
g0k9br,normal,0.7390618324279785
lvmevf,normal,0.6949992775917053
lsbtv4,normal,0.7046590447425842
mch3sj,normal,0.5137261748313904
dl0nys,normal,0.7686254382133484
m53mix,normal,0.7673146724700928
mlxyuh,normal,0.7275857329368591
mpi8w2,normal,0.8132075071334839
mmr37c,normal,0.8329399824142456
lczmgv,normal,0.7262958288192749
msjjm0,normal,0.7953338623046875
lwc4pc,normal,0.8206307291984558
m6k8fl,normal,0.7974156737327576
m49b29,normal,0.7992544174194336
mbp9cr,normal,0.7756615281105042
lysbp3,normal,0.8021920919418335
m5yn6e,normal,0.8328065276145935
ma43kv,normal,0.7253119349479675
mgc0yy,normal,0.8101727366447449
ljt5dt,normal,0.8037714958190918
mn5b8u,normal,0.7845027446746826
lkivyn,normal,0.781535267829895
mk9re5,normal,0.6801916360855103
mrosx7,normal,0.8006495237350464
krbaoy,normal,0.7927350401878357
mn9344,normal,0.7371391654014587
lm0lbn,normal,0.7332378625869751
mi6bns,normal,0.7905248403549194
mcp5sb,normal,0.761035680770874
mkxr85,normal,0.8302097916603088
mq416f,normal,0.7854430675506592
m3u7z6,normal,0.8086693286895752
mwlxdq,normal,0.7734518051147461
lfhd3y,normal,0.8121840357780457
lk61io,normal,0.7474245429039001
mx3icg,normal,0.800972044467926
mx833n,normal,0.7694349884986877
mwp1ni,normal,0.8379937410354614
mvub6h,normal,0.7255668044090271
mvr02d,normal,0.6922880411148071
mxmgky,normal,0.7779983282089233
mvdco4,normal,0.7910861372947693
mxpilt,normal,0.7207784652709961
my29je,normal,0.7198970913887024
mxums1,normal,0.7809401154518127
