tweet_id,classification,classification_score
mmwexi,normal,0.7819012999534607
9743yu,normal,0.7460813522338867
dzctw0,normal,0.7781566977500916
4bkemo,normal,0.7267874479293823
klgb01,normal,0.8134678602218628
8anva0,normal,0.43084317445755005
8bhu31,normal,0.6641303300857544
7k159h,normal,0.7163425087928772
8m3awd,normal,0.7314835786819458
7gz7al,normal,0.7472571134567261
4d51zj,normal,0.6954585313796997
7p0bfp,normal,0.7592008113861084
6kojni,normal,0.6781346201896667
4fd8rc,normal,0.7748927474021912
5p08co,normal,0.7084578275680542
4ejfrq,normal,0.7279719710350037
55e2wc,normal,0.8042757511138916
kg2kz4,normal,0.7261229157447815
i70ty6,normal,0.7844846248626709
kzytsw,normal,0.7349334359169006
jm4y2a,normal,0.7916854023933411
mq77ho,normal,0.7856103777885437
e1jyuo,normal,0.7807019352912903
makiwc,normal,0.7968923449516296
kpxeck,normal,0.6173089742660522
miyn11,normal,0.7176978588104248
f5ugbo,normal,0.6400762796401978
kfzdul,normal,0.7982559204101562
7ki2f9,normal,0.7609399557113647
k9k5ch,normal,0.7176072597503662
kz57fb,normal,0.7440375685691833
c6hvro,normal,0.621458888053894
lyo1m7,normal,0.7573603391647339
mfurzu,normal,0.709760844707489
abb533,normal,0.8014374375343323
l705dt,normal,0.7840455174446106
l3db2z,normal,0.5886788368225098
88phu3,normal,0.7945900559425354
cxozy4,normal,0.7329642176628113
m8f6md,normal,0.7143979072570801
l0yl0q,normal,0.6481961607933044
lb3t1k,normal,0.7470070123672485
kwrro5,normal,0.669620156288147
le2wea,normal,0.672458291053772
kgdj4f,normal,0.7780535817146301
kxzzgh,normal,0.7828516364097595
l0jgw7,offensive,0.4937347173690796
ll0sb8,normal,0.8016192317008972
io1hdv,normal,0.7082386612892151
kh9vjp,normal,0.7072495818138123
5l0kph,normal,0.7401779890060425
ki14t5,normal,0.7718842625617981
klb2u8,normal,0.7337996959686279
l6yoze,normal,0.8156384229660034
kncyi3,normal,0.7292371988296509
kpg0i4,normal,0.7736752033233643
jzsb54,normal,0.743094265460968
kws10e,normal,0.793761134147644
66vps5,normal,0.7005723118782043
k405w2,normal,0.7674593925476074
8w0rcu,normal,0.7922224402427673
khbtys,normal,0.7774019241333008
61b0eq,normal,0.7997830510139465
koobtz,normal,0.7648208737373352
k5mozd,normal,0.7313899397850037
mj05za,normal,0.7826411724090576
l2udd6,normal,0.6624634861946106
m0txtf,normal,0.7366155982017517
ld90l4,normal,0.7528460621833801
mwej0e,normal,0.7927532196044922
mm1dnm,normal,0.8375689387321472
mr26wy,normal,0.7505877614021301
lwumk6,normal,0.7932527661323547
mlak83,normal,0.7850908637046814
l3bku6,normal,0.7582734823226929
m96a5w,normal,0.7045499086380005
mr9bko,normal,0.7040860652923584
m76hic,normal,0.7499003410339355
lyb5z1,normal,0.8020890951156616
m7ad6g,normal,0.7792061567306519
ll9ara,normal,0.7981303930282593
md0qwk,normal,0.7261551022529602
j5fdpm,normal,0.6818444728851318
m9tzce,normal,0.7615630626678467
l0372a,normal,0.762015163898468
igkl4j,normal,0.7435461282730103
lv4gn8,normal,0.7433661222457886
lk2aaf,normal,0.7807418704032898
m2lqne,normal,0.7767508029937744
m87y1n,normal,0.7885162830352783
lrwkz2,normal,0.8145545125007629
kzvofe,normal,0.6904164552688599
lw1cy2,normal,0.8236005306243896
lsb5r3,normal,0.7132121324539185
m5yhqi,normal,0.7487729787826538
ly9b6q,normal,0.7556160092353821
lbyldg,normal,0.6592423915863037
mmzmt2,normal,0.7565650939941406
mq51ne,normal,0.7756680250167847
mq5ttb,normal,0.741276741027832
mp3mve,normal,0.7184414863586426
mnids1,normal,0.5355831384658813
mkwpd3,normal,0.724714994430542
mkx3h1,normal,0.7765013575553894
mj9lx5,normal,0.7165067791938782
mhz7wy,normal,0.7924853563308716
mhb2pd,normal,0.7835428714752197
mg0eoj,normal,0.7449865341186523
mfr7az,normal,0.8248693943023682
mexe3n,normal,0.6352136135101318
meb83g,normal,0.7120867371559143
m8025o,offensive,0.4506770968437195
m7xwmc,normal,0.435107946395874
mb5pdb,normal,0.7642640471458435
m61abw,normal,0.7596833109855652
lumuwo,normal,0.7898897528648376
luqp2t,normal,0.7507868409156799
ltv8ud,normal,0.6918468475341797
lshcgh,normal,0.7982074618339539
lqlziy,normal,0.696666419506073
lqgiiq,normal,0.7532466650009155
lqnt94,normal,0.7659083604812622
loj42y,normal,0.7776368260383606
lowh8j,normal,0.7546446323394775
lllypv,normal,0.7345655560493469
lh2r36,normal,0.7900775074958801
ljw5t4,normal,0.8173946738243103
lexswz,normal,0.7773145437240601
l9x7jr,normal,0.7983146905899048
ldhw5g,normal,0.7133951187133789
lcqzwn,normal,0.7791630029678345
lconm5,normal,0.7693676948547363
lbtnwo,normal,0.8115293383598328
l3x39b,normal,0.7413582801818848
l2twlw,normal,0.7464911937713623
l2hlnq,normal,0.8084694147109985
kwxljf,normal,0.8070992827415466
l0keun,normal,0.7032120823860168
kuf38o,normal,0.7716638445854187
kxm0n4,normal,0.7199823260307312
kwvou9,normal,0.8053427338600159
kwme82,normal,0.7054981589317322
kvsga8,normal,0.7885082960128784
kursxo,normal,0.715749979019165
ku0jsa,normal,0.7963899970054626
ktyaci,normal,0.6727554202079773
lpkq38,normal,0.7330054640769958
jnlxzm,normal,0.8023510575294495
kgfo4h,normal,0.8171463012695312
kams4f,normal,0.7660602331161499
j68tql,normal,0.8057228326797485
mu5zr3,normal,0.6817805767059326
mrjidl,normal,0.8302804231643677
jga0kw,normal,0.7517123818397522
lofjg4,normal,0.7257134914398193
i0y3xn,normal,0.7601323127746582
l9k3mx,normal,0.5686888098716736
i0qbts,normal,0.7335217595100403
koiiko,normal,0.7705367803573608
lunv6k,normal,0.7812742590904236
l4iomd,normal,0.7169377207756042
eyap1e,normal,0.8131809830665588
mj76tq,normal,0.7807621955871582
ltpo55,normal,0.8260857462882996
k7vuht,normal,0.7925013303756714
lkokpt,normal,0.5699401497840881
e5kn9x,normal,0.7783816456794739
gawhxe,normal,0.8305110931396484
ltutac,normal,0.7387972474098206
ee16iq,normal,0.7750096321105957
fgehfd,normal,0.79196697473526
lh15jb,normal,0.4086771011352539
fqyddy,normal,0.7536134719848633
ctda1i,normal,0.7504770755767822
k72keb,normal,0.7900599241256714
k1ei09,normal,0.7790952920913696
kna1ma,normal,0.7517914772033691
69dfs5,normal,0.7507290244102478
ln541n,normal,0.7004225254058838
e7i9xn,normal,0.8006811738014221
krfx1m,normal,0.8146665692329407
ay42qh,normal,0.7265454530715942
53u03c,normal,0.7509151101112366
k8scqb,normal,0.7831550240516663
k88owe,normal,0.8409091234207153
l4gk6m,normal,0.7456867694854736
anvz97,normal,0.8257759213447571
3w83de,normal,0.7938882112503052
8ccwyk,normal,0.7858501076698303
9wdqgc,normal,0.7769052386283875
jxresn,normal,0.8294121026992798
inyfb4,normal,0.8017162680625916
k7f83a,normal,0.7195379137992859
59n4dk,normal,0.8106451630592346
8gdam7,normal,0.7716307640075684
lnyk2j,normal,0.7313704490661621
jl8ufv,normal,0.734441876411438
ikoy2j,normal,0.7588796019554138
khbjy9,normal,0.6660568714141846
mhgys8,normal,0.7142574787139893
i9mqb4,normal,0.7446156144142151
8bokl5,normal,0.6218720078468323
k782bq,normal,0.7802179455757141
b0w757,normal,0.8062301874160767
lhek0z,normal,0.7165061831474304
ldu496,normal,0.7257044911384583
k1fxtn,normal,0.7747073769569397
9gpb0b,normal,0.7692291736602783
khci5w,normal,0.634708046913147
jjg0cm,normal,0.7718872427940369
2b3ppb,normal,0.8114925622940063
gat2q4,normal,0.7390906810760498
isak7l,normal,0.725954532623291
fc6fri,normal,0.7576088905334473
3pitmg,normal,0.70624178647995
giqve5,normal,0.5502235889434814
335er0,normal,0.750800371170044
34tomz,normal,0.7818426489830017
3uu4du,normal,0.7872809767723083
gx1jq,normal,0.8071618676185608
2i5mma,normal,0.7375438809394836
2zck5s,normal,0.7754101753234863
1uba16,normal,0.746809184551239
daffm,normal,0.8106209635734558
ei9bj5,normal,0.6652607321739197
7d2f5q,normal,0.7221761345863342
fl8fx1,normal,0.7268697023391724
gyjwk8,normal,0.6585450768470764
3xid32,normal,0.7887505888938904
7qbqui,normal,0.7182167768478394
f8tdhn,normal,0.431306391954422
f1w54b,normal,0.7323502898216248
gc0lv9,normal,0.655448853969574
eim3cf,normal,0.6731529831886292
c96a4a,normal,0.7181487083435059
ekb6vc,normal,0.6373980641365051
eocdm9,normal,0.750898540019989
e31jut,normal,0.6135243773460388
5wepgl,normal,0.770858108997345
4h0gao,normal,0.7441540956497192
b3m8m1,normal,0.6624755263328552
esvcil,normal,0.6503493785858154
7t2b0n,normal,0.5922155380249023
5ktc63,normal,0.7659367918968201
iz0g0k,normal,0.6702287197113037
mo5wlq,normal,0.7342796921730042
mvq9mb,normal,0.7785803079605103
milnzi,normal,0.7719309329986572
bbp59w,normal,0.7690228819847107
kuf9fn,normal,0.7964319586753845
mqze2g,normal,0.7172402143478394
m88c0c,normal,0.7636622786521912
mocbze,normal,0.7969905138015747
mmgguk,normal,0.8028287291526794
l0u22m,normal,0.773023784160614
lzdjjb,normal,0.6460372805595398
l3i48p,normal,0.7954170107841492
g3ghe4,normal,0.8003010749816895
me2498,normal,0.7759948372840881
kg9lsv,normal,0.7859104871749878
l5fjqr,normal,0.7794240117073059
lpdz5w,normal,0.796866774559021
l5tcf4,normal,0.7974478602409363
lb9nt8,normal,0.7556957006454468
l2lr3j,normal,0.8102977275848389
fqe4cj,normal,0.7999148368835449
krkmhw,normal,0.7780615091323853
lkw4hf,normal,0.6935452222824097
m0ln5m,normal,0.757548987865448
knkeit,normal,0.7024222016334534
ks4oqt,normal,0.6957349181175232
l6ghso,normal,0.5867674350738525
lcwrno,normal,0.7993024587631226
f3x8yd,normal,0.7541263103485107
j66qjt,normal,0.798021674156189
kp3u4m,normal,0.8294870853424072
lfx1yv,normal,0.7099647521972656
k53ytg,normal,0.8065260052680969
7obe51,normal,0.7996609210968018
kgiii1,normal,0.6425179243087769
kuxlwp,normal,0.7973532676696777
kc3hue,normal,0.7771996259689331
6b1i7s,normal,0.6927817463874817
jmchud,normal,0.8122954964637756
9thjs8,normal,0.8066338896751404
k8ikdn,normal,0.7771211266517639
k6a6sh,normal,0.7231189608573914
kip9t1,normal,0.6495000123977661
3m361i,normal,0.7242115139961243
kib1qy,normal,0.7122265696525574
9uaauw,normal,0.7668803334236145
ltc04b,normal,0.7119640111923218
mgp5gw,normal,0.7430909872055054
ksi45x,normal,0.622963547706604
ka8yo7,normal,0.8104177117347717
dge0f6,normal,0.5900135040283203
marpa2,normal,0.7181404829025269
lzg8f9,normal,0.795721709728241
e6l39o,normal,0.7872301936149597
lerdiu,normal,0.7747818231582642
ls5ras,normal,0.7935546040534973
gjpp97,normal,0.7709187269210815
ktpfjx,normal,0.7693290114402771
ebm0yy,normal,0.7580814361572266
ejcx6c,normal,0.7300180196762085
l7xeim,normal,0.7958323359489441
dqoqhb,normal,0.7467789053916931
kg3ef6,normal,0.8057708740234375
m6yej5,normal,0.7609981894493103
jr6dt4,normal,0.8220839500427246
ljbbk1,normal,0.7254133224487305
lp4yi8,normal,0.8122838139533997
kjlkc5,normal,0.7175381183624268
abxgsi,normal,0.8222616314888
7kvud9,normal,0.730304479598999
l0ilhh,normal,0.7639437913894653
kixz84,normal,0.7759150862693787
ksv07j,normal,0.7749044895172119
k8j2jl,normal,0.7721757888793945
krqro8,normal,0.7607099413871765
jvzj7g,normal,0.5118505358695984
e74x4q,normal,0.7375533580780029
k2qswo,normal,0.7224452495574951
j64p9j,normal,0.7642441391944885
kgmkxj,normal,0.7557237148284912
a1xyci,normal,0.6722980737686157
jvqznp,normal,0.6548831462860107
ke8jm1,normal,0.7400099039077759
kcuvc2,normal,0.7988118529319763
k5hvg9,normal,0.8175410628318787
k8c25j,normal,0.8277269601821899
90ypiy,normal,0.8240520358085632
awujzr,normal,0.7963435649871826
k44bl4,normal,0.6996317505836487
kqzw4k,normal,0.6847878098487854
k1x2af,normal,0.779100775718689
c97umi,normal,0.7763980031013489
kfsosh,normal,0.7927119731903076
kyq3mv,normal,0.8019066452980042
jztf5s,normal,0.7910615801811218
fl1wkc,normal,0.7761611342430115
dm0xlw,normal,0.7451478838920593
ltgj9q,normal,0.7574952244758606
lfpb8n,normal,0.6953251361846924
cp9w3r,normal,0.792580783367157
kzoo4l,normal,0.6746264100074768
e04fed,normal,0.8093280792236328
krvj60,normal,0.6368100643157959
k6zk5f,normal,0.6145995855331421
kh7dyo,normal,0.7210114002227783
kkgh86,normal,0.7080086469650269
bhst08,normal,0.7139931917190552
kfbkw2,normal,0.49170687794685364
jkr5ov,normal,0.6436991691589355
jyvk52,normal,0.756010115146637
eoha6a,normal,0.7422694563865662
ccf9dm,normal,0.758593738079071
gsllbj,normal,0.750182569026947
itesqy,normal,0.7519997954368591
gd4jgf,normal,0.7936254739761353
ej2yft,normal,0.6844049692153931
9qi3l4,normal,0.6401726007461548
i1gnxm,normal,0.7632493376731873
dm08r3,normal,0.7638809680938721
bczu3z,normal,0.7443697452545166
czy6ly,normal,0.8147720694541931
ihy80q,normal,0.7112404108047485
e0hsl7,normal,0.7957504987716675
cj0yrl,normal,0.7413836717605591
c9rxxy,normal,0.6035451292991638
eyjise,normal,0.7600075006484985
en3yzd,normal,0.7643191814422607
dovdeb,normal,0.6688918471336365
ej1jyr,normal,0.7081755995750427
hjm37r,normal,0.68541020154953
gb9v3w,normal,0.8216853141784668
e15fcy,normal,0.7492883801460266
gzwf3m,normal,0.7351509928703308
c0efwo,normal,0.7823589444160461
g9fdgt,normal,0.8474775552749634
eemgb3,normal,0.7609416246414185
eddm79,normal,0.7363144159317017
efkk8p,normal,0.5190191864967346
chdkix,normal,0.7727745771408081
beqbyk,normal,0.7552118897438049
cev1sg,normal,0.7926741242408752
cxirwa,normal,0.7371569275856018
d06brl,normal,0.6734098792076111
aroc5s,normal,0.7198927402496338
gbsmj4,normal,0.7691037058830261
mv7ulx,normal,0.7299795746803284
eags1n,normal,0.7955215573310852
e6fv12,normal,0.6933760046958923
kgv2p2,normal,0.6913853883743286
kgcygi,normal,0.7921372056007385
8bba76,normal,0.7233946323394775
it05a7,normal,0.7485984563827515
3xydwf,normal,0.7681029438972473
l2xluv,normal,0.7618536949157715
jw4hvv,normal,0.7005209922790527
66yz7g,normal,0.7616932392120361
6gb1yp,normal,0.7296674251556396
ikm72j,normal,0.800649881362915
gwu3pj,normal,0.8023841381072998
cp5cz9,normal,0.794613778591156
fi9eoe,normal,0.7891438007354736
etbk9t,normal,0.7674535512924194
ef75rh,normal,0.7673336267471313
fc5y11,normal,0.5931275486946106
eh3cje,normal,0.7952039241790771
elq85h,normal,0.7833391427993774
h07lzu,normal,0.6899252533912659
a1z91i,normal,0.8131692409515381
altnfg,normal,0.7912159562110901
ea63wy,normal,0.7600910663604736
7zgzad,normal,0.7646488547325134
ajeg9o,normal,0.789677083492279
7vtvt9,normal,0.7954673171043396
ehqwem,normal,0.7134901285171509
9mxlpr,normal,0.7773446440696716
7njj45,normal,0.7410710453987122
83xvl3,normal,0.7862064242362976
7nb0ba,normal,0.715034544467926
b67wzh,normal,0.8053323030471802
do02bx,normal,0.7757590413093567
7d5kr2,normal,0.7762941718101501
7721yp,normal,0.759574294090271
e6vtz6,normal,0.7934175729751587
86n695,normal,0.8298808932304382
arso7c,normal,0.7501915097236633
a7rjo9,normal,0.813677966594696
an6q78,normal,0.6547053456306458
cyxmjc,normal,0.6855270862579346
58rpbj,normal,0.8155301809310913
80toll,normal,0.8300474286079407
8d7uen,normal,0.7876999974250793
8hxmo5,normal,0.7164386510848999
7k4iiy,normal,0.7703465819358826
4zkgef,normal,0.7712510824203491
hawskq,normal,0.7120810747146606
eg62r0,normal,0.7546122074127197
9n12io,normal,0.7972904443740845
5j11sh,normal,0.7857279181480408
bvwggv,normal,0.7730224132537842
525msm,normal,0.7201327085494995
lxb6n8,normal,0.6767863035202026
knwgwb,normal,0.7115014791488647
kfld0j,normal,0.7803037166595459
jy0234,normal,0.7160477638244629
hqm8z9,normal,0.7801799774169922
gn8z2r,normal,0.7747569680213928
fjwjve,normal,0.8124675154685974
fd0veo,normal,0.6348749399185181
et8bi6,normal,0.7005431652069092
egnyvc,normal,0.7250508666038513
eailaf,normal,0.7409434914588928
e4mfbj,normal,0.6668953895568848
e2fi7i,normal,0.7337578535079956
e244jj,normal,0.730185866355896
dbe52b,normal,0.6070743203163147
cwa90q,normal,0.7653251886367798
cvm6fl,normal,0.7471547722816467
bdi0jx,normal,0.6779382824897766
bd7lfb,normal,0.7620328068733215
bcgl3v,normal,0.735119640827179
aku56d,normal,0.7889112830162048
aifoxm,normal,0.6708564758300781
7vwhf1,normal,0.7134735584259033
7gb6si,normal,0.7383281588554382
5zqv2m,normal,0.6648503541946411
5vp6hw,normal,0.6902092695236206
50unv7,normal,0.7445714473724365
4upvb1,normal,0.7297542691230774
4umnnv,normal,0.7505586743354797
4l719b,normal,0.6575197577476501
4ikw5g,normal,0.7894711494445801
4dyzvf,normal,0.7119516134262085
49myxj,normal,0.6930893659591675
43van3,normal,0.7678194046020508
407yrr,normal,0.7804439663887024
3y9lph,normal,0.7671139240264893
3y3lic,normal,0.6684600114822388
3xdbq5,normal,0.7645208835601807
acmgrl,normal,0.6562681794166565
85mvrh,normal,0.7174553871154785
96vi9h,normal,0.7346848845481873
64yrgp,normal,0.8257190585136414
5r3aqs,normal,0.7854912877082825
44sscm,normal,0.7177525162696838
k8fkek,normal,0.7477630376815796
efgz9b,normal,0.7422031760215759
dt0jyi,normal,0.7339980006217957
f9u0sb,normal,0.7693060636520386
czr5dg,normal,0.7652637958526611
dq9gw6,normal,0.7642287611961365
aulvy7,normal,0.7542623281478882
9vypi6,normal,0.7501402497291565
clza2p,normal,0.7288686037063599
7mihxi,normal,0.7603080868721008
75tm9a,normal,0.7597939372062683
5h77aa,normal,0.8040370345115662
3zgneg,normal,0.7867867946624756
bem3jq,normal,0.7774758338928223
5ktc84,normal,0.748164713382721
4dt1ye,normal,0.6685208678245544
71j30l,normal,0.7008828520774841
6vf3qp,normal,0.7196347713470459
61bdb9,normal,0.7673842906951904
40uxrb,normal,0.648134171962738
3zi225,normal,0.7875364422798157
dymyxn,normal,0.7567434906959534
c6djx6,normal,0.7236883640289307
cv0dlc,normal,0.7278692722320557
82qer2,normal,0.8489609360694885
4ylzvj,normal,0.7866785526275635
3xdsgo,normal,0.7409631609916687
5d5k9r,normal,0.7627277374267578
c369bp,normal,0.7760677933692932
kbs2uu,normal,0.7847577929496765
fw1t9m,normal,0.7260684967041016
ahfogy,normal,0.7947471141815186
foa25b,normal,0.792909562587738
empdxe,normal,0.777609646320343
bfesen,normal,0.7199776768684387
848vch,normal,0.7703304290771484
8d07qc,normal,0.7227784991264343
7cif2a,normal,0.7578774690628052
8uz7pg,normal,0.7865233421325684
81i4om,normal,0.7696625590324402
4vb7xj,normal,0.7649173736572266
5elkk5,normal,0.8205973505973816
691uga,normal,0.7842233180999756
7f4kx3,normal,0.7347206473350525
ib2as9,normal,0.7111165523529053
gtugfb,normal,0.7352728843688965
fots0q,normal,0.7767753005027771
eg3buu,normal,0.5139737129211426
e03mgo,normal,0.7904165387153625
ecgwvl,normal,0.6905483603477478
dqryi1,normal,0.6965687870979309
aw6c6z,normal,0.8183950185775757
dz8ytw,normal,0.7390255928039551
6ei1k8,normal,0.7282063961029053
86brvb,normal,0.7097538709640503
9sjv64,normal,0.8353275656700134
63fvsq,normal,0.7942003607749939
6ioras,normal,0.798892080783844
61iap9,normal,0.7923875451087952
5k4z8p,normal,0.711207389831543
4q9v2p,normal,0.7159895896911621
4tpwp9,normal,0.757940948009491
4ezvjy,normal,0.6777403950691223
mif4vz,normal,0.7979325652122498
k4a6j2,normal,0.7542302012443542
cw7a7n,normal,0.6317224502563477
k64p99,normal,0.7933638691902161
jzpeqp,normal,0.7685924172401428
jvqi1t,normal,0.7537543177604675
k52y43,normal,0.8194529414176941
isxjkd,normal,0.7496756911277771
jj5gpg,normal,0.782804548740387
4w5jzt,normal,0.7748000621795654
gxad9y,normal,0.8266637325286865
hdsi1f,normal,0.6984379291534424
ekxkrh,normal,0.6572762727737427
3xuc1y,normal,0.7105771899223328
hdxisa,normal,0.6678836345672607
fey546,normal,0.7304213047027588
dbnvt8,normal,0.7672982811927795
eddxbb,normal,0.7037949562072754
ebjbal,normal,0.7843505144119263
ds2pun,normal,0.697433590888977
d3d3yq,normal,0.7399239540100098
a97z2f,normal,0.80704265832901
cwngm4,normal,0.7067168951034546
du98u4,normal,0.7067168951034546
baqgim,normal,0.7052711844444275
cxkudc,normal,0.7811869382858276
ej3nox,normal,0.7604414224624634
e7hcsv,normal,0.7406426668167114
d6mfxm,normal,0.5759382247924805
dbex03,normal,0.7550927996635437
ecx9r4,normal,0.5579388737678528
a9pa19,normal,0.7359824180603027
9nuw3r,normal,0.7368738651275635
8wm5ba,normal,0.7647076845169067
am7vio,normal,0.7858116030693054
ct5naw,normal,0.65067058801651
cwmcnu,normal,0.7967779040336609
8gs4y2,normal,0.7813898921012878
boffnz,normal,0.7925927042961121
7mos6s,normal,0.8148608207702637
7q61zc,normal,0.8011332154273987
b6o03z,normal,0.824201226234436
98aaq5,normal,0.7743644118309021
797ted,normal,0.7855452299118042
96yw5s,normal,0.62452632188797
cw7x0i,normal,0.7487404942512512
5b5y1i,normal,0.7479334473609924
6yj5co,normal,0.6948793530464172
923bhd,normal,0.7858208417892456
la16ey,normal,0.8029127717018127
l80yl5,normal,0.7827293872833252
l3lwpg,normal,0.7736660242080688
kfzpbm,normal,0.7495735287666321
9b39no,normal,0.7930394411087036
imcxrz,normal,0.5855635404586792
jtmq59,normal,0.801048755645752
kgqmm2,normal,0.6961327791213989
hqn4yv,normal,0.7746216654777527
gdpnsg,normal,0.6425716280937195
e54hgc,normal,0.7026228904724121
dq7g72,normal,0.7802866101264954
bmsl7k,normal,0.6541568040847778
def1fe,normal,0.5926110744476318
bvrd70,normal,0.7915846705436707
eb481h,normal,0.7812674045562744
bbjh1s,normal,0.7634972333908081
e3ht42,normal,0.7325695753097534
cu0aes,normal,0.7926937937736511
az9gfd,normal,0.8068233728408813
e9whrl,normal,0.7590710520744324
bu65r9,normal,0.7491939663887024
cd384m,normal,0.7862123250961304
8nx9j4,normal,0.7155217528343201
fewgp8,normal,0.7225078344345093
mkwymd,normal,0.7243869304656982
lcjezb,normal,0.7613295912742615
kdxlag,normal,0.7086004018783569
jjuqk0,normal,0.7637786865234375
hgmnuz,normal,0.7071287631988525
jxvjny,normal,0.5940929055213928
fhawgp,normal,0.6955878138542175
dxiai3,normal,0.6299373507499695
fe28wj,normal,0.6665059328079224
c04inj,normal,0.8159421682357788
8tzet0,normal,0.7707427144050598
dw1x4h,normal,0.6798596382141113
6obykd,normal,0.6770691871643066
fe92gm,normal,0.6711107492446899
e9743l,normal,0.7515564560890198
8u61d8,normal,0.7286694049835205
dz6pzc,normal,0.7166513204574585
dyha3c,normal,0.7091986536979675
6nkr9k,normal,0.7306931614875793
9wewoo,normal,0.774647057056427
c6o6bz,normal,0.6765989661216736
ely1zp,normal,0.7527940273284912
56gxd0,normal,0.806384265422821
9fno6u,normal,0.7737972736358643
5fg46u,normal,0.7495594620704651
5b5utv,normal,0.7668260335922241
7dw5tp,normal,0.7760441303253174
59idt8,normal,0.6895942091941833
3x1b88,normal,0.7704501748085022
5vs394,normal,0.7733761072158813
5ndheu,normal,0.7767646312713623
61e89u,normal,0.6913487911224365
580n0v,normal,0.7399505972862244
4srszl,normal,0.7343118786811829
3q562b,normal,0.775644838809967
40wq8h,normal,0.7839358448982239
3zto0v,normal,0.4803270399570465
3vnxt8,normal,0.7351580262184143
kc3mqv,normal,0.8306385278701782
kfhljv,normal,0.790797233581543
ed0jke,normal,0.797618567943573
9cpvne,normal,0.7216521501541138
7tm2qg,normal,0.7699896097183228
8fzeuo,normal,0.8252727389335632
8ssyh9,normal,0.7776188254356384
65l0z3,normal,0.8115786910057068
5m3rhb,normal,0.6174559593200684
3qv33p,normal,0.8110125660896301
hcgz6s,normal,0.7580797076225281
jjc54v,normal,0.7848106622695923
kg51ca,normal,0.7243817448616028
6nmga4,normal,0.7483799457550049
bcpoqx,normal,0.7899166345596313
f79aa8,normal,0.7572154998779297
cmajx6,normal,0.7534995675086975
dnobym,normal,0.6974038481712341
7xu1xt,normal,0.822661817073822
80jstm,normal,0.79119873046875
aqcpql,normal,0.7265121340751648
6184r4,normal,0.6962347030639648
98y843,normal,0.7508261203765869
5ushex,normal,0.7488527297973633
4435hb,normal,0.7718030214309692
m7g0ue,normal,0.7509034276008606
kff2pc,normal,0.8042294383049011
jd0dfn,normal,0.711937665939331
dlc2sw,normal,0.6791287660598755
jmg6v5,normal,0.7645337581634521
kavx81,normal,0.7891070246696472
k5o3qn,normal,0.7496668100357056
jzyiva,normal,0.6573070883750916
bclhdp,normal,0.7198798656463623
iqglpd,normal,0.7690056562423706
fq1zu0,normal,0.7301518321037292
e9lpjz,normal,0.774806559085846
dh1132,normal,0.7918382287025452
561iue,normal,0.7653214931488037
d8yd0c,normal,0.8240209817886353
ehgqtn,normal,0.7860040068626404
ecian5,normal,0.6937366724014282
gjyilr,normal,0.644425094127655
e71200,normal,0.6390577554702759
e7kvg2,normal,0.7850047945976257
9mtk8c,normal,0.7835487127304077
dnzefx,normal,0.6747877597808838
dbdi8u,normal,0.6943370699882507
am4r2a,normal,0.6888951659202576
40dfop,normal,0.7087411284446716
c2vhk9,normal,0.7465523481369019
dkq5r2,normal,0.5688353180885315
eehip0,normal,0.7768250703811646
cpylct,normal,0.753608226776123
mlmn5g,normal,0.8097819089889526
kxfp4e,normal,0.8109858632087708
ksuzjx,normal,0.8233205080032349
kross6,normal,0.771408200263977
kqri6v,normal,0.6984874606132507
khsjpq,normal,0.7874684929847717
kcr7sa,normal,0.7724162340164185
hy9w2j,normal,0.7009996771812439
hqmkux,normal,0.8049073815345764
gvuue8,normal,0.8103646039962769
grrojf,normal,0.7920862436294556
fmz5mi,normal,0.7483193278312683
fapvmt,normal,0.7578824758529663
eyj4ze,normal,0.8349851369857788
etrvc3,normal,0.6926555633544922
eped05,normal,0.8083302974700928
dkpeap,normal,0.6636896133422852
defpqs,normal,0.8298011422157288
caabp6,normal,0.80562824010849
brd6yr,normal,0.7480465769767761
bgorso,normal,0.7221547961235046
9g66q6,normal,0.77020663022995
96by88,normal,0.7443081736564636
901rop,normal,0.7882143259048462
8vwupv,normal,0.6563383340835571
8toy9w,normal,0.8195837140083313
8ijvq8,normal,0.7671785950660706
7kwpha,normal,0.7120339870452881
7cwrhv,normal,0.8009050488471985
65mau3,normal,0.7762055397033691
65h5gs,normal,0.6932545900344849
5zb6hy,normal,0.7836721539497375
5hfa6d,normal,0.6530837416648865
55uaqh,normal,0.7922627329826355
mptkky,normal,0.8024334907531738
mdjl6h,normal,0.8266812562942505
lxi9az,normal,0.7895084619522095
a6r675,normal,0.7528219223022461
kb2m0r,normal,0.746658980846405
k15b4r,normal,0.7875782251358032
ipxkq0,normal,0.8317338228225708
f5u9dp,normal,0.8120913505554199
i7mz38,normal,0.7106908559799194
ehd48l,normal,0.7807288765907288
eil9ci,normal,0.7620977759361267
gjugrs,normal,0.6607931852340698
bx6qkd,normal,0.8166977763175964
cbxx8i,normal,0.7842230796813965
frbtr6,normal,0.7528955936431885
99gc3r,normal,0.7862789630889893
9hbh6j,normal,0.822725772857666
8x7j7x,normal,0.7927576303482056
6d0evf,normal,0.8019333481788635
9s6ld0,normal,0.7779448628425598
6fql3j,normal,0.7580898404121399
70prnr,normal,0.6292006969451904
7c22tr,normal,0.8272033929824829
5zcm2p,normal,0.7706607580184937
663ik4,normal,0.8313246369361877
727oqp,normal,0.8052076697349548
79wwfo,normal,0.7709262371063232
4i6mhz,normal,0.8159120082855225
kqo01c,normal,0.7194254994392395
ix948f,normal,0.7479813694953918
g0pbn7,normal,0.6796248555183411
5gnezd,normal,0.7039749622344971
ej6wdb,normal,0.8149574398994446
f910b4,normal,0.6486798524856567
c6d5th,normal,0.7542075514793396
bjvcdx,normal,0.7596838474273682
9qwhci,normal,0.5604223608970642
8eqlmp,normal,0.7212711572647095
8dradz,normal,0.7380567193031311
6pyy76,normal,0.7590347528457642
58q9ml,normal,0.7778224349021912
mpo77d,normal,0.7641857266426086
m7oymd,normal,0.780716061592102
m4gkkx,normal,0.8271185159683228
m3y30y,normal,0.7039179801940918
lnf7q7,normal,0.7890955805778503
ln3frn,normal,0.7872229814529419
laigxh,normal,0.8275388479232788
kt44cy,normal,0.7373497486114502
kk5now,normal,0.7955429553985596
kgh711,normal,0.7160353660583496
kj04au,normal,0.7502520680427551
kgidqp,normal,0.822329044342041
kg2r8v,normal,0.7077934145927429
kennmm,normal,0.7528098225593567
kccb10,normal,0.7781726717948914
k8hwq6,normal,0.7953293323516846
l3pal5,normal,0.7931525707244873
6asbjt,normal,0.7945998311042786
huxbuu,normal,0.46563202142715454
dcx093,normal,0.8049579858779907
kcx90m,normal,0.798869252204895
kh56p4,normal,0.7383092045783997
mmg5te,normal,0.7874400019645691
kfossf,normal,0.7804333567619324
kwrfnm,normal,0.8275429606437683
ltv9hq,normal,0.8032791018486023
j4cl4c,normal,0.782374918460846
ljbgqs,normal,0.8067432045936584
l91bbi,normal,0.7376514673233032
fskced,normal,0.7336460947990417
f4a83r,normal,0.7563549280166626
jv0oos,normal,0.7958062291145325
jyhhsw,normal,0.7382209300994873
km9wko,normal,0.7784596085548401
g8kevq,normal,0.7705183029174805
hnrbv1,normal,0.7664400339126587
8jzd3p,normal,0.7620100975036621
fk7t02,normal,0.8193480372428894
eeyfex,normal,0.816310703754425
8v8p8o,normal,0.7768915295600891
eldrh4,normal,0.5085471272468567
hliyau,normal,0.8006654977798462
fo882d,normal,0.637356162071228
erwndk,normal,0.8193480372428894
fb3k4v,normal,0.7921532392501831
eivuwu,normal,0.8140846490859985
fw1qdv,normal,0.7260684967041016
ecmtot,normal,0.7442159652709961
bo73r2,normal,0.7814022898674011
g0lfzq,normal,0.7281649112701416
e1zzcn,normal,0.8193480372428894
atbkw7,normal,0.8340498208999634
4snmcd,normal,0.8115981817245483
503tyd,normal,0.74803227186203
dvgpi8,normal,0.44510120153427124
9mgxhi,normal,0.7402412295341492
echmb4,normal,0.7508510947227478
dayyya,normal,0.7979882955551147
9hjs2v,normal,0.7583087086677551
9xhk66,normal,0.720189094543457
7srico,normal,0.7788985967636108
a1289z,normal,0.7740738987922668
7jvd0n,normal,0.7915968894958496
ahdfkd,normal,0.8144338726997375
loor6n,normal,0.7686533331871033
lrklok,normal,0.6964827179908752
lgpv1i,normal,0.7531170845031738
l0dzvz,normal,0.7670587301254272
eqj6vj,normal,0.6507452130317688
ftwbdi,normal,0.7244212031364441
el7se6,normal,0.7849475741386414
fzq02v,normal,0.7403382658958435
f0w7a6,normal,0.7723680734634399
ckhg6i,normal,0.7430670261383057
99hqgz,normal,0.7816047072410583
858i24,normal,0.7397658824920654
7t7ty3,normal,0.775721549987793
70tjf3,normal,0.6136425733566284
5n61sb,normal,0.6188981533050537
gceis6,normal,0.8138359785079956
75kpov,normal,0.7361008524894714
m4obnf,normal,0.7557631134986877
mt3v7v,normal,0.7877516746520996
ikqs37,normal,0.6836256980895996
kgvcn0,normal,0.7626608610153198
gvlzuv,normal,0.7822182178497314
g3agw4,normal,0.7834891080856323
epkbhi,normal,0.8200232982635498
g6b9xx,normal,0.7506685853004456
egsin1,normal,0.7867791652679443
dwlhb9,normal,0.7911811470985413
8k6vyl,normal,0.7455820441246033
a0cq6g,normal,0.746839702129364
8dq4vx,normal,0.8111111521720886
73v53p,normal,0.7701319456100464
8jylss,normal,0.7340323328971863
ji1ufj,normal,0.8185982704162598
69yd2i,normal,0.6856036186218262
7tnuc8,normal,0.8181002140045166
eo38of,normal,0.7421934008598328
fiu0no,normal,0.658656656742096
fl3kte,normal,0.7388065457344055
8dajxb,normal,0.7967382669448853
8mmdyb,normal,0.7544505000114441
k9dope,normal,0.7725148797035217
8kh2f0,normal,0.79339200258255
7gv8fb,normal,0.7922059297561646
6ocrrk,normal,0.7829717397689819
ficxtf,normal,0.783911406993866
iku8he,normal,0.7038202285766602
imaycm,normal,0.7544907331466675
he75is,normal,0.8232402205467224
8yin5a,normal,0.768352746963501
7w1y12,normal,0.736490786075592
7k5p60,normal,0.7023144364356995
4ma3i4,normal,0.7829052805900574
4lpvxq,normal,0.7776529788970947
go6o6w,normal,0.8113841414451599
mfvutl,normal,0.8103480935096741
mp03ej,normal,0.7395878434181213
kw204t,normal,0.7849216461181641
kaq6ei,normal,0.8065929412841797
kr195u,normal,0.7710763812065125
kshuo0,normal,0.8022289276123047
kq9kwj,normal,0.7589443922042847
jszk4i,normal,0.772071897983551
jmfbwv,normal,0.7210880517959595
kdwebs,normal,0.7666676640510559
k1x22x,normal,0.845902144908905
mi6klp,normal,0.7465033531188965
ma2vl1,normal,0.738760769367218
kaq179,normal,0.8005306124687195
jtd8ze,normal,0.8459379076957703
l1m8ce,normal,0.7718073129653931
kkybmi,normal,0.721782386302948
jll0jx,normal,0.7451486587524414
kz5dy5,normal,0.757684588432312
knu82w,normal,0.7737002372741699
lgrjeq,normal,0.8408884406089783
h9kshk,normal,0.7765427827835083
j5rjwy,normal,0.7847645878791809
k62ak7,normal,0.7542153596878052
jtjids,normal,0.7656645178794861
jqyyz1,normal,0.800794243812561
k46y7k,normal,0.8106241822242737
kqis9d,normal,0.7832908034324646
felos4,normal,0.8106431365013123
j0s25k,normal,0.7875202298164368
dbesjg,normal,0.6498861908912659
inb784,normal,0.726566731929779
bv8yjj,normal,0.7625135779380798
kiz8q3,normal,0.8116571307182312
9vealm,normal,0.7687244415283203
9l6j8b,normal,0.7979499101638794
hzcseh,normal,0.8181484937667847
danhwk,normal,0.7691688537597656
7l49ey,normal,0.7252994775772095
kuop84,normal,0.7854825854301453
ky248r,normal,0.8019682765007019
lg75b5,normal,0.8057227730751038
hboovk,normal,0.6863651871681213
fc2yw6,normal,0.7638527750968933
lverxp,normal,0.7617779970169067
lnrguz,normal,0.7887671589851379
jq0hji,normal,0.6718403697013855
fcn8wb,normal,0.7891119718551636
kfrcrg,normal,0.7639442682266235
iyfloh,normal,0.7948434948921204
cdj5dp,normal,0.7656918168067932
j35sxk,normal,0.7224591374397278
ckt72z,normal,0.7652963399887085
hlsjj1,normal,0.8034236431121826
il4trs,normal,0.8288117051124573
f43zsl,normal,0.730665922164917
eqkz5e,normal,0.7819954752922058
9zze39,normal,0.796885073184967
i8i6dv,normal,0.7663416266441345
6q808m,normal,0.7852538824081421
eckerg,normal,0.7897441983222961
g9pq83,normal,0.7851060628890991
dqdgy7,normal,0.7537610530853271
ckgblc,normal,0.8030171990394592
ckqi8b,normal,0.7722980380058289
cliubi,normal,0.7542635798454285
fa2z8l,normal,0.7637545466423035
aa9tfx,normal,0.8257465958595276
cei2iz,normal,0.7656106948852539
f8n7yb,normal,0.7597051858901978
ede9ng,normal,0.7802994847297668
etb3e4,normal,0.6781226992607117
a8rxes,normal,0.4596380889415741
mdpbzy,normal,0.7052062153816223
lxsgoj,normal,0.8119111657142639
ka6neo,normal,0.8335418105125427
kwzlfk,normal,0.7999840974807739
inmxoz,normal,0.7772303819656372
lbc49w,normal,0.7937516570091248
mbdcpy,normal,0.7979314923286438
j22j6z,normal,0.8095237612724304
lkdiqx,normal,0.7728002071380615
jgs0dn,normal,0.7704287767410278
m471cz,normal,0.7305014729499817
lknk7n,normal,0.8060671091079712
fxa59w,normal,0.7598896026611328
m9a5bg,normal,0.7851907014846802
mcg7bo,normal,0.835807204246521
mc29v8,normal,0.8252748847007751
ilkfyh,normal,0.7721083164215088
grrao1,normal,0.8280422687530518
mpluim,normal,0.8302710652351379
ena50q,normal,0.8038683533668518
meyu6j,normal,0.7031698822975159
litb89,normal,0.818221926689148
mpk86q,normal,0.8048607110977173
m6gw72,normal,0.8231626152992249
mrapca,normal,0.7368889451026917
fcg7hf,normal,0.7998316884040833
h7qrpv,normal,0.8029149174690247
jw1ztc,normal,0.6918854117393494
e2bran,normal,0.7939284443855286
mgu4d3,normal,0.7621843814849854
lwtzwd,normal,0.7919470071792603
g8r1i5,normal,0.7832736372947693
elx6dz,normal,0.6696144938468933
ml0pve,normal,0.7083649635314941
l9es9b,normal,0.736651599407196
m5d7y1,normal,0.8086458444595337
a3wpsr,normal,0.7415503859519958
g0px78,normal,0.7949858903884888
i2fbi0,normal,0.7996469736099243
b8ownq,normal,0.8382999897003174
kbcwe5,normal,0.7288416624069214
fj1lme,normal,0.7339885234832764
juy7z4,normal,0.7776870727539062
hy7jte,normal,0.7990493774414062
dm9xzf,normal,0.8225587606430054
luzhcm,normal,0.7267495393753052
ipmgs1,normal,0.8152029514312744
mi99hr,normal,0.7597411870956421
j2a2qh,normal,0.764701783657074
jtdspd,normal,0.7570855617523193
mb297e,normal,0.7549907565116882
marr0d,normal,0.7058110237121582
lyn9k5,normal,0.7915789484977722
jxv7ac,normal,0.606528103351593
lifm59,normal,0.5989711880683899
kaqexn,normal,0.6430424451828003
lb1anz,normal,0.7159080505371094
lhs8mh,normal,0.6825532913208008
icxqbq,normal,0.7891768217086792
ksi40v,normal,0.622963547706604
jxwjyt,normal,0.6739007234573364
mvk3ey,normal,0.7163347601890564
k4rfmh,normal,0.6560537815093994
lu3l78,normal,0.6211231350898743
jvki63,normal,0.6657800078392029
jljlfe,normal,0.7512262463569641
jmrgr2,normal,0.7958559393882751
klmp47,normal,0.6746079325675964
j4nl2l,normal,0.7812100052833557
keclyn,normal,0.7891685962677002
chpmo1,normal,0.771785318851471
mjxahg,normal,0.8479114174842834
khs31p,normal,0.7723145484924316
ivhnkp,normal,0.7492300271987915
d934ij,normal,0.7484873533248901
jhevjz,normal,0.7904590964317322
jj72u9,normal,0.6340943574905396
al4cye,normal,0.7938432693481445
ds2iwy,normal,0.7018781900405884
djbgn2,normal,0.6419700384140015
chpnlc,normal,0.7800690531730652
k9ejq1,normal,0.7424187064170837
dkua94,normal,0.7830356955528259
j12dsc,normal,0.7430627942085266
mtima4,normal,0.7539077997207642
diat0o,normal,0.7478090524673462
ltufqv,normal,0.6033679246902466
kn74i7,normal,0.7404080033302307
f633k0,normal,0.7803440093994141
lgn0tr,normal,0.7761213779449463
mmdxnr,normal,0.7025836706161499
etayww,normal,0.6869009733200073
diqtin,normal,0.6081668138504028
delfx2,normal,0.7722122669219971
iup9hh,normal,0.7327422499656677
f9gjo1,normal,0.7552151679992676
ew8kle,normal,0.479644775390625
jbqeuy,normal,0.6987606883049011
mjt4ys,normal,0.6707839369773865
faw9zj,normal,0.786501407623291
mx2rk4,normal,0.776305615901947
mwn6yl,normal,0.7829572558403015
mvkcm4,normal,0.8068050146102905
mvssos,normal,0.7750133872032166
mw4jz9,normal,0.7856866717338562
mvsa2q,normal,0.7273769974708557
mujmfa,normal,0.7824971079826355
mucjqm,normal,0.7908467054367065
mueksw,normal,0.6931108832359314
mu0ysw,normal,0.7600303292274475
msvbz5,normal,0.8575946092605591
msvbx8,normal,0.8617717027664185
msvbhb,normal,0.8634477853775024
mt03bg,normal,0.7871461510658264
ms45g6,normal,0.7623113989830017
mr2tu5,normal,0.8536415696144104
mr2svk,normal,0.8548409938812256
mr2sm3,normal,0.8554649949073792
mpi9ef,normal,0.7194541692733765
mowia3,normal,0.7530351877212524
mo6581,normal,0.7335101962089539
mnxk77,normal,0.6541059613227844
mnctch,normal,0.7582525610923767
mn54gb,normal,0.753058135509491
mmwxec,normal,0.6567700505256653
mir60w,normal,0.7979761362075806
mmm5tu,normal,0.8262996077537537
mlyl31,normal,0.7873272895812988
mhqk3p,normal,0.6991425156593323
ml43r2,normal,0.5981371998786926
ml2no3,normal,0.7882946729660034
mkgwkv,normal,0.6842679977416992
mjxum5,normal,0.7278069853782654
mk5aq6,normal,0.5842877626419067
mjiaix,offensive,0.446290522813797
mjif66,normal,0.8261992931365967
mjk3ge,normal,0.8111752271652222
mirqh4,normal,0.7691553831100464
mimm6q,normal,0.7822117805480957
miyed2,normal,0.7634236216545105
mi6v4c,normal,0.7137779593467712
mi79fz,normal,0.7980728149414062
mgee5k,normal,0.6698710918426514
mhjzyw,normal,0.7952555418014526
mhjsyj,normal,0.8344434499740601
mgaqhm,normal,0.6502491235733032
mfgbjo,normal,0.6999635100364685
meuzvn,normal,0.8165040016174316
mf06bz,normal,0.7660315036773682
lg3xg8,normal,0.8099564909934998
mmuot6,normal,0.7811020612716675
m6bi2l,normal,0.8032594919204712
lttjjv,normal,0.7635222673416138
hn86wo,normal,0.6532154083251953
molrmh,normal,0.7963664531707764
ju3ko3,normal,0.7333406805992126
bnqje9,normal,0.7717878222465515
m69pl1,normal,0.7542287707328796
j0y0d7,normal,0.7964281439781189
mqamqi,normal,0.7764348983764648
lwxyfw,normal,0.7741290330886841
m7rzg9,normal,0.8158327341079712
7yk5nl,normal,0.7753770351409912
dqkgiq,normal,0.787503719329834
duckqc,normal,0.8163390159606934
k7vs61,normal,0.7410434484481812
miakmq,normal,0.784745991230011
mcc5rq,normal,0.7788748741149902
mmy9l6,normal,0.7627575397491455
gccji9,normal,0.7944907546043396
khnms9,normal,0.8210894465446472
mplxbp,normal,0.7044408321380615
mqalcb,normal,0.7508297562599182
mvdzsa,normal,0.7321481108665466
miympi,normal,0.6615936160087585
lx3tga,normal,0.7648892998695374
mw4x2b,normal,0.7983593344688416
md5jg8,normal,0.7427963018417358
kpd1pp,normal,0.7941124439239502
mls7pm,normal,0.7236365079879761
iz0ek2,normal,0.7437421083450317
liiaud,normal,0.7661004066467285
fghoo3,normal,0.6635756492614746
mfqlk3,normal,0.7331634759902954
mkh1uz,normal,0.454559326171875
mf8gwu,normal,0.7171580791473389
j64zuy,normal,0.7795802354812622
lf5sao,normal,0.7602832913398743
l5yp43,normal,0.7818712592124939
mgo8nb,normal,0.5992862582206726
kmsfmn,normal,0.7503154277801514
c4weim,normal,0.8228225111961365
lwjr74,normal,0.7917875647544861
6whut9,normal,0.7847782373428345
m9w6li,normal,0.7408654689788818
m7znsk,normal,0.6687681078910828
m12i9o,normal,0.5939791202545166
mnmd0l,normal,0.7526817321777344
m1s4av,normal,0.7756727337837219
mru1hc,normal,0.8036597967147827
mtr5v8,normal,0.7824011445045471
mtssnb,normal,0.782920241355896
mp6x9a,normal,0.7838439345359802
msx0mo,normal,0.8006969094276428
m25gzp,normal,0.6974330544471741
me7mcd,normal,0.7309579849243164
mohsoa,normal,0.6338594555854797
m3br4l,normal,0.8324220776557922
mfxclk,normal,0.7334326505661011
movb3b,normal,0.7434548735618591
mi4ef2,normal,0.7787447571754456
mm8xz5,normal,0.7651147842407227
lyfnfa,normal,0.751171350479126
jmx3zq,normal,0.7862036824226379
j4rb8p,normal,0.7769274115562439
mqel0h,normal,0.5609001517295837
msta2s,normal,0.7597814798355103
mtmu4a,normal,0.790587306022644
mlwilk,normal,0.762916624546051
mprr1w,normal,0.7168556451797485
l2yngr,normal,0.8055405616760254
mvndpz,normal,0.8365820050239563
mwg511,normal,0.6897380948066711
mjmp8o,normal,0.7991761565208435
mijbc7,normal,0.770584225654602
mf2r9n,normal,0.790187656879425
m8d03n,normal,0.7074112296104431
ljtl46,normal,0.7523946166038513
mi8v76,normal,0.7757969498634338
m8wi31,normal,0.8021166920661926
mlq5dc,normal,0.8019496202468872
mir43l,normal,0.7853301763534546
m71uhm,normal,0.8082994222640991
m0o9zy,normal,0.8347052931785583
midblg,normal,0.6320441961288452
mr4zy9,normal,0.8100873827934265
lody5t,normal,0.8103673458099365
moda2l,normal,0.8115585446357727
modkzl,normal,0.811606764793396
m4xrw5,normal,0.8244151473045349
lf3q2i,normal,0.7696309089660645
lttizc,normal,0.8285940885543823
kygd9h,normal,0.8235348463058472
mlmjor,normal,0.7910093665122986
m4h9sh,normal,0.818912148475647
lkwcu6,normal,0.798443615436554
l6zt46,normal,0.7821657061576843
mh5buw,normal,0.7393120527267456
mpvvib,normal,0.7822955250740051
ln78x7,normal,0.565017580986023
l5hqrk,normal,0.7353857755661011
lnr0r0,normal,0.5693816542625427
mbmkz9,normal,0.6422544717788696
m9q925,normal,0.7459878325462341
khjz11,normal,0.697306752204895
mbnk8w,normal,0.6977030038833618
m8w0uz,normal,0.6090921759605408
kyeutl,hate speech,0.668387234210968
bnkdct,normal,0.6727617979049683
ld9yu5,normal,0.7113549709320068
2yg6p8,normal,0.6235756278038025
jotk4j,normal,0.6540912985801697
e3bnoz,normal,0.5992670655250549
7p5e34,normal,0.7489181756973267
jzup28,normal,0.7043094635009766
oakbm,normal,0.5848375558853149
faud8g,normal,0.7493603825569153
gynww2,normal,0.7560411691665649
1kak77,normal,0.5260544419288635
itwmhl,normal,0.7612655162811279
9imfrd,normal,0.7520488500595093
dmicfu,normal,0.46238434314727783
239euc,normal,0.5374324917793274
hepcdc,normal,0.7824859619140625
9aqq1f,normal,0.7405884861946106
f1j9tg,normal,0.7737430930137634
iyrino,normal,0.6794466376304626
gp9eb7,normal,0.5326771140098572
1f9zxe,offensive,0.5083613395690918
bwylk,normal,0.5055547952651978
8i08i9,normal,0.7180566787719727
hgidch,normal,0.6791455149650574
g3rk96,normal,0.5667225122451782
69fi5v,normal,0.7699793577194214
35ptb6,offensive,0.5755340456962585
hpnqw3,normal,0.5734139680862427
5oukyi,normal,0.4948507845401764
i8wh9g,normal,0.548916757106781
2i7h9o,normal,0.7482355237007141
dwl90o,normal,0.7843440771102905
huv1d,normal,0.4967344105243683
8rzvu4,normal,0.7647801041603088
447jdv,normal,0.6991419792175293
gbqend,normal,0.6804144978523254
4qelp4,normal,0.5830122232437134
ff7zvy,normal,0.6008665561676025
k8xl7j,normal,0.7377248406410217
lv9z2n,normal,0.7245954275131226
ebn2h3,normal,0.6820436716079712
k9hk35,normal,0.7407174110412598
gmxf1k,normal,0.6601698398590088
iwz9cb,normal,0.6964246034622192
iqq2km,normal,0.7543354630470276
gpjgip,normal,0.7591974139213562
j2t46c,normal,0.7036186456680298
m1sdn1,normal,0.7573454976081848
mwajbr,normal,0.7337138652801514
axyml1,normal,0.7541696429252625
mrynmb,normal,0.7448630928993225
mee48k,normal,0.7769669890403748
m88dki,normal,0.7924124598503113
m3ibyf,normal,0.6336926817893982
acqe4u,normal,0.7568009495735168
bvamn6,normal,0.6709819436073303
d0isys,normal,0.6844707727432251
l40w2y,normal,0.6925125122070312
m025mj,normal,0.7987992763519287
kh5nfd,normal,0.6422443389892578
febmkc,normal,0.7541696429252625
fdza9f,normal,0.7541696429252625
bvrxzg,normal,0.7291678190231323
ebeyo5,normal,0.79816734790802
lkpcim,normal,0.6959913969039917
l06ags,normal,0.7801947593688965
4d6egf,normal,0.7599189281463623
d017qo,normal,0.7076935768127441
aeo59a,normal,0.7743543386459351
5t7gji,normal,0.7586814761161804
j9znvq,normal,0.7141019701957703
7dr093,normal,0.7015624046325684
9sjjj4,normal,0.6847655177116394
j5yc1z,normal,0.6627985239028931
7xjtmo,normal,0.7838817238807678
9h5v87,normal,0.7774426341056824
jkay3n,normal,0.7493208646774292
ades1k,normal,0.7697721719741821
97ogbr,normal,0.7909207940101624
jkmcd6,normal,0.7298530340194702
iotsje,normal,0.7905643582344055
ikhn45,normal,0.8063176870346069
64vrc3,normal,0.7705000638961792
672qvd,normal,0.7637244462966919
iz3utu,normal,0.48413509130477905
j52ctg,normal,0.7535368204116821
i6zlp6,normal,0.7581468820571899
hvzl9z,normal,0.767900824546814
mgjagf,normal,0.7472240924835205
jm1qu7,normal,0.7789093255996704
kp39ku,normal,0.8230536580085754
hturls,normal,0.8207213282585144
kpuppw,normal,0.7654080986976624
a5yxuh,normal,0.7392041087150574
kpnkka,normal,0.7065815925598145
hgxmw1,normal,0.7938567996025085
atwcbx,normal,0.7765286564826965
8nj3ul,normal,0.7856757044792175
8parod,normal,0.794623613357544
6i6vqx,normal,0.6436994671821594
jj2c4g,normal,0.7896512746810913
fwedei,normal,0.8364393711090088
jj20c1,normal,0.807447612285614
eidghl,normal,0.805628776550293
aq72ni,normal,0.7783483266830444
4j1ctm,normal,0.7151877284049988
am2yeh,normal,0.7783483266830444
8ouoqs,normal,0.8219912052154541
tv5o7,normal,0.7571990489959717
8cx7gv,normal,0.729923665523529
bs2rxe,normal,0.7506667375564575
dfh7cx,normal,0.779046893119812
aumqc3,normal,0.7146089673042297
8pavz1,normal,0.8196269273757935
1y43c4,normal,0.7968018651008606
dya6ik,normal,0.6654307246208191
9ratkg,normal,0.7535468339920044
3pkp5h,normal,0.7463141083717346
8or39p,normal,0.7939003109931946
9riw6v,normal,0.8094315528869629
2oem6i,normal,0.7649967074394226
bv49p,normal,0.8002685904502869
2fjmyf,normal,0.8177724480628967
f452i,normal,0.7586245536804199
ft89nb,normal,0.7923322319984436
9dn9u,offensive,0.5930941104888916
1r5gln,normal,0.8137941360473633
1i5255,normal,0.7154231667518616
20q5p9,normal,0.7765892744064331
etpz5t,normal,0.7846160531044006
5a9od3,normal,0.8217771053314209
dig9tk,normal,0.7335542440414429
8f2sic,normal,0.7815293073654175
2vtzk8,normal,0.7131406664848328
20hzq4,normal,0.7585552334785461
8rf6to,normal,0.45001643896102905
knshh0,normal,0.7413114905357361
izt2pp,normal,0.7139924764633179
msp7uv,normal,0.7368379235267639
m34ylg,normal,0.5072759389877319
k38utz,normal,0.7435175776481628
mjh2za,normal,0.6382679343223572
mssn6e,normal,0.689717710018158
lg5crn,normal,0.6753795146942139
moj5pu,normal,0.7422159314155579
meibzg,normal,0.7145082354545593
lax4pz,normal,0.7803083062171936
ld6rd0,normal,0.5536229610443115
lh63ox,normal,0.6946882009506226
m9fu68,normal,0.7743299603462219
lo9bc3,normal,0.7452271580696106
e8qywo,normal,0.7424845099449158
kbvhuq,normal,0.7803059220314026
938sji,normal,0.7790510058403015
j0i7b3,normal,0.566615879535675
jcvsrc,normal,0.7424287796020508
79jigy,normal,0.7403221130371094
iocu8i,normal,0.8147312998771667
ffhp61,normal,0.7979549765586853
jmn07u,normal,0.7706730961799622
jbkjja,normal,0.7045539021492004
irx9qa,normal,0.8097794055938721
e0jk2g,normal,0.7036203145980835
i3hq93,normal,0.7784755229949951
8vf9d0,normal,0.7238852381706238
kdg106,normal,0.7813923358917236
jhxfte,normal,0.760322093963623
4i58ic,normal,0.7943362593650818
cnticq,normal,0.7009214758872986
7e4cmf,normal,0.7342480421066284
kgh1jf,normal,0.734978437423706
k2wcu1,normal,0.7988895773887634
j8pk4o,normal,0.7505523562431335
gecei,normal,0.7993261814117432
9db1ba,normal,0.760296642780304
jixoqm,normal,0.811489999294281
7yx14j,normal,0.7537005543708801
2gl7y3,normal,0.6631268858909607
8k3hi1,normal,0.7772575616836548
aq9xac,normal,0.7901412844657898
hkmdp3,normal,0.780430793762207
i6tqeq,normal,0.6329494118690491
idppdg,normal,0.7876556515693665
gp6a5h,normal,0.7546138763427734
f6vdz,normal,0.7858396172523499
12hy1d,normal,0.7421581149101257
e9fjb,normal,0.7666292190551758
mwrh5a,normal,0.7612622380256653
laf81n,normal,0.8031196594238281
mcyxs9,normal,0.7935634255409241
is43pc,normal,0.8045558333396912
ms4spy,normal,0.7151161432266235
m4b6d1,normal,0.7876413464546204
miibgz,normal,0.7759539484977722
jz790w,normal,0.7585241198539734
mdgpje,normal,0.8180460333824158
jtg3to,normal,0.6473895907402039
m665ac,normal,0.8320144414901733
jymjgz,normal,0.7487633228302002
lrnfie,normal,0.8157638311386108
mga7b7,normal,0.6746936440467834
juem0t,normal,0.8213373422622681
lummut,normal,0.7544720768928528
i780oi,normal,0.6823059916496277
kbjb8m,normal,0.8030329942703247
jemgu0,normal,0.7417891621589661
k0aqga,normal,0.7747339010238647
jgxhnl,normal,0.8159768581390381
ka175w,normal,0.7243881821632385
msrp8x,normal,0.7722236514091492
lzb0ef,normal,0.7349510788917542
jzntbf,normal,0.7901571989059448
l5mpy3,normal,0.6976425647735596
ljfpdh,normal,0.7492671608924866
9oxxta,normal,0.7997535467147827
imyshm,normal,0.7525720596313477
lpiatl,normal,0.6900969743728638
muh5qh,normal,0.7846384048461914
mqmyiw,normal,0.740813672542572
mthdma,normal,0.626775860786438
jfsnww,normal,0.6870889067649841
m1tn5f,normal,0.7512959241867065
mvisqk,normal,0.71302330493927
lakdoz,normal,0.8040798902511597
leey1o,normal,0.7085009813308716
kmj58w,normal,0.7493779063224792
hqyhyh,normal,0.7709672451019287
ibj1q6,normal,0.78016597032547
jua4b9,normal,0.836879551410675
alegfw,normal,0.6758409738540649
lq7rzv,normal,0.743058979511261
k5iag0,normal,0.7999783754348755
jvtzga,normal,0.7593066692352295
kr4aff,normal,0.7501260042190552
hejqlt,normal,0.7811247110366821
kri7yi,normal,0.7942841649055481
ftqkj5,normal,0.7522878646850586
k5xb0b,normal,0.7221872210502625
aw437m,normal,0.7198699116706848
iqrc02,normal,0.7757434248924255
ser97,normal,0.7437886595726013
iysn46,normal,0.774006724357605
jydmg0,normal,0.8225497007369995
2mlky0,normal,0.7395856380462646
96feqw,normal,0.6894748210906982
gm6ld6,normal,0.6450377702713013
4hupk7,normal,0.7764674425125122
6zzxbc,normal,0.7977917194366455
j02k5x,normal,0.6102099418640137
fkvhv9,normal,0.7709089517593384
10mncu,normal,0.757380485534668
13zs4k,normal,0.7772746682167053
tpybt,normal,0.8030669689178467
ivmdd,normal,0.7685697078704834
9f2re,normal,0.7378729581832886
92q1r,normal,0.751343309879303
8irg1,normal,0.7911126613616943
ek4dq,normal,0.7344462275505066
g1yv3w,normal,0.7410516142845154
1sl7yv,normal,0.7098907232284546
y7g2c,normal,0.7928877472877502
shytb,normal,0.7684698104858398
dhumg,normal,0.6899262070655823
89v2k,normal,0.7430640459060669
9f53m,normal,0.7903286814689636
eam14r,normal,0.6331821084022522
4uj6ig,normal,0.7979853749275208
dqyb5,normal,0.8311373591423035
88bhbs,normal,0.707237184047699
fotiz,normal,0.7756658792495728
4njhnq,normal,0.7412237524986267
fo9we,normal,0.8050664067268372
baa2t,normal,0.7860130071640015
8h2wpg,normal,0.7124431133270264
92ttw0,normal,0.789578378200531
a2u3v,normal,0.8275507092475891
375d5r,normal,0.8235201835632324
9qubkt,normal,0.8383457660675049
itjjn,normal,0.7772044539451599
35dqis,normal,0.6964906454086304
70ft3s,normal,0.7510379552841187
2zwxjz,normal,0.7030910849571228
fzu9p,normal,0.769672155380249
9l9i3,normal,0.7070978879928589
dwrjtw,normal,0.6839674115180969
bamwe2,normal,0.7283724546432495
t3n52,normal,0.7773005366325378
igx4f1,normal,0.7836353182792664
da2rf,normal,0.7467843890190125
i2cxg4,normal,0.6737632155418396
gcdofv,normal,0.7762480974197388
bfe0rd,normal,0.6899099946022034
d044nr,normal,0.7341002225875854
2dcw4x,normal,0.7206314206123352
f36enm,normal,0.7478584051132202
7xvdxh,normal,0.8118840456008911
8ena38,normal,0.7998058795928955
c1w1a,normal,0.7323815822601318
mobk9,normal,0.776820182800293
hwklg,normal,0.7586238384246826
633osd,normal,0.6979330778121948
77o2vz,normal,0.772519052028656
aazwqq,normal,0.7905034422874451
1ofn1h,normal,0.7364705204963684
404hwl,normal,0.7452006340026855
a2jn71,normal,0.8273434638977051
9w8emr,normal,0.7557244300842285
1v2oqt,normal,0.7444356083869934
22s7r6,normal,0.7740355730056763
4rjigz,normal,0.7605220079421997
uy94w,normal,0.7418544292449951
2o6zcu,normal,0.7929326295852661
2w78xg,normal,0.7117382884025574
mq470b,normal,0.7774956226348877
lkl7gv,normal,0.6244547963142395
leunaa,normal,0.7189964652061462
mbcqn3,normal,0.7856095433235168
jihgbg,normal,0.7672883868217468
kgrsns,normal,0.7209324240684509
mb2ggz,normal,0.7022300362586975
j9d1v9,normal,0.8068353533744812
mjxczp,normal,0.6835713982582092
lpi0ay,normal,0.7189964652061462
mooq4m,normal,0.5462016463279724
i5f9dn,normal,0.7779819369316101
i5kaem,normal,0.7128114104270935
jv5rt6,normal,0.7265949249267578
kpo0aj,normal,0.7308080792427063
mptkwe,normal,0.8344221115112305
k1nqnr,normal,0.7344402074813843
g6oq6t,normal,0.5811317563056946
mt9gb3,normal,0.7327187657356262
mschfa,normal,0.8048422932624817
mo6n6d,normal,0.81393963098526
mkpuec,normal,0.7001914381980896
ltruhm,normal,0.788608193397522
ldquum,normal,0.748354434967041
l8ok9d,normal,0.7788349986076355
kp6zi1,normal,0.6882283687591553
kjxewg,normal,0.7737070918083191
k6yjf0,normal,0.7844803929328918
k7czta,normal,0.5387617945671082
k3op9d,normal,0.7681165337562561
jwjw8q,normal,0.6904441118240356
jzgili,normal,0.8027198314666748
jws1by,normal,0.6468396782875061
ju46zv,normal,0.7939292192459106
jqzwj1,normal,0.6556767821311951
jnu4yi,normal,0.7970185875892639
jjxdqt,normal,0.6841937303543091
jld6jy,normal,0.6365221738815308
jgudn4,normal,0.7060790061950684
jfjtp2,normal,0.739821195602417
jf0aq0,normal,0.810767650604248
jai26b,normal,0.7486913204193115
ja7ik3,normal,0.7883442044258118
j8k8r8,normal,0.7791938781738281
j4cox7,normal,0.7946291565895081
j0t32q,normal,0.7648468613624573
j10fio,normal,0.6947215795516968
j0qem3,normal,0.7616077065467834
iqou89,normal,0.4827667772769928
imsws7,normal,0.8183283805847168
imzlef,normal,0.7496320009231567
ijc6i3,normal,0.7865451574325562
iiovff,normal,0.7321849465370178
iddlbx,normal,0.7620937824249268
ia3dek,normal,0.7988056540489197
i82b8e,normal,0.8132688999176025
hxs09m,normal,0.7293571829795837
htr0sz,normal,0.5968406796455383
hw3ap4,normal,0.8088589310646057
hspt4a,normal,0.5892832279205322
hqnuos,normal,0.7110778093338013
hn071i,normal,0.7304769158363342
hm05bh,normal,0.6792840957641602
hgng7r,normal,0.7136425375938416
hgj1yy,normal,0.7432708144187927
mo04fd,normal,0.6434569358825684
mlw943,normal,0.7543834447860718
kwxnlr,normal,0.8015825152397156
hzv6t8,normal,0.7584713101387024
lhotds,normal,0.662301242351532
kyp6ru,normal,0.7023369073867798
m4g7y2,normal,0.7751601338386536
kkd9iv,normal,0.686907947063446
k9wxuw,normal,0.6789303421974182
cn9abw,normal,0.7278452515602112
hyvs8q,normal,0.7754027247428894
hhod0b,normal,0.8003180027008057
ivxh0q,normal,0.7436527609825134
axud1f,normal,0.7130699157714844
k0ceso,normal,0.7110660672187805
bzi0i6,normal,0.7647643685340881
ay229h,normal,0.7408806085586548
gskal5,normal,0.6709946990013123
jacs6u,normal,0.6317559480667114
jg4uy0,normal,0.8085321187973022
htqntt,normal,0.7280673384666443
j26nev,normal,0.6786182522773743
1nx5rm,normal,0.8036498427391052
a4xpwr,normal,0.6952077150344849
1k7grn,normal,0.709293007850647
k9tz0r,normal,0.7524574995040894
gknhdr,normal,0.7190695405006409
8m1zl,normal,0.7726225852966309
5clb7m,normal,0.6547932028770447
hw6k7i,normal,0.6922968626022339
2vske9,normal,0.8184670209884644
i6ljd7,normal,0.7630182504653931
jjinah,normal,0.6316973567008972
gptbvt,normal,0.6607071757316589
in81r7,normal,0.6761412620544434
9fl3b2,normal,0.6989067792892456
8tr73v,normal,0.7822809815406799
4c16cf,normal,0.7936663627624512
59b1zz,normal,0.5582447052001953
d0g0qb,normal,0.6849616765975952
6ttjdq,normal,0.7037809491157532
e0nwnq,normal,0.7035033106803894
6yxm8e,normal,0.6700415015220642
e70t6d,normal,0.8173103332519531
j0icsr,normal,0.7472991347312927
eogano,normal,0.6631226539611816
j5zpwi,normal,0.8250977993011475
fy3u83,normal,0.7785752415657043
i9losf,normal,0.7805357575416565
bdhyhy,normal,0.7275266051292419
kt41ks,normal,0.7682864665985107
bdvfk4,normal,0.7539395093917847
fyphta,normal,0.7472888231277466
m6rga7,normal,0.7309223413467407
7unp3l,normal,0.7783170342445374
bir2zl,normal,0.6755850315093994
96uk9d,normal,0.7885941863059998
8jt8ok,normal,0.7049555778503418
7krnge,normal,0.7506917715072632
3zhswo,normal,0.6455921530723572
hwq3yv,normal,0.7402453422546387
1gie1g,normal,0.7001186013221741
77n3pc,normal,0.7954372763633728
d6x54p,normal,0.6249858736991882
8h9uad,normal,0.8210776448249817
ray2e,normal,0.5869163274765015
6ysoyq,normal,0.773491621017456
ht9825,normal,0.6777526140213013
jpnr4k,normal,0.6935724020004272
inpv3a,normal,0.7953121066093445
3gpvhj,normal,0.7993969321250916
hh7pdh,normal,0.7594109773635864
irdqns,normal,0.6748098134994507
e5rgge,normal,0.7613519430160522
hrqj0z,normal,0.5365457534790039
hz9n7p,normal,0.5628612041473389
a33osd,normal,0.7831658720970154
d8sk78,normal,0.7304239869117737
fjx0ed,normal,0.7017660737037659
jgh94w,normal,0.788529634475708
72ofgh,normal,0.8071209192276001
98e0sz,normal,0.5171756148338318
cdzz4,normal,0.7795780301094055
xtqs4,normal,0.6785779595375061
c1mq4,normal,0.7314157485961914
f9wcbz,normal,0.8085625171661377
lon34,normal,0.7270857095718384
33ry66,normal,0.7610360383987427
hamve,normal,0.6999174356460571
2pk0uv,normal,0.6290212273597717
14sg7i,normal,0.7298691272735596
38a36t,normal,0.7429034113883972
992tf,normal,0.7962353825569153
4hxzd6,normal,0.7985254526138306
e0m7ww,normal,0.6856378316879272
k3ztaa,normal,0.7280163168907166
gp6bk6,normal,0.7401268482208252
iv37tl,normal,0.6612547636032104
8yxdn9,normal,0.5782803893089294
2uzjpq,normal,0.7688496112823486
hd4qq,normal,0.7479798197746277
3xitl0,normal,0.7448169589042664
l6d23,normal,0.6465691924095154
mma28n,normal,0.6797212958335876
msz113,normal,0.7923180460929871
mts5uk,normal,0.782028317451477
m6rzs6,normal,0.7530272603034973
ltulz1,normal,0.7879060506820679
mwvsh0,normal,0.7405523061752319
m735m6,normal,0.7930142283439636
m9o213,normal,0.8066223859786987
k3hhu9,normal,0.790320634841919
jvoq54,normal,0.7066938281059265
mjztuf,normal,0.7201966047286987
jsl7e7,normal,0.6861216425895691
mpqehg,normal,0.7768663167953491
kqn5za,normal,0.6666815876960754
hcnycw,normal,0.6436327695846558
guiuoa,normal,0.7038180232048035
mmybws,normal,0.8233000636100769
k90wr0,normal,0.7630102634429932
j66ffv,normal,0.8129993677139282
jx5lj9,normal,0.7668089866638184
ji3rwl,normal,0.7400128841400146
ituw1b,normal,0.7997129559516907
mmhjn2,normal,0.7611143589019775
kzfqqf,normal,0.7932569980621338
j2nr4v,normal,0.7005747556686401
jgy9xu,normal,0.6950159072875977
mlsnrq,normal,0.8028092384338379
htidoo,normal,0.819674551486969
mve3b5,normal,0.7418707609176636
j77geu,normal,0.8257302045822144
k0bx92,normal,0.6968693733215332
ku2g8q,normal,0.7525275349617004
mg1el5,normal,0.623339056968689
md3t4m,normal,0.7691283226013184
kiz45k,normal,0.7764852643013
movpcf,normal,0.7929010391235352
m7ta8j,normal,0.7949756979942322
lc26dz,normal,0.8059123158454895
i2d7oa,normal,0.8157773017883301
mtdthh,normal,0.7621569633483887
mlx3eh,normal,0.7843272686004639
fsvfz8,normal,0.8130182027816772
gfy3jd,normal,0.6878716349601746
gb8azo,normal,0.7778242826461792
ktxy0i,normal,0.7739551067352295
f58cm8,normal,0.7794542908668518
mub51x,normal,0.7728617191314697
mio107,normal,0.7941495180130005
ff1o1x,normal,0.8129953145980835
kd10qn,normal,0.6685581207275391
mm64kt,normal,0.7574631571769714
mqxgu7,normal,0.7827078104019165
mvmrqx,normal,0.7751955389976501
mnvfz9,normal,0.7656242251396179
mlg5pb,normal,0.6688521504402161
mutvkm,normal,0.6848933696746826
mb1lbf,normal,0.5487858653068542
mm5gnq,normal,0.7495620846748352
lbz9yt,normal,0.7794986367225647
melc3l,normal,0.7246784567832947
lqv81o,normal,0.6624926924705505
lke1uc,normal,0.7714122533798218
kwg8dm,normal,0.7966479063034058
mr15bj,normal,0.7526705861091614
l3bmpq,normal,0.8093236088752747
lu899g,normal,0.8152565360069275
m0wztc,normal,0.6918596029281616
mkpwx3,normal,0.7853148579597473
mle6ad,normal,0.7627404928207397
krt9s3,normal,0.7640940546989441
mlboco,normal,0.7863469123840332
lbafx3,normal,0.7937516570091248
mj4sc9,normal,0.8006037473678589
lobcc0,normal,0.81805020570755
k9sbpr,normal,0.6261537671089172
jzrycc,normal,0.7755596041679382
ku414s,normal,0.6940012574195862
m6f5e8,normal,0.8227822184562683
m2gcwg,normal,0.7487284541130066
m3ttps,normal,0.7026932239532471
mkyorg,normal,0.7241024374961853
mvnajy,normal,0.8056235909461975
jlwbmc,normal,0.6984982490539551
mt3pxc,normal,0.7700397372245789
lj7g5b,normal,0.6904715895652771
mqm7tx,normal,0.7698195576667786
mr2d51,normal,0.6387566328048706
mtwce0,normal,0.7025752663612366
k0xzus,normal,0.7422957420349121
mnk05a,normal,0.6959686279296875
lc2ds0,normal,0.8085571527481079
mrgmyf,normal,0.7558369636535645
jeqele,normal,0.7525649666786194
lz88kd,normal,0.7611258625984192
lbvu5l,normal,0.7708768248558044
jhn85i,normal,0.7359328866004944
jh30ny,normal,0.7021138072013855
jrmzy0,normal,0.7615481615066528
mutxpo,normal,0.8179867267608643
jhf3lm,normal,0.6691131591796875
iozv92,normal,0.728095293045044
i8ud6l,normal,0.788610577583313
efx69l,normal,0.7274237275123596
mr1gc7,normal,0.6802196502685547
gpaghf,normal,0.6907273530960083
flfmux,normal,0.6851077079772949
gcahpb,normal,0.7855984568595886
5nbqt2,normal,0.7963809370994568
bzcfgw,normal,0.8131669759750366
9kwg20,normal,0.7140069603919983
9tcdvs,normal,0.637721836566925
cqnv7k,normal,0.6699686646461487
fog3na,normal,0.7003632187843323
1m35j5,normal,0.6655307412147522
bx4xcr,normal,0.6347483396530151
bxyjqj,normal,0.6725078821182251
go9ix3,normal,0.7655733823776245
9rcnod,normal,0.7723812460899353
5y6td8,normal,0.6993793845176697
9pqq78,normal,0.7588498592376709
5487tt,normal,0.8067817091941833
9zg3io,normal,0.7469825744628906
7hmzq8,normal,0.7646195292472839
5zffcq,normal,0.7429636120796204
g2j2d9,normal,0.7019988298416138
52wjj0,normal,0.7768464684486389
1ylryx,normal,0.7051687240600586
htnxar,normal,0.8480724096298218
4f2q4b,normal,0.7644199132919312
88o33c,normal,0.7800183296203613
52uttx,normal,0.7288694977760315
5obfiw,normal,0.7868273854255676
4uoi4g,normal,0.7055327296257019
atsvuz,normal,0.7952848672866821
4cck3f,normal,0.8356689214706421
6d9nf2,normal,0.7170658707618713
41za3r,normal,0.7534828186035156
2ag71l,normal,0.7155843377113342
2iy7f2,normal,0.764621913433075
bpw5dl,normal,0.6853227019309998
4t1d32,normal,0.713783860206604
4gay31,normal,0.6889005303382874
8jgel9,normal,0.7343260645866394
1vni0m,normal,0.63725745677948
207hc3,normal,0.6755850315093994
4tjqls,normal,0.6940892338752747
dt483z,normal,0.8048868775367737
d0d92x,normal,0.776324987411499
1la9t1,normal,0.7843852639198303
1llodp,normal,0.7957196235656738
jmp8cj,normal,0.80601567029953
msai0r,normal,0.7789412140846252
acfxtn,normal,0.7617356181144714
irqmu4,normal,0.797000527381897
7o4yj9,normal,0.6613852977752686
9ksaqf,normal,0.7381564378738403
15yrhe,normal,0.7350829839706421
7gn3zj,normal,0.7839570045471191
jd8g6m,normal,0.8067821860313416
c1hogc,normal,0.8082548379898071
dbg7ye,normal,0.7925848364830017
fl2dz9,normal,0.762153148651123
eu5nhg,normal,0.7795748710632324
6woszc,normal,0.6222269535064697
9odbhx,normal,0.7543123960494995
70snzi,normal,0.7273986339569092
4u2dio,normal,0.7866345047950745
6lgiaj,normal,0.5534995794296265
257uo8,normal,0.7507117986679077
5fnu1n,normal,0.8087765574455261
5q2d4f,normal,0.7745987176895142
56wet7,normal,0.7653538584709167
b9ob0u,normal,0.7688051462173462
5mguk7,normal,0.7227057218551636
6zjpez,normal,0.8175668120384216
302lo3,normal,0.8065735697746277
2vzbe0,normal,0.7709946036338806
72q3od,normal,0.7159034013748169
9r77n2,normal,0.7145758271217346
8fv9ju,normal,0.7938453555107117
3qan6t,normal,0.7326703071594238
7ch61z,normal,0.8426719903945923
4z4ly2,normal,0.7714070081710815
6vyqvb,normal,0.7998745441436768
85n5b3,normal,0.7186890244483948
5695ep,normal,0.7880253791809082
5e9aia,normal,0.7008388638496399
5dffq3,normal,0.7927619218826294
1ed4gm,normal,0.7537321448326111
1lvvs8,normal,0.5899220108985901
mnautz,normal,0.7690282464027405
mad7p2,normal,0.7679300904273987
ly2cef,normal,0.7387275099754333
lyfiqr,normal,0.776560366153717
lkb9ex,normal,0.7179239392280579
ljhfs6,normal,0.7468100190162659
lhcrwr,normal,0.7631740570068359
lbxw65,normal,0.7932054996490479
la824w,normal,0.7785504460334778
kooe5l,normal,0.8312616348266602
mwx6wj,normal,0.8729926347732544
ms4yvm,normal,0.8729926347732544
msj8z8,normal,0.7832391858100891
mra1u9,normal,0.7758828401565552
mqh6ik,normal,0.8108255863189697
mo4zpr,normal,0.793266236782074
mnj2kr,normal,0.8729926347732544
mmt0zc,normal,0.7897456288337708
mkjnww,normal,0.7583587169647217
mim3ad,normal,0.8729926347732544
mf7gh5,normal,0.7260673642158508
mdqiu6,normal,0.8729926347732544
mahnz4,normal,0.7635241150856018
m8j49c,normal,0.8729926347732544
m8npkp,normal,0.7844579815864563
m4xxsy,normal,0.704993724822998
m4ecli,normal,0.7803435325622559
m3kk6i,normal,0.8729926347732544
m35lkw,normal,0.7531353235244751
lzs7jm,normal,0.7774155735969543
lzkh5t,normal,0.7877465486526489
lyeyui,normal,0.8729926347732544
lyoald,normal,0.7760137915611267
lt0oa3,normal,0.8729926347732544
lnj99h,normal,0.8729926347732544
ljmr70,normal,0.7065804600715637
lidyil,normal,0.8729926347732544
leawb0,normal,0.8083477020263672
l2b8un,normal,0.8030027151107788
l22205,normal,0.611000657081604
kzr4lz,normal,0.7953205704689026
kxxdrd,normal,0.8729926347732544
kt5azj,normal,0.8729926347732544
ktrk3b,normal,0.5138991475105286
kp95zc,normal,0.7406650185585022
kodjre,normal,0.8729926347732544
kovh3j,normal,0.788818359375
klxu80,normal,0.6996762156486511
kk1b00,normal,0.8603804111480713
khmrxd,normal,0.6622790694236755
kfnw3c,normal,0.8603804111480713
kb5kk3,normal,0.8603804111480713
k916gp,normal,0.7758918404579163
k6np6u,normal,0.8603804111480713
k0ito5,normal,0.7198546528816223
k23vd6,normal,0.8603804111480713
k1xkpz,normal,0.7558912038803101
k0ufyq,normal,0.7801699638366699
jxrroj,normal,0.8603804111480713
jvezvh,normal,0.6334459781646729
mgo2ho,normal,0.7774275541305542
mjh7du,normal,0.7118770480155945
l1jc62,normal,0.7284026741981506
l1k7j6,normal,0.6708011627197266
leta2e,normal,0.8001681566238403
m86194,normal,0.6377843618392944
hm94hj,normal,0.755156397819519
mpqqdh,normal,0.7963817715644836
m9ycyu,normal,0.8183313608169556
ieu6b8,normal,0.7322249412536621
mu4qv0,normal,0.7789337635040283
mk32wo,normal,0.7796745300292969
mnbtca,normal,0.7765989899635315
jh1fr7,normal,0.7724061012268066
jh9sel,normal,0.8206883072853088
mejiaf,normal,0.7553945183753967
i4xqos,normal,0.780457615852356
khjhnm,normal,0.8276302814483643
kpzc6p,normal,0.7853826880455017
legefo,normal,0.6782836318016052
ms4650,normal,0.7418729066848755
jwehhk,normal,0.7293491363525391
jhncpm,normal,0.7474352121353149
luookl,normal,0.816863477230072
jnlklo,normal,0.7793219089508057
lw5j76,normal,0.6178964376449585
iighrn,normal,0.7346240878105164
l7c4on,normal,0.6620326638221741
hu8ccf,normal,0.7724498510360718
mktdzb,normal,0.6835143566131592
ev1om5,normal,0.8326017260551453
mp3p0u,normal,0.7618237733840942
m7vpop,normal,0.8186694383621216
j7e8jn,normal,0.7972197532653809
lx9rig,normal,0.7104763388633728
leaa1k,normal,0.8287752866744995
m0zq69,normal,0.6386164426803589
i6mnpi,normal,0.8236546516418457
mt2vp4,normal,0.7341680526733398
jhfw2z,normal,0.7833142876625061
lx5puk,normal,0.8089762926101685
7jiw7l,normal,0.76314777135849
l72gt5,normal,0.7409564852714539
lqr87p,normal,0.7450954914093018
mpw4bi,normal,0.8087857961654663
fbuac0,normal,0.771629273891449
m6onbi,normal,0.7685340046882629
ety8ex,normal,0.7621577382087708
fkc1s2,normal,0.6260271668434143
ilrdqy,normal,0.7307436466217041
i9n6cd,normal,0.6502317786216736
ewtj5v,normal,0.7604893445968628
7h90t2,normal,0.720969557762146
8kd0u1,normal,0.7358431220054626
kx9tca,normal,0.8012782335281372
lv53wi,normal,0.7360877990722656
24badm,normal,0.7583062648773193
lam56w,normal,0.7635811567306519
knekw1,normal,0.7024183869361877
k2hc98,normal,0.6814135313034058
jcr8wf,normal,0.7694830298423767
l7uqu0,normal,0.8177574872970581
kcrepz,normal,0.7887457013130188
fc60q1,normal,0.6582239270210266
fpzmv8,normal,0.6759282946586609
hz5dqe,normal,0.7711524963378906
f3s8yy,normal,0.7617518305778503
dam7wz,normal,0.7360537052154541
gecgyr,normal,0.7002946734428406
gmczg8,normal,0.7577878832817078
f4vg55,normal,0.789821982383728
faduqy,normal,0.62064129114151
dch3vr,normal,0.8012813925743103
fbzuml,normal,0.7574049234390259
bpm8h3,normal,0.7679868936538696
ighskz,normal,0.5732453465461731
gnzzt0,normal,0.8016896843910217
fnuibr,normal,0.7796840667724609
f7jssx,normal,0.7288557291030884
f6c9y5,normal,0.7172877192497253
fo9zph,normal,0.7476873397827148
bsfn4l,normal,0.7374396324157715
fm5s38,normal,0.7467142939567566
8rjgf2,normal,0.7103803753852844
b3h2eq,normal,0.7768505811691284
65zlof,offensive,0.4500669538974762
bviiyq,normal,0.7434550523757935
6lmr1m,normal,0.772605299949646
1n1lb6,normal,0.7689648866653442
cyr859,normal,0.5951656699180603
8q1l1f,normal,0.7400733828544617
7cl3h2,normal,0.7017432451248169
b7jefx,normal,0.676494300365448
8pnhe1,normal,0.635452389717102
4iuzvd,normal,0.7176942229270935
90mtoq,normal,0.7870646119117737
2tzr7f,normal,0.7528813481330872
