tweet_id,classification,classification_score
lymoan,normal,0.7355753779411316
kz2ir7,normal,0.6048259735107422
i97qhf,normal,0.6938775777816772
jb8o9p,normal,0.701429545879364
hkpql7,normal,0.7950038909912109
ggialk,normal,0.7784737348556519
hrnzm7,normal,0.76808762550354
dim4pi,normal,0.7031368613243103
gc8x6q,normal,0.6453551650047302
dty1ro,normal,0.7966405749320984
a8uom2,normal,0.6776565909385681
17jioc,normal,0.6757451891899109
1wltns,normal,0.7474230527877808
1okx4v,normal,0.8001115322113037
1gqx9k,normal,0.683576762676239
3qc1dc,normal,0.7997650504112244
1d8ohj,normal,0.8026145100593567
c6uz6,normal,0.6873342394828796
34gn07,normal,0.764342725276947
22y7nj,normal,0.7896168231964111
m2xse1,normal,0.8187248110771179
mp1slq,normal,0.6905139684677124
msrroa,normal,0.7711111307144165
mwoyll,normal,0.8269068002700806
kzrxpb,normal,0.7233697175979614
l6sm8r,normal,0.7763595581054688
l9q2oo,normal,0.77630615234375
gti587,normal,0.7563515305519104
jycrjq,normal,0.7520667910575867
fdmblx,offensive,0.5048644542694092
lajr2p,normal,0.746330976486206
jpwfae,normal,0.770609438419342
fk60x5,normal,0.8108798265457153
hoi9mr,normal,0.7077655792236328
iorz8m,normal,0.7820647954940796
iwvo5a,normal,0.7360454797744751
gvidkt,normal,0.8266040682792664
8neuop,normal,0.8142438530921936
2lqdgf,normal,0.7640642523765564
kkgabm,normal,0.785642683506012
mtq0e6,normal,0.7069621086120605
ms91lp,normal,0.6372299790382385
mgi5ui,normal,0.7427255511283875
mtfr9k,normal,0.7653902173042297
mwoxxp,normal,0.7959970235824585
ktaqjd,normal,0.7747427225112915
libx8h,normal,0.620092511177063
l3nb8y,normal,0.7384698987007141
l46bs6,normal,0.6705859899520874
kkbrlc,normal,0.7204498052597046
k46up0,normal,0.6596852540969849
leew09,normal,0.7393090724945068
kthvwd,normal,0.6862995624542236
k738qm,normal,0.7194591760635376
jy0u0n,normal,0.8151867389678955
mvor3r,normal,0.7517133355140686
mg0lp4,normal,0.7759949564933777
kpqin6,normal,0.7094891667366028
gdu6yy,normal,0.7374508380889893
kad3lo,normal,0.8354913592338562
mewv89,normal,0.70448899269104
mjugno,normal,0.7503722310066223
mebmxr,normal,0.7872345447540283
lz9gss,normal,0.7744824886322021
laql7v,normal,0.7760547995567322
8wrfdi,normal,0.7738602757453918
jz0alt,normal,0.7308135628700256
l3xjyr,normal,0.6105809211730957
k4k1vo,normal,0.774850070476532
mxjlcs,normal,0.83183753490448
mxd4mf,normal,0.7221706509590149
mw8t0c,normal,0.7682109475135803
mvis7m,normal,0.7683082818984985
mvd0m4,normal,0.7931524515151978
mvbl67,normal,0.7344397902488708
mv4akn,normal,0.7937077879905701
mu6q45,normal,0.7507818341255188
muaz9r,normal,0.669730007648468
mu323t,normal,0.6718628406524658
mu8l7c,normal,0.7369480133056641
mtohlw,normal,0.8505603671073914
mt9pcx,normal,0.7920171618461609
mx4kf7,normal,0.6426650285720825
mvlulw,normal,0.7564795613288879
mvoleh,normal,0.7661336064338684
mtnm3x,normal,0.8111509680747986
ms5rv9,normal,0.8071001172065735
mrnw4w,normal,0.8466624617576599
mo0vbv,normal,0.8073928952217102
mqsid7,normal,0.7894260287284851
mqnquc,normal,0.8396438956260681
mqaqve,normal,0.7699546813964844
mq1tin,normal,0.8128141164779663
mmq3ur,normal,0.7291375398635864
kt9ftu,normal,0.8196497559547424
mm1cw3,normal,0.8078882098197937
mjbt8z,normal,0.6402474045753479
kng34l,normal,0.7882046103477478
lj8sgw,normal,0.7716780304908752
ld8xvw,normal,0.6538626551628113
linjsr,normal,0.7023178935050964
kpbkb0,normal,0.7906349301338196
kndy09,normal,0.6832688450813293
l1sjvf,normal,0.7959909439086914
cxpi66,normal,0.7850083112716675
kilvkb,normal,0.82181715965271
ietr6h,normal,0.783752977848053
jdqsy1,normal,0.6832605600357056
9k88gh,normal,0.7445985078811646
jpv5j9,normal,0.6955041885375977
15gidt,normal,0.8112319707870483
aj7tl0,normal,0.7656925916671753
52ffhm,normal,0.7871009111404419
6gjtem,normal,0.743911623954773
7mfggb,normal,0.7563053965568542
1957gd,normal,0.6926233768463135
22cqzu,normal,0.7485443353652954
mjwx2x,normal,0.8106473088264465
k37pu4,normal,0.7854537963867188
hvbais,normal,0.7621650695800781
jlkek0,normal,0.6027182936668396
iflrh3,normal,0.8143841028213501
je418q,normal,0.7827116847038269
j2onpp,normal,0.66209876537323
imbomg,normal,0.7515528798103333
ieoi1v,normal,0.7437601089477539
hdoxut,normal,0.7679019570350647
jqk4xk,normal,0.7621569037437439
ggzh1l,normal,0.7066646814346313
j7z3kr,normal,0.6771984696388245
hljmwo,normal,0.7814423441886902
ef8iqu,normal,0.7873725891113281
hpgwki,normal,0.7650688886642456
e6m8ug,normal,0.6562933921813965
cy7x87,normal,0.8093141317367554
aymnv0,normal,0.792956531047821
c7e9mk,normal,0.7396072745323181
dke989,normal,0.7942789793014526
a751a6,normal,0.7626630663871765
fnoji5,normal,0.7129375338554382
cv61n0,normal,0.7236645817756653
cxwgqy,normal,0.7275577187538147
6nxbpc,normal,0.7956574559211731
abkf6k,normal,0.804094135761261
a1gys3,normal,0.7949333786964417
c8u7eg,normal,0.7049047946929932
c4vqjb,normal,0.7299142479896545
dpduzf,normal,0.5354934930801392
citj4p,normal,0.7293093204498291
ccqhf4,normal,0.7327174544334412
bygm11,normal,0.7769747376441956
d4qzc8,normal,0.7110244035720825
dcun10,normal,0.7585880756378174
bj05q1,normal,0.7355467081069946
aa99oo,normal,0.7421956062316895
9dm57v,normal,0.6671848893165588
b177uv,normal,0.78415846824646
90pfaw,normal,0.7786413431167603
ahtt4n,normal,0.7663560509681702
cb40ze,normal,0.7214488983154297
9b6nra,normal,0.755666971206665
6sojrv,normal,0.7395009398460388
bblkef,normal,0.7620962262153625
dex6lk,normal,0.6912193298339844
7yakql,normal,0.7738435864448547
au5ipd,normal,0.7923238277435303
acxg5p,normal,0.7161794900894165
dpdqpl,normal,0.4932054579257965
a092vg,normal,0.695754885673523
3uld0y,normal,0.7420233488082886
ask40p,normal,0.7704284191131592
3elfg3,normal,0.7775352597236633
4wqhmm,normal,0.7204986810684204
2s0eon,normal,0.8313961029052734
8avzv9,normal,0.7681381702423096
1b5cln,normal,0.6547027230262756
cb1m5e,normal,0.7460984587669373
6jpwtv,normal,0.7582325339317322
3pfdzq,normal,0.7684822082519531
1houz6,normal,0.7712334394454956
2i7rar,normal,0.7839586138725281
3r8nj2,normal,0.7322558760643005
1l0ah9,normal,0.7777470946311951
75cb5o,normal,0.7476036548614502
5wh58g,normal,0.6838164329528809
235l23,normal,0.7439786195755005
14u8k5,normal,0.7744449973106384
6cb13q,normal,0.8123131394386292
57ahju,normal,0.7411917448043823
5l3zld,normal,0.7113769054412842
mperco,normal,0.7619543075561523
fghgrq,normal,0.7782522439956665
m884p2,normal,0.7788918018341064
l8tcpu,normal,0.823387622833252
lp2h9w,normal,0.6349710822105408
mdprmf,normal,0.8022795915603638
db1st4,normal,0.8131580352783203
m13wmb,normal,0.7300454378128052
kwzpmi,normal,0.8031485676765442
ltqc6w,normal,0.7156925201416016
mbaaxq,normal,0.7916426658630371
lqrhio,normal,0.7092573642730713
lutrv3,normal,0.7353129982948303
l1sj8c,normal,0.7959909439086914
9x3l7b,normal,0.7634231448173523
hzyzvq,normal,0.4233163297176361
fcwl27,normal,0.7538072466850281
ajwcoh,normal,0.7437958717346191
5d3av7,normal,0.7053471207618713
5jt4uy,normal,0.7899883389472961
5ihm6a,normal,0.6831560730934143
1g9vks,normal,0.7746824622154236
jp3ama,normal,0.7734960317611694
fw1xga,normal,0.7503839135169983
6zivpa,normal,0.8018374443054199
ds0r6t,normal,0.8100169897079468
5hhb3b,normal,0.5369505882263184
4me8pn,normal,0.6363921761512756
1er2vc,normal,0.7797607183456421
5awoc3,normal,0.7163254618644714
1qzao1,normal,0.7940425276756287
49jo52,normal,0.7713897824287415
5bmfj0,normal,0.6891372203826904
73nor6,normal,0.7911309599876404
3brwbq,normal,0.7719107270240784
mtz1ek,normal,0.7490162253379822
mkizol,normal,0.7407104969024658
mpcbpv,normal,0.7490813732147217
malty7,normal,0.7426576018333435
m0e7v8,normal,0.747921347618103
mfnytg,normal,0.7371270060539246
m5j46a,normal,0.7468412518501282
lv7fwj,normal,0.74424147605896
l4mhrj,normal,0.7441034913063049
lpmddo,normal,0.7432048916816711
lfacfh,normal,0.744152307510376
lkcbas,normal,0.7401561141014099
kztc8s,normal,0.7482345700263977
la1ixh,normal,0.7443822622299194
kv1az7,normal,0.7487907409667969
jwktnb,normal,0.5838636159896851
jll2xu,normal,0.7493295073509216
fe2doj,normal,0.690956711769104
9va5ml,normal,0.7792192101478577
7mfd6k,normal,0.7564747929573059
2g6sw2,normal,0.8104280233383179
39ak86,normal,0.6856471300125122
3pectn,normal,0.7638530135154724
682rjw,normal,0.7070663571357727
6tj8qa,normal,0.7168858647346497
84g9c8,normal,0.7903276681900024
4w5ihf,normal,0.7292022705078125
mcn1g2,normal,0.7747397422790527
m6z2ha,normal,0.776608943939209
lvg8yj,normal,0.789585530757904
mm2zs3,normal,0.6962191462516785
mniq7h,normal,0.7837748527526855
lezc3k,normal,0.8084847927093506
lpjxnb,normal,0.7352172136306763
lgk2ms,normal,0.7768594026565552
l9o0s5,normal,0.7583273649215698
kl88oq,normal,0.7220924496650696
jngwdg,normal,0.6971899271011353
kap51w,normal,0.7750674486160278
hljiye,normal,0.719575047492981
7a9kk9,normal,0.7871959805488586
jaaftw,normal,0.76137375831604
laenxw,normal,0.7235007882118225
185uvk,normal,0.8040180802345276
iwd688,normal,0.7845911383628845
fz3p52,normal,0.7890731692314148
fiizpx,normal,0.7723807692527771
bu3bky,normal,0.7510980367660522
fim7mi,normal,0.7403719425201416
9vntah,normal,0.780282735824585
12d4zc,normal,0.7680269479751587
bbekjt,normal,0.75639408826828
4sqws6,normal,0.7962283492088318
1d7e7x,normal,0.7992763519287109
3js5yz,normal,0.7341352105140686
mtes7u,normal,0.6916902661323547
