tweet_id,classification,classification_score
mx6z3h,normal,0.6994922161102295
mwymjp,normal,0.8138158321380615
mx81pv,normal,0.7564314007759094
mx5q2d,normal,0.7143740653991699
mxil24,normal,0.7822727560997009
mx2fd3,normal,0.7286615967750549
mxes8y,normal,0.7610980868339539
mwokxt,normal,0.7190833687782288
mx8scu,normal,0.7678907513618469
mwb3zl,normal,0.7866275906562805
mwjwa0,normal,0.7386447787284851
mvcsa7,normal,0.7859928607940674
mvjeui,normal,0.8101890683174133
mvi2uh,normal,0.8177145719528198
mxe9ll,normal,0.7296705842018127
mvoiid,normal,0.8075584173202515
mvajua,normal,0.7319769263267517
mvs4zx,normal,0.799129843711853
mx8hxf,normal,0.688378632068634
mvtics,normal,0.7616633176803589
mxiayj,normal,0.785446047782898
mwicz1,normal,0.7690389752388
mxhbh7,normal,0.7698122262954712
mxgpq9,normal,0.7769150733947754
mxairp,normal,0.740403413772583
mv0gf6,normal,0.7574183344841003
mxf02y,normal,0.736721932888031
mwrcak,normal,0.7830199599266052
muihku,normal,0.7710421085357666
mxcxiu,normal,0.611748993396759
mxf0l3,normal,0.7702857255935669
mx6j5a,normal,0.8118613958358765
mxdtcn,normal,0.7645907402038574
mxedea,normal,0.8222061395645142
mx9514,normal,0.674547016620636
mxeatv,normal,0.7288753986358643
mwyonr,normal,0.6999123692512512
mx7tsv,normal,0.7652709484100342
mxa7u5,normal,0.7434405088424683
mxeohe,normal,0.6975114345550537
mxdddr,normal,0.6833935379981995
mxcwuy,normal,0.7411752343177795
mv0tku,normal,0.7937003374099731
mx9am1,normal,0.7885324358940125
mxfl6b,normal,0.7905272245407104
mxa1iq,normal,0.7639663815498352
mxbscd,normal,0.7560750246047974
mx9bbn,normal,0.7776032090187073
mxha8z,normal,0.7557376027107239
mxcken,normal,0.5131620168685913
mt09z6,normal,0.803952693939209
i7pox4,normal,0.742652416229248
lzhua6,normal,0.8041918277740479
js4a86,normal,0.7797484397888184
kn6pk3,normal,0.8177694082260132
kmmexn,normal,0.7899764180183411
kmjkw9,normal,0.8096989393234253
m0h3r9,normal,0.7404289245605469
kmmj4x,normal,0.8235358595848083
kn4323,normal,0.8090007305145264
mx0zxt,normal,0.8221288919448853
j8q56j,normal,0.7394216060638428
ktuyai,normal,0.8069353103637695
mbuk0j,normal,0.7898189425468445
mmgwi4,normal,0.7545932531356812
lx9glh,normal,0.8122146725654602
ht955w,normal,0.7948585152626038
ljl13w,normal,0.7476107478141785
m54mjr,normal,0.7975558638572693
l9783g,normal,0.8345662951469421
hsovsd,normal,0.7818818092346191
huhf1b,normal,0.7275217175483704
mjfkio,normal,0.7870905995368958
lof7hc,normal,0.7985475063323975
f1a6jb,normal,0.7736520767211914
l34sv1,normal,0.7713163495063782
msa88u,normal,0.7264116406440735
mjnbo4,normal,0.8397111892700195
lwxkgx,normal,0.816987931728363
m4xnwu,normal,0.7884482741355896
fap7m9,normal,0.7504184246063232
mx15hj,normal,0.7753043174743652
h0gcbw,normal,0.6994764804840088
e8hg5r,normal,0.6433301568031311
ll7z6u,normal,0.7724245190620422
m6z493,normal,0.7668730616569519
m5r1pp,normal,0.7588850259780884
mointu,normal,0.830415666103363
g6gz3t,normal,0.7429437637329102
m5biu9,normal,0.8056453466415405
l0qs3v,normal,0.8343746066093445
m4035y,normal,0.6366956830024719
lwwv7s,normal,0.7792326807975769
md308o,normal,0.7711157202720642
mu1shn,normal,0.7842464447021484
d8i4gl,normal,0.8214226365089417
luwnbe,normal,0.7175537943840027
dqn75u,normal,0.7366865277290344
m4o6mu,normal,0.7334969639778137
mqnmi0,normal,0.7627581357955933
mpw7g7,normal,0.7969895601272583
lputfy,normal,0.6651316285133362
mla2o7,normal,0.703731119632721
lway0g,normal,0.7430958151817322
l8dxi9,normal,0.7692749500274658
l2xwe5,normal,0.7029646039009094
mli6ob,normal,0.7651392221450806
lmekjr,normal,0.7838816046714783
ldd7vc,normal,0.7864512205123901
meeudu,normal,0.7857391834259033
kzhho5,normal,0.5980801582336426
mn8cf2,normal,0.7407383322715759
j2vos3,normal,0.8030028343200684
martg6,normal,0.6580475568771362
mv7h91,normal,0.6466395258903503
mgzgwk,normal,0.8120555877685547
mr3qdr,normal,0.6406059265136719
ltwjs0,normal,0.6978657245635986
mbbvhh,normal,0.5301488041877747
lsz6lr,normal,0.6210595369338989
lj1ca2,normal,0.6890023350715637
l2m4m5,normal,0.807567298412323
hulhbk,normal,0.5940697193145752
hh8e20,normal,0.7645444273948669
em0uum,normal,0.5794340968132019
mf7knn,normal,0.7249912023544312
lfg2n9,normal,0.5195633172988892
mron7b,normal,0.7135793566703796
mwfp4c,normal,0.6985243558883667
mf3c5x,normal,0.6532586812973022
mj72j2,normal,0.5539630055427551
ltsm92,normal,0.666580080986023
lbw88m,normal,0.7545633316040039
l75rlr,normal,0.5562382340431213
mhdg1t,normal,0.6814346313476562
ljbb47,normal,0.5399794578552246
l4o9hr,normal,0.699244499206543
lgei00,normal,0.6784825325012207
fdn976,normal,0.5572078824043274
l8jfry,normal,0.5681582093238831
lokusu,normal,0.7758206725120544
lcwgks,normal,0.6849684119224548
lejwf2,normal,0.7524732947349548
lkvmyh,normal,0.5907462239265442
l00aj1,normal,0.65523362159729
lxp806,normal,0.7117671370506287
m4z7m1,normal,0.6364779472351074
lsnk5n,normal,0.741494357585907
ke1ztl,normal,0.6045057773590088
lzzk55,normal,0.738629162311554
ewxz3u,normal,0.7414811253547668
bcef6y,normal,0.7713485360145569
m71mr5,normal,0.7911528944969177
l3ymxn,normal,0.7497151494026184
loocn7,normal,0.619048535823822
lj9uk8,normal,0.7444096207618713
mpkaxu,normal,0.5901304483413696
lgdcj3,normal,0.7001305818557739
lgwf2k,normal,0.7236840128898621
i1n87c,normal,0.8004978895187378
bjh0iv,normal,0.7832669615745544
g6urds,normal,0.7184947729110718
hdmv4v,normal,0.6984430551528931
e9sou0,normal,0.5952036380767822
brv0vf,normal,0.7178183794021606
2ropwl,normal,0.7814556956291199
g4z49q,normal,0.736136257648468
fp20p0,normal,0.7953722476959229
aazi0e,normal,0.7207404375076294
dgxnss,normal,0.7805275917053223
b5xdh9,normal,0.668181300163269
8pglno,normal,0.7477293610572815
bd5tsy,normal,0.7601566314697266
a8ejse,normal,0.7205213904380798
csykgz,normal,0.6896633505821228
emrlvb,normal,0.7637419700622559
9nraxo,normal,0.7083123922348022
bibzwu,normal,0.7439444661140442
bmeroj,normal,0.8055588603019714
8gtlin,normal,0.7856482267379761
c0v2aa,normal,0.7914102673530579
a2xpse,normal,0.7372210621833801
bmurzz,normal,0.6631008982658386
3g59lp,normal,0.761162519454956
8obgzj,normal,0.6286365389823914
azvrku,normal,0.7556278109550476
a8ucdx,normal,0.5809212923049927
bhyiea,normal,0.7699596285820007
8g952y,normal,0.7672510743141174
bmf5nl,normal,0.7681732773780823
bih48n,normal,0.7731556296348572
71ir5f,normal,0.7252045273780823
8gg08y,normal,0.7016273140907288
83gg8s,normal,0.7920587658882141
85u4hc,normal,0.8080418705940247
7glndv,normal,0.7320982813835144
apd1wy,normal,0.7798909544944763
95irrw,normal,0.7725432515144348
5fv323,normal,0.7256490588188171
6nto7s,normal,0.752894937992096
lifmcq,normal,0.5989711880683899
msd0au,normal,0.802040696144104
jiicxf,normal,0.5929316878318787
jxv7in,normal,0.606528103351593
mwbmj7,normal,0.8169062733650208
mr2pb8,normal,0.7986317276954651
m5guhw,normal,0.8311508893966675
m6pt05,normal,0.7874541878700256
k77lqo,normal,0.819689929485321
mldwix,normal,0.7441864013671875
lyyi27,normal,0.7734593749046326
mg6ot5,normal,0.7376514673233032
mg0tlp,normal,0.813412606716156
llbbi6,normal,0.767637312412262
kxchne,normal,0.4990500509738922
m5von1,normal,0.6544517278671265
djegfo,normal,0.7740407586097717
f7sf1g,normal,0.6601138710975647
lz0ul2,normal,0.7736656069755554
ltoftd,normal,0.8039905428886414
ltrc9p,normal,0.759434700012207
9hshu1,normal,0.6189782619476318
lz38rl,normal,0.7603832483291626
ma96em,normal,0.7822372317314148
lxvy3b,normal,0.7799783945083618
eir8hu,normal,0.7874900698661804
lly5js,normal,0.681725263595581
becgdo,normal,0.7043229341506958
lpssce,normal,0.7840458750724792
ezji0v,normal,0.8195131421089172
ltvgp2,normal,0.7039699554443359
m0nwm3,normal,0.7507121562957764
kbqa1u,normal,0.8312656879425049
btsjy6,normal,0.7729781270027161
lqqzkn,normal,0.7904602885246277
lkb0m2,normal,0.7191327214241028
7k7htp,normal,0.7841822504997253
7pjkt6,normal,0.7687309980392456
l0kb1w,normal,0.7717496752738953
londs3,normal,0.7774587273597717
ldb79e,normal,0.7500368356704712
kvw3gj,normal,0.819689929485321
l5uofr,normal,0.8015636801719666
ltcuy8,normal,0.7679599523544312
ltmzyj,normal,0.730295717716217
lj91gz,normal,0.7788740396499634
conk0v,normal,0.7625328302383423
ar5tik,normal,0.7956882119178772
k936kf,normal,0.8344915509223938
lo1awj,normal,0.7414612174034119
mfj6ez,normal,0.6617757081985474
meadje,normal,0.814189612865448
mu3guj,normal,0.8422985672950745
l92h1h,normal,0.802771806716919
mq21dy,normal,0.7798758149147034
mtn9sv,normal,0.7665257453918457
93ikow,normal,0.7942138910293579
mkl34o,normal,0.7637210488319397
8ftl1q,normal,0.7631197571754456
hjps4e,normal,0.7068021893501282
mmwbnw,normal,0.7341240048408508
a4axot,normal,0.8325157165527344
k6lfms,normal,0.7326771020889282
lp4h15,normal,0.5345815420150757
mfwzeh,normal,0.7579870223999023
m0hq4z,normal,0.6689003705978394
la0on7,normal,0.690009355545044
ltyjeb,normal,0.6889780163764954
ljt1dn,normal,0.7645876407623291
l5nem9,normal,0.8017412424087524
7f14rv,normal,0.7922495007514954
lmj0lx,normal,0.7723184823989868
lfp4vy,normal,0.8109280467033386
8ijpo8,normal,0.7823228240013123
kxf775,normal,0.768463671207428
bkexhh,normal,0.8047667741775513
l32gew,normal,0.7971431612968445
jeylp1,normal,0.7358681559562683
hq6em3,normal,0.8198453783988953
hr3eqj,normal,0.759445309638977
hd0kit,normal,0.7404228448867798
hwmwzt,normal,0.644451916217804
haifaw,normal,0.7027641534805298
bmsr3q,normal,0.7833269834518433
bxuumu,normal,0.780421257019043
e8kzq8,normal,0.7785192131996155
fxymag,normal,0.7580181360244751
gtpf5t,normal,0.7550744414329529
bkpjqx,normal,0.7634791135787964
cc1wdo,normal,0.7607545256614685
fc522n,normal,0.7679504752159119
d3k45u,normal,0.7272973656654358
elzj9t,normal,0.8160218000411987
8vsk1u,normal,0.7519615292549133
9i821t,normal,0.799224317073822
df954e,normal,0.7838234305381775
9hzgiq,normal,0.8013242483139038
993njw,normal,0.7646506428718567
mxfsl1,normal,0.7602272033691406
mv6yaf,normal,0.7499371767044067
mpd14l,normal,0.7993752956390381
ms1cu3,normal,0.7117356061935425
mookug,normal,0.6852892637252808
mrv20z,normal,0.6858627796173096
mo3jxc,normal,0.6834086775779724
mq5y94,normal,0.6704440712928772
mpjwrl,normal,0.7182940244674683
moyjk5,normal,0.5821369290351868
mo3hzg,normal,0.7312675714492798
mo3n6k,normal,0.7678989171981812
ml3g42,normal,0.7582303881645203
mkw9ka,normal,0.7952418327331543
mfysqq,normal,0.7498366236686707
meusn6,normal,0.801923930644989
mfsxp6,normal,0.7178348302841187
mahx1b,normal,0.8052314519882202
mb5zt8,normal,0.7206858992576599
m8zwmr,normal,0.8525211811065674
m5ct7b,normal,0.7804107666015625
m4bsgm,normal,0.7929190397262573
m4mhc8,normal,0.7764747738838196
m4b0xe,normal,0.7964429259300232
m49wsq,normal,0.7825941443443298
lzf58j,normal,0.8011007905006409
m1e15c,normal,0.8087371587753296
m0jnho,normal,0.7705479264259338
lzdbwk,normal,0.742801308631897
lywl0r,normal,0.4845997095108032
lyxnax,normal,0.7937667369842529
lyyi9o,normal,0.8041113615036011
lysxbd,normal,0.7512451410293579
lxchjm,normal,0.777111291885376
lwiqz9,normal,0.7678744196891785
lwg5qh,normal,0.75075364112854
lumd2g,normal,0.7557552456855774
lu2ssg,normal,0.7560021877288818
lszbvb,normal,0.7578264474868774
loktha,normal,0.8014119863510132
lqp3h0,normal,0.689932644367218
lq82zq,normal,0.7413979768753052
lonnc3,normal,0.8004859089851379
lk3tm6,normal,0.797529935836792
lohtk5,normal,0.7930121421813965
lmttl1,normal,0.7836819291114807
lkiaf4,normal,0.7761658430099487
lk2rvk,normal,0.6545909643173218
ajvs27,normal,0.8011902570724487
coumuk,normal,0.7891547679901123
bmx3wn,normal,0.7478310465812683
2zk6ju,normal,0.8292696475982666
9qd8g3,normal,0.8081667423248291
birfdv,normal,0.7321860194206238
8c2q1g,normal,0.7384640574455261
lwxdvb,normal,0.8121564388275146
lvu8zj,normal,0.5810047388076782
kwxjsh,normal,0.7140257358551025
lhpeoh,normal,0.7689459919929504
le0bp5,normal,0.689758837223053
mscdm5,normal,0.7984544038772583
kkusfy,normal,0.7248485684394836
mu2f4z,normal,0.7443409562110901
k6fsem,normal,0.7480829358100891
kfz65j,normal,0.8230424523353577
lsoy24,normal,0.7811799049377441
l9374f,normal,0.765409529209137
lo6ck8,normal,0.7768768668174744
mnvobp,normal,0.7426812052726746
dbji2e,normal,0.7650692462921143
lnjh80,normal,0.7696947455406189
lt0iaj,normal,0.7861233353614807
mn819p,normal,0.6303625106811523
lw5xm2,normal,0.6932699680328369
milo43,normal,0.6741160154342651
miahh3,normal,0.6510280966758728
lpeun7,normal,0.7990673184394836
mh8no8,normal,0.7641813158988953
gi7wkk,normal,0.7629145979881287
m85adz,normal,0.7963482737541199
mo6t8u,normal,0.7464340925216675
lkm0g5,normal,0.7595735192298889
ky7rko,normal,0.7667924165725708
muu0j9,normal,0.6830395460128784
monj2y,normal,0.7162318825721741
mmqqzs,normal,0.6927784085273743
lzbled,normal,0.7483508586883545
lv70ct,normal,0.784217357635498
meqmj9,normal,0.752593457698822
ljhadn,normal,0.7158219218254089
mgm7s1,normal,0.8003568053245544
lih4bz,normal,0.7246655821800232
lj4oc2,normal,0.727591872215271
m334w1,normal,0.7941594123840332
lwwid1,normal,0.689824104309082
lm1zqi,normal,0.7572937607765198
mvs1d5,normal,0.7922853231430054
lx7xmm,normal,0.7935283780097961
m7usqs,normal,0.8264335989952087
m7uybn,normal,0.8261094093322754
lx5lk9,normal,0.7443380355834961
mrx1p3,normal,0.7990821599960327
mw5dtq,normal,0.8042790293693542
lbud5b,normal,0.7683031558990479
mgl81j,normal,0.7637984156608582
m6njzk,normal,0.784396767616272
mr4gna,normal,0.7574129104614258
kd1i98,normal,0.7701157331466675
mi7u2u,normal,0.7794443368911743
mru8fm,normal,0.8107161521911621
mvkkwm,normal,0.7664363384246826
k56rzw,normal,0.7064430713653564
ksy8yi,normal,0.7305264472961426
ko52cp,normal,0.7879064679145813
mu6fnk,normal,0.7982150316238403
lq3n7f,normal,0.7608707547187805
m5nq1m,normal,0.7136076092720032
ko3oqq,normal,0.8137194514274597
kalnaj,normal,0.8390836715698242
mhiv0s,normal,0.528759777545929
m9b3to,normal,0.7697347402572632
m08ae5,normal,0.8309653401374817
ln0wnq,normal,0.7695761322975159
m1k0dr,normal,0.7809402942657471
kx9s45,normal,0.706386387348175
krtzaz,normal,0.7866025567054749
lrl5qu,normal,0.7597994208335876
lq7zq9,normal,0.7940064668655396
lim1l1,normal,0.759742021560669
lsh747,normal,0.804295539855957
lg4l63,normal,0.7967709302902222
jxet57,normal,0.7774329781532288
jrllhe,normal,0.7080458998680115
lts846,normal,0.7309442162513733
m78m38,normal,0.8355458378791809
m3nfho,normal,0.78130704164505
liyvyi,normal,0.6672887206077576
lscp5o,normal,0.8086439967155457
m98u7j,normal,0.7981637716293335
lrjnni,normal,0.8680523037910461
lij7si,normal,0.7854672074317932
lf0f2h,normal,0.8139660954475403
lorvng,normal,0.696071207523346
lo9ngh,normal,0.7634701728820801
im1oct,normal,0.7693204879760742
lho204,normal,0.7963621020317078
mwkjuy,normal,0.8113816976547241
mtmqtd,normal,0.6869019865989685
mujuby,normal,0.7582067251205444
mu9loz,normal,0.7795727849006653
mu7wjx,normal,0.7970064878463745
mrokq1,normal,0.7980691194534302
mtr9sg,normal,0.8174548745155334
mtsm9a,normal,0.832045316696167
mt1vc9,normal,0.8393489718437195
mrzyjw,normal,0.7642976641654968
mp6e0b,normal,0.832045316696167
mob66i,normal,0.8163053393363953
mkc5i8,normal,0.832045316696167
mixteo,normal,0.7778415679931641
mgsth7,normal,0.7631513476371765
mfh8ej,normal,0.832045316696167
mej3ad,normal,0.791218638420105
mdtlwj,normal,0.7815471887588501
m9fpgb,normal,0.7182272672653198
maedq6,normal,0.8440289497375488
m6q7ac,normal,0.6990845203399658
m6n7gh,normal,0.721407413482666
m7s8rw,normal,0.6233657598495483
m503bl,normal,0.8223575949668884
m5c801,normal,0.8440289497375488
m2e2g4,normal,0.7650704979896545
m3ly6l,normal,0.7782261967658997
m2v2mp,normal,0.7711557745933533
m3a81f,normal,0.8199142813682556
m2sz6s,normal,0.7921335697174072
m2i8pr,normal,0.8463820815086365
m1puyt,normal,0.8463820815086365
m0z90i,normal,0.8465806841850281
m08afx,normal,0.8493867516517639
lvfocj,normal,0.7489855885505676
lxnkfm,normal,0.7196252942085266
lwbs83,normal,0.7354292869567871
ltook6,normal,0.7188834547996521
ltefsk,normal,0.7824239134788513
lv0jev,normal,0.7948315143585205
lru4nl,normal,0.7445823550224304
lqvu6q,normal,0.7850688695907593
lq477y,normal,0.7863516211509705
lsujul,normal,0.7722587585449219
dm4v9c,normal,0.7731801271438599
d9bezz,normal,0.779667317867279
jr21qt,normal,0.834720253944397
kdihpr,normal,0.7950360774993896
hmfiyl,normal,0.7447051405906677
ix638q,normal,0.4586794972419739
m5k5g9,normal,0.7301761507987976
kfdsxj,normal,0.7542791962623596
k9j8gm,normal,0.7945041656494141
g0zhsz,normal,0.7853777408599854
elf67f,normal,0.7852652072906494
ftu8vu,normal,0.7818874716758728
dwznnm,normal,0.6778013110160828
dbx7to,normal,0.7858045101165771
biu6y4,normal,0.7910298705101013
ln0p8w,normal,0.7905189990997314
lhk4ow,normal,0.7922836542129517
jspvk7,normal,0.8276188373565674
iw4v9y,normal,0.716552197933197
ihu7d3,normal,0.6722246408462524
i3eyhz,normal,0.8116878271102905
aam794,normal,0.7994850873947144
mpgmt8,normal,0.7907737493515015
ku7ze2,normal,0.7849553227424622
kzat9j,normal,0.7031005620956421
l79dcx,normal,0.6061685085296631
jvy1fn,normal,0.7959693670272827
g2q35c,normal,0.770423412322998
jojbrw,normal,0.8184614777565002
kx9uzu,normal,0.8034385442733765
lrjnfx,normal,0.8144505023956299
mv2u18,normal,0.7459637522697449
lhl311,normal,0.6664150357246399
d9xk3k,normal,0.7902799844741821
bdwktl,normal,0.6860511302947998
bdepk9,normal,0.8003764748573303
azyayv,normal,0.8036827445030212
lqeund,normal,0.7835052013397217
kznzg1,normal,0.6853539943695068
kazew2,normal,0.7839658856391907
gn00ee,normal,0.7707327604293823
fw1agv,normal,0.7637237906455994
fwrh79,normal,0.7369657158851624
fi472g,normal,0.6654307246208191
bgbqt6,normal,0.7934449315071106
drmj82,normal,0.7920824289321899
bx3qap,normal,0.7026733160018921
axtrx7,normal,0.7774466872215271
8ei6tq,normal,0.7223441004753113
bljsnr,normal,0.7835150361061096
bko3g5,normal,0.7735934257507324
bcv06g,normal,0.6181195378303528
aw3ien,normal,0.7667288184165955
av3ymi,normal,0.6944912672042847
azgp8h,normal,0.8302487134933472
6j3gk2,normal,0.7071956992149353
aoasgl,normal,0.7811322212219238
8aligb,normal,0.7944938540458679
4f39qe,normal,0.7339240908622742
fkqm15,normal,0.8065465092658997
mfta7m,normal,0.7980345487594604
luqrqf,normal,0.7702612280845642
gf99jh,normal,0.7234152555465698
gg44k0,normal,0.7478523850440979
jt4je9,normal,0.8092268705368042
hfa95u,normal,0.7997033596038818
hq5ewq,normal,0.8033487796783447
c5pjii,normal,0.7582967281341553
dh9zam,normal,0.8230607509613037
9kooym,normal,0.6823465824127197
8qd5mo,normal,0.7905063033103943
4nn06g,normal,0.7831082940101624
lifm8w,normal,0.5989711880683899
jiidea,normal,0.5929316878318787
jxv7r9,normal,0.606528103351593
hfuhvn,normal,0.6848093271255493
lib5yh,normal,0.7863377332687378
d9n05e,normal,0.8047842383384705
kf54pk,normal,0.7566499710083008
ej0ipo,normal,0.7874900698661804
bgfu90,normal,0.794795036315918
d5jdb0,normal,0.7715957760810852
bhmp9s,normal,0.8152090311050415
ih3ucl,normal,0.7465569972991943
g0nj3i,normal,0.786672055721283
ash4em,normal,0.7780970335006714
lh396y,normal,0.7760964035987854
lk4lvr,normal,0.7824531197547913
laxhfi,normal,0.7799302935600281
l4ov4s,normal,0.7915513515472412
l49m5x,normal,0.788851261138916
kash9l,normal,0.83772873878479
iw5zni,normal,0.7810497879981995
htma2y,normal,0.7653487324714661
fh3n8z,normal,0.747678279876709
ea45d0,normal,0.8166055083274841
e7j7s5,normal,0.8356587290763855
awycfy,normal,0.7968023419380188
8eeql9,offensive,0.49229684472084045
i31160,normal,0.7569208741188049
gd5imw,normal,0.5559813976287842
d6gmuz,normal,0.7384276390075684
bht2aq,normal,0.8326199650764465
f6wbdd,normal,0.7719953060150146
eslo0k,normal,0.6830140352249146
ckb8yi,normal,0.8167705535888672
bj2c8s,normal,0.7878685593605042
biaj7v,normal,0.7403955459594727
anolwg,normal,0.6984381079673767
8kvjgu,normal,0.7018589973449707
9srqe2,normal,0.5326959490776062
kysurb,normal,0.722316563129425
kyb7nd,normal,0.6883354187011719
jzs5ik,normal,0.8056694269180298
jbo3q1,normal,0.8162729740142822
hl6sov,normal,0.7440630197525024
g1cdct,normal,0.7850170135498047
g0wjsx,normal,0.7210136651992798
edl8tn,normal,0.761326014995575
daj0o1,normal,0.7704021334648132
d9uqps,normal,0.8030077219009399
d0r0rp,normal,0.8121460676193237
cfdi3z,normal,0.7743258476257324
ceomo9,normal,0.7649356126785278
bksdr7,normal,0.7510442733764648
b8ycmd,normal,0.8010597229003906
b27ux4,normal,0.7511997818946838
alttqf,normal,0.7982207536697388
8rs67n,normal,0.7786917686462402
4gqlh2,normal,0.7661619186401367
lje8lt,normal,0.7443954348564148
l2s95u,normal,0.7977186441421509
iwwadq,normal,0.7644271850585938
i5ppvz,normal,0.6557326912879944
hx97fe,normal,0.7663848996162415
hp3s2m,normal,0.8117468953132629
bn62me,normal,0.7901034951210022
e8fwak,normal,0.7374562621116638
btbc7k,normal,0.7789046764373779
jgwl9o,normal,0.8167791962623596
mqapti,normal,0.8184934854507446
kb45tk,normal,0.7343714833259583
jcqu76,normal,0.8118167519569397
j4gida,normal,0.7856677174568176
lr38h4,normal,0.6908981204032898
lssrdc,normal,0.8029830455780029
frkzik,normal,0.7169420123100281
lpfl9v,normal,0.7948315143585205
lk66ht,normal,0.7948315143585205
lf4ifj,normal,0.7948315143585205
m9dkep,normal,0.7859094142913818
m8xw67,normal,0.7955166101455688
fqbo6a,normal,0.8155474662780762
fg2rum,normal,0.7056484222412109
ktupq1,normal,0.7192074060440063
l4gg33,normal,0.7948315143585205
kznmg1,normal,0.7948315143585205
kfbqfy,normal,0.7518526911735535
kv35x6,normal,0.8018417358398438
ixrsz5,normal,0.7197102308273315
kcyrqb,normal,0.8231347799301147
krnrvt,normal,0.8018417358398438
f4wo8k,normal,0.6702550053596497
klrn0j,normal,0.8231347799301147
khikvf,normal,0.8231347799301147
k3wwt9,normal,0.8231347799301147
k8hpo0,normal,0.8231347799301147
jzipg7,normal,0.8231347799301147
jv7rqw,normal,0.8231347799301147
b23b9n,normal,0.8117496371269226
je2sb3,normal,0.8231347799301147
k85740,normal,0.812667191028595
jqyoyd,normal,0.8231347799301147
i8r90g,normal,0.7844361662864685
jmoicc,normal,0.8231347799301147
jifocf,normal,0.8231347799301147
j9s0km,normal,0.8231347799301147
j5kipy,normal,0.8231347799301147
haccvz,normal,0.7931573390960693
89fuo1,normal,0.6426148414611816
io8jfi,normal,0.8231347799301147
ijz4y2,normal,0.8231347799301147
8e6923,normal,0.7488555312156677
ihw6zl,normal,0.7781819701194763
avatcx,normal,0.7588320970535278
7vu8nc,normal,0.7009903788566589
ltyli3,normal,0.7865675687789917
m53lpq,normal,0.7808631062507629
ma27o9,normal,0.7953376173973083
ltdse2,normal,0.7305948138237
mfgg9p,normal,0.7520207762718201
lcn9t9,normal,0.7885946035385132
lwd1u9,normal,0.7813995480537415
msoh4l,normal,0.8191654682159424
j62p3a,normal,0.7960430979728699
knujjz,normal,0.7613628506660461
jnpbsb,normal,0.7940876483917236
l9es9b,normal,0.736651599407196
muoaqt,normal,0.7689017057418823
lkv3gs,normal,0.6095224618911743
mhlur1,normal,0.7996729612350464
msgeun,normal,0.5667787194252014
ks6wac,normal,0.7739946842193604
cvsv1x,normal,0.8298156261444092
kpdxsl,normal,0.7714046835899353
m97o5p,normal,0.7236365079879761
mcn7jr,normal,0.7975021600723267
mgv44i,normal,0.6729599237442017
mmndbl,normal,0.8310156464576721
i7ezfk,normal,0.7986794710159302
m2g1n4,normal,0.7401142716407776
jnnd8n,normal,0.7889384627342224
msjtkg,normal,0.7900723814964294
joqcfx,normal,0.8120917081832886
gjc20e,normal,0.7260420322418213
l4ifs4,normal,0.8043922781944275
igk3hp,normal,0.704453706741333
j4rb8p,normal,0.7769274115562439
m4ixo8,normal,0.7688539028167725
f0nu0x,normal,0.7674931287765503
m3tz4m,normal,0.7345353960990906
moffeb,normal,0.8102067708969116
i3rhm0,normal,0.7149406671524048
iguh06,normal,0.7606592774391174
d023c6,normal,0.6460652351379395
f1da7d,normal,0.7459903955459595
eyt5sz,normal,0.7295818328857422
luvggo,normal,0.795360267162323
mn0nh1,normal,0.7478987574577332
hzxn0d,normal,0.6762894988059998
mvjry8,normal,0.7903681993484497
mtdu0e,normal,0.7202652096748352
mgpwvq,normal,0.8377884030342102
d6ivfs,normal,0.8097098469734192
lolx5c,normal,0.7815377116203308
km5rjt,normal,0.786379873752594
fhr7u9,normal,0.7808574438095093
j3ya2t,normal,0.782263994216919
m4djmo,normal,0.8001118302345276
mx2rk4,normal,0.776305615901947
mwn6yl,normal,0.7829572558403015
mvkcm4,normal,0.8068050146102905
mvssos,normal,0.7750133872032166
mw4jz9,normal,0.7856866717338562
mvsa2q,normal,0.7273769974708557
mujmfa,normal,0.7824971079826355
mucjqm,normal,0.7908467054367065
mueksw,normal,0.6931108832359314
mu0ysw,normal,0.7600303292274475
msvbz5,normal,0.8575946092605591
msvbx8,normal,0.8617717027664185
msvbhb,normal,0.8634477853775024
mt03bg,normal,0.7871461510658264
ms45g6,normal,0.7623113989830017
mr2tu5,normal,0.8536415696144104
mr2svk,normal,0.8548409938812256
mr2sm3,normal,0.8554649949073792
mpi9ef,normal,0.7194541692733765
mowia3,normal,0.7530351877212524
mo6581,normal,0.7335101962089539
mnxk77,normal,0.6541059613227844
mnctch,normal,0.7582525610923767
mn54gb,normal,0.753058135509491
mmwxec,normal,0.6567700505256653
mir60w,normal,0.7979761362075806
mmm5tu,normal,0.8262996077537537
mlyl31,normal,0.7873272895812988
mhqk3p,normal,0.6991425156593323
ml43r2,normal,0.5981371998786926
ml2no3,normal,0.7882946729660034
mkgwkv,normal,0.6842679977416992
mjxum5,normal,0.7278069853782654
mk5aq6,normal,0.5842877626419067
mjiaix,offensive,0.446290522813797
mjif66,normal,0.8261992931365967
mjk3ge,normal,0.8111752271652222
mirqh4,normal,0.7691553831100464
mimm6q,normal,0.7822117805480957
miyed2,normal,0.7634236216545105
mi6v4c,normal,0.7137779593467712
mi79fz,normal,0.7980728149414062
mgee5k,normal,0.6698710918426514
mhjzyw,normal,0.7952555418014526
mhjsyj,normal,0.8344434499740601
meyu6j,normal,0.7031698822975159
mgaqhm,normal,0.6502491235733032
mfgbjo,normal,0.6999635100364685
meuzvn,normal,0.8165040016174316
mf06bz,normal,0.7660315036773682
mxbobf,normal,0.8206926584243774
mwrru5,normal,0.8023677468299866
mwpdum,normal,0.7951905727386475
mvg1hj,normal,0.539837121963501
muqxq6,normal,0.7550423741340637
mqzci4,normal,0.7244203090667725
mv16zh,normal,0.7951212525367737
msxbcs,normal,0.7813329696655273
mtaerd,normal,0.7998051047325134
ms7ms9,normal,0.7772025465965271
mr53sr,normal,0.7160063982009888
mndmqt,normal,0.7597440481185913
mpnk5q,normal,0.785716712474823
mpkvll,normal,0.7872899174690247
mpb0dr,normal,0.6575431227684021
mktoe9,normal,0.697135865688324
mobbgp,normal,0.6887518763542175
mn5b8u,normal,0.7845027446746826
mjwxbs,normal,0.7787325978279114
mmkxmk,normal,0.7529478073120117
mhoicc,normal,0.7104654312133789
mk3s7t,normal,0.7642479538917542
miys1h,normal,0.7954919338226318
mhk9hx,normal,0.7836243510246277
mhcmxh,normal,0.802295446395874
mgxr0r,normal,0.7918857336044312
mg7cm7,normal,0.5948465466499329
mg5oum,normal,0.7590841054916382
mg6gtv,normal,0.7523624300956726
md3s76,normal,0.7677720189094543
md34qt,normal,0.7628403902053833
mchuer,normal,0.7873746752738953
mca91j,normal,0.7664368748664856
m7rzg9,normal,0.8158327341079712
mbol0e,normal,0.6808483600616455
mbyf08,normal,0.6832793354988098
mbdmha,normal,0.7982292771339417
magmv5,normal,0.7524991035461426
mam8mq,normal,0.7133873701095581
mahz3i,normal,0.7908188700675964
m9pdvf,normal,0.5190154314041138
m9rufk,normal,0.7348542809486389
m88dki,normal,0.7924124598503113
m86tdf,normal,0.7840301394462585
m807l0,normal,0.7172370553016663
m7dl02,normal,0.7689874172210693
m6ljkr,normal,0.7885912656784058
m5cdbx,normal,0.7286359667778015
m4x81x,normal,0.6650176644325256
m4kc0c,normal,0.7786120772361755
bodsyp,normal,0.7921546697616577
kdynxy,normal,0.7504754066467285
7viovy,normal,0.7955336570739746
187201,normal,0.7274987101554871
g6fbfv,normal,0.737009584903717
dvvx0h,normal,0.7601763606071472
ghy0ex,normal,0.7528939843177795
ewsqbo,normal,0.7557483911514282
gt9kia,normal,0.6416175365447998
d614g,normal,0.6870442628860474
fcw44l,normal,0.6905980110168457
fsedqb,normal,0.496693879365921
fzjic5,normal,0.8035322427749634
6jpda5,normal,0.741563081741333
d7o3fp,normal,0.801256000995636
88ugj9,normal,0.7398990988731384
1971wr,normal,0.7410827875137329
3hgh3n,normal,0.7341217994689941
bp1cru,normal,0.7337157726287842
akga5v,normal,0.6800525188446045
dqfc06,normal,0.7333903908729553
88jju7,normal,0.8077880144119263
9wky1d,normal,0.7876419425010681
4kyso7,normal,0.5998976826667786
8wpktj,normal,0.750529944896698
19c1pl,normal,0.7031593322753906
aessie,normal,0.7444282174110413
45ta52,normal,0.6897779107093811
8vjvf9,normal,0.7162613272666931
6yphgu,normal,0.722182035446167
3ez5cz,normal,0.6821495294570923
5zaf4a,normal,0.6560733914375305
6lfi2g,normal,0.7851700782775879
6j4k3q,normal,0.47784438729286194
2j27b1,normal,0.6248549818992615
59dqeu,normal,0.6433785557746887
5eciws,normal,0.8216149806976318
1or121,normal,0.7157287001609802
15ryrm,normal,0.5895125865936279
4wswmx,normal,0.7778019905090332
29bu91,normal,0.6640545725822449
49hwot,normal,0.7928150296211243
4y62vr,normal,0.6961758732795715
41092a,normal,0.747062087059021
4vuaug,normal,0.8064473867416382
3c65mn,normal,0.4824830889701843
48ctwg,normal,0.5896999835968018
4vmk1o,normal,0.7115410566329956
5s72xy,normal,0.728499710559845
k8xl7j,normal,0.7377248406410217
lv9z2n,normal,0.7245954275131226
ebn2h3,normal,0.6820436716079712
k9hk35,normal,0.7407174110412598
gmxf1k,normal,0.6601698398590088
iwz9cb,normal,0.6964246034622192
iqq2km,normal,0.7543354630470276
gpjgip,normal,0.7591974139213562
j2t46c,normal,0.7036186456680298
m1sdn1,normal,0.7573454976081848
mwg511,normal,0.6897380948066711
mwajbr,normal,0.7337138652801514
axyml1,normal,0.7541696429252625
mrynmb,normal,0.7448630928993225
mee48k,normal,0.7769669890403748
m3ibyf,normal,0.6336926817893982
acqe4u,normal,0.7568009495735168
bvamn6,normal,0.6709819436073303
d0isys,normal,0.6844707727432251
l40w2y,normal,0.6925125122070312
m025mj,normal,0.7987992763519287
kh5nfd,normal,0.6422443389892578
febmkc,normal,0.7541696429252625
fdza9f,normal,0.7541696429252625
bvrxzg,normal,0.7291678190231323
ebeyo5,normal,0.79816734790802
lkpcim,normal,0.6959913969039917
l06ags,normal,0.7801947593688965
4d6egf,normal,0.7599189281463623
d017qo,normal,0.7076935768127441
aeo59a,normal,0.7743543386459351
5t7gji,normal,0.7586814761161804
j9znvq,normal,0.7141019701957703
7dr093,normal,0.7015624046325684
9sjjj4,normal,0.6847655177116394
j5yc1z,normal,0.6627985239028931
7xjtmo,normal,0.7838817238807678
9h5v87,normal,0.7774426341056824
jkay3n,normal,0.7493208646774292
ades1k,normal,0.7697721719741821
97ogbr,normal,0.7909207940101624
jkmcd6,normal,0.7298530340194702
iotsje,normal,0.7905643582344055
ikhn45,normal,0.8063176870346069
64vrc3,normal,0.7705000638961792
672qvd,normal,0.7637244462966919
iz3utu,normal,0.48413509130477905
j52ctg,normal,0.7535368204116821
i6zlp6,normal,0.7581468820571899
mny06j,normal,0.751514732837677
f7o9g1,normal,0.7839548587799072
lin7hu,normal,0.7446675896644592
ltxy93,normal,0.7022345662117004
lqa24v,normal,0.78899747133255
kulitf,normal,0.7470778822898865
lp31ms,normal,0.7646291255950928
byfop8,normal,0.8079208731651306
j9a5za,normal,0.7667814493179321
lo1xzl,normal,0.7635995149612427
k7jh0y,normal,0.7635497450828552
iomcqc,normal,0.7650203108787537
lcg4dj,normal,0.7352020740509033
ak43oo,normal,0.666972279548645
ju7zdc,normal,0.7636260390281677
jmbic3,normal,0.8295227289199829
dt0h5f,normal,0.7177595496177673
dhlm03,normal,0.7925997972488403
hi9gak,normal,0.6970635056495667
ib72tq,normal,0.7682300209999084
hzknst,normal,0.7821798920631409
548ncd,normal,0.8049439787864685
87e6q8,normal,0.7345834970474243
7smosn,normal,0.7889101505279541
6wavpu,normal,0.7705585956573486
1rip2o,normal,0.7248465418815613
7037z1,normal,0.752535343170166
hfhbcj,normal,0.6909084320068359
gikh9b,normal,0.73113614320755
e9pzxk,normal,0.7893442511558533
f92rak,normal,0.7307300567626953
61eaka,normal,0.7527521252632141
3za7jj,normal,0.7729739546775818
1r0zuw,normal,0.7272863388061523
dpj6bu,normal,0.7942622303962708
ceg4ik,normal,0.7669346928596497
gmy768,normal,0.5956925749778748
a0eslw,normal,0.717487096786499
93gzln,normal,0.7567822337150574
clcf1s,normal,0.7905175685882568
83730l,normal,0.6597628593444824
1xk7xl,normal,0.8041666746139526
2mww52,normal,0.6539616584777832
2hn1jo,normal,0.7891490459442139
ffa9xb,normal,0.8122177124023438
qiuom,normal,0.7869293093681335
8ta5qy,normal,0.7445548176765442
vuj2s,normal,0.6288567781448364
dd8ud9,normal,0.7825740575790405
eym1vg,normal,0.6890784502029419
mdpbzy,normal,0.7052062153816223
lxsgoj,normal,0.8119111657142639
ka6neo,normal,0.8335418105125427
kwzlfk,normal,0.7999840974807739
inmxoz,normal,0.7772303819656372
lbc49w,normal,0.7937516570091248
mbdcpy,normal,0.7979314923286438
j22j6z,normal,0.8095237612724304
lkdiqx,normal,0.7728002071380615
jgs0dn,normal,0.7704287767410278
m471cz,normal,0.7305014729499817
lknk7n,normal,0.8060671091079712
fxa59w,normal,0.7598896026611328
m9a5bg,normal,0.7851907014846802
mcg7bo,normal,0.835807204246521
mc29v8,normal,0.8252748847007751
ilkfyh,normal,0.7721083164215088
grrao1,normal,0.8280422687530518
mpluim,normal,0.8302710652351379
ena50q,normal,0.8038683533668518
litb89,normal,0.818221926689148
mpk86q,normal,0.8048607110977173
m6gw72,normal,0.8231626152992249
mrapca,normal,0.7368889451026917
fcg7hf,normal,0.7998316884040833
h7qrpv,normal,0.8029149174690247
jw1ztc,normal,0.6918854117393494
e2bran,normal,0.7939284443855286
mgu4d3,normal,0.7621843814849854
lwtzwd,normal,0.7919470071792603
g8r1i5,normal,0.7832736372947693
elx6dz,normal,0.6696144938468933
ml0pve,normal,0.7083649635314941
m5d7y1,normal,0.8086458444595337
a3wpsr,normal,0.7415503859519958
g0px78,normal,0.7949858903884888
i2fbi0,normal,0.7996469736099243
b8ownq,normal,0.8382999897003174
kbcwe5,normal,0.7288416624069214
fj1lme,normal,0.7339885234832764
juy7z4,normal,0.7776870727539062
hy7jte,normal,0.7990493774414062
dm9xzf,normal,0.8225587606430054
luzhcm,normal,0.7267495393753052
ipmgs1,normal,0.8152029514312744
mi99hr,normal,0.7597411870956421
j2a2qh,normal,0.764701783657074
jtdspd,normal,0.7570855617523193
mb297e,normal,0.7549907565116882
marr0d,normal,0.7058110237121582
lyn9k5,normal,0.7915789484977722
jxv7ac,normal,0.606528103351593
lifm59,normal,0.5989711880683899
kaqexn,normal,0.6430424451828003
lb1anz,normal,0.7159080505371094
lhs8mh,normal,0.6825532913208008
icxqbq,normal,0.7891768217086792
ksi40v,normal,0.622963547706604
jxwjyt,normal,0.6739007234573364
mvk3ey,normal,0.7163347601890564
k4rfmh,normal,0.6560537815093994
lu3l78,normal,0.6211231350898743
jvki63,normal,0.6657800078392029
jljlfe,normal,0.7512262463569641
jmrgr2,normal,0.7958559393882751
klmp47,normal,0.6746079325675964
j4nl2l,normal,0.7812100052833557
keclyn,normal,0.7891685962677002
chpmo1,normal,0.771785318851471
mjxahg,normal,0.8479114174842834
khs31p,normal,0.7723145484924316
ivhnkp,normal,0.7492300271987915
d934ij,normal,0.7484873533248901
jhevjz,normal,0.7904590964317322
jj72u9,normal,0.6340943574905396
al4cye,normal,0.7938432693481445
ds2iwy,normal,0.7018781900405884
djbgn2,normal,0.6419700384140015
chpnlc,normal,0.7800690531730652
dkua94,normal,0.7830356955528259
k9ejq1,normal,0.7424187064170837
j12dsc,normal,0.7430627942085266
mtima4,normal,0.7539077997207642
diat0o,normal,0.7478090524673462
ltufqv,normal,0.6033679246902466
kn74i7,normal,0.7404080033302307
f633k0,normal,0.7803440093994141
lgn0tr,normal,0.7761213779449463
etayww,normal,0.6869009733200073
mmdxnr,normal,0.7025836706161499
diqtin,normal,0.6081668138504028
delfx2,normal,0.7722122669219971
iup9hh,normal,0.7327422499656677
f9gjo1,normal,0.7552151679992676
ew8kle,normal,0.479644775390625
jbqeuy,normal,0.6987606883049011
mjt4ys,normal,0.6707839369773865
faw9zj,normal,0.786501407623291
mx59hs,normal,0.7335395216941833
mwrh5a,normal,0.7612622380256653
msnrhq,normal,0.7812204360961914
muikdp,normal,0.6498269438743591
mthdma,normal,0.626775860786438
mtirhl,normal,0.5201430320739746
msrp8x,normal,0.7722236514091492
mssn6e,normal,0.689717710018158
mt56kx,normal,0.7615858912467957
msxn4g,normal,0.7896116971969604
msxa7m,normal,0.6904869675636292
mrob1t,normal,0.728453516960144
mr6kyv,normal,0.7744725942611694
mqmyiw,normal,0.740813672542572
mq4a2o,normal,0.7530502080917358
mooq4m,normal,0.5462016463279724
mo5ewg,normal,0.7324811816215515
mogw65,normal,0.7727376818656921
moj5pu,normal,0.7422159314155579
mo6n6d,normal,0.81393963098526
mlzfz9,normal,0.7384204864501953
mlu9dc,normal,0.7256643176078796
mm6ynt,normal,0.6322255730628967
mivde0,normal,0.8077715635299683
mjxczp,normal,0.6835713982582092
mjo0g8,normal,0.7689077258110046
mjh2za,normal,0.6382679343223572
mjdcau,normal,0.7492859363555908
mjk3fe,normal,0.8183102011680603
mjcacl,normal,0.8416553735733032
mi7g09,normal,0.7895436882972717
mdvmqq,normal,0.6556522250175476
mf4rip,normal,0.7750639915466309
metbh1,normal,0.789326012134552
mepvsv,normal,0.6609204411506653
me6f5u,normal,0.7643425464630127
mei43i,normal,0.8137379288673401
mej2vf,normal,0.7336944937705994
meibzg,normal,0.7145082354545593
mefjnt,normal,0.7499229907989502
mehmt8,normal,0.8147961497306824
md5l99,normal,0.794414222240448
mdc9iy,normal,0.7819071412086487
mcyxs9,normal,0.7935634255409241
m937ah,normal,0.8121131658554077
ma9dsf,normal,0.7889633774757385
m9fu68,normal,0.7743299603462219
m9mmij,normal,0.7207552194595337
m7hqzs,normal,0.7530447244644165
m665ac,normal,0.8320144414901733
l00lgc,normal,0.7788431644439697
ia3jz8,normal,0.6754308342933655
cu5dyx,normal,0.6601291298866272
kyp6ru,normal,0.7023369073867798
cby89e,normal,0.7189663648605347
brlpoa,normal,0.7602668404579163
iqou89,normal,0.4827667772769928
llnju1,normal,0.7512791156768799
i4v9sm,normal,0.7649440765380859
lo9bc3,normal,0.7452271580696106
jrz218,normal,0.7761099338531494
fn24fh,normal,0.7564115524291992
hc8ozf,normal,0.6766690015792847
grezpy,normal,0.6720011234283447
ifirxf,normal,0.6434069871902466
iu9px3,normal,0.6986543536186218
ffv9st,normal,0.7695296406745911
kgh1jf,normal,0.734978437423706
ief599,normal,0.7262843251228333
k7egnq,normal,0.768379271030426
gskal5,normal,0.6709946990013123
17khm4,normal,0.806030809879303
hpaiy2,normal,0.7483714818954468
gkv39d,normal,0.7610803246498108
il5hs0,normal,0.7382915616035461
j7opbh,normal,0.7636278867721558
ju6v9v,normal,0.7395688891410828
k1uk4o,normal,0.8196331858634949
dia12v,normal,0.7629027366638184
4gpwxh,normal,0.7892778515815735
9jxz3t,normal,0.7192254066467285
bvqqmi,normal,0.7416920065879822
gpj3qd,normal,0.8174791932106018
imf65v,normal,0.6975017189979553
dpozf,normal,0.8087804913520813
1ps5vn,normal,0.7646173238754272
hxo887,normal,0.7644755840301514
gsxho5,normal,0.7232056856155396
ju46zv,normal,0.7939292192459106
iv37tl,normal,0.6612547636032104
8joucz,normal,0.7362834215164185
fhgn4,normal,0.7648040056228638
7z351y,normal,0.7686895728111267
htb7bk,normal,0.6643766760826111
jd04i8,normal,0.7250552773475647
mq470b,normal,0.7774956226348877
lkl7gv,normal,0.6244547963142395
leunaa,normal,0.7189964652061462
mbcqn3,normal,0.7856095433235168
jihgbg,normal,0.7672883868217468
kgrsns,normal,0.7209324240684509
mb2ggz,normal,0.7022300362586975
j9d1v9,normal,0.8068353533744812
lpi0ay,normal,0.7189964652061462
i5f9dn,normal,0.7779819369316101
i5kaem,normal,0.7128114104270935
jv5rt6,normal,0.7265949249267578
kpo0aj,normal,0.7308080792427063
mptkwe,normal,0.8344221115112305
k1nqnr,normal,0.7344402074813843
g6oq6t,normal,0.5811317563056946
j5jgkj,normal,0.7843834757804871
gojf15,normal,0.6928706169128418
k7mg04,normal,0.8050662279129028
kn8q9j,normal,0.7083073854446411
iypfgx,normal,0.8064082860946655
hj3plp,normal,0.8161259889602661
k7fz19,normal,0.7594650983810425
jnrd2n,normal,0.7862857580184937
lhh3rl,normal,0.7621279358863831
k1o8ei,normal,0.7694194316864014
jq87io,normal,0.7609966993331909
le644s,normal,0.8058800101280212
iidg1x,normal,0.7786887288093567
jws1by,normal,0.6468396782875061
g8f0a7,normal,0.7454126477241516
e55l12,normal,0.7368879318237305
ck9s51,normal,0.76328045129776
k040pb,normal,0.7220459580421448
ki973g,normal,0.7784065008163452
fv3uik,normal,0.7698436975479126
d2aumk,normal,0.6880064010620117
gktltx,normal,0.7692721486091614
le3k02,normal,0.7362645864486694
j7eaie,normal,0.815564751625061
kl27ne,normal,0.793208658695221
lxhz2o,normal,0.7024136185646057
9f2rdf,normal,0.8038541674613953
h9wdac,normal,0.7704852819442749
kbvhuq,normal,0.7803059220314026
bcmui,normal,0.72247713804245
1a1nxh,normal,0.7735646963119507
4lw7x9,normal,0.7361925840377808
8xet2y,normal,0.6698697209358215
a9z5u4,normal,0.4213090240955353
2bf1eg,normal,0.781654417514801
3nhkbv,normal,0.49060532450675964
dpg6p,normal,0.8117784857749939
gt7ym5,normal,0.7710263729095459
71woqk,normal,0.7757583260536194
4hupk7,normal,0.7764674425125122
731xr6,normal,0.744452178478241
5dosz0,normal,0.706558346748352
4qb3no,normal,0.7013092637062073
1hrxw4,normal,0.7371907830238342
5tdjv0,normal,0.7871294021606445
ilpvza,normal,0.7872881293296814
4q0b8i,normal,0.7288103103637695
4pgj8n,normal,0.659018337726593
4rur8b,normal,0.7463350296020508
4xwnae,normal,0.7680729627609253
4qrfh5,normal,0.7622153162956238
gmazp7,normal,0.7710263729095459
44co79,normal,0.8188881278038025
9h210j,normal,0.7932420969009399
2a6yub,normal,0.7663936018943787
481hdi,normal,0.8118459582328796
5kyi67,normal,0.800570011138916
3vcel2,normal,0.761084258556366
d6rjp,normal,0.8500655293464661
2x1qbv,normal,0.5766220092773438
khil13,normal,0.7758246660232544
kvy2h4,normal,0.7209327816963196
ltiyr9,normal,0.8053909540176392
j68hqv,normal,0.7929455041885376
lnycnx,normal,0.7434602379798889
hnjuu2,normal,0.7478954195976257
jbkjja,normal,0.7045539021492004
k9wxuw,normal,0.6789303421974182
k93o2a,normal,0.7948243021965027
kmi8jm,normal,0.6719566583633423
im74g6,normal,0.767811119556427
ku588l,normal,0.696190595626831
hgt3j9,normal,0.8254716396331787
fsib45,normal,0.690295398235321
ftz68k,normal,0.6560198664665222
1xcpi3,normal,0.7428925633430481
66xhfw,normal,0.673337459564209
mt9gb3,normal,0.7327187657356262
mvisqk,normal,0.71302330493927
mschfa,normal,0.8048422932624817
mkpuec,normal,0.7001914381980896
ltruhm,normal,0.788608193397522
ldquum,normal,0.748354434967041
l8ok9d,normal,0.7788349986076355
kp6zi1,normal,0.6882283687591553
kjxewg,normal,0.7737070918083191
k6yjf0,normal,0.7844803929328918
k7czta,normal,0.5387617945671082
k3op9d,normal,0.7681165337562561
jwjw8q,normal,0.6904441118240356
jzgili,normal,0.8027198314666748
jqzwj1,normal,0.6556767821311951
jnu4yi,normal,0.7970185875892639
jjxdqt,normal,0.6841937303543091
jld6jy,normal,0.6365221738815308
jgudn4,normal,0.7060790061950684
jfjtp2,normal,0.739821195602417
jf0aq0,normal,0.810767650604248
jai26b,normal,0.7486913204193115
ja7ik3,normal,0.7883442044258118
j8k8r8,normal,0.7791938781738281
j4cox7,normal,0.7946291565895081
j0t32q,normal,0.7648468613624573
j10fio,normal,0.6947215795516968
j0qem3,normal,0.7616077065467834
imsws7,normal,0.8183283805847168
imzlef,normal,0.7496320009231567
ijc6i3,normal,0.7865451574325562
iiovff,normal,0.7321849465370178
iddlbx,normal,0.7620937824249268
ia3dek,normal,0.7988056540489197
i82b8e,normal,0.8132688999176025
hxs09m,normal,0.7293571829795837
htr0sz,normal,0.5968406796455383
hw3ap4,normal,0.8088589310646057
hspt4a,normal,0.5892832279205322
hqnuos,normal,0.7110778093338013
hn071i,normal,0.7304769158363342
hm05bh,normal,0.6792840957641602
hgng7r,normal,0.7136425375938416
hgj1yy,normal,0.7432708144187927
mo04fd,normal,0.6434569358825684
mlw943,normal,0.7543834447860718
kwxnlr,normal,0.8015825152397156
hzv6t8,normal,0.7584713101387024
lh63ox,normal,0.6946882009506226
lhotds,normal,0.662301242351532
m4g7y2,normal,0.7751601338386536
kkd9iv,normal,0.686907947063446
cn9abw,normal,0.7278452515602112
hyvs8q,normal,0.7754027247428894
hhod0b,normal,0.8003180027008057
ivxh0q,normal,0.7436527609825134
axud1f,normal,0.7130699157714844
k0ceso,normal,0.7110660672187805
bzi0i6,normal,0.7647643685340881
j8pk4o,normal,0.7505523562431335
ay229h,normal,0.7408806085586548
jacs6u,normal,0.6317559480667114
jg4uy0,normal,0.8085321187973022
htqntt,normal,0.7280673384666443
j26nev,normal,0.6786182522773743
1nx5rm,normal,0.8036498427391052
a4xpwr,normal,0.6952077150344849
1k7grn,normal,0.709293007850647
k9tz0r,normal,0.7524574995040894
gknhdr,normal,0.7190695405006409
jydmg0,normal,0.8225497007369995
8m1zl,normal,0.7726225852966309
5clb7m,normal,0.6547932028770447
hw6k7i,normal,0.6922968626022339
2vske9,normal,0.8184670209884644
i6ljd7,normal,0.7630182504653931
jjinah,normal,0.6316973567008972
gptbvt,normal,0.6607071757316589
in81r7,normal,0.6761412620544434
9fl3b2,normal,0.6989067792892456
8tr73v,normal,0.7822809815406799
4c16cf,normal,0.7936663627624512
59b1zz,normal,0.5582447052001953
d0g0qb,normal,0.6849616765975952
6ttjdq,normal,0.7037809491157532
e0nwnq,normal,0.7035033106803894
6yxm8e,normal,0.6700415015220642
e70t6d,normal,0.8173103332519531
j0icsr,normal,0.7472991347312927
eogano,normal,0.6631226539611816
j5zpwi,normal,0.8250977993011475
fy3u83,normal,0.7785752415657043
i9losf,normal,0.7805357575416565
bdhyhy,normal,0.7275266051292419
kt41ks,normal,0.7682864665985107
bdvfk4,normal,0.7539395093917847
fyphta,normal,0.7472888231277466
m6rga7,normal,0.7309223413467407
7unp3l,normal,0.7783170342445374
bir2zl,normal,0.6755850315093994
96uk9d,normal,0.7885941863059998
8jt8ok,normal,0.7049555778503418
7krnge,normal,0.7506917715072632
3zhswo,normal,0.6455921530723572
hwq3yv,normal,0.7402453422546387
1gie1g,normal,0.7001186013221741
lax4pz,normal,0.7803083062171936
77n3pc,normal,0.7954372763633728
d6x54p,normal,0.6249858736991882
8h9uad,normal,0.8210776448249817
ray2e,normal,0.5869163274765015
6ysoyq,normal,0.773491621017456
ht9825,normal,0.6777526140213013
jpnr4k,normal,0.6935724020004272
inpv3a,normal,0.7953121066093445
3gpvhj,normal,0.7993969321250916
hh7pdh,normal,0.7594109773635864
irdqns,normal,0.6748098134994507
e5rgge,normal,0.7613519430160522
hrqj0z,normal,0.5365457534790039
hz9n7p,normal,0.5628612041473389
a33osd,normal,0.7831658720970154
d8sk78,normal,0.7304239869117737
fjx0ed,normal,0.7017660737037659
jgh94w,normal,0.788529634475708
98e0sz,normal,0.5171756148338318
72ofgh,normal,0.8071209192276001
cdzz4,normal,0.7795780301094055
xtqs4,normal,0.6785779595375061
c1mq4,normal,0.7314157485961914
f9wcbz,normal,0.8085625171661377
lon34,normal,0.7270857095718384
33ry66,normal,0.7610360383987427
hamve,normal,0.6999174356460571
2pk0uv,normal,0.6290212273597717
14sg7i,normal,0.7298691272735596
38a36t,normal,0.7429034113883972
992tf,normal,0.7962353825569153
4hxzd6,normal,0.7985254526138306
e0m7ww,normal,0.6856378316879272
m34ylg,normal,0.5072759389877319
hejqlt,normal,0.7811247110366821
kri7yi,normal,0.7942841649055481
ftqkj5,normal,0.7522878646850586
k5xb0b,normal,0.7221872210502625
aw437m,normal,0.7198699116706848
iqrc02,normal,0.7757434248924255
ser97,normal,0.7437886595726013
iysn46,normal,0.774006724357605
2mlky0,normal,0.7395856380462646
96feqw,normal,0.6894748210906982
gm6ld6,normal,0.6450377702713013
6zzxbc,normal,0.7977917194366455
j02k5x,normal,0.6102099418640137
fkvhv9,normal,0.7709089517593384
10mncu,normal,0.757380485534668
13zs4k,normal,0.7772746682167053
tpybt,normal,0.8030669689178467
ivmdd,normal,0.7685697078704834
9f2re,normal,0.7378729581832886
92q1r,normal,0.751343309879303
8irg1,normal,0.7911126613616943
4i58ic,normal,0.7943362593650818
ek4dq,normal,0.7344462275505066
g1yv3w,normal,0.7410516142845154
1sl7yv,normal,0.7098907232284546
y7g2c,normal,0.7928877472877502
shytb,normal,0.7684698104858398
dhumg,normal,0.6899262070655823
9f53m,normal,0.7903286814689636
89v2k,normal,0.7430640459060669
eam14r,normal,0.6331821084022522
4uj6ig,normal,0.7979853749275208
dqyb5,normal,0.8311373591423035
88bhbs,normal,0.707237184047699
fotiz,normal,0.7756658792495728
4njhnq,normal,0.7412237524986267
fo9we,normal,0.8050664067268372
baa2t,normal,0.7860130071640015
8h2wpg,normal,0.7124431133270264
92ttw0,normal,0.789578378200531
a2u3v,normal,0.8275507092475891
375d5r,normal,0.8235201835632324
9qubkt,normal,0.8383457660675049
itjjn,normal,0.7772044539451599
m5w9ep,normal,0.763871431350708
mi42i0,normal,0.7636029124259949
ltulz1,normal,0.7879060506820679
mnlhrr,normal,0.7385513186454773
mmd683,normal,0.7857146859169006
l4rfmb,normal,0.756489634513855
msroke,normal,0.7578418254852295
m8p3le,normal,0.6967034935951233
mt5l4v,normal,0.6766250133514404
mviazi,normal,0.72516268491745
m1c8cl,normal,0.7429934144020081
mptzm4,normal,0.8170207142829895
mpnwb0,normal,0.8270832300186157
ks7sbd,normal,0.8193038105964661
mi4c0y,normal,0.7935214638710022
mmx153,normal,0.7613049745559692
l9vjdg,normal,0.6557798385620117
lm37ci,normal,0.7901467084884644
mol1hg,normal,0.7703826427459717
mphzuc,normal,0.7404325604438782
mb38le,normal,0.7787824869155884
mtez8f,normal,0.6728841662406921
muctbr,normal,0.7261497378349304
mfmytt,normal,0.6391313076019287
mswqcx,normal,0.7806689143180847
mo8hrq,normal,0.7504461407661438
lbcf52,normal,0.8203993439674377
lg97e7,normal,0.771596372127533
jx3g0j,normal,0.7194589376449585
le85g5,normal,0.6998103260993958
mhgy10,normal,0.7398342490196228
kwrswq,normal,0.6146599650382996
jlwbmc,normal,0.6984982490539551
lhm8fn,normal,0.4777514636516571
kgnovv,normal,0.610609233379364
jj15sp,normal,0.7929089069366455
kgcqiv,normal,0.7778488993644714
m0ld4m,normal,0.7957730889320374
lt6ldm,normal,0.7521723508834839
mr3toa,normal,0.6965587735176086
lrpo17,normal,0.739229142665863
lsabkb,normal,0.80933678150177
l0t2pj,normal,0.8229866027832031
jdqrn7,normal,0.6758182644844055
jhn85i,normal,0.7359328866004944
m0nc1m,normal,0.8006221652030945
lydg9g,normal,0.7535406351089478
khj46j,normal,0.7944206595420837
kq9aga,normal,0.7867966294288635
mf8509,normal,0.8501340746879578
knqo54,normal,0.7719211578369141
h9tcli,normal,0.7964243292808533
fr8bfc,normal,0.7846992611885071
95wmbn,offensive,0.6366886496543884
ljjh41,normal,0.7215024828910828
8mwksl,normal,0.8250234723091125
8tufa7,normal,0.7490890026092529
7n6t4a,normal,0.7592126727104187
8h1zbb,normal,0.6544020175933838
8bbrix,normal,0.7777634859085083
5yp6gj,normal,0.7724485397338867
gvgmn5,normal,0.7873930335044861
iwkwrm,normal,0.7466667890548706
dppr3r,normal,0.7591027617454529
fmmga,normal,0.8043608665466309
dh4ekc,normal,0.49562203884124756
g9amio,normal,0.6965509057044983
9v1gg1,normal,0.693264365196228
5b0fcb,normal,0.7170916199684143
8fjmi9,normal,0.8028327226638794
2irm62,normal,0.8057922720909119
989h7i,normal,0.6102065443992615
mm64kt,normal,0.7574631571769714
mqxgu7,normal,0.7827078104019165
mvmrqx,normal,0.7751955389976501
mnvfz9,normal,0.7656242251396179
mlg5pb,normal,0.6688521504402161
mutvkm,normal,0.6848933696746826
mb1lbf,normal,0.5487858653068542
mm5gnq,normal,0.7495620846748352
lbz9yt,normal,0.7794986367225647
melc3l,normal,0.7246784567832947
lqv81o,normal,0.6624926924705505
lke1uc,normal,0.7714122533798218
kwg8dm,normal,0.7966479063034058
mr15bj,normal,0.7526705861091614
l3bmpq,normal,0.8093236088752747
lu899g,normal,0.8152565360069275
m0wztc,normal,0.6918596029281616
mkpwx3,normal,0.7853148579597473
mle6ad,normal,0.7627404928207397
krt9s3,normal,0.7640940546989441
mlboco,normal,0.7863469123840332
lbafx3,normal,0.7937516570091248
mj4sc9,normal,0.8006037473678589
lobcc0,normal,0.81805020570755
k9sbpr,normal,0.6261537671089172
jzrycc,normal,0.7755596041679382
ku414s,normal,0.6940012574195862
ilrdqy,normal,0.7307436466217041
i9n6cd,normal,0.6502317786216736
ewtj5v,normal,0.7604893445968628
7h90t2,normal,0.720969557762146
8kd0u1,normal,0.7358431220054626
kx9tca,normal,0.8012782335281372
lv53wi,normal,0.7360877990722656
leta2e,normal,0.8001681566238403
24badm,normal,0.7583062648773193
lam56w,normal,0.7635811567306519
knekw1,normal,0.7024183869361877
k2hc98,normal,0.6814135313034058
jcr8wf,normal,0.7694830298423767
l7uqu0,normal,0.8177574872970581
kcrepz,normal,0.7887457013130188
fc60q1,normal,0.6582239270210266
fpzmv8,normal,0.6759282946586609
hz5dqe,normal,0.7711524963378906
f3s8yy,normal,0.7617518305778503
dam7wz,normal,0.7360537052154541
gecgyr,normal,0.7002946734428406
gmczg8,normal,0.7577878832817078
f4vg55,normal,0.789821982383728
faduqy,normal,0.62064129114151
dch3vr,normal,0.8012813925743103
fbzuml,normal,0.7574049234390259
eu5nhg,normal,0.7795748710632324
bpm8h3,normal,0.7679868936538696
ighskz,normal,0.5732453465461731
gnzzt0,normal,0.8016896843910217
fnuibr,normal,0.7796840667724609
f7jssx,normal,0.7288557291030884
f6c9y5,normal,0.7172877192497253
fo9zph,normal,0.7476873397827148
bsfn4l,normal,0.7374396324157715
fm5s38,normal,0.7467142939567566
8rjgf2,normal,0.7103803753852844
b3h2eq,normal,0.7768505811691284
65zlof,offensive,0.4500669538974762
bviiyq,normal,0.7434550523757935
6lmr1m,normal,0.772605299949646
1n1lb6,normal,0.7689648866653442
cyr859,normal,0.5951656699180603
8q1l1f,normal,0.7400733828544617
7cl3h2,normal,0.7017432451248169
b7jefx,normal,0.676494300365448
8pnhe1,normal,0.635452389717102
4iuzvd,normal,0.7176942229270935
90mtoq,normal,0.7870646119117737
2tzr7f,normal,0.7528813481330872
mu5csk,normal,0.7579416036605835
mtffbx,normal,0.8124974370002747
mx4h25,normal,0.7604276537895203
mwx6wj,normal,0.8729926347732544
mrhu6n,normal,0.7996371388435364
ms4yvm,normal,0.8729926347732544
mlzf91,normal,0.6875482201576233
mnj2kr,normal,0.8729926347732544
minbl4,normal,0.7691255211830139
mn1q5a,normal,0.7748645544052124
mma28n,normal,0.6797212958335876
mimt7a,normal,0.8180492520332336
mlyodl,normal,0.7790665626525879
mlegqm,normal,0.69041508436203
mk8xnq,normal,0.759689211845398
mim3ad,normal,0.8729926347732544
mh4zt8,normal,0.7633526921272278
mg3f7v,normal,0.7646820545196533
mf3yxp,normal,0.760823130607605
meshkx,normal,0.8376699686050415
meeqkx,normal,0.813926637172699
mdqiu6,normal,0.8729926347732544
m8npkp,normal,0.7844579815864563
m8j49c,normal,0.8729926347732544
m6wgp8,normal,0.7423418164253235
m17m71,normal,0.6981855034828186
m0nh9a,normal,0.7754401564598083
m4gbkt,normal,0.7964238524436951
m3kk6i,normal,0.8729926347732544
m3fmj0,normal,0.7450882792472839
m44zsf,normal,0.5945777297019958
m35q6x,normal,0.6964894533157349
m2mgws,normal,0.6409766674041748
m2hh6h,normal,0.7938773036003113
m01sjs,normal,0.7799022197723389
lzv47j,normal,0.8187655210494995
lz4jsu,normal,0.7805904746055603
lw4mqq,normal,0.767828643321991
lz8iky,normal,0.7401669025421143
lyeyui,normal,0.8729926347732544
lygf3a,normal,0.8274442553520203
lxfr11,normal,0.6641188263893127
lxejsu,normal,0.7845798134803772
lvpa4a,normal,0.663145124912262
lvj0xu,normal,0.8237417936325073
lud8kc,normal,0.649552047252655
lt0oa3,normal,0.8729926347732544
lkzrq9,normal,0.5399914979934692
lok22l,normal,0.769741415977478
86o7lz,normal,0.7525125741958618
4afhq2,normal,0.7572618722915649
3mh2ro,normal,0.8153690695762634
amaxi3,normal,0.7647441625595093
bkyiwx,normal,0.7432765960693359
mj6rdr,normal,0.7850487232208252
m6y0ea,normal,0.6574394106864929
mezdgg,normal,0.7303568124771118
mmbx3u,normal,0.8145809173583984
mejsgd,normal,0.7805654406547546
mrw15q,normal,0.7764008641242981
ligjh9,normal,0.6043310165405273
miq7ei,normal,0.6763586401939392
mmao6h,normal,0.7866324186325073
mtrda6,normal,0.6206352114677429
m1cxvu,normal,0.7143350839614868
m8q3q0,normal,0.7743743658065796
kvwy1n,normal,0.6925644278526306
lm9zeo,normal,0.765357494354248
jcbonx,normal,0.7531182169914246
mne6cf,normal,0.6876810789108276
k1bjcw,normal,0.7818437218666077
lgbfdj,normal,0.7432467937469482
jrxnug,normal,0.8178765773773193
mb4k5e,normal,0.7954043745994568
l5c5yx,normal,0.7412838339805603
jmsf0m,normal,0.6879599690437317
mtssw2,normal,0.782920241355896
lyfiqr,normal,0.776560366153717
mfs560,normal,0.7959284782409668
mhg70r,normal,0.7607427835464478
kvzx5w,normal,0.7127878069877625
m2157x,normal,0.7570510506629944
l0t6zr,normal,0.8020028471946716
mic6rp,normal,0.8257215619087219
mvne5s,normal,0.7751825451850891
kal218,normal,0.730294406414032
m5z4gd,normal,0.7934058904647827
mj4cow,normal,0.8032704591751099
lftolr,normal,0.7701886296272278
mhary1,normal,0.7065848112106323
hozbun,normal,0.5971057415008545
knu1iw,normal,0.7740941047668457
lrn79y,normal,0.737325131893158
lszlzp,normal,0.6460132002830505
maihod,normal,0.7444566488265991
lxwchh,normal,0.6274102926254272
khjr7l,normal,0.7387034893035889
mcmfpr,normal,0.6180618405342102
kqz4hj,normal,0.7797017097473145
mpgy32,normal,0.7599945664405823
m9ynm5,normal,0.7609151601791382
mn6ra3,normal,0.8191361427307129
lmvx0j,normal,0.749423623085022
iozv92,normal,0.728095293045044
i8ud6l,normal,0.788610577583313
efx69l,normal,0.7274237275123596
mr1gc7,normal,0.6802196502685547
gpaghf,normal,0.6907273530960083
flfmux,normal,0.6851077079772949
gcahpb,normal,0.7855984568595886
5nbqt2,normal,0.7963809370994568
bzcfgw,normal,0.8131669759750366
9kwg20,normal,0.7140069603919983
9tcdvs,normal,0.637721836566925
cqnv7k,normal,0.6699686646461487
fog3na,normal,0.7003632187843323
1m35j5,normal,0.6655307412147522
bx4xcr,normal,0.6347483396530151
bxyjqj,normal,0.6725078821182251
go9ix3,normal,0.7655733823776245
9rcnod,normal,0.7723812460899353
5y6td8,normal,0.6993793845176697
9pqq78,normal,0.7588498592376709
5487tt,normal,0.8067817091941833
9zg3io,normal,0.7469825744628906
7hmzq8,normal,0.7646195292472839
5zffcq,normal,0.7429636120796204
g2j2d9,normal,0.7019988298416138
52wjj0,normal,0.7768464684486389
1ylryx,normal,0.7051687240600586
htnxar,normal,0.8480724096298218
4f2q4b,normal,0.7644199132919312
88o33c,normal,0.7800183296203613
52uttx,normal,0.7288694977760315
5obfiw,normal,0.7868273854255676
4uoi4g,normal,0.7055327296257019
atsvuz,normal,0.7952848672866821
6d9nf2,normal,0.7170658707618713
4cck3f,normal,0.8356689214706421
41za3r,normal,0.7534828186035156
2ag71l,normal,0.7155843377113342
2iy7f2,normal,0.764621913433075
bpw5dl,normal,0.6853227019309998
4t1d32,normal,0.713783860206604
4gay31,normal,0.6889005303382874
8jgel9,normal,0.7343260645866394
1vni0m,normal,0.63725745677948
e5i0m2,normal,0.6876475214958191
j5fuzy,normal,0.7032941579818726
i7vzuj,normal,0.6959551572799683
f6elrx,normal,0.6502299904823303
lky8aq,normal,0.7573743462562561
at618o,normal,0.6840372681617737
dl2p1w,normal,0.7593895196914673
8wbltz,normal,0.741956353187561
j7nuql,normal,0.7132869362831116
abbah6,normal,0.7757272720336914
dos81v,normal,0.8130090236663818
kjk0os,normal,0.7520758509635925
j07ia1,normal,0.7796167135238647
89eck3,normal,0.7721925377845764
581cn4,normal,0.8031985759735107
k9j04h,normal,0.721114993095398
9bx335,normal,0.6672831177711487
kq1ocn,normal,0.7433123588562012
ie7jiq,normal,0.7865833640098572
ka406r,normal,0.7289780974388123
4pebn6,normal,0.7317519187927246
hlnxsp,normal,0.7866337299346924
2alla4,normal,0.7804078459739685
4rhxea,normal,0.6516724228858948
299ta9,normal,0.7517727613449097
fvo2av,normal,0.7099071145057678
52tfr4,normal,0.7719860076904297
23n8ja,normal,0.7586668133735657
h7ifr1,normal,0.7862754464149475
exhs3k,normal,0.6619329452514648
4uv1x6,normal,0.7710798382759094
ariv7p,normal,0.7848600745201111
8n15u3,normal,0.7798875570297241
8iihf2,normal,0.782974898815155
cb0dfy,normal,0.7902161478996277
5tvs7h,normal,0.7766090035438538
3a1fsw,normal,0.7439255118370056
359uij,normal,0.7828013896942139
5eh0l4,normal,0.7580990791320801
5hialo,normal,0.7422172427177429
6na0o8,normal,0.7756819725036621
25754y,normal,0.7321216464042664
5e7fnj,normal,0.772229790687561
3vz5id,normal,0.7680764198303223
1yeh93,normal,0.6220287680625916
tsl5y,normal,0.7585432529449463
mgo2ho,normal,0.7774275541305542
mjh7du,normal,0.7118770480155945
l1jc62,normal,0.7284026741981506
l1k7j6,normal,0.6708011627197266
m86194,normal,0.6377843618392944
hm94hj,normal,0.755156397819519
mpqqdh,normal,0.7963817715644836
m9ycyu,normal,0.8183313608169556
ieu6b8,normal,0.7322249412536621
mu4qv0,normal,0.7789337635040283
mk32wo,normal,0.7796745300292969
mnbtca,normal,0.7765989899635315
jh1fr7,normal,0.7724061012268066
jh9sel,normal,0.8206883072853088
mejiaf,normal,0.7553945183753967
i4xqos,normal,0.780457615852356
khjhnm,normal,0.8276302814483643
kpzc6p,normal,0.7853826880455017
legefo,normal,0.6782836318016052
ms4650,normal,0.7418729066848755
jwehhk,normal,0.7293491363525391
jhncpm,normal,0.7474352121353149
luookl,normal,0.816863477230072
jnlklo,normal,0.7793219089508057
lw5j76,normal,0.6178964376449585
iighrn,normal,0.7346240878105164
l7c4on,normal,0.6620326638221741
hu8ccf,normal,0.7724498510360718
mktdzb,normal,0.6835143566131592
ev1om5,normal,0.8326017260551453
mp3p0u,normal,0.7618237733840942
m7vpop,normal,0.8186694383621216
j7e8jn,normal,0.7972197532653809
lx9rig,normal,0.7104763388633728
leaa1k,normal,0.8287752866744995
m0zq69,normal,0.6386164426803589
i6mnpi,normal,0.8236546516418457
mt2vp4,normal,0.7341680526733398
jhfw2z,normal,0.7833142876625061
lx5puk,normal,0.8089762926101685
7jiw7l,normal,0.76314777135849
l72gt5,normal,0.7409564852714539
lqr87p,normal,0.7450954914093018
mpw4bi,normal,0.8087857961654663
fbuac0,normal,0.771629273891449
