tweet_id,classification,classification_score
m6fe58,normal,0.773790717124939
m3bo6l,normal,0.801919162273407
kr5jmk,normal,0.7874302864074707
mxwj4r,normal,0.5047293901443481
mx8hxf,normal,0.688378632068634
mx0zxt,normal,0.8221288919448853
mxhbh7,normal,0.7698122262954712
mxcxiu,normal,0.611748993396759
mxnqhp,normal,0.706112265586853
mxeu3h,normal,0.7312652468681335
mxbmst,normal,0.773995578289032
mwpbct,normal,0.7763493657112122
mx304y,normal,0.8119895458221436
mw1oc5,normal,0.794903039932251
mwyyxh,normal,0.7536435723304749
mvh2ro,normal,0.5844647884368896
mwbb41,normal,0.8003201484680176
mrsugs,normal,0.7632864713668823
mxmhcj,normal,0.7712593674659729
mxv0wv,normal,0.6426534652709961
mxukgo,normal,0.7633268237113953
mx2uex,normal,0.7638615965843201
mw14wl,normal,0.7636315226554871
mwe7ax,normal,0.7493530511856079
mxe9ll,normal,0.7296705842018127
mxj3fy,normal,0.5838464498519897
mxuxjf,normal,0.7412358522415161
muo4cf,normal,0.7716485857963562
mxxc1g,normal,0.7921943068504333
mxkiap,normal,0.7001704573631287
mxuq9a,normal,0.7699832916259766
mxq67o,normal,0.8089059591293335
mxookw,normal,0.7707744836807251
mw5rzj,normal,0.7463138699531555
mvp3h6,normal,0.7816359400749207
mvmtq5,normal,0.7816495299339294
mxjs10,normal,0.7953384518623352
mxpflo,normal,0.7732763290405273
muzx2v,normal,0.7524943351745605
mxszzp,normal,0.7954844236373901
mxm8jj,normal,0.7621312737464905
mxnqz1,normal,0.7545387744903564
mxvqux,normal,0.7843499779701233
mxuzfp,normal,0.740740954875946
mxftwk,normal,0.7671429514884949
mxcwuy,normal,0.7411752343177795
mxwz3x,normal,0.8064219951629639
mxn8f7,normal,0.6978991627693176
mxjpvy,normal,0.7500097751617432
mxtmmb,normal,0.8034810423851013
mxcsfb,normal,0.797714352607727
mxt17z,normal,0.8041634559631348
mxcttt,normal,0.8017323017120361
mx2j1r,normal,0.6196827292442322
mwvt1g,normal,0.7433643937110901
mwhzb9,normal,0.7252423167228699
mv8oam,normal,0.8462694883346558
mwjwa0,normal,0.7386447787284851
mw6b16,normal,0.7903836369514465
mvxp5i,normal,0.8049556612968445
meuvbd,normal,0.7404097318649292
mvoqzc,normal,0.7316548228263855
mmwr1x,normal,0.7842526435852051
mssg2o,normal,0.7059327363967896
kx9ryy,normal,0.706386387348175
mx8cpm,normal,0.7858826518058777
l8o6o9,normal,0.8013408184051514
lrrlap,normal,0.7909106016159058
lacjfk,normal,0.7670657634735107
modf9n,normal,0.7823561429977417
lj4oc2,normal,0.727591872215271
moiizv,normal,0.5547570586204529
mo38vd,normal,0.7427854537963867
mr6rgh,normal,0.6181134581565857
mnrarj,normal,0.7962386608123779
mxkpm7,normal,0.8527600765228271
mxkbhy,normal,0.6680405139923096
mxev08,normal,0.7576480507850647
mxmn35,normal,0.7857128381729126
mxe6mn,normal,0.7945292592048645
mx8kig,normal,0.7218606472015381
mxu94s,normal,0.8288103938102722
mx81pv,normal,0.7564314007759094
mxp8ci,normal,0.7445115447044373
mx8qdh,normal,0.6874734163284302
mxsgm6,normal,0.8004482984542847
mxs094,normal,0.8068317174911499
mx9dxd,normal,0.8345310091972351
mxmd9z,normal,0.7845475077629089
mxmdne,normal,0.6673643589019775
mxr3gz,normal,0.7732601761817932
mxsj8f,normal,0.6902564167976379
mxn996,normal,0.7988579273223877
mxx8zd,normal,0.731118381023407
mxxtt8,normal,0.7772634029388428
mxxuda,normal,0.7737827301025391
mx44lj,normal,0.7736378908157349
mxiomt,normal,0.8042142987251282
mo6kwl,normal,0.7637712359428406
m9km9b,normal,0.7433985471725464
mxl2s0,normal,0.8128701448440552
mgavm4,normal,0.8064336776733398
mpr5u5,normal,0.6061205267906189
ldjg06,normal,0.7411975264549255
mp07ye,normal,0.7966188788414001
m9x6x5,normal,0.7866332530975342
mr7hjr,normal,0.7834264039993286
mxxhjl,normal,0.6808955669403076
moxf1i,normal,0.8015514016151428
l221is,normal,0.7909526824951172
m23mww,normal,0.7732774615287781
m1i817,normal,0.7315182685852051
lk1ohj,normal,0.7238380908966064
da9pq0,normal,0.7699393033981323
8esw7t,normal,0.8249919414520264
lwd0ws,normal,0.7768399119377136
2uxi0p,normal,0.7670156359672546
82axp0,normal,0.7809563279151917
g0t0sw,normal,0.7261319160461426
gy9rd2,normal,0.6970918774604797
cttasc,normal,0.7857642769813538
daqw6r,normal,0.7807786464691162
cnchiv,normal,0.7663667798042297
cidgip,normal,0.8169831037521362
daibod,normal,0.8177924752235413
da55o2,normal,0.7315220236778259
btnav6,normal,0.7690339088439941
bl8mk5,normal,0.7684560418128967
lw5so0,normal,0.7904378175735474
m4b0xe,normal,0.7964429259300232
mtka40,normal,0.639487624168396
mk5jen,normal,0.7888391017913818
if1qnt,normal,0.629414439201355
mw4ig8,normal,0.7943722009658813
mtrhr2,normal,0.7558484077453613
mqx83e,normal,0.7592964172363281
mv1u03,normal,0.8042057752609253
mivta9,normal,0.7529029250144958
fua2ag,normal,0.8137465119361877
a5c1ag,normal,0.7918874621391296
m89kvx,normal,0.7713205218315125
lo2qy6,normal,0.8011193871498108
m5o41d,normal,0.7941482067108154
lu1iol,normal,0.8024773597717285
m1vpvq,normal,0.7181122303009033
m4964h,normal,0.5409770607948303
l8m2mg,normal,0.6807898879051208
lhv9wz,normal,0.798502504825592
lkcrbp,normal,0.7935922145843506
m0z94b,normal,0.7879343628883362
l2c34v,normal,0.8050812482833862
m2nj0l,normal,0.8354954719543457
lz2rax,normal,0.7568951845169067
lj1ca2,normal,0.6890023350715637
mxl66d,normal,0.6741185784339905
m15wjs,normal,0.6736083626747131
lzk98d,normal,0.7375149130821228
loor2h,normal,0.7823556661605835
m9vmb1,normal,0.6793912649154663
ll4kbm,normal,0.7755981683731079
lm4ymx,normal,0.6755381226539612
m5bdy5,normal,0.8078255653381348
ll77qj,normal,0.7902262806892395
lze72i,normal,0.7846478819847107
j9jna0,normal,0.7046619057655334
csdf7n,normal,0.7654280066490173
mvdc2u,normal,0.7841007113456726
lhipb3,normal,0.6931894421577454
loa6hb,normal,0.7778288125991821
mknpy1,normal,0.7407544255256653
mlatjk,normal,0.7697898745536804
mlkno5,normal,0.7825807332992554
mjyopj,normal,0.8145440220832825
mq2k68,normal,0.8069251179695129
maranb,normal,0.7734717726707458
mhf235,normal,0.7687181830406189
l2ulzg,normal,0.8144422173500061
mc9g8k,normal,0.7518237829208374
lbdvt9,normal,0.6961668729782104
m315da,normal,0.791943371295929
lqxajk,normal,0.7372826337814331
iw4v9y,normal,0.716552197933197
dff3jm,normal,0.7145872116088867
8yeznm,normal,0.7610282897949219
8igcls,normal,0.815929114818573
mx424m,normal,0.6039780974388123
mw9grp,normal,0.8039389848709106
mw94zb,normal,0.7898739576339722
mv2u18,normal,0.7459637522697449
mwoolp,normal,0.794238805770874
mw5dtq,normal,0.8042790293693542
mu06wq,normal,0.8100485801696777
mt26n0,normal,0.7582574486732483
mu6fnk,normal,0.7982150316238403
mtr9sg,normal,0.8174548745155334
mtiazl,normal,0.8084770441055298
mqapti,normal,0.8184934854507446
mqe22j,normal,0.7268983721733093
mrzyjw,normal,0.7642976641654968
mrx1p3,normal,0.7990821599960327
mwkjuy,normal,0.8113816976547241
mu9loz,normal,0.7795727849006653
mskfnr,normal,0.7995263338088989
mr4gna,normal,0.7574129104614258
mjj5ch,normal,0.7392668724060059
mi7u2u,normal,0.7794443368911743
mhiv0s,normal,0.528759777545929
mgl81j,normal,0.7637984156608582
m83s1q,normal,0.736869215965271
m95lda,normal,0.7461689710617065
m7fx1w,normal,0.8129590749740601
m6cdcs,normal,0.7829683423042297
m5j4u7,normal,0.6922882199287415
mheg3j,normal,0.7998045086860657
klv21r,normal,0.7830062508583069
lhzrlo,normal,0.7759274840354919
laxfud,normal,0.7979328632354736
iq7ym3,normal,0.7840908169746399
h9pn3l,normal,0.8255111575126648
fwrh79,normal,0.7369657158851624
av488y,normal,0.7992638945579529
d6nhjn,normal,0.5881997346878052
msfh78,normal,0.7359991669654846
mx2z63,normal,0.7474684119224548
mhgrar,normal,0.7543915510177612
lxnkfm,normal,0.7196252942085266
mnowp7,normal,0.7868795394897461
lh1wlt,normal,0.7468346357345581
lqnmr0,normal,0.777531087398529
l22ywi,normal,0.8311151266098022
kzat9j,normal,0.7031005620956421
lbud5b,normal,0.7683031558990479
l3hjqj,normal,0.8072053790092468
kvfwp2,normal,0.7830816507339478
kyb7nd,normal,0.6883354187011719
kfdsxj,normal,0.7542791962623596
cfdi3z,normal,0.7743258476257324
awycfy,normal,0.7968023419380188
istby6,normal,0.7665703892707825
lib5yh,normal,0.7863377332687378
lh71g6,normal,0.8011353015899658
l9wy8z,normal,0.8023542761802673
i7gakk,normal,0.7012837529182434
gsa8qd,normal,0.8273454308509827
bj1k2e,normal,0.7307571172714233
8ei6tq,normal,0.7223441004753113
aqhp1j,normal,0.6662275791168213
bbhpdm,normal,0.7802756428718567
axtrx7,normal,0.7774466872215271
mgsth7,normal,0.7631513476371765
lrjy1c,normal,0.7804992198944092
lmwicc,normal,0.7928223609924316
mxie2o,normal,0.8099419474601746
kvksla,normal,0.7949738502502441
mqw9e0,normal,0.7522756457328796
kzqo92,normal,0.7373790740966797
kvi5yd,normal,0.8104669451713562
mvjfp7,normal,0.8080980181694031
kxjvnu,normal,0.8502213954925537
mwixu1,normal,0.7840089201927185
lqeund,normal,0.7835052013397217
mujuby,normal,0.7582067251205444
m1k0dr,normal,0.7809402942657471
mixteo,normal,0.7778415679931641
mco8u0,normal,0.8297984600067139
mcnd0k,normal,0.7675111889839172
mc90fp,normal,0.7128170132637024
m6h5ms,normal,0.8206924200057983
m5k5g9,normal,0.7301761507987976
mmqza9,normal,0.7823023796081543
m8x7ao,normal,0.7686933279037476
ln0p8w,normal,0.7905189990997314
lhk4ow,normal,0.7922836542129517
kyofrr,normal,0.843008279800415
kv5pgn,normal,0.7712764143943787
kbs6xt,normal,0.8100800514221191
js6tn1,normal,0.7211861610412598
jcgs5c,normal,0.774529218673706
hcqfyh,normal,0.7863908410072327
mfuxgo,normal,0.6899207234382629
kg63sh,normal,0.6758182644844055
kxw7kv,normal,0.5833629369735718
kf90ie,normal,0.8115963339805603
fy3fne,normal,0.7360358238220215
kat5xl,normal,0.7892066240310669
fy40iy,normal,0.7615036964416504
jqke6o,normal,0.7232410311698914
jqqkj2,normal,0.7270110249519348
j4kavw,normal,0.8153801560401917
hl6sov,normal,0.7440630197525024
fkqm15,normal,0.8065465092658997
g6v4n0,normal,0.8160440921783447
bmp3xb,normal,0.7435333728790283
lrmr0a,normal,0.7784247398376465
kltxsb,normal,0.5895107984542847
bgk3a2,normal,0.7529815435409546
lp690a,normal,0.7418647408485413
l2sw9s,normal,0.7775682806968689
ihu7d3,normal,0.6722246408462524
bgfu90,normal,0.794795036315918
gd5imw,normal,0.5559813976287842
c5pjii,normal,0.7582967281341553
c84urv,normal,0.7719327211380005
d9hhvv,normal,0.6349152326583862
bko3g5,normal,0.7735934257507324
bct8ra,normal,0.8032457232475281
c2e71v,normal,0.7686462998390198
b8ycmd,normal,0.8010597229003906
8m8181,normal,0.7346249222755432
behqg6,normal,0.7727065682411194
mkxk2r,normal,0.760686457157135
m8ui8z,normal,0.7871986627578735
jt4je9,normal,0.8092268705368042
biaj7v,normal,0.7403955459594727
k6dc8r,normal,0.8366187810897827
mp6e0b,normal,0.832045316696167
mtsm9a,normal,0.832045316696167
mkc5i8,normal,0.832045316696167
mxqitb,normal,0.7411958575248718
mfh8ej,normal,0.832045316696167
lv0jev,normal,0.7948315143585205
m5c801,normal,0.8440289497375488
maedq6,normal,0.8440289497375488
jlp2el,normal,0.622198224067688
mqyw6l,normal,0.756504476070404
lveoq7,normal,0.7652506828308105
lm1tvf,normal,0.8034108877182007
m5z19x,normal,0.763196587562561
l2s95u,normal,0.7977186441421509
k3g2zk,normal,0.7223258018493652
gpka0i,normal,0.7758514285087585
8mc1w5,normal,0.7563213109970093
degmp2,normal,0.7119311094284058
f6fyph,normal,0.6942306756973267
dbx7to,normal,0.7858045101165771
bj2c8s,normal,0.7878685593605042
j7m6hp,normal,0.7786896228790283
lr38h4,normal,0.6908981204032898
l9app3,normal,0.8111607432365417
jn011a,normal,0.7784057259559631
fjy7z7,normal,0.8065502643585205
htma2y,normal,0.7653487324714661
culsdy,normal,0.7899982333183289
bdwktl,normal,0.6860511302947998
ezslyn,normal,0.80040043592453
kw3319,normal,0.7945292592048645
mt1vc9,normal,0.8393489718437195
ii9g76,normal,0.7626833915710449
e92hte,normal,0.795548141002655
ha1g9k,normal,0.7817144989967346
bgz9py,normal,0.8018324971199036
chbijs,normal,0.4807540774345398
6p1r3j,normal,0.7051418423652649
5cu8q1,normal,0.7515475153923035
4ffin4,normal,0.7157163619995117
m5o22f,normal,0.7699816823005676
7f8oxi,normal,0.6322553157806396
kog7j,normal,0.7456316947937012
5okdwn,normal,0.6159219145774841
1miqlu,normal,0.5761541128158569
3xwzgx,normal,0.727989673614502
mwawf5,normal,0.6688432097434998
mvfpj9,offensive,0.47939562797546387
mxk0wb,normal,0.8080304265022278
mxums1,normal,0.7809401154518127
mxolql,normal,0.758987307548523
mxijqp,normal,0.7111270427703857
mwsy8b,normal,0.7631174921989441
mwibqw,normal,0.7858469486236572
mw4nrj,normal,0.7189069986343384
mx3yer,normal,0.8024867177009583
mwn6yl,normal,0.7829572558403015
mwcwm1,normal,0.606806755065918
mwk1ut,normal,0.7853524088859558
mw0om4,normal,0.7600791454315186
mwpogn,normal,0.7828873991966248
muxu15,normal,0.7722209095954895
mxsz4m,normal,0.7702414989471436
mx2rk4,normal,0.776305615901947
mw6udo,normal,0.8278265595436096
mwixll,normal,0.7945736646652222
msls1q,normal,0.7666494250297546
mwi4mz,normal,0.8059355616569519
mw84e6,normal,0.6735916137695312
mwna5v,normal,0.7753373384475708
mw8l16,normal,0.7692636251449585
mwhifd,normal,0.7938902974128723
mw54a0,normal,0.6713283061981201
mx79z5,normal,0.788743257522583
mx9l8s,normal,0.7958657741546631
mx0pyd,normal,0.8164206147193909
mwts24,normal,0.7662136554718018
mwtw4o,normal,0.7742885947227478
mvv5hu,normal,0.8053602576255798
mxvci2,normal,0.8195500373840332
mxqmi8,normal,0.7704488635063171
mxmgky,normal,0.7779983282089233
mxllum,normal,0.7939534187316895
mvxzyz,normal,0.7748037576675415
mxy5qe,normal,0.8260810375213623
mxgzdf,normal,0.7643582224845886
mv2qml,normal,0.7316709160804749
mulknd,normal,0.7554612159729004
mxvyl3,normal,0.7564489245414734
mxqytd,normal,0.723651111125946
mxpilt,normal,0.7207784652709961
mxv8hc,normal,0.8206166625022888
mxve8b,normal,0.8112972974777222
mxpgee,normal,0.7651233673095703
mu1bsa,normal,0.8108688592910767
mxm6bu,normal,0.7389737963676453
mx62iy,normal,0.8154499530792236
mxoutz,normal,0.6389620304107666
mxk9hw,normal,0.8200139403343201
movb3b,normal,0.7434548735618591
lof4rk,normal,0.7068944573402405
mfhrxk,normal,0.8059611320495605
metik8,normal,0.7559856176376343
m2n7v3,normal,0.776001513004303
ly55e7,normal,0.796969473361969
mtvz37,normal,0.6638798117637634
l8k75k,normal,0.761258602142334
le1m6f,normal,0.7504661083221436
mxw9zs,normal,0.7888405323028564
l0jtlc,normal,0.7414924502372742
m8znji,normal,0.7171959280967712
lngxna,normal,0.7781829833984375
mn402x,normal,0.7720763087272644
m1ezgs,normal,0.7455379962921143
m7xfs7,normal,0.8238295316696167
loykvl,normal,0.6988161206245422
mcd7i9,normal,0.7598483562469482
lj9byw,normal,0.7598689198493958
mkjnkz,normal,0.7136093378067017
kruzb7,normal,0.7067915797233582
lt8csl,normal,0.8185042142868042
max73s,normal,0.8039458394050598
mvsbk8,normal,0.7121925950050354
mi0mha,normal,0.7797176241874695
mjxmmn,normal,0.7464043498039246
mvmylq,normal,0.7561310529708862
k05z0k,normal,0.5647952556610107
mn6v98,normal,0.7626404166221619
idsuts,normal,0.7242626547813416
mxin93,normal,0.7025885581970215
mxjton,normal,0.7813894152641296
mt4ojz,normal,0.7792817950248718
mwddid,normal,0.8182395696640015
mw7m8n,normal,0.7463917136192322
mvmshe,normal,0.7473308444023132
mvv7z7,normal,0.78487628698349
muw38l,normal,0.6828662753105164
mvnk5s,normal,0.7940391302108765
mv5b67,normal,0.8135972619056702
mtnm7x,normal,0.7545279264450073
msthg7,normal,0.8016883730888367
msux98,normal,0.7938143014907837
miudee,normal,0.6482298970222473
mls7pm,normal,0.7236365079879761
lof6mg,normal,0.7332603931427002
kyl36o,offensive,0.38511383533477783
lx6h7b,normal,0.6363628506660461
m9khq2,normal,0.7945796847343445
l9fzn0,normal,0.7055463790893555
m4u4ni,normal,0.7383972406387329
4glbv0,normal,0.7847385406494141
kri1b2,normal,0.7956898808479309
xeku7,normal,0.7696189284324646
i7c3ry,normal,0.7235638499259949
kov3t7,normal,0.6043298840522766
jpcigp,normal,0.7214863300323486
khodu2,normal,0.7331228256225586
mweq0o,normal,0.7095240950584412
mu6luj,normal,0.7443315386772156
mxsujz,normal,0.7090617418289185
mxc5nw,normal,0.7812885046005249
mwrru5,normal,0.8023677468299866
mwbx2s,normal,0.7308079600334167
mw4x2b,normal,0.7983593344688416
mve8yz,normal,0.7152584195137024
msr98q,normal,0.7920165061950684
mu1aup,offensive,0.47481122612953186
mujrs8,normal,0.8197594285011292
llwzrx,normal,0.5614041090011597
kyy52g,normal,0.771641194820404
lvanc4,normal,0.7436162829399109
kkqq5c,normal,0.7686439752578735
kn8e1j,normal,0.6644032001495361
jg8nz6,normal,0.7815608978271484
jbeedo,normal,0.8112038373947144
ic30uh,normal,0.7715315818786621
mmk50p,normal,0.6593274474143982
ii68fj,normal,0.7504974007606506
k0m67b,normal,0.7525587677955627
cop3mq,normal,0.8272272944450378
i21ddb,normal,0.7084159851074219
koa5ky,normal,0.77790766954422
lu2y6s,normal,0.7775799036026001
mw2sfr,normal,0.780669629573822
lel2bq,normal,0.6529466509819031
hi152y,normal,0.5315302014350891
jkc420,normal,0.7074283957481384
f7f67c,normal,0.5609120726585388
j1fxnh,normal,0.81534743309021
hfxqiz,normal,0.5568968653678894
moyxf4,normal,0.8194488883018494
kef182,normal,0.7640921473503113
jj73ro,normal,0.8219035267829895
lkv3gs,normal,0.6095224618911743
fkghle,normal,0.8028380870819092
j83son,normal,0.7209593653678894
ikj15q,normal,0.7778884172439575
ml0juq,normal,0.7172316908836365
m1rn8p,normal,0.8159903287887573
msxbcs,normal,0.7813329696655273
m4w1w9,normal,0.8479833006858826
gcrb3c,normal,0.7974895238876343
ig68ac,normal,0.7592311501502991
m35qua,normal,0.776541531085968
lyfit8,normal,0.7197734117507935
m6ee6r,normal,0.7409123778343201
li4abd,normal,0.7334757447242737
kzkf7q,normal,0.8002170920372009
ksnt94,normal,0.8032330870628357
jqplsr,normal,0.7419124841690063
lvp7mk,normal,0.795561671257019
mefgoc,normal,0.7977865934371948
lo4pv4,normal,0.6198031306266785
hudd0d,normal,0.8004747629165649
g0f8zl,normal,0.7697794437408447
mhjtg2,normal,0.8106629848480225
54030v,normal,0.7347275018692017
ldir1,normal,0.809735119342804
ddo8p,normal,0.7717525959014893
by96a,normal,0.6215901374816895
mwvsua,normal,0.7865044474601746
mwrh5a,normal,0.7612622380256653
mxmanm,normal,0.6922211050987244
mug6ja,normal,0.7945331931114197
mtsh74,normal,0.7775051593780518
mvisqk,normal,0.71302330493927
murw2a,normal,0.8033143281936646
mrwj3k,normal,0.7239314913749695
mrktkw,normal,0.6749497652053833
mssn6e,normal,0.689717710018158
msxa7m,normal,0.6904869675636292
mschfa,normal,0.8048422932624817
mrmmwb,normal,0.7773507833480835
mr6kyv,normal,0.7744725942611694
mqzvgm,normal,0.7256948947906494
mx59hs,normal,0.7335395216941833
mt9gb3,normal,0.7327187657356262
moj5pu,normal,0.7422159314155579
mjcacl,normal,0.8416553735733032
mjh2za,normal,0.6382679343223572
mjk3fe,normal,0.8183102011680603
mcyxs9,normal,0.7935634255409241
m9fu68,normal,0.7743299603462219
m6fz2s,normal,0.7434670329093933
m5q6bv,normal,0.8175405859947205
m4t2mi,normal,0.7721351981163025
m4g7y2,normal,0.7751601338386536
luz3kj,normal,0.7907068133354187
mvt56h,normal,0.7047814130783081
mv430f,normal,0.7218984365463257
muh5qh,normal,0.7846384048461914
mthdma,normal,0.626775860786438
mr12b3,normal,0.6842659711837769
msxn4g,normal,0.7896116971969604
mr6s6l,normal,0.7351154088973999
moak0y,normal,0.8006154298782349
mogw65,normal,0.7727376818656921
mo7zk8,normal,0.7924731373786926
mi4ydi,normal,0.7077937126159668
lv2hu3,normal,0.7895597815513611
ghdkl5,normal,0.7644226551055908
k2jnux,normal,0.8003883957862854
inzmrp,normal,0.714593768119812
lrnfie,normal,0.8157638311386108
lpiatl,normal,0.6900969743728638
l67t27,normal,0.7332795262336731
eal5l5,normal,0.7266145944595337
jjfy40,normal,0.7617780566215515
kawe5z,normal,0.774368166923523
lnezp9,normal,0.7621489763259888
k9tz0r,normal,0.7524574995040894
ko3sb3,normal,0.7398996353149414
kahkrg,normal,0.6306179761886597
jj1bsw,normal,0.7086281180381775
kt41ks,normal,0.7682864665985107
ffeocg,normal,0.7863262891769409
i1tb3b,normal,0.7721284627914429
mjohtq,normal,0.6563119292259216
jut0ej,normal,0.6880120038986206
iirc46,normal,0.7245898842811584
ffaru6,normal,0.7814245820045471
mo6n6d,normal,0.81393963098526
kyp6ru,normal,0.7023369073867798
bruvfv,normal,0.6421694159507751
jelonr,normal,0.7520368099212646
mqv78c,normal,0.8061516284942627
mqmyiw,normal,0.740813672542572
mptkwe,normal,0.8344221115112305
mo781j,normal,0.6128316521644592
mma37a,normal,0.735829770565033
mgf1cl,normal,0.7350975871086121
mf4rip,normal,0.7750639915466309
mehmt8,normal,0.8147961497306824
mm6ynt,normal,0.6322255730628967
mkaaa7,normal,0.755181074142456
msp7uv,normal,0.7368379235267639
mqva74,normal,0.7333354353904724
mmrn8r,normal,0.7402852177619934
mbdtxl,normal,0.6359596848487854
m6amoh,normal,0.5803961157798767
m4gl23,normal,0.8223249316215515
m34ylg,normal,0.5072759389877319
lp8od0,normal,0.7136922478675842
k670xz,normal,0.6557326912879944
31plfk,normal,0.756083071231842
mfglf,normal,0.744299590587616
fpog3,normal,0.6496744751930237
7amh5y,normal,0.7478460073471069
5i3adw,normal,0.7754221558570862
bauzai,normal,0.6784070134162903
nrblf,normal,0.7113574147224426
98bbx4,normal,0.7679534554481506
8x3h60,normal,0.7507299780845642
4c48n1,normal,0.7647610306739807
jv02z,normal,0.8546284437179565
xu59h,normal,0.706095278263092
lpooa9,normal,0.617783784866333
jqeod2,normal,0.7513928413391113
lo3d6c,normal,0.7660120725631714
j0r097,normal,0.5601201057434082
k3llhz,normal,0.7063982486724854
m78mhf,normal,0.8000818490982056
j8fg4u,normal,0.6883901357650757
iz5t4j,normal,0.7984375953674316
jz6k8v,normal,0.8202188014984131
ifs39a,normal,0.7740870118141174
mooq4m,normal,0.5462016463279724
l70x0h,normal,0.7791926860809326
hwoodl,normal,0.7134145498275757
lurcig,normal,0.7018503546714783
k945kk,normal,0.7399040460586548
jhxjf4,normal,0.7496424317359924
lzhwil,normal,0.7977595329284668
kp6zi1,normal,0.6882283687591553
2csld7,normal,0.7920770645141602
gtq564,normal,0.778329610824585
cgdjdh,normal,0.7662510275840759
bpn1g,normal,0.6966742873191833
46en6u,normal,0.8093050122261047
1bmpz2,normal,0.7346699833869934
1bb5gs,normal,0.8083903789520264
esf22j,normal,0.8017969131469727
10wypk,normal,0.744629979133606
41wlgn,normal,0.7549245357513428
gpttn,normal,0.7320297956466675
lu0bfe,normal,0.7557029724121094
m7hqzs,normal,0.7530447244644165
gczyr5,normal,0.6166326999664307
g3sxjj,normal,0.7854453921318054
dcs7hx,normal,0.7992960810661316
mjdcau,normal,0.7492859363555908
7xwpss,normal,0.7368369102478027
gjtf9l,normal,0.8007305860519409
8sxgtq,normal,0.795000433921814
lt22zw,normal,0.7650023698806763
d0tspq,normal,0.795866072177887
lpz5q8,normal,0.717821478843689
glm7w7,normal,0.650397002696991
g95q1y,normal,0.6720069050788879
kf15b2,normal,0.8173776865005493
j6u7cv,normal,0.8310938477516174
fbw68a,normal,0.7884692549705505
j0h4ac,normal,0.7562345862388611
lzb0ef,normal,0.7349510788917542
d5k2br,normal,0.7650150656700134
85b3x2,normal,0.7753833532333374
383jr8,normal,0.8336114287376404
l8qmej,normal,0.7976076602935791
m0f2oz,normal,0.7910934686660767
4w9xlh,normal,0.6646047234535217
7xnhvs,normal,0.6398793458938599
df9ud,normal,0.6900320649147034
j7ho9b,normal,0.7173368334770203
gc2kss,normal,0.6935790777206421
99cga,normal,0.7944647073745728
s3br3,normal,0.7327836155891418
7vea62,normal,0.728227436542511
ds5exu,normal,0.7385880351066589
em5lp2,normal,0.7620189785957336
620wrh,normal,0.7577642202377319
68oces,normal,0.7902101278305054
muzm9p,normal,0.6537413597106934
lx8sv2,normal,0.6723589897155762
lf3s8h,normal,0.7696145176887512
mbovr1,normal,0.7993700504302979
mbu3vo,normal,0.775488555431366
ltao32,normal,0.770125687122345
kxz69b,normal,0.7530413269996643
kpp2o0,normal,0.7390303611755371
mwoqp0,normal,0.8055486083030701
kx97ei,normal,0.7723098993301392
ksid19,normal,0.7334380745887756
mrawoh,normal,0.7185943126678467
m0hcy1,normal,0.7377037405967712
m0ld4m,normal,0.7957730889320374
l28mgf,normal,0.6147747039794922
mxsv0l,normal,0.7497780323028564
mvlahv,normal,0.732837975025177
mxpig6,normal,0.7483941316604614
mqx7qf,normal,0.8053600192070007
mtztv7,normal,0.7692739367485046
mtdlo4,normal,0.8211886286735535
mt2vp4,normal,0.7341680526733398
mqk53p,normal,0.7962712049484253
mmu6u0,normal,0.811252772808075
mqembe,normal,0.7544431686401367
mph61m,normal,0.8127354383468628
mphe31,normal,0.7854046821594238
mpklbo,normal,0.8321084976196289
mp3yql,normal,0.7110275030136108
ml1vpj,normal,0.8231497406959534
mvte4j,normal,0.7572677731513977
mxo5ll,normal,0.6480260491371155
mxuh3t,normal,0.7945326566696167
msunpf,normal,0.6682091951370239
mwn7dz,normal,0.7791617512702942
mt5lhd,normal,0.7536100149154663
mvfzyd,normal,0.7730476260185242
murgmw,normal,0.6945115923881531
mu4qv0,normal,0.7789337635040283
muevyc,normal,0.7284586429595947
msz113,normal,0.7923180460929871
msl7b7,normal,0.7288534641265869
mx8pbm,normal,0.7624754309654236
mw45w6,normal,0.6432004570960999
mwlkor,normal,0.816711962223053
mxo8a4,normal,0.6887426376342773
mxn5kd,normal,0.7228814959526062
mx4h25,normal,0.7604276537895203
mxr6vk,normal,0.6487957239151001
mxog6m,normal,0.7959789037704468
mx35v0,normal,0.6708466410636902
mxg84t,normal,0.7197060585021973
mx1toj,normal,0.7666881680488586
mw3c94,normal,0.7503068447113037
mtur50,normal,0.7486581802368164
m065nm,normal,0.7703534364700317
m0ave2,normal,0.786403238773346
m1w83v,normal,0.7549838423728943
k39pmy,normal,0.7612994909286499
mpnwb0,normal,0.8270832300186157
m6wvbv,normal,0.7361389398574829
m1ct9r,normal,0.6304067373275757
m3x34w,normal,0.7493674755096436
mtc8hn,normal,0.7484642863273621
lvzbuq,normal,0.7401939034461975
mcyv83,normal,0.815183699131012
lt6ldm,normal,0.7521723508834839
mi8nfr,normal,0.7729379534721375
kci92w,normal,0.8085896968841553
lob1di,normal,0.7609006762504578
mkvl2n,normal,0.6042425632476807
mblvp6,normal,0.7803024053573608
j5r0cu,normal,0.599250853061676
l8nr17,normal,0.7852597236633301
m039nn,normal,0.7088758945465088
kj5ptq,normal,0.7915873527526855
masf8o,normal,0.769045889377594
la824w,normal,0.7785504460334778
j7a4w7,normal,0.5996053218841553
l32w7b,normal,0.6802729368209839
ia9j1y,normal,0.604743242263794
i9bjho,normal,0.6908544301986694
jijn2w,normal,0.6937659978866577
mrauiw,normal,0.7030609250068665
i9ykio,normal,0.7335493564605713
mirpdk,normal,0.8082612156867981
ll2z20,normal,0.8012310266494751
mx83o8,normal,0.7856471538543701
lz00if,normal,0.7528929710388184
jipr3s,normal,0.7448717355728149
gu627g,normal,0.617679238319397
kq8s6y,normal,0.8032856583595276
m5zily,normal,0.7713165879249573
kagawo,normal,0.7521461844444275
b5d5n6,normal,0.6936149597167969
9smzub,normal,0.6874734163284302
l63135,normal,0.7368744015693665
97k0cx,normal,0.7698174715042114
knantd,normal,0.5979731678962708
9bz4w9,normal,0.7645540237426758
iq4aw0,normal,0.7846475839614868
lkyxhx,normal,0.7635633945465088
lanjh6,normal,0.6496270895004272
jf0gbi,normal,0.7430948615074158
l9tm3q,normal,0.7676417231559753
8s7ss5,normal,0.7627556920051575
mx3bpn,normal,0.7469243407249451
mvrhli,normal,0.7384400367736816
mteyh3,normal,0.7536026239395142
mwapq0,normal,0.5911601185798645
mqyf1u,normal,0.7790770530700684
mts5uk,normal,0.782028317451477
mt9l9o,normal,0.7330506443977356
mr1vn2,normal,0.6182783246040344
mos33k,normal,0.7489155530929565
mo5ftt,normal,0.8242683410644531
mi8lsu,normal,0.7560509443283081
mlsnrq,normal,0.8028092384338379
mxqfck,normal,0.7557944059371948
mxjijh,normal,0.8031063675880432
mxccmt,normal,0.7970801591873169
mtg549,normal,0.7714471220970154
mwpdoc,normal,0.7836253643035889
mw4xnn,normal,0.7048406004905701
musogk,normal,0.6539425849914551
mudn44,normal,0.7023150324821472
muzlpq,normal,0.7758376002311707
ms7kf5,normal,0.7703787684440613
ms4tvo,normal,0.5522230863571167
m8ss6u,normal,0.7588441371917725
i2xplh,normal,0.6580270528793335
m7nw0z,normal,0.7755664587020874
muviiq,normal,0.7248586416244507
jt84fr,normal,0.783592164516449
ljmr70,normal,0.7065804600715637
mbimmn,normal,0.7632839679718018
luzjoc,normal,0.7621375322341919
mlzf91,normal,0.6875482201576233
mdh4p1,normal,0.7734453082084656
mwyltu,normal,0.6740137338638306
mpqqdh,normal,0.7963817715644836
hpms4k,normal,0.6594163775444031
ml2kqn,normal,0.7202866077423096
mmuxx6,normal,0.7304811477661133
mfahjg,normal,0.7568398118019104
mp8dlv,normal,0.7262923717498779
mdvlk5,normal,0.8168426156044006
lhm8fn,normal,0.4777514636516571
l0yygl,normal,0.6728901267051697
mg1el5,normal,0.623339056968689
kxho49,normal,0.7703275680541992
mc5r5x,normal,0.8034296631813049
lukpk6,normal,0.7044338583946228
mrkdw6,normal,0.7788690328598022
ldndi8,normal,0.7810115814208984
hi6m62,normal,0.7614295482635498
luookl,normal,0.816863477230072
lht3sq,normal,0.7720178961753845
ms505v,normal,0.7871790528297424
lt6msm,normal,0.6117679476737976
kg2uy7,normal,0.8384594321250916
jgfqy0,normal,0.6818090677261353
iyf1dl,normal,0.7578698992729187
jc0a7k,normal,0.7324474453926086
g2nk5r,normal,0.7183972597122192
le85g5,normal,0.6998103260993958
hwjh5l,normal,0.6974313855171204
ke9lx8,normal,0.7779470086097717
i5wbfa,normal,0.7698743343353271
hrtiim,normal,0.6092122197151184
mocqs7,normal,0.7790144085884094
lky8aq,normal,0.7573743462562561
k4xdzq,normal,0.7561512589454651
cucrdj,normal,0.7092699408531189
czl9qg,normal,0.6978245973587036
jsgqd5,normal,0.7530893087387085
5qm8ie,normal,0.6908180117607117
jpgtgh,normal,0.8043864965438843
kq1ocn,normal,0.7433123588562012
g3wqe1,normal,0.769992470741272
esljif,normal,0.8174819946289062
