tweet_id,classification,classification_score
gyb484,normal,0.7262262105941772
mf3eho,normal,0.7247738242149353
jaihx7,normal,0.6206490397453308
ix2mrg,normal,0.6597746014595032
jmmln4,normal,0.7134784460067749
jhw6j1,normal,0.6211629509925842
cl4o5c,normal,0.7649567723274231
cd68h1,normal,0.7651299238204956
dihwm7,normal,0.8083177208900452
4mfwmc,normal,0.768990695476532
6rdr14,normal,0.7045111656188965
1i1knh,normal,0.8142317533493042
ms4pwi,normal,0.7515910863876343
mjbbsa,normal,0.736011266708374
mmohe6,normal,0.8203288912773132
mble4j,normal,0.7508304715156555
msc3qz,normal,0.7630301713943481
mqzyv9,normal,0.7753985524177551
mkntbl,normal,0.7233042120933533
mblcac,normal,0.7347281575202942
m5v0eh,normal,0.791324257850647
msa03e,normal,0.7258639335632324
mrxnmv,normal,0.8506035208702087
mumzug,normal,0.6496744751930237
m9nek9,normal,0.7363839149475098
mgdzv7,normal,0.7335954308509827
mviijx,normal,0.7594634890556335
mkk4oj,normal,0.765295147895813
mhtjfs,normal,0.7494037747383118
ml7isw,normal,0.7966037392616272
m9ymtj,normal,0.6380850672721863
msyr60,normal,0.8198869824409485
mu7p4j,normal,0.7799862623214722
mvf0dy,normal,0.7796682715415955
mk5j6h,normal,0.7895482778549194
meei9d,normal,0.5287489891052246
mbleli,normal,0.7867957353591919
mumbeh,normal,0.8043962717056274
mfqizo,normal,0.730246365070343
liccda,normal,0.8343568444252014
lwxdvb,normal,0.8121564388275146
m1fgym,normal,0.7243123650550842
mdrbmm,normal,0.7500038743019104
mtka40,normal,0.639487624168396
mofz2p,normal,0.8101481795310974
mn37hf,normal,0.7746684551239014
mbuk0j,normal,0.7898189425468445
mrl33w,normal,0.7743786573410034
meuvbd,normal,0.7404097318649292
mjb6i8,normal,0.7357056736946106
mwt6cp,normal,0.7549992203712463
lah5z8,normal,0.7798126935958862
mp5008,normal,0.7295477390289307
mwicz1,normal,0.7690389752388
mo3nfn,normal,0.7687532305717468
mq0atx,normal,0.7224128246307373
m787h0,normal,0.8044402599334717
lacjfk,normal,0.7670657634735107
mwlvrn,normal,0.8030025959014893
laa0hr,normal,0.77042156457901
mr30tg,normal,0.7716559767723083
m92vre,normal,0.7310081720352173
mx5gpe,normal,0.8305789232254028
ly72j0,normal,0.8469438552856445
mwlfpr,normal,0.8384503126144409
kr3iik,normal,0.7411623001098633
mscem9,normal,0.8273320198059082
mtztiz,normal,0.7819125056266785
meeakc,normal,0.6865957379341125
mxf1jc,normal,0.7701781988143921
mwgcu6,normal,0.765813410282135
m7huk3,normal,0.7124057412147522
manfwl,normal,0.7768489718437195
mg7348,normal,0.804364025592804
murx8z,normal,0.7611168026924133
mpc9sx,normal,0.696594774723053
mwb1wg,normal,0.8172923922538757
mczyeg,normal,0.7285577058792114
msdrqx,normal,0.6312022805213928
mgd861,normal,0.7128760814666748
mreb47,normal,0.7887198328971863
msny11,normal,0.694213330745697
mkrzbm,normal,0.6496744751930237
mmdo5k,normal,0.6464198231697083
m2qape,normal,0.7990365028381348
mh2mqv,normal,0.8111516833305359
m18i7r,normal,0.6187708377838135
mlfnmr,normal,0.804199755191803
muj50l,normal,0.815345048904419
mspm1p,normal,0.7575452327728271
mhpsvp,normal,0.8313261866569519
mtb1ll,normal,0.8331990242004395
m9wmp7,normal,0.7582842707633972
lzwule,normal,0.7334162592887878
mrrdf7,normal,0.7718598246574402
morx3v,normal,0.7871915102005005
lza43q,normal,0.6125530004501343
m2bnj3,normal,0.6605483293533325
bj748h,normal,0.6607561707496643
k7qz8d,normal,0.7596735954284668
cg87ci,normal,0.8061824440956116
azacoa,normal,0.7449361085891724
8x6wq3,normal,0.8101783394813538
l8nbmm,normal,0.8207186460494995
bieahv,normal,0.7762537598609924
96rota,normal,0.788983941078186
c2k9il,normal,0.7943680286407471
8ch2to,normal,0.758543074131012
8wgsql,normal,0.7523672580718994
bjc58t,normal,0.8283382654190063
bl2zkv,normal,0.7438406944274902
6yo2qf,normal,0.842430055141449
kthzu6,normal,0.8188382387161255
ayn5c8,normal,0.8136292695999146
7eto41,normal,0.7098602652549744
b3ufhh,normal,0.7328922152519226
iypxdy,normal,0.7873935103416443
76f7lq,normal,0.6670811176300049
bikq1q,normal,0.7544199824333191
blyemf,normal,0.7347066402435303
97l4vw,normal,0.8000238537788391
i1exhp,normal,0.8202090263366699
i35u89,normal,0.7935941815376282
8owai2,normal,0.7173413038253784
hp5rti,normal,0.7423660755157471
3drw5l,normal,0.7973390221595764
bgo9gy,normal,0.7701863050460815
692wvw,normal,0.7174694538116455
bk2xx3,normal,0.7154151797294617
c9o1u3,normal,0.5037968158721924
yjob2,normal,0.7706355452537537
dx5r7m,normal,0.7630372643470764
b5wyhi,normal,0.8174854516983032
bmbciz,normal,0.7857820987701416
cq1o0u,normal,0.8142262697219849
97onus,normal,0.8180035352706909
c657e2,normal,0.8235464096069336
9vpsl5,normal,0.8159908056259155
cq4740,normal,0.7982819676399231
bjsixv,normal,0.7557249069213867
bivcjb,normal,0.7429994344711304
87o36c,normal,0.8109052777290344
393pgv,normal,0.7379245162010193
4b9i37,normal,0.796606719493866
2def12,normal,0.8026747107505798
mv23ko,normal,0.8061363697052002
mo11ao,normal,0.7673637866973877
mp49fv,normal,0.7456294894218445
mxacfy,normal,0.8117717504501343
mownbk,normal,0.7005056142807007
mj7dch,normal,0.7264314889907837
mi0bnq,normal,0.7449892163276672
mlmw67,normal,0.8138875365257263
l0pns9,normal,0.7693548798561096
lw15jb,normal,0.7742254137992859
m7wzd7,normal,0.6916321516036987
ljl13w,normal,0.7476107478141785
muejzi,normal,0.6663358807563782
mu39ws,normal,0.7768588662147522
m9lftm,normal,0.7802041172981262
melkny,normal,0.7069587111473083
mgh40z,normal,0.7723106741905212
msv3hi,normal,0.7668269872665405
lrtvk2,normal,0.8073867559432983
mxe6mn,normal,0.7945292592048645
mq7kei,normal,0.8011049032211304
mvo8tx,normal,0.7095983028411865
kblje2,normal,0.7917442917823792
lguahg,normal,0.794594407081604
mgcb16,normal,0.7080609202384949
ls2ge5,normal,0.7581595182418823
mtlr8x,normal,0.8010189533233643
l40zz6,normal,0.7942104935646057
miql0r,normal,0.8173854351043701
lonl1b,normal,0.8100934028625488
mogcq1,normal,0.6877772212028503
msx4dq,normal,0.737533688545227
mrrx8u,normal,0.7675750255584717
mgphvy,normal,0.8109302520751953
ml4xcz,normal,0.7660631537437439
kz9wma,normal,0.7047592401504517
m0hkg6,normal,0.8051985502243042
mofbdi,normal,0.7880961298942566
ln2bye,normal,0.7934544682502747
mkx0p2,normal,0.7475237846374512
lbbh5w,normal,0.8167334794998169
lsmahn,normal,0.8241686224937439
mcrrj5,normal,0.7390738129615784
lk070y,normal,0.7892512679100037
mq4dsg,normal,0.8157252073287964
mfuczg,normal,0.7361918687820435
mfysqq,normal,0.7498366236686707
mx7tsv,normal,0.7652709484100342
mxfsl1,normal,0.7602272033691406
mv6yaf,normal,0.7499371767044067
mpd14l,normal,0.7993752956390381
ms1cu3,normal,0.7117356061935425
mookug,normal,0.6852892637252808
mrv20z,normal,0.6858627796173096
mo3jxc,normal,0.6834086775779724
mq5y94,normal,0.6704440712928772
mpjwrl,normal,0.7182940244674683
moyjk5,normal,0.5821369290351868
mo3hzg,normal,0.7312675714492798
mo3n6k,normal,0.7678989171981812
ml3g42,normal,0.7582303881645203
mkw9ka,normal,0.7952418327331543
meusn6,normal,0.801923930644989
mfsxp6,normal,0.7178348302841187
mahx1b,normal,0.8052314519882202
mb5zt8,normal,0.7206858992576599
m8zwmr,normal,0.8525211811065674
m5guhw,normal,0.8311508893966675
m5ct7b,normal,0.7804107666015625
m4bsgm,normal,0.7929190397262573
m4mhc8,normal,0.7764747738838196
m4b0xe,normal,0.7964429259300232
m49wsq,normal,0.7825941443443298
lzf58j,normal,0.8011007905006409
m1e15c,normal,0.8087371587753296
m0jnho,normal,0.7705479264259338
lzdbwk,normal,0.742801308631897
lywl0r,normal,0.4845997095108032
lyxnax,normal,0.7937667369842529
lyyi9o,normal,0.8041113615036011
lysxbd,normal,0.7512451410293579
lxchjm,normal,0.777111291885376
lwiqz9,normal,0.7678744196891785
lwg5qh,normal,0.75075364112854
lumd2g,normal,0.7557552456855774
lu2ssg,normal,0.7560021877288818
lszbvb,normal,0.7578264474868774
loktha,normal,0.8014119863510132
lqp3h0,normal,0.689932644367218
lq82zq,normal,0.7413979768753052
lonnc3,normal,0.8004859089851379
lk3tm6,normal,0.797529935836792
lohtk5,normal,0.7930121421813965
lmttl1,normal,0.7836819291114807
lkiaf4,normal,0.7761658430099487
lk2rvk,normal,0.6545909643173218
la7fal,normal,0.7849882245063782
g7gg47,normal,0.7717501521110535
bny1ft,normal,0.7710297107696533
g6hq09,normal,0.717361330986023
8uasoj,normal,0.6076103448867798
bhvkfz,normal,0.7612122893333435
99en4y,normal,0.7456498146057129
2cdibq,normal,0.7054346203804016
mwgisq,normal,0.8431194424629211
lt44e0,normal,0.7387261986732483
mggbzu,normal,0.7460525631904602
molqe0,normal,0.7692384123802185
lplr8u,normal,0.8092477917671204
mkk9b7,normal,0.7612180709838867
mt11jf,normal,0.6966651678085327
mdelt4,normal,0.8082183003425598
mtqzg2,normal,0.7664377689361572
m7p9dd,normal,0.8233206868171692
lo73qm,normal,0.7162865400314331
m98tjd,normal,0.7797461748123169
m9xvdq,normal,0.7346078753471375
mwb3zl,normal,0.7866275906562805
ld4e3k,normal,0.8091801404953003
mo0zdq,normal,0.7785248756408691
mpgvft,normal,0.8241952061653137
mjwpdh,normal,0.7814533710479736
mu18nj,normal,0.768872082233429
lz1sir,normal,0.8183514475822449
mfxfn4,normal,0.8004791140556335
ld4cfk,normal,0.7900713682174683
mou40w,normal,0.6605476140975952
mjuo2j,normal,0.7887008190155029
l2h1ow,normal,0.7906565070152283
lt7y81,normal,0.7899483442306519
mw1oc5,normal,0.794903039932251
liyhrq,offensive,0.4999277591705322
mtxt5i,normal,0.7711048126220703
mhzsiu,normal,0.7304291129112244
lvid34,normal,0.5496953725814819
lwjt9u,normal,0.732718288898468
ltqdxy,normal,0.7208071351051331
mm8rmd,normal,0.7744677662849426
m4f62s,normal,0.8111135959625244
ln70iu,normal,0.7550202012062073
m4qi8l,normal,0.7982632517814636
mx5bv9,normal,0.8009733557701111
mo5mjc,normal,0.7891751527786255
mut8h7,normal,0.8177217245101929
mpw7g7,normal,0.7969895601272583
lputfy,normal,0.6651316285133362
mla2o7,normal,0.703731119632721
lway0g,normal,0.7430958151817322
l8dxi9,normal,0.7692749500274658
l2xwe5,normal,0.7029646039009094
mli6ob,normal,0.7651392221450806
lmekjr,normal,0.7838816046714783
ldd7vc,normal,0.7864512205123901
meeudu,normal,0.7857391834259033
kzhho5,normal,0.5980801582336426
mn8cf2,normal,0.7407383322715759
j2vos3,normal,0.8030028343200684
martg6,normal,0.6580475568771362
mv7h91,normal,0.6466395258903503
mgzgwk,normal,0.8120555877685547
mr3qdr,normal,0.6406059265136719
ltwjs0,normal,0.6978657245635986
mbbvhh,normal,0.5301488041877747
lsz6lr,normal,0.6210595369338989
lj1ca2,normal,0.6890023350715637
l2m4m5,normal,0.807567298412323
hulhbk,normal,0.5940697193145752
hh8e20,normal,0.7645444273948669
em0uum,normal,0.5794340968132019
mf7knn,normal,0.7249912023544312
lfg2n9,normal,0.5195633172988892
mron7b,normal,0.7135793566703796
mwfp4c,normal,0.6985243558883667
mf3c5x,normal,0.6532586812973022
mj72j2,normal,0.5539630055427551
ltsm92,normal,0.666580080986023
lbw88m,normal,0.7545633316040039
l75rlr,normal,0.5562382340431213
mhdg1t,normal,0.6814346313476562
ljbb47,normal,0.5399794578552246
l4o9hr,normal,0.699244499206543
fdn976,normal,0.5572078824043274
lgei00,normal,0.6784825325012207
l8jfry,normal,0.5681582093238831
lokusu,normal,0.7758206725120544
lcwgks,normal,0.6849684119224548
lejwf2,normal,0.7524732947349548
lkvmyh,normal,0.5907462239265442
l00aj1,normal,0.65523362159729
lxp806,normal,0.7117671370506287
m4z7m1,normal,0.6364779472351074
lsnk5n,normal,0.741494357585907
ke1ztl,normal,0.6045057773590088
lzzk55,normal,0.738629162311554
mfj6ez,normal,0.6617757081985474
meadje,normal,0.814189612865448
mu3guj,normal,0.8422985672950745
l92h1h,normal,0.802771806716919
mq21dy,normal,0.7798758149147034
mtn9sv,normal,0.7665257453918457
93ikow,normal,0.7942138910293579
mkl34o,normal,0.7637210488319397
8ftl1q,normal,0.7631197571754456
hjps4e,normal,0.7068021893501282
mmwbnw,normal,0.7341240048408508
a4axot,normal,0.8325157165527344
k6lfms,normal,0.7326771020889282
lp4h15,normal,0.5345815420150757
mfwzeh,normal,0.7579870223999023
m0hq4z,normal,0.6689003705978394
la0on7,normal,0.690009355545044
ltyjeb,normal,0.6889780163764954
ljt1dn,normal,0.7645876407623291
l5nem9,normal,0.8017412424087524
7f14rv,normal,0.7922495007514954
lmj0lx,normal,0.7723184823989868
lfp4vy,normal,0.8109280467033386
8ijpo8,normal,0.7823228240013123
kxf775,normal,0.768463671207428
bkexhh,normal,0.8047667741775513
l32gew,normal,0.7971431612968445
jeylp1,normal,0.7358681559562683
hq6em3,normal,0.8198453783988953
hr3eqj,normal,0.759445309638977
hd0kit,normal,0.7404228448867798
hwmwzt,normal,0.644451916217804
haifaw,normal,0.7027641534805298
bmsr3q,normal,0.7833269834518433
bxuumu,normal,0.780421257019043
e8kzq8,normal,0.7785192131996155
g4z49q,normal,0.736136257648468
fxymag,normal,0.7580181360244751
gtpf5t,normal,0.7550744414329529
bkpjqx,normal,0.7634791135787964
cc1wdo,normal,0.7607545256614685
fc522n,normal,0.7679504752159119
dgxnss,normal,0.7805275917053223
d3k45u,normal,0.7272973656654358
elzj9t,normal,0.8160218000411987
8vsk1u,normal,0.7519615292549133
9i821t,normal,0.799224317073822
df954e,normal,0.7838234305381775
9hzgiq,normal,0.8013242483139038
993njw,normal,0.7646506428718567
mvs1d5,normal,0.7922853231430054
mwkjuy,normal,0.8113816976547241
mtmqtd,normal,0.6869019865989685
mujuby,normal,0.7582067251205444
mu9loz,normal,0.7795727849006653
mu7wjx,normal,0.7970064878463745
mu6fnk,normal,0.7982150316238403
mrokq1,normal,0.7980691194534302
mtr9sg,normal,0.8174548745155334
mtsm9a,normal,0.832045316696167
mt1vc9,normal,0.8393489718437195
mrzyjw,normal,0.7642976641654968
mr4gna,normal,0.7574129104614258
mp6e0b,normal,0.832045316696167
mob66i,normal,0.8163053393363953
mkc5i8,normal,0.832045316696167
mixteo,normal,0.7778415679931641
mgsth7,normal,0.7631513476371765
mi7u2u,normal,0.7794443368911743
mgl81j,normal,0.7637984156608582
mfh8ej,normal,0.832045316696167
mej3ad,normal,0.791218638420105
mdtlwj,normal,0.7815471887588501
m9fpgb,normal,0.7182272672653198
maedq6,normal,0.8440289497375488
m6q7ac,normal,0.6990845203399658
m6n7gh,normal,0.721407413482666
m7s8rw,normal,0.6233657598495483
m503bl,normal,0.8223575949668884
m5c801,normal,0.8440289497375488
m2e2g4,normal,0.7650704979896545
m3ly6l,normal,0.7782261967658997
m2v2mp,normal,0.7711557745933533
m3a81f,normal,0.8199142813682556
m2sz6s,normal,0.7921335697174072
m2i8pr,normal,0.8463820815086365
m1k0dr,normal,0.7809402942657471
m1puyt,normal,0.8463820815086365
m0z90i,normal,0.8465806841850281
m08afx,normal,0.8493867516517639
lvfocj,normal,0.7489855885505676
lxnkfm,normal,0.7196252942085266
lwbs83,normal,0.7354292869567871
ltook6,normal,0.7188834547996521
ltefsk,normal,0.7824239134788513
lv0jev,normal,0.7948315143585205
lru4nl,normal,0.7445823550224304
lqvu6q,normal,0.7850688695907593
lsujul,normal,0.7722587585449219
lq477y,normal,0.7863516211509705
muttnb,normal,0.7782835960388184
ms86hz,normal,0.7608501315116882
mpknzp,normal,0.6776509881019592
mpa821,normal,0.7582777142524719
moxrhz,normal,0.7783226370811462
mmdmsw,normal,0.7847163677215576
mldur6,normal,0.8323506116867065
mjj5ch,normal,0.7392668724060059
ma27o9,normal,0.7953376173973083
m7875v,normal,0.8044402599334717
m6oeq4,normal,0.800896942615509
m7u88o,normal,0.7587782740592957
m5m3ph,normal,0.8009761571884155
m5k5g9,normal,0.7301761507987976
m5lgw1,normal,0.7700235247612
m6h5ms,normal,0.8206924200057983
m2zxhl,normal,0.6885689496994019
m32a7t,normal,0.7947670221328735
m3zeru,normal,0.8131853938102722
lw2mta,normal,0.7931786775588989
luqrqf,normal,0.7702612280845642
lrldn1,normal,0.7913131713867188
lr1kkr,normal,0.84299635887146
lqeund,normal,0.7835052013397217
losyqg,normal,0.8055028915405273
lo9ngh,normal,0.7634701728820801
lnlk1f,normal,0.8152269721031189
mfta7m,normal,0.7980345487594604
lrjnni,normal,0.8680523037910461
gf99jh,normal,0.7234152555465698
gg44k0,normal,0.7478523850440979
jt4je9,normal,0.8092268705368042
hfa95u,normal,0.7997033596038818
hq5ewq,normal,0.8033487796783447
c5pjii,normal,0.7582967281341553
dh9zam,normal,0.8230607509613037
aw3ien,normal,0.7667288184165955
9kooym,normal,0.6823465824127197
8qd5mo,normal,0.7905063033103943
4nn06g,normal,0.7831082940101624
dm4v9c,normal,0.7731801271438599
d9bezz,normal,0.779667317867279
jr21qt,normal,0.834720253944397
kdihpr,normal,0.7950360774993896
hmfiyl,normal,0.7447051405906677
ix638q,normal,0.4586794972419739
kfdsxj,normal,0.7542791962623596
k9j8gm,normal,0.7945041656494141
g0zhsz,normal,0.7853777408599854
elf67f,normal,0.7852652072906494
ftu8vu,normal,0.7818874716758728
dwznnm,normal,0.6778013110160828
dbx7to,normal,0.7858045101165771
biu6y4,normal,0.7910298705101013
jojbrw,normal,0.8184614777565002
kx9uzu,normal,0.8034385442733765
fwrh79,normal,0.7369657158851624
fkqm15,normal,0.8065465092658997
m3nfho,normal,0.78130704164505
lib5yh,normal,0.7863377332687378
lk4lvr,normal,0.7824531197547913
exebxl,normal,0.8321331143379211
kv5z04,normal,0.7164260149002075
bhnr4q,normal,0.7756876945495605
a3cycf,normal,0.7370874881744385
b8pzjk,normal,0.8191531896591187
8bip2p,normal,0.8053030371665955
4f39qe,normal,0.7339240908622742
mkxk2r,normal,0.760686457157135
le1hii,normal,0.7450581192970276
ldgg0y,normal,0.7117414474487305
llg0t9,normal,0.7334523797035217
l4s08c,normal,0.7787688374519348
k695wd,normal,0.7999652028083801
ma80oy,normal,0.7687734961509705
m011am,normal,0.7874999642372131
lyd52f,normal,0.7468163967132568
m3t6es,normal,0.7025826573371887
lxmpqj,normal,0.7971115708351135
lhl311,normal,0.6664150357246399
lkh07d,normal,0.7973280549049377
i28vqm,normal,0.7537468075752258
kze4oo,normal,0.7582468390464783
lj2ts0,normal,0.8178493976593018
kwosal,normal,0.7902795076370239
kxw7kv,normal,0.5833629369735718
i2b7c9,normal,0.7498574256896973
klau5s,normal,0.7405209541320801
jj3pr7,normal,0.8259472250938416
l22ywi,normal,0.8311151266098022
kznzg1,normal,0.6853539943695068
f31w7e,normal,0.7860127687454224
k3wwt9,normal,0.8231347799301147
djfy6f,normal,0.8414670825004578
cqxdbf,normal,0.764205813407898
lrc45i,normal,0.8108447194099426
kbs6xt,normal,0.8100800514221191
cnsnfi,normal,0.7670970559120178
bb0nz9,normal,0.6433301568031311
ivai17,normal,0.7705233693122864
jljs3i,normal,0.7998228669166565
j64shk,normal,0.7330970168113708
ipsbcw,normal,0.7911891937255859
dbjk7s,normal,0.6101700067520142
iddsxa,normal,0.7179760336875916
b488m8,normal,0.731867790222168
crxdxa,normal,0.8144210577011108
fhgd00,normal,0.6270086169242859
i7eazk,normal,0.7663475871086121
hytf5i,normal,0.8231347799301147
hq9mjc,normal,0.69292813539505
culxv9,normal,0.7637490630149841
ix456z,normal,0.8226618766784668
ibfaou,normal,0.8231347799301147
ln0p8w,normal,0.7905189990997314
lbud5b,normal,0.7683031558990479
kysurb,normal,0.722316563129425
kyb7nd,normal,0.6883354187011719
jzs5ik,normal,0.8056694269180298
jbo3q1,normal,0.8162729740142822
htma2y,normal,0.7653487324714661
hl6sov,normal,0.7440630197525024
gd5imw,normal,0.5559813976287842
g1cdct,normal,0.7850170135498047
g0wjsx,normal,0.7210136651992798
edl8tn,normal,0.761326014995575
daj0o1,normal,0.7704021334648132
d9uqps,normal,0.8030077219009399
d0r0rp,normal,0.8121460676193237
cfdi3z,normal,0.7743258476257324
ceomo9,normal,0.7649356126785278
bksdr7,normal,0.7510442733764648
bko3g5,normal,0.7735934257507324
b8ycmd,normal,0.8010597229003906
b27ux4,normal,0.7511997818946838
azgp8h,normal,0.8302487134933472
aoasgl,normal,0.7811322212219238
alttqf,normal,0.7982207536697388
8rs67n,normal,0.7786917686462402
4gqlh2,normal,0.7661619186401367
kt43jb,normal,0.8292872309684753
jrleu4,normal,0.8106935620307922
ir5x1v,normal,0.7591536641120911
lr38h4,normal,0.6908981204032898
hj6zf0,normal,0.773004949092865
j8d4bk,normal,0.7997021675109863
l8yczc,normal,0.7478818893432617
euthgv,normal,0.7954038381576538
bjhcjy,normal,0.804119348526001
hrduj1,normal,0.7955811023712158
hyvt6e,normal,0.8000993132591248
gmi85d,normal,0.6939483880996704
ihu7d3,normal,0.6722246408462524
axtrx7,normal,0.7774466872215271
av488y,normal,0.7992638945579529
aaglsc,hate speech,0.3855035603046417
6j3gk2,normal,0.7071956992149353
bdepk9,normal,0.8003764748573303
axjzfs,normal,0.7242764234542847
7vu8nc,normal,0.7009903788566589
lrjnfx,normal,0.8144505023956299
mv2u18,normal,0.7459637522697449
d9xk3k,normal,0.7902799844741821
bdwktl,normal,0.6860511302947998
azyayv,normal,0.8036827445030212
lh396y,normal,0.7760964035987854
laxhfi,normal,0.7799302935600281
l4ov4s,normal,0.7915513515472412
l49m5x,normal,0.788851261138916
kash9l,normal,0.83772873878479
iw5zni,normal,0.7810497879981995
fh3n8z,normal,0.747678279876709
ea45d0,normal,0.8166055083274841
e7j7s5,normal,0.8356587290763855
awycfy,normal,0.7968023419380188
8eeql9,offensive,0.49229684472084045
8n7yl4,normal,0.7827278971672058
lpfl9v,normal,0.7948315143585205
lk66ht,normal,0.7948315143585205
lf4ifj,normal,0.7948315143585205
l4gg33,normal,0.7948315143585205
kznmg1,normal,0.7948315143585205
kv35x6,normal,0.8018417358398438
kcyrqb,normal,0.8231347799301147
krnrvt,normal,0.8018417358398438
klrn0j,normal,0.8231347799301147
khikvf,normal,0.8231347799301147
k8hpo0,normal,0.8231347799301147
jzipg7,normal,0.8231347799301147
jv7rqw,normal,0.8231347799301147
je2sb3,normal,0.8231347799301147
jqyoyd,normal,0.8231347799301147
jmoicc,normal,0.8231347799301147
jifocf,normal,0.8231347799301147
lje8lt,normal,0.7443954348564148
lq7zq9,normal,0.7940064668655396
l2s95u,normal,0.7977186441421509
iwwadq,normal,0.7644271850585938
i5ppvz,normal,0.6557326912879944
hx97fe,normal,0.7663848996162415
hp3s2m,normal,0.8117468953132629
bn62me,normal,0.7901034951210022
e8fwak,normal,0.7374562621116638
btbc7k,normal,0.7789046764373779
jgwl9o,normal,0.8167791962623596
mqapti,normal,0.8184934854507446
kb45tk,normal,0.7343714833259583
jcqu76,normal,0.8118167519569397
j4gida,normal,0.7856677174568176
lssrdc,normal,0.8029830455780029
frkzik,normal,0.7169420123100281
m9dkep,normal,0.7859094142913818
m8xw67,normal,0.7955166101455688
fqbo6a,normal,0.8155474662780762
fg2rum,normal,0.7056484222412109
ktupq1,normal,0.7192074060440063
kfbqfy,normal,0.7518526911735535
ixrsz5,normal,0.7197102308273315
f4wo8k,normal,0.6702550053596497
b23b9n,normal,0.8117496371269226
k85740,normal,0.812667191028595
i8r90g,normal,0.7844361662864685
j9s0km,normal,0.8231347799301147
j5kipy,normal,0.8231347799301147
haccvz,normal,0.7931573390960693
89fuo1,normal,0.6426148414611816
io8jfi,normal,0.8231347799301147
ijz4y2,normal,0.8231347799301147
8e6923,normal,0.7488555312156677
i31160,normal,0.7569208741188049
d6gmuz,normal,0.7384276390075684
bht2aq,normal,0.8326199650764465
ash4em,normal,0.7780970335006714
mm81mr,normal,0.7056950926780701
liyvyi,normal,0.6672887206077576
ld967e,normal,0.7761710286140442
lvtzep,normal,0.7937981486320496
kd5jr8,normal,0.7657191753387451
gna3pu,normal,0.7582355737686157
g8ipll,normal,0.7747425436973572
hwo1tr,normal,0.8180229067802429
i8dald,normal,0.78389573097229
blvrs5,normal,0.7990897297859192
asl8ig,normal,0.8019550442695618
ab9lb8,normal,0.7801428437232971
blc80r,normal,0.778561532497406
mnbggz,normal,0.7562981843948364
mpi9p3,normal,0.7886942625045776
mi2i5k,normal,0.7961735129356384
lcgakt,normal,0.6626893877983093
mjs6v9,normal,0.7624236345291138
loa4o6,normal,0.7525414228439331
mti29v,normal,0.799106240272522
m0lr8f,normal,0.5712149739265442
kt4c22,normal,0.7270053029060364
mwepef,normal,0.7487468719482422
mkvn4m,normal,0.7036305665969849
m00tk3,normal,0.7865622043609619
luwmg7,normal,0.8546090126037598
mphopz,normal,0.7919999957084656
mwsy8b,normal,0.7631174921989441
mgee5k,normal,0.6698710918426514
kmztvc,normal,0.7370288968086243
mwfxsd,normal,0.7954025864601135
m44sxp,normal,0.7085736393928528
m2v1lk,normal,0.7849140167236328
ms5lpc,normal,0.781512975692749
mhgdyd,normal,0.7021227478981018
mapuxy,normal,0.8132736086845398
lz7cch,normal,0.7875674962997437
ly9064,normal,0.8160605430603027
lqv32g,normal,0.7688747644424438
ldqu0v,normal,0.708410382270813
mfgbjo,normal,0.6999635100364685
msls1q,normal,0.7666494250297546
lrpo1l,normal,0.7391260862350464
lq550t,normal,0.7954995036125183
m87yln,normal,0.7426992058753967
mvpez8,normal,0.7250881791114807
mji2uq,normal,0.774335503578186
m4ecnr,normal,0.7310487627983093
mj775l,normal,0.6947438716888428
mhc665,normal,0.6460782289505005
ixic04,normal,0.7631222605705261
kzjgr7,normal,0.7704897522926331
lb7rtj,normal,0.7825915217399597
lpwsc9,normal,0.7482736110687256
l5enrl,normal,0.7883355617523193
m5o22f,normal,0.7699816823005676
mo8z4l,normal,0.7404923439025879
lltjgj,normal,0.7427346706390381
mtdvbf,normal,0.8500048518180847
lciqbb,normal,0.7543192505836487
mpjwt8,normal,0.8097900748252869
mqft7b,normal,0.7977054715156555
m78mqn,normal,0.8042756915092468
jr2zub,normal,0.7930612564086914
f32ahi,normal,0.65944504737854
kuiv1x,normal,0.659232497215271
7juu83,normal,0.7601761817932129
jf7sfs,normal,0.7824205160140991
jr7c33,normal,0.6446322202682495
4jregb,normal,0.4566214978694916
5p82px,normal,0.676995575428009
b28bte,normal,0.6251911520957947
24fr9t,normal,0.509257972240448
56ur6l,normal,0.8099503517150879
6a7211,normal,0.7282782196998596
75qjpl,normal,0.7282782196998596
3mzbmz,normal,0.6661959290504456
adwqbr,normal,0.7303673624992371
i6alh6,normal,0.6054080724716187
bn10xv,normal,0.7525433301925659
1qtm52,normal,0.6162436604499817
9v19ax,normal,0.7609072327613831
c35gp,normal,0.7194086909294128
g198ef,normal,0.6408778429031372
d7mogb,normal,0.6765896677970886
b9out9,normal,0.6976519227027893
7o8h1y,normal,0.7160836458206177
b4zijx,normal,0.7268537282943726
bl0hom,normal,0.6161219477653503
atmz03,normal,0.7450878620147705
4k2a90,normal,0.7671847939491272
3yp4vg,normal,0.6055072546005249
993jho,normal,0.5964956879615784
4lb7pb,normal,0.7870000004768372
2npk6q,normal,0.7973593473434448
17e6vk,normal,0.7870739698410034
3it3ix,normal,0.6410004496574402
3y6z3n,normal,0.7274065613746643
44f0n2,normal,0.6910716891288757
mdpbzy,normal,0.7052062153816223
lxsgoj,normal,0.8119111657142639
ka6neo,normal,0.8335418105125427
kwzlfk,normal,0.7999840974807739
inmxoz,normal,0.7772303819656372
lbc49w,normal,0.7937516570091248
mbdcpy,normal,0.7979314923286438
j22j6z,normal,0.8095237612724304
lkdiqx,normal,0.7728002071380615
jgs0dn,normal,0.7704287767410278
m471cz,normal,0.7305014729499817
lknk7n,normal,0.8060671091079712
fxa59w,normal,0.7598896026611328
mx2rk4,normal,0.776305615901947
mwn6yl,normal,0.7829572558403015
mvkcm4,normal,0.8068050146102905
mvssos,normal,0.7750133872032166
mw4jz9,normal,0.7856866717338562
mvsa2q,normal,0.7273769974708557
mujmfa,normal,0.7824971079826355
mucjqm,normal,0.7908467054367065
mueksw,normal,0.6931108832359314
mu0ysw,normal,0.7600303292274475
msvbz5,normal,0.8575946092605591
msvbx8,normal,0.8617717027664185
msvbhb,normal,0.8634477853775024
mt03bg,normal,0.7871461510658264
ms45g6,normal,0.7623113989830017
mr2tu5,normal,0.8536415696144104
mr2svk,normal,0.8548409938812256
mr2sm3,normal,0.8554649949073792
mpi9ef,normal,0.7194541692733765
mowia3,normal,0.7530351877212524
mo6581,normal,0.7335101962089539
mnxk77,normal,0.6541059613227844
mnctch,normal,0.7582525610923767
mn54gb,normal,0.753058135509491
mmwxec,normal,0.6567700505256653
mir60w,normal,0.7979761362075806
mmm5tu,normal,0.8262996077537537
mlyl31,normal,0.7873272895812988
mhqk3p,normal,0.6991425156593323
ml43r2,normal,0.5981371998786926
ml2no3,normal,0.7882946729660034
mkgwkv,normal,0.6842679977416992
mjxum5,normal,0.7278069853782654
mk5aq6,normal,0.5842877626419067
mjiaix,offensive,0.446290522813797
mjif66,normal,0.8261992931365967
mjk3ge,normal,0.8111752271652222
mirqh4,normal,0.7691553831100464
mimm6q,normal,0.7822117805480957
miyed2,normal,0.7634236216545105
mi6v4c,normal,0.7137779593467712
mi79fz,normal,0.7980728149414062
mhjzyw,normal,0.7952555418014526
mhjsyj,normal,0.8344434499740601
meyu6j,normal,0.7031698822975159
mgaqhm,normal,0.6502491235733032
meuzvn,normal,0.8165040016174316
mf06bz,normal,0.7660315036773682
mxin93,normal,0.7689353823661804
mv77lb,normal,0.7171242833137512
mvrjvf,normal,0.7921214699745178
mrsvmk,normal,0.5821768641471863
ms2wsp,normal,0.8212106227874756
mram3h,normal,0.7721093893051147
mohhwj,normal,0.809004008769989
mm4bmp,normal,0.8309690952301025
mj1rjj,normal,0.49517378211021423
mgxr0r,normal,0.7918857336044312
mgmnrx,normal,0.7710052728652954
mehv42,normal,0.8119741082191467
md4o8w,normal,0.7870948910713196
mcwkfh,normal,0.723720133304596
m9vcvt,normal,0.7288047671318054
m7d2bn,normal,0.6951621770858765
m5vwrz,normal,0.7425387501716614
m32fov,normal,0.8366907238960266
m03tqx,normal,0.6846002340316772
lzk2u3,normal,0.7803871035575867
lz8xlf,normal,0.8068791627883911
lyxkha,normal,0.6871405243873596
lxcd7b,normal,0.7814369797706604
lu612s,normal,0.7840650081634521
log8gt,normal,0.6798720359802246
lopcqy,normal,0.8168459534645081
lja1d8,normal,0.8149672746658325
lj2atd,normal,0.7320047616958618
li4abd,normal,0.7334757447242737
le5ru7,normal,0.7484204173088074
lea3ej,normal,0.8024608492851257
lcsedn,normal,0.8044821619987488
l7mrxf,normal,0.729315996170044
l5rhhm,normal,0.7247771620750427
l4mop1,normal,0.7959022521972656
l0wa3r,normal,0.7385928630828857
kyw6m7,normal,0.8096257448196411
ksgovf,normal,0.559395968914032
krxhhv,normal,0.7857250571250916
kqa0s2,normal,0.7578296661376953
kne9ks,normal,0.8050602674484253
kjk95b,normal,0.67577064037323
kehoaa,normal,0.7538230419158936
m9a5bg,normal,0.7851907014846802
mc29v8,normal,0.8252748847007751
mcg7bo,normal,0.835807204246521
ilkfyh,normal,0.7721083164215088
grrao1,normal,0.8280422687530518
mpluim,normal,0.8302710652351379
ena50q,normal,0.8038683533668518
litb89,normal,0.818221926689148
mpk86q,normal,0.8048607110977173
m6gw72,normal,0.8231626152992249
mrapca,normal,0.7368889451026917
fcg7hf,normal,0.7998316884040833
h7qrpv,normal,0.8029149174690247
jw1ztc,normal,0.6918854117393494
e2bran,normal,0.7939284443855286
mgu4d3,normal,0.7621843814849854
lwtzwd,normal,0.7919470071792603
g8r1i5,normal,0.7832736372947693
elx6dz,normal,0.6696144938468933
ml0pve,normal,0.7083649635314941
m5d7y1,normal,0.8086458444595337
l9es9b,normal,0.736651599407196
a3wpsr,normal,0.7415503859519958
g0px78,normal,0.7949858903884888
i2fbi0,normal,0.7996469736099243
b8ownq,normal,0.8382999897003174
kbcwe5,normal,0.7288416624069214
fj1lme,normal,0.7339885234832764
juy7z4,normal,0.7776870727539062
hy7jte,normal,0.7990493774414062
dm9xzf,normal,0.8225587606430054
luzhcm,normal,0.7267495393753052
ipmgs1,normal,0.8152029514312744
mi99hr,normal,0.7597411870956421
j2a2qh,normal,0.764701783657074
jtdspd,normal,0.7570855617523193
mh5buw,normal,0.7393120527267456
mpvvib,normal,0.7822955250740051
ln78x7,normal,0.565017580986023
l5hqrk,normal,0.7353857755661011
lnr0r0,normal,0.5693816542625427
mbmkz9,normal,0.6422544717788696
m9q925,normal,0.7459878325462341
khjz11,normal,0.697306752204895
mbnk8w,normal,0.6977030038833618
m8w0uz,normal,0.6090921759605408
kyeutl,hate speech,0.668387234210968
bnkdct,normal,0.6727617979049683
ld9yu5,normal,0.7113549709320068
2yg6p8,normal,0.6235756278038025
jotk4j,normal,0.6540912985801697
e3bnoz,normal,0.5992670655250549
7p5e34,normal,0.7489181756973267
jzup28,normal,0.7043094635009766
oakbm,normal,0.5848375558853149
faud8g,normal,0.7493603825569153
gynww2,normal,0.7560411691665649
1kak77,normal,0.5260544419288635
itwmhl,normal,0.7612655162811279
9imfrd,normal,0.7520488500595093
dmicfu,normal,0.46238434314727783
239euc,normal,0.5374324917793274
hepcdc,normal,0.7824859619140625
9aqq1f,normal,0.7405884861946106
f1j9tg,normal,0.7737430930137634
iyrino,normal,0.6794466376304626
gp9eb7,normal,0.5326771140098572
1f9zxe,offensive,0.5083613395690918
bwylk,normal,0.5055547952651978
8i08i9,normal,0.7180566787719727
hgidch,normal,0.6791455149650574
g3rk96,normal,0.5667225122451782
69fi5v,normal,0.7699793577194214
35ptb6,offensive,0.5755340456962585
hpnqw3,normal,0.5734139680862427
5oukyi,normal,0.4948507845401764
i8wh9g,normal,0.548916757106781
2i7h9o,normal,0.7482355237007141
dwl90o,normal,0.7843440771102905
huv1d,normal,0.4967344105243683
8rzvu4,normal,0.7647801041603088
447jdv,normal,0.6991419792175293
gbqend,normal,0.6804144978523254
4qelp4,normal,0.5830122232437134
ff7zvy,normal,0.6008665561676025
mi1k02,normal,0.7785148024559021
l8xgqz,normal,0.6015570759773254
maaytr,normal,0.7986533045768738
m2i4fu,normal,0.7907570600509644
mory9v,normal,0.7705097198486328
khnd6h,normal,0.7905364036560059
hzkild,normal,0.7963253259658813
lkv3gs,normal,0.6095224618911743
joo9gq,normal,0.7459862232208252
le5lxk,normal,0.7757468819618225
mugb5i,normal,0.6645387411117554
jmi1oq,normal,0.7356266975402832
m9g7n6,normal,0.7942882776260376
mapujh,normal,0.6940951347351074
mx3539,normal,0.8140831589698792
mffy6t,normal,0.8054192662239075
md49tt,normal,0.6699768900871277
mehs6u,normal,0.6837650537490845
khoqze,normal,0.7940852642059326
ktzhij,normal,0.8074941635131836
mfe5uu,normal,0.7157055139541626
l0zk4t,normal,0.7769113183021545
mg72qq,normal,0.7676982283592224
m0qfyc,normal,0.7954884171485901
jfm3ec,normal,0.7098372578620911
m97o5p,normal,0.7236365079879761
jufmps,normal,0.6579030752182007
mhjtg2,normal,0.8106629848480225
h9ac88,normal,0.8186368942260742
if2r9m,normal,0.7493969798088074
kxda1m,normal,0.7646722793579102
mlv0eo,normal,0.8040677309036255
mpud5r,normal,0.8074787259101868
m90if8,normal,0.7237227559089661
mhyn8g,normal,0.7008913159370422
mc7ocm,normal,0.7314072847366333
clxdus,normal,0.7744522094726562
lzvnfp,normal,0.8102527856826782
j2w7by,normal,0.7472473382949829
koak1y,normal,0.7227779626846313
ibtl0c,normal,0.805820882320404
ltlxwt,normal,0.7948505282402039
m9pdvf,normal,0.5190154314041138
d980ie,normal,0.7769244313240051
ldekef,normal,0.8212844729423523
mkctd0,normal,0.7002384066581726
hz2pep,normal,0.8313392400741577
gtbre9,normal,0.7847275733947754
lpg0oe,normal,0.837031364440918
llsf51,normal,0.7839747071266174
mqmyiw,normal,0.740813672542572
mvtazw,normal,0.7041345238685608
leygeu,normal,0.5266958475112915
kiifud,normal,0.7716344594955444
lgbc70,normal,0.7865854501724243
k85n4o,normal,0.7311918139457703
lglt0f,normal,0.7438713312149048
llcwou,offensive,0.40695035457611084
leqryv,normal,0.8023421764373779
lf1j1b,normal,0.6596508622169495
lwxx6j,normal,0.8054593205451965
iil209,normal,0.7643172144889832
i5ozhj,normal,0.7617366909980774
lwjy7k,normal,0.7488526105880737
mrktkw,normal,0.6749497652053833
mooq4m,normal,0.5462016463279724
ltyi7k,normal,0.813909649848938
lru41y,normal,0.798689067363739
imc561,normal,0.7689682245254517
ghdkl5,normal,0.7644226551055908
lzgbuo,normal,0.7453945279121399
gud2gu,normal,0.7303850650787354
l68a3h,normal,0.7334389686584473
fuauh2,normal,0.7248630523681641
k2kl32,normal,0.7712434530258179
mjh2za,normal,0.6382679343223572
iabtcq,normal,0.7482325434684753
jiq4yb,normal,0.7744455933570862
i4fd4x,normal,0.6627926826477051
kyp6ru,normal,0.7023369073867798
feeucz,normal,0.6399030089378357
jd72xl,normal,0.7693060040473938
ksglqw,normal,0.7725061178207397
k7czta,normal,0.5387617945671082
kw5ihf,normal,0.7697598934173584
k7fz19,normal,0.7594650983810425
ir7tlv,normal,0.7764973044395447
ineai6,normal,0.6646672487258911
ijnpl2,normal,0.7450685501098633
mce5h2,normal,0.6614886522293091
jz60xv,normal,0.7524088025093079
jcvsrc,normal,0.7424287796020508
meibzg,normal,0.7145082354545593
i19w8i,normal,0.7742745876312256
jq24oa,normal,0.7678290009498596
m9fu68,normal,0.7743299603462219
ea9mbz,normal,0.7855285406112671
l6l7nx,normal,0.7778465747833252
fdoyzd,normal,0.7105650305747986
mtspy8,offensive,0.48640745878219604
jut0ej,normal,0.6880120038986206
mrob1t,normal,0.728453516960144
l2d6cj,normal,0.7401614785194397
kbj1k2,normal,0.7305747866630554
kr4aff,normal,0.7501260042190552
jhxbqk,normal,0.7745058536529541
mo6n6d,normal,0.81393963098526
jcazfe,normal,0.7703714966773987
fymre6,normal,0.8093807697296143
ltruhm,normal,0.788608193397522
kbvhuq,normal,0.7803059220314026
lo9bc3,normal,0.7452271580696106
jhhrw4,normal,0.777516782283783
krheal,normal,0.7654749751091003
gtprd1,normal,0.7661682963371277
knu657,normal,0.3868044316768646
itfqfs,normal,0.7469004392623901
hr19hi,normal,0.7725973129272461
kgh1jf,normal,0.734978437423706
es33p8,normal,0.49432167410850525
ebe1vf,normal,0.7540571093559265
er4bkg,normal,0.7533363103866577
k2wcu1,normal,0.7988895773887634
jh6gfr,normal,0.8215328454971313
kkppy6,normal,0.6983537673950195
g3ihpq,normal,0.6633305549621582
jfsteh,normal,0.5788988471031189
jsgtyk,normal,0.7748095393180847
k3ztaa,normal,0.7280163168907166
ehp6gu,normal,0.6813985705375671
eq5xft,normal,0.7529655694961548
jk19dn,normal,0.79457688331604
c59b1d,normal,0.7059593200683594
jbnt8c,normal,0.6544285416603088
k6k1gb,normal,0.7839350700378418
gog5rn,normal,0.7096261382102966
jlqjqc,normal,0.7393152713775635
jq87io,normal,0.7609966993331909
iqci1l,normal,0.679534912109375
dvbm0x,normal,0.7058345079421997
elno13,normal,0.6678124666213989
gwcre2,normal,0.6912888288497925
iv37tl,normal,0.6612547636032104
i9802v,normal,0.7868391275405884
a7c36,normal,0.7970724701881409
cg8vtc,normal,0.7225704789161682
d4adcu,normal,0.763755738735199
7wp18r,normal,0.5816968679428101
8yxdn9,normal,0.5782803893089294
8erw7a,normal,0.8083004951477051
drqhb,normal,0.7042911052703857
3nhkbv,normal,0.49060532450675964
2x1qbv,normal,0.5766220092773438
mq470b,normal,0.7774956226348877
lkl7gv,normal,0.6244547963142395
leunaa,normal,0.7189964652061462
mbcqn3,normal,0.7856095433235168
jihgbg,normal,0.7672883868217468
kgrsns,normal,0.7209324240684509
mb2ggz,normal,0.7022300362586975
j9d1v9,normal,0.8068353533744812
mjxczp,normal,0.6835713982582092
lpi0ay,normal,0.7189964652061462
i5f9dn,normal,0.7779819369316101
i5kaem,normal,0.7128114104270935
jv5rt6,normal,0.7265949249267578
kpo0aj,normal,0.7308080792427063
mptkwe,normal,0.8344221115112305
k1nqnr,normal,0.7344402074813843
g6oq6t,normal,0.5811317563056946
j5jgkj,normal,0.7843834757804871
gojf15,normal,0.6928706169128418
k7mg04,normal,0.8050662279129028
kn8q9j,normal,0.7083073854446411
iypfgx,normal,0.8064082860946655
hj3plp,normal,0.8161259889602661
jnrd2n,normal,0.7862857580184937
lhh3rl,normal,0.7621279358863831
k1o8ei,normal,0.7694194316864014
le644s,normal,0.8058800101280212
iidg1x,normal,0.7786887288093567
jws1by,normal,0.6468396782875061
g8f0a7,normal,0.7454126477241516
moj5pu,normal,0.7422159314155579
e55l12,normal,0.7368879318237305
m7hqzs,normal,0.7530447244644165
ck9s51,normal,0.76328045129776
k040pb,normal,0.7220459580421448
ki973g,normal,0.7784065008163452
fv3uik,normal,0.7698436975479126
d2aumk,normal,0.6880064010620117
gktltx,normal,0.7692721486091614
le3k02,normal,0.7362645864486694
j7eaie,normal,0.815564751625061
kl27ne,normal,0.793208658695221
lxhz2o,normal,0.7024136185646057
9f2rdf,normal,0.8038541674613953
h9wdac,normal,0.7704852819442749
iuum1m,normal,0.7779200077056885
gxu5ki,normal,0.6938015222549438
fl3scm,normal,0.6760023236274719
g2mxjf,normal,0.7144713997840881
ajz9pu,normal,0.8051052689552307
2s4278,normal,0.7895171046257019
2qfpdb,normal,0.7443327903747559
4byaoi,normal,0.6696625351905823
4h68ct,normal,0.704054594039917
dtm8t,normal,0.4851864278316498
lvyc6,normal,0.7204533815383911
khil13,normal,0.7758246660232544
kvy2h4,normal,0.7209327816963196
ltiyr9,normal,0.8053909540176392
j68hqv,normal,0.7929455041885376
lnycnx,normal,0.7434602379798889
hnjuu2,normal,0.7478954195976257
mcyxs9,normal,0.7935634255409241
jbkjja,normal,0.7045539021492004
k9wxuw,normal,0.6789303421974182
k93o2a,normal,0.7948243021965027
kmi8jm,normal,0.6719566583633423
im74g6,normal,0.767811119556427
ku588l,normal,0.696190595626831
hgt3j9,normal,0.8254716396331787
fsib45,normal,0.690295398235321
ftz68k,normal,0.6560198664665222
1xcpi3,normal,0.7428925633430481
66xhfw,normal,0.673337459564209
fkqsg4,normal,0.6596917510032654
hf45o,normal,0.8181777000427246
imf65v,normal,0.6975017189979553
k38boh,normal,0.7832942008972168
dygmnl,normal,0.7439530491828918
jpukto,normal,0.7500396370887756
jwsql,normal,0.7710967659950256
d0htr,normal,0.7523250579833984
diuleg,normal,0.6601042747497559
dfiv7i,normal,0.7327401041984558
hznigg,normal,0.7184613943099976
aec1cs,normal,0.7854454517364502
dk9sat,normal,0.7516958117485046
63nejw,normal,0.6751027703285217
2usd66,normal,0.6665738821029663
4xnmhg,normal,0.8021098971366882
5y1wr9,normal,0.7433918118476868
g4m8sy,normal,0.7091902494430542
krqhrk,normal,0.5464473366737366
c0ynmf,normal,0.7631012201309204
8lwwe2,normal,0.6743346452713013
4fv4q8,normal,0.7484589219093323
8c3hgb,normal,0.6755850315093994
8lk1if,normal,0.6608171463012695
ee945n,normal,0.6503918170928955
8hqn4o,normal,0.6654307246208191
jbck2s,normal,0.68426913022995
5d04qo,normal,0.7713519334793091
8di3p2,normal,0.7561942338943481
26qn4j,normal,0.6247129440307617
2i64ar,normal,0.762535572052002
f4a5r7,normal,0.7322385907173157
gtq564,normal,0.778329610824585
aaalc0,normal,0.7730721235275269
18me75,normal,0.79654461145401
1kw6rq,normal,0.7621758580207825
fuwub9,normal,0.7690367698669434
ei6zqx,normal,0.7161408066749573
hpkfi2,normal,0.6021738052368164
cxeof,normal,0.7458353042602539
119wuh,normal,0.7179340720176697
effe6,normal,0.6871050596237183
deb3d,normal,0.8116447329521179
ek4fj,normal,0.6837851405143738
1833ej,normal,0.7529399991035461
829e0,normal,0.7029418349266052
81ved,normal,0.7157463431358337
81j1w,normal,0.826541006565094
81wc0,normal,0.7354691028594971
l4k9w,normal,0.8092070817947388
dqvex,normal,0.6880070567131042
dq5f8g,normal,0.7306077480316162
9llpp,normal,0.771371603012085
9l7e8,normal,0.7816734910011292
6vg1x,normal,0.7415191531181335
11sj18,normal,0.7575976252555847
iqou89,normal,0.4827667772769928
gp6bk6,normal,0.7401268482208252
2uzjpq,normal,0.7688496112823486
hd4qq,normal,0.7479798197746277
3xitl0,normal,0.7448169589042664
l6d23,normal,0.6465691924095154
8czuw,normal,0.6762894988059998
1mnp36,normal,0.6803981065750122
496ouj,normal,0.7174989581108093
1aj2lc,normal,0.7851300239562988
22zwr1,normal,0.5632500648498535
1alqf0,normal,0.7812100648880005
m34ylg,normal,0.5072759389877319
axe0be,normal,0.6816650629043579
in09j1,normal,0.6819379329681396
3yvb4g,normal,0.7365115284919739
953uc4,normal,0.7431288957595825
40rlsv,normal,0.778188169002533
gnz2q7,normal,0.7903542518615723
jcvp2x,normal,0.7795383930206299
gib4w,normal,0.41883164644241333
holqga,normal,0.8163560032844543
g1a8q9,normal,0.7851446270942688
hl39e8,normal,0.7525832653045654
b82pkn,normal,0.7381591796875
gu9sbh,normal,0.777104914188385
i4lpf,normal,0.752724289894104
hcl6pq,normal,0.8168638944625854
hl37al,normal,0.752475917339325
ddpyn,normal,0.7260890603065491
bsmfum,normal,0.6165849566459656
arhi7,normal,0.7054029703140259
11l52b,normal,0.6241499185562134
e0cqfs,normal,0.7934148907661438
f5lcl,normal,0.7654402256011963
bp5zn3,normal,0.5774586200714111
g3kmab,normal,0.7229713797569275
9k81v1,normal,0.7573922276496887
azq3x7,normal,0.6974164247512817
c7qzvk,normal,0.7056792378425598
4bi597,normal,0.6721529960632324
2n35n1,normal,0.68942791223526
96lwqi,normal,0.7365128993988037
b1d36s,normal,0.8227761387825012
hejqlt,normal,0.7811247110366821
kri7yi,normal,0.7942841649055481
ftqkj5,normal,0.7522878646850586
k5xb0b,normal,0.7221872210502625
aw437m,normal,0.7198699116706848
iqrc02,normal,0.7757434248924255
ser97,normal,0.7437886595726013
iysn46,normal,0.774006724357605
jydmg0,normal,0.8225497007369995
2mlky0,normal,0.7395856380462646
96feqw,normal,0.6894748210906982
gm6ld6,normal,0.6450377702713013
4hupk7,normal,0.7764674425125122
6zzxbc,normal,0.7977917194366455
j02k5x,normal,0.6102099418640137
fkvhv9,normal,0.7709089517593384
10mncu,normal,0.757380485534668
13zs4k,normal,0.7772746682167053
tpybt,normal,0.8030669689178467
ivmdd,normal,0.7685697078704834
9f2re,normal,0.7378729581832886
92q1r,normal,0.751343309879303
8irg1,normal,0.7911126613616943
4i58ic,normal,0.7943362593650818
ek4dq,normal,0.7344462275505066
g1yv3w,normal,0.7410516142845154
1sl7yv,normal,0.7098907232284546
y7g2c,normal,0.7928877472877502
shytb,normal,0.7684698104858398
dhumg,normal,0.6899262070655823
89v2k,normal,0.7430640459060669
9f53m,normal,0.7903286814689636
eam14r,normal,0.6331821084022522
4uj6ig,normal,0.7979853749275208
dqyb5,normal,0.8311373591423035
88bhbs,normal,0.707237184047699
fotiz,normal,0.7756658792495728
4njhnq,normal,0.7412237524986267
fo9we,normal,0.8050664067268372
baa2t,normal,0.7860130071640015
8h2wpg,normal,0.7124431133270264
92ttw0,normal,0.789578378200531
a2u3v,normal,0.8275507092475891
375d5r,normal,0.8235201835632324
9qubkt,normal,0.8383457660675049
itjjn,normal,0.7772044539451599
35dqis,normal,0.6964906454086304
70ft3s,normal,0.7510379552841187
2zwxjz,normal,0.7030910849571228
lz6ugf,normal,0.7087224125862122
kganmf,normal,0.7087686061859131
7uggkh,normal,0.8079501390457153
7hqbcr,normal,0.8082444667816162
ihexm,normal,0.6990736126899719
8wsqvj,normal,0.6008821129798889
90qigf,normal,0.6082038283348083
4d12ew,normal,0.780339777469635
stmjy,normal,0.8017150163650513
7dxeuj,normal,0.6966562271118164
jfqtw,normal,0.7617599368095398
1unaq0,normal,0.5612800717353821
1gimie,normal,0.7956499457359314
m4t2mi,normal,0.7721351981163025
mi61he,normal,0.7560665607452393
mssn6e,normal,0.689717710018158
jmn07u,normal,0.7706730961799622
hqwuo0,normal,0.5934829115867615
iy33pm,normal,0.724810004234314
l8ok9d,normal,0.7788349986076355
c02b14,normal,0.7508221864700317
d9qts,normal,0.7730584740638733
hit4te,normal,0.7879370450973511
2aquny,normal,0.7801538109779358
emdc6,normal,0.8410994410514832
16coqa,normal,0.6235834956169128
4veg1x,normal,0.6437305808067322
5o8ggw,normal,0.7759884595870972
bswr7j,normal,0.5858739018440247
1lto9m,normal,0.7524739503860474
9qwam1,normal,0.7658646702766418
ecjbg3,normal,0.7842099070549011
r21jl,normal,0.7487205266952515
5ez8kr,normal,0.5357612371444702
9bn3we,normal,0.6831802129745483
87590,normal,0.6480852365493774
3844mu,normal,0.6276461482048035
m5w9ep,normal,0.763871431350708
mi42i0,normal,0.7636029124259949
ltulz1,normal,0.7879060506820679
mnlhrr,normal,0.7385513186454773
mmd683,normal,0.7857146859169006
l4rfmb,normal,0.756489634513855
msroke,normal,0.7578418254852295
m8p3le,normal,0.6967034935951233
mt5l4v,normal,0.6766250133514404
mviazi,normal,0.72516268491745
m1c8cl,normal,0.7429934144020081
mptzm4,normal,0.8170207142829895
mpnwb0,normal,0.8270832300186157
ks7sbd,normal,0.8193038105964661
mi4c0y,normal,0.7935214638710022
mmx153,normal,0.7613049745559692
l9vjdg,normal,0.6557798385620117
lm37ci,normal,0.7901467084884644
mol1hg,normal,0.7703826427459717
mphzuc,normal,0.7404325604438782
mb38le,normal,0.7787824869155884
mtez8f,normal,0.6728841662406921
muctbr,normal,0.7261497378349304
mfmytt,normal,0.6391313076019287
mswqcx,normal,0.7806689143180847
mo8hrq,normal,0.7504461407661438
lbcf52,normal,0.8203993439674377
lg97e7,normal,0.771596372127533
jx3g0j,normal,0.7194589376449585
le85g5,normal,0.6998103260993958
mhgy10,normal,0.7398342490196228
kwrswq,normal,0.6146599650382996
jlwbmc,normal,0.6984982490539551
lhm8fn,normal,0.4777514636516571
kgnovv,normal,0.610609233379364
jj15sp,normal,0.7929089069366455
kgcqiv,normal,0.7778488993644714
m0ld4m,normal,0.7957730889320374
lt6ldm,normal,0.7521723508834839
mr3toa,normal,0.6965587735176086
lrpo17,normal,0.739229142665863
lsabkb,normal,0.80933678150177
l0t2pj,normal,0.8229866027832031
jdqrn7,normal,0.6758182644844055
jhn85i,normal,0.7359328866004944
m0nc1m,normal,0.8006221652030945
lydg9g,normal,0.7535406351089478
khj46j,normal,0.7944206595420837
kq9aga,normal,0.7867966294288635
mf8509,normal,0.8501340746879578
knqo54,normal,0.7719211578369141
h9tcli,normal,0.7964243292808533
fr8bfc,normal,0.7846992611885071
95wmbn,offensive,0.6366886496543884
ljjh41,normal,0.7215024828910828
8mwksl,normal,0.8250234723091125
8tufa7,normal,0.7490890026092529
7n6t4a,normal,0.7592126727104187
8h1zbb,normal,0.6544020175933838
8bbrix,normal,0.7777634859085083
5yp6gj,normal,0.7724485397338867
gvgmn5,normal,0.7873930335044861
iwkwrm,normal,0.7466667890548706
dppr3r,normal,0.7591027617454529
fmmga,normal,0.8043608665466309
dh4ekc,normal,0.49562203884124756
g9amio,normal,0.6965509057044983
9v1gg1,normal,0.693264365196228
5b0fcb,normal,0.7170916199684143
8fjmi9,normal,0.8028327226638794
2irm62,normal,0.8057922720909119
989h7i,normal,0.6102065443992615
mm64kt,normal,0.7574631571769714
mqxgu7,normal,0.7827078104019165
mvmrqx,normal,0.7751955389976501
mnvfz9,normal,0.7656242251396179
mlg5pb,normal,0.6688521504402161
mutvkm,normal,0.6848933696746826
mb1lbf,normal,0.5487858653068542
mm5gnq,normal,0.7495620846748352
lbz9yt,normal,0.7794986367225647
melc3l,normal,0.7246784567832947
lqv81o,normal,0.6624926924705505
lke1uc,normal,0.7714122533798218
kwg8dm,normal,0.7966479063034058
mr15bj,normal,0.7526705861091614
l3bmpq,normal,0.8093236088752747
lu899g,normal,0.8152565360069275
m0wztc,normal,0.6918596029281616
mkpwx3,normal,0.7853148579597473
mle6ad,normal,0.7627404928207397
krt9s3,normal,0.7640940546989441
mlboco,normal,0.7863469123840332
lbafx3,normal,0.7937516570091248
mj4sc9,normal,0.8006037473678589
lobcc0,normal,0.81805020570755
k9sbpr,normal,0.6261537671089172
jzrycc,normal,0.7755596041679382
ku414s,normal,0.6940012574195862
ilrdqy,normal,0.7307436466217041
i9n6cd,normal,0.6502317786216736
ewtj5v,normal,0.7604893445968628
7h90t2,normal,0.720969557762146
8kd0u1,normal,0.7358431220054626
kx9tca,normal,0.8012782335281372
lv53wi,normal,0.7360877990722656
leta2e,normal,0.8001681566238403
24badm,normal,0.7583062648773193
lam56w,normal,0.7635811567306519
knekw1,normal,0.7024183869361877
k2hc98,normal,0.6814135313034058
jcr8wf,normal,0.7694830298423767
l7uqu0,normal,0.8177574872970581
kcrepz,normal,0.7887457013130188
fc60q1,normal,0.6582239270210266
fpzmv8,normal,0.6759282946586609
hz5dqe,normal,0.7711524963378906
f3s8yy,normal,0.7617518305778503
dam7wz,normal,0.7360537052154541
gecgyr,normal,0.7002946734428406
gmczg8,normal,0.7577878832817078
f4vg55,normal,0.789821982383728
faduqy,normal,0.62064129114151
dch3vr,normal,0.8012813925743103
fbzuml,normal,0.7574049234390259
eu5nhg,normal,0.7795748710632324
bpm8h3,normal,0.7679868936538696
ighskz,normal,0.5732453465461731
gnzzt0,normal,0.8016896843910217
fnuibr,normal,0.7796840667724609
f7jssx,normal,0.7288557291030884
f6c9y5,normal,0.7172877192497253
fo9zph,normal,0.7476873397827148
bsfn4l,normal,0.7374396324157715
fm5s38,normal,0.7467142939567566
8rjgf2,normal,0.7103803753852844
b3h2eq,normal,0.7768505811691284
65zlof,offensive,0.4500669538974762
bviiyq,normal,0.7434550523757935
6lmr1m,normal,0.772605299949646
1n1lb6,normal,0.7689648866653442
cyr859,normal,0.5951656699180603
8q1l1f,normal,0.7400733828544617
7cl3h2,normal,0.7017432451248169
b7jefx,normal,0.676494300365448
8pnhe1,normal,0.635452389717102
4iuzvd,normal,0.7176942229270935
90mtoq,normal,0.7870646119117737
2tzr7f,normal,0.7528813481330872
mu5csk,normal,0.7579416036605835
mtffbx,normal,0.8124974370002747
mx4h25,normal,0.7604276537895203
mwx6wj,normal,0.8729926347732544
mrhu6n,normal,0.7996371388435364
ms4yvm,normal,0.8729926347732544
mlzf91,normal,0.6875482201576233
mnj2kr,normal,0.8729926347732544
minbl4,normal,0.7691255211830139
mn1q5a,normal,0.7748645544052124
mma28n,normal,0.6797212958335876
mimt7a,normal,0.8180492520332336
mlyodl,normal,0.7790665626525879
mlegqm,normal,0.69041508436203
mk8xnq,normal,0.759689211845398
mim3ad,normal,0.8729926347732544
mh4zt8,normal,0.7633526921272278
mg3f7v,normal,0.7646820545196533
mf3yxp,normal,0.760823130607605
meshkx,normal,0.8376699686050415
meeqkx,normal,0.813926637172699
mdqiu6,normal,0.8729926347732544
m8npkp,normal,0.7844579815864563
m8j49c,normal,0.8729926347732544
m6wgp8,normal,0.7423418164253235
m17m71,normal,0.6981855034828186
m0nh9a,normal,0.7754401564598083
m4gbkt,normal,0.7964238524436951
m3kk6i,normal,0.8729926347732544
m3fmj0,normal,0.7450882792472839
m44zsf,normal,0.5945777297019958
m35q6x,normal,0.6964894533157349
m2mgws,normal,0.6409766674041748
m2hh6h,normal,0.7938773036003113
m01sjs,normal,0.7799022197723389
lzv47j,normal,0.8187655210494995
lz4jsu,normal,0.7805904746055603
lw4mqq,normal,0.767828643321991
lz8iky,normal,0.7401669025421143
lyeyui,normal,0.8729926347732544
lygf3a,normal,0.8274442553520203
lxfr11,normal,0.6641188263893127
lxejsu,normal,0.7845798134803772
lvpa4a,normal,0.663145124912262
lvj0xu,normal,0.8237417936325073
lud8kc,normal,0.649552047252655
lt0oa3,normal,0.8729926347732544
lkzrq9,normal,0.5399914979934692
lok22l,normal,0.769741415977478
86o7lz,normal,0.7525125741958618
4afhq2,normal,0.7572618722915649
3mh2ro,normal,0.8153690695762634
amaxi3,normal,0.7647441625595093
bkyiwx,normal,0.7432765960693359
mj6rdr,normal,0.7850487232208252
m6y0ea,normal,0.6574394106864929
mezdgg,normal,0.7303568124771118
mmbx3u,normal,0.8145809173583984
mejsgd,normal,0.7805654406547546
mrw15q,normal,0.7764008641242981
ligjh9,normal,0.6043310165405273
miq7ei,normal,0.6763586401939392
mmao6h,normal,0.7866324186325073
mtrda6,normal,0.6206352114677429
m1cxvu,normal,0.7143350839614868
m8q3q0,normal,0.7743743658065796
kvwy1n,normal,0.6925644278526306
lm9zeo,normal,0.765357494354248
jcbonx,normal,0.7531182169914246
mne6cf,normal,0.6876810789108276
k1bjcw,normal,0.7818437218666077
lgbfdj,normal,0.7432467937469482
jrxnug,normal,0.8178765773773193
mb4k5e,normal,0.7954043745994568
l5c5yx,normal,0.7412838339805603
jmsf0m,normal,0.6879599690437317
mtssw2,normal,0.782920241355896
lyfiqr,normal,0.776560366153717
mfs560,normal,0.7959284782409668
mhg70r,normal,0.7607427835464478
kvzx5w,normal,0.7127878069877625
m2157x,normal,0.7570510506629944
mic6rp,normal,0.8257215619087219
l0t6zr,normal,0.8020028471946716
mvne5s,normal,0.7751825451850891
kal218,normal,0.730294406414032
m5z4gd,normal,0.7934058904647827
mj4cow,normal,0.8032704591751099
lftolr,normal,0.7701886296272278
mhary1,normal,0.7065848112106323
hozbun,normal,0.5971057415008545
knu1iw,normal,0.7740941047668457
lrn79y,normal,0.737325131893158
lszlzp,normal,0.6460132002830505
maihod,normal,0.7444566488265991
lxwchh,normal,0.6274102926254272
khjr7l,normal,0.7387034893035889
mcmfpr,normal,0.6180618405342102
kqz4hj,normal,0.7797017097473145
mpgy32,normal,0.7599945664405823
m9ynm5,normal,0.7609151601791382
mn6ra3,normal,0.8191361427307129
lmvx0j,normal,0.749423623085022
iozv92,normal,0.728095293045044
i8ud6l,normal,0.788610577583313
efx69l,normal,0.7274237275123596
mr1gc7,normal,0.6802196502685547
gpaghf,normal,0.6907273530960083
flfmux,normal,0.6851077079772949
gcahpb,normal,0.7855984568595886
5nbqt2,normal,0.7963809370994568
bzcfgw,normal,0.8131669759750366
9kwg20,normal,0.7140069603919983
9tcdvs,normal,0.637721836566925
cqnv7k,normal,0.6699686646461487
fog3na,normal,0.7003632187843323
1m35j5,normal,0.6655307412147522
bx4xcr,normal,0.6347483396530151
bxyjqj,normal,0.6725078821182251
go9ix3,normal,0.7655733823776245
9rcnod,normal,0.7723812460899353
5y6td8,normal,0.6993793845176697
9pqq78,normal,0.7588498592376709
5487tt,normal,0.8067817091941833
9zg3io,normal,0.7469825744628906
7hmzq8,normal,0.7646195292472839
5zffcq,normal,0.7429636120796204
g2j2d9,normal,0.7019988298416138
52wjj0,normal,0.7768464684486389
1ylryx,normal,0.7051687240600586
htnxar,normal,0.8480724096298218
4f2q4b,normal,0.7644199132919312
88o33c,normal,0.7800183296203613
52uttx,normal,0.7288694977760315
5obfiw,normal,0.7868273854255676
4uoi4g,normal,0.7055327296257019
atsvuz,normal,0.7952848672866821
6d9nf2,normal,0.7170658707618713
4cck3f,normal,0.8356689214706421
41za3r,normal,0.7534828186035156
2ag71l,normal,0.7155843377113342
2iy7f2,normal,0.764621913433075
bpw5dl,normal,0.6853227019309998
4t1d32,normal,0.713783860206604
4gay31,normal,0.6889005303382874
8jgel9,normal,0.7343260645866394
1vni0m,normal,0.63725745677948
e5i0m2,normal,0.6876475214958191
j5fuzy,normal,0.7032941579818726
i7vzuj,normal,0.6959551572799683
f6elrx,normal,0.6502299904823303
lky8aq,normal,0.7573743462562561
at618o,normal,0.6840372681617737
dl2p1w,normal,0.7593895196914673
8wbltz,normal,0.741956353187561
j7nuql,normal,0.7132869362831116
abbah6,normal,0.7757272720336914
dos81v,normal,0.8130090236663818
kjk0os,normal,0.7520758509635925
j07ia1,normal,0.7796167135238647
89eck3,normal,0.7721925377845764
581cn4,normal,0.8031985759735107
k9j04h,normal,0.721114993095398
9bx335,normal,0.6672831177711487
kq1ocn,normal,0.7433123588562012
ie7jiq,normal,0.7865833640098572
ka406r,normal,0.7289780974388123
4pebn6,normal,0.7317519187927246
hlnxsp,normal,0.7866337299346924
2alla4,normal,0.7804078459739685
4rhxea,normal,0.6516724228858948
299ta9,normal,0.7517727613449097
fvo2av,normal,0.7099071145057678
52tfr4,normal,0.7719860076904297
23n8ja,normal,0.7586668133735657
h7ifr1,normal,0.7862754464149475
exhs3k,normal,0.6619329452514648
4uv1x6,normal,0.7710798382759094
ariv7p,normal,0.7848600745201111
8n15u3,normal,0.7798875570297241
8iihf2,normal,0.782974898815155
cb0dfy,normal,0.7902161478996277
5tvs7h,normal,0.7766090035438538
3a1fsw,normal,0.7439255118370056
359uij,normal,0.7828013896942139
5eh0l4,normal,0.7580990791320801
5hialo,normal,0.7422172427177429
6na0o8,normal,0.7756819725036621
25754y,normal,0.7321216464042664
5e7fnj,normal,0.772229790687561
3vz5id,normal,0.7680764198303223
1yeh93,normal,0.6220287680625916
tsl5y,normal,0.7585432529449463
mgo2ho,normal,0.7774275541305542
mjh7du,normal,0.7118770480155945
l1jc62,normal,0.7284026741981506
l1k7j6,normal,0.6708011627197266
m86194,normal,0.6377843618392944
hm94hj,normal,0.755156397819519
mpqqdh,normal,0.7963817715644836
m9ycyu,normal,0.8183313608169556
ieu6b8,normal,0.7322249412536621
mu4qv0,normal,0.7789337635040283
mk32wo,normal,0.7796745300292969
mnbtca,normal,0.7765989899635315
jh1fr7,normal,0.7724061012268066
jh9sel,normal,0.8206883072853088
mejiaf,normal,0.7553945183753967
i4xqos,normal,0.780457615852356
khjhnm,normal,0.8276302814483643
kpzc6p,normal,0.7853826880455017
legefo,normal,0.6782836318016052
ms4650,normal,0.7418729066848755
jwehhk,normal,0.7293491363525391
jhncpm,normal,0.7474352121353149
luookl,normal,0.816863477230072
jnlklo,normal,0.7793219089508057
lw5j76,normal,0.6178964376449585
iighrn,normal,0.7346240878105164
l7c4on,normal,0.6620326638221741
hu8ccf,normal,0.7724498510360718
mktdzb,normal,0.6835143566131592
ev1om5,normal,0.8326017260551453
mp3p0u,normal,0.7618237733840942
m7vpop,normal,0.8186694383621216
j7e8jn,normal,0.7972197532653809
lx9rig,normal,0.7104763388633728
leaa1k,normal,0.8287752866744995
m0zq69,normal,0.6386164426803589
i6mnpi,normal,0.8236546516418457
mt2vp4,normal,0.7341680526733398
jhfw2z,normal,0.7833142876625061
lx5puk,normal,0.8089762926101685
7jiw7l,normal,0.76314777135849
l72gt5,normal,0.7409564852714539
lqr87p,normal,0.7450954914093018
mpw4bi,normal,0.8087857961654663
fbuac0,normal,0.771629273891449
