tweet_id,classification,classification_score
g19yws,normal,0.6433411836624146
19qv46,normal,0.7946279644966125
njntr,normal,0.7920251488685608
oa0f7,normal,0.5796155333518982
lvfyk3,normal,0.6638984084129333
ln8aqt,normal,0.8092877268791199
lbmq8s,normal,0.7676385045051575
koo0qv,normal,0.794719934463501
ezsccw,normal,0.8079681992530823
emsldn,normal,0.7738897204399109
ipye1p,normal,0.7050379514694214
ihyatt,normal,0.6267763376235962
acbm1r,normal,0.7839424014091492
bbml0o,normal,0.7117555737495422
eauyvm,normal,0.7097032070159912
cexng6,normal,0.780225396156311
cldi0j,normal,0.6845874190330505
cie6a4,normal,0.8056433200836182
5kjmxr,normal,0.838888943195343
bya92u,normal,0.7822564244270325
izy7e3,normal,0.8082450032234192
a2jn7w,normal,0.767615795135498
8wwe7w,normal,0.5779962539672852
7kco6q,normal,0.81474769115448
1piqnv,normal,0.7526106238365173
4imxb1,normal,0.8036512732505798
4i2qh0,normal,0.7477246522903442
90wuj,normal,0.8001365661621094
12r5nd,normal,0.7559037208557129
2rvi9m,normal,0.8050999045372009
837fer,normal,0.8076149225234985
1wg6r8,normal,0.7529129981994629
fn8hg,normal,0.710089385509491
42bmsw,normal,0.8047962784767151
pz005,normal,0.6947117447853088
7d34ca,normal,0.7964141964912415
5o84p2,normal,0.7451139688491821
sxtfg,normal,0.7855514883995056
3vuwo5,normal,0.7425089478492737
6desc1,normal,0.832416832447052
3kvysg,normal,0.8017461895942688
koa5ky,normal,0.77790766954422
ms6x7n,normal,0.7579910159111023
j1oaxh,normal,0.7429366111755371
l9gujz,normal,0.7792441844940186
ms6qan,normal,0.6209404468536377
mraz1y,normal,0.8060066103935242
mkrmax,normal,0.7249797582626343
l6old1,normal,0.7286766171455383
mqtwu3,normal,0.6914210915565491
mijzig,normal,0.657429039478302
msszx9,normal,0.7965614199638367
m0u4gw,normal,0.7658450603485107
mwylkw,normal,0.7704626321792603
mkx2su,normal,0.8086692690849304
mim20z,normal,0.7330923676490784
mssjhr,normal,0.7128446698188782
1vqpn3,normal,0.801146388053894
ld47ro,normal,0.7993874549865723
lpcpmv,normal,0.6522864699363708
mpomb9,normal,0.7951034903526306
ma12vf,normal,0.7715863585472107
epdx3n,normal,0.7791023254394531
m3sm45,normal,0.8278250098228455
ewrc8o,normal,0.7748356461524963
2qmcuq,normal,0.5014339685440063
y512o,normal,0.7420284152030945
iu0upm,normal,0.7634266018867493
cp2xjr,normal,0.6904651522636414
jompe2,normal,0.7322951555252075
2fcpim,normal,0.767402708530426
mtcrky,normal,0.8025779724121094
mepb59,normal,0.7517773509025574
mx7c80,normal,0.786381721496582
mdx8ge,normal,0.7697161436080933
mmtoeo,normal,0.7650253176689148
hx1rqn,normal,0.7344532012939453
kzbjm0,normal,0.7904726266860962
mstd78,normal,0.7503857016563416
mip9sm,normal,0.8116414546966553
gsgh8m,normal,0.7789131999015808
juxsth,normal,0.7825816869735718
lwoi0a,normal,0.7810553908348083
lpsl1z,normal,0.6484130620956421
gifiwr,normal,0.7839683890342712
jraoi9,normal,0.8244895935058594
mjxahg,normal,0.8479114174842834
mr5cc6,normal,0.7802587747573853
kxhv59,normal,0.7986669540405273
mwjmlz,normal,0.7551305294036865
mx2pye,normal,0.7819439172744751
mee48k,normal,0.7769669890403748
ljqftn,normal,0.8522776365280151
ahlv2u,normal,0.7681357860565186
llbiz8,normal,0.737571120262146
m6jget,normal,0.7817584872245789
m92z0n,normal,0.7896926403045654
hhvdcm,normal,0.7992244958877563
kv6btm,normal,0.7913389801979065
lp8o1s,normal,0.7914682626724243
mkqr92,normal,0.7838318347930908
lzs53t,normal,0.7241297364234924
m8inxf,normal,0.7880052924156189
lxcpdw,normal,0.7519525289535522
k8t285,normal,0.808796763420105
jqt944,normal,0.7549116611480713
lixpui,normal,0.7656210064888
mwibqw,normal,0.7858469486236572
i8vi3w,normal,0.794751763343811
ecbimf,normal,0.7267404198646545
mq0qkl,normal,0.6209603548049927
me1kpa,normal,0.7917269468307495
m74qf5,normal,0.769274115562439
mhkpqb,normal,0.78060382604599
lvudoi,normal,0.6889470815658569
lsbtv4,normal,0.7046590447425842
mw8h1i,normal,0.7792828679084778
lb7n70,normal,0.7810277938842773
j63gdr,normal,0.7049493193626404
mx2heg,normal,0.8114002346992493
mo7c0p,normal,0.7846207618713379
mw7m8n,normal,0.7463917136192322
mpemmy,normal,0.6414511203765869
j6tswx,normal,0.6940460801124573
mo7nwa,normal,0.7598819732666016
mnlnvp,normal,0.5949493050575256
mmb2pz,normal,0.7802513241767883
iqp65d,normal,0.7157874703407288
m6kwjy,normal,0.8013229370117188
j2p6v1,normal,0.7581149935722351
khi7gl,normal,0.7904006838798523
lkn737,normal,0.695001482963562
mx9l8s,normal,0.7958657741546631
kvzc5w,normal,0.7467216849327087
mvo7mr,normal,0.7876737117767334
mhoe1y,normal,0.7386600971221924
jd5gta,normal,0.755304217338562
lyk9vk,normal,0.7966574430465698
mgmnrx,normal,0.7710052728652954
lkxdu9,normal,0.7583598494529724
mrw5ig,normal,0.7753967642784119
j8td8a,normal,0.7458696365356445
gzs6yh,normal,0.7751297354698181
eyucho,normal,0.8028802871704102
aoma7o,normal,0.7417453527450562
c4silr,normal,0.780278205871582
c2ipub,normal,0.7795353531837463
b8h389,normal,0.7927059531211853
9g3nsb,normal,0.7784441709518433
mvx942,normal,0.7652199864387512
mcncf3,normal,0.5477255582809448
m2mfe3,normal,0.780426025390625
lpwrh1,normal,0.7616463303565979
loeaon,normal,0.7673143148422241
loh928,normal,0.7313235402107239
lceqpf,normal,0.7533291578292847
kzls6n,normal,0.7431544661521912
kyu3er,normal,0.8101726174354553
kuq7ao,normal,0.7836889028549194
ksdqs3,normal,0.7756755948066711
kla4ck,normal,0.748107373714447
kj1dzk,normal,0.7338404059410095
kha57b,normal,0.822782039642334
kg8pkb,normal,0.799130380153656
lbtceh,normal,0.7819191217422485
m5x7y6,normal,0.6971022486686707
llfe0m,normal,0.7621379494667053
ki8nwm,normal,0.776095449924469
mrdnov,normal,0.7779248356819153
izj2j1,normal,0.7901333570480347
jc19n0,normal,0.812850832939148
fq9d5r,normal,0.8070905804634094
fbxjcz,normal,0.7091276049613953
6ly8qo,normal,0.8165685534477234
hr6irl,normal,0.7866909503936768
bei1n5,normal,0.7451110482215881
99hgan,normal,0.7218016386032104
ippf5q,normal,0.7804266214370728
ifdc5p,normal,0.8176878094673157
mgpjec,normal,0.8002728223800659
mwu7jx,normal,0.7685749530792236
logebb,normal,0.7314437627792358
kvcf0w,normal,0.7238932251930237
k79u31,normal,0.7536134123802185
ji26um,normal,0.73775315284729
knwyeo,normal,0.7557199597358704
lp0uks,normal,0.7942096590995789
knooyo,normal,0.7775658369064331
lpt9pv,normal,0.7448994517326355
m0dhmm,normal,0.8010919094085693
jxf98u,normal,0.7011826038360596
jshz3g,normal,0.7664536237716675
jt8ig5,normal,0.7921953201293945
kiy792,normal,0.7923926115036011
mvo6zj,normal,0.7965332865715027
mugnnh,normal,0.7106767296791077
mwxn1e,normal,0.7971622347831726
mboacv,normal,0.7260435223579407
mte04d,normal,0.791070818901062
mite1e,normal,0.7845664024353027
lozern,normal,0.79213547706604
lrpcei,normal,0.7659506797790527
lq3m2s,normal,0.7955148220062256
lftjjx,normal,0.7681974768638611
l69u61,normal,0.795257568359375
m1jbcx,normal,0.8103649020195007
kz6eq6,normal,0.8054770231246948
l7haft,normal,0.7069188952445984
le1ond,normal,0.7263303399085999
mvdw0s,normal,0.7658838629722595
mp6jai,normal,0.7728554606437683
mp3awl,normal,0.754622220993042
mdfd0z,normal,0.79417484998703
m0x4fv,normal,0.6176514029502869
luyp0y,normal,0.770118772983551
lqyp62,normal,0.8061834573745728
lode57,normal,0.8197499513626099
lkgg4z,normal,0.7737674117088318
lmtmaw,normal,0.7816007733345032
la853h,normal,0.7565896511077881
l9tvvo,normal,0.7842390537261963
l4a5tg,normal,0.7907505631446838
l3m3lx,normal,0.7376664876937866
l2003d,normal,0.7494286298751831
mwcp4y,normal,0.8098944425582886
ms3x9r,normal,0.791296660900116
mp6q66,normal,0.7668321132659912
mqqk9b,normal,0.7412974834442139
mpeebp,normal,0.7826848030090332
mo1h6s,normal,0.7472437620162964
mo2wn1,normal,0.8189412355422974
mm6opj,normal,0.8136582374572754
mm9cae,normal,0.8060383796691895
mi9tys,normal,0.7607870697975159
mhov9q,normal,0.6758182644844055
mj1nkb,normal,0.8048197627067566
mibqdj,normal,0.7791374921798706
m6o9n2,normal,0.7918886542320251
m4w9gv,normal,0.794687807559967
lve33w,normal,0.7801073789596558
lb89i4,normal,0.8051499724388123
l8xsv9,normal,0.7885074019432068
kds6aj,normal,0.7469870448112488
ixp30q,normal,0.8023280501365662
ke81q7,normal,0.7871075868606567
ke8y6k,normal,0.8001679182052612
i1iy91,normal,0.7770700454711914
