tweet_id,classification,classification_score
msxfc0,normal,0.7132925987243652
muduez,normal,0.7873857617378235
lhp3uk,normal,0.7542577981948853
jw9zr1,normal,0.7671053409576416
hj9bf7,normal,0.8088592886924744
f6t3z3,normal,0.8118043541908264
etgs5t,normal,0.7298967838287354
epinhr,normal,0.7612432837486267
dio0ew,normal,0.5744810700416565
dfyoo7,normal,0.7537204027175903
d6ohnj,normal,0.8028707504272461
citub7,normal,0.7624115943908691
a4w1cs,normal,0.8113155961036682
a3n1bv,normal,0.7714908719062805
mxgn79,normal,0.6381113529205322
mu95oz,normal,0.7445228099822998
mtcwym,normal,0.7303813099861145
mtcs1i,normal,0.8137767314910889
m9bqdy,normal,0.7210150957107544
lrtalg,normal,0.7858645915985107
k1pmw3,normal,0.7618665099143982
jwa23b,normal,0.7946328520774841
iqir5t,normal,0.7766109704971313
i25xvh,normal,0.8127598166465759
i2ncwf,normal,0.7933847904205322
i0yp76,normal,0.8189603686332703
hmyeca,normal,0.8080956935882568
jw2val,normal,0.7190746665000916
cfgby4,normal,0.7440904974937439
ic7ou2,normal,0.7380224466323853
glc2ed,normal,0.8239457011222839
epfjoz,normal,0.7373546957969666
gw012b,normal,0.737488329410553
a8bilz,normal,0.8074211478233337
7p8c8v,normal,0.8022213578224182
7g7rwg,normal,0.7214962840080261
7njw3x,normal,0.7824047207832336
8b8xab,normal,0.6866554021835327
lwlcou,normal,0.8120157122612
dggzsa,normal,0.7142955660820007
js1en7,normal,0.7610621452331543
kacukf,normal,0.7810729146003723
7ht8uo,normal,0.7825806140899658
eox9w1,normal,0.798401415348053
ebi34d,normal,0.7429938912391663
cb8j0e,normal,0.8028432726860046
c9i6dh,normal,0.7616339921951294
aipgp9,normal,0.8154016137123108
8k7ap8,normal,0.8130262494087219
81vtmr,normal,0.7995427846908569
iseeck,normal,0.7848786115646362
i8u1fe,normal,0.8056533336639404
ibualj,normal,0.7882915735244751
jw9xzy,normal,0.7275019884109497
a1slrd,normal,0.785818338394165
7ghw09,normal,0.7918534874916077
8bkwtq,normal,0.8066454529762268
a156a9,normal,0.7796470522880554
jv3ktx,normal,0.7532190680503845
jtz22l,normal,0.8160817623138428
k1r1t5,normal,0.7699567675590515
e3irv9,normal,0.7385671138763428
e1dftx,normal,0.789807140827179
ehdulz,normal,0.7537999153137207
evuswu,normal,0.7901434302330017
brgi8o,normal,0.8115159273147583
brqjxr,normal,0.7445290088653564
afe8g6,normal,0.8118205666542053
7gb097,normal,0.6820573210716248
mmcakk,normal,0.8266297578811646
mqr145,normal,0.7567269802093506
jvpztw,normal,0.784485936164856
7h5sr8,normal,0.8258349895477295
7ghnvm,normal,0.6564121842384338
miywo1,normal,0.6766564846038818
mu09bp,normal,0.8222957849502563
ezjwxs,normal,0.7326892018318176
g0eggm,normal,0.8149428367614746
f9l7wm,normal,0.8082225322723389
e5v1ao,normal,0.7711721658706665
etsu56,normal,0.781281590461731
8k5j1l,normal,0.6483569741249084
eqs0km,normal,0.7794215083122253
meu6sw,normal,0.7609729766845703
a6fv8g,normal,0.7539527416229248
dig401,normal,0.800039529800415
ds815u,normal,0.7894984483718872
7ng2ia,normal,0.7954050898551941
8cgvqz,normal,0.767622172832489
dp1wg1,normal,0.790839672088623
87096o,normal,0.730774462223053
m50di8,normal,0.7320881485939026
ltzgdw,normal,0.7899012565612793
m48ih8,normal,0.7741804122924805
lkfl9x,normal,0.7587606310844421
m0twug,normal,0.7610900402069092
jjn0xm,normal,0.7559460401535034
e6yva6,normal,0.822507381439209
jwcvgo,normal,0.8052568435668945
ie6fij,normal,0.7798874974250793
kc4cz5,normal,0.7243279218673706
jvm5is,normal,0.7531574964523315
j4zgr5,normal,0.7981682419776917
ihkhri,normal,0.8154056072235107
ijrtur,normal,0.7615275382995605
cp02u3,normal,0.7914041876792908
ltbhnd,normal,0.7486828565597534
mm45ro,normal,0.8228411078453064
j3cg1j,normal,0.7361980080604553
mgf9p7,normal,0.769989013671875
m82ciy,normal,0.7810410261154175
lm4pih,normal,0.73335862159729
gdrb0r,normal,0.7392616271972656
bmx84x,normal,0.7190454602241516
i9sth9,normal,0.7420756816864014
87sbc2,normal,0.7429885268211365
466lds,normal,0.7067520022392273
g852xy,normal,0.8271251320838928
4ax8a0,normal,0.7834919691085815
71rahq,normal,0.7768427133560181
mx0mxi,normal,0.7406386137008667
mu69v2,normal,0.8199683427810669
mtn3r7,normal,0.7612339854240417
mmptiq,normal,0.7614349126815796
mi1468,normal,0.7772935032844543
mfsu10,normal,0.8090350031852722
mcga7g,normal,0.7952234148979187
mazegx,normal,0.8012756109237671
m6zkkq,normal,0.8267876505851746
m3o9et,normal,0.8097904324531555
m2vbcn,normal,0.7982856035232544
lwj1n5,normal,0.7929129004478455
lwydqn,normal,0.7558811902999878
mvvspz,normal,0.7579175233840942
mvg4bn,normal,0.8026190400123596
mvszmo,normal,0.7778735160827637
mrbn89,normal,0.7762542366981506
mhjuz3,normal,0.8136239647865295
mf9jpt,normal,0.6996573805809021
mgu84s,normal,0.6855580806732178
md2fzy,normal,0.799677848815918
md264m,normal,0.8171831965446472
mcp2eh,normal,0.8215983510017395
moaruo,normal,0.6867152452468872
mofvaz,normal,0.7922228574752808
matcar,normal,0.8003754615783691
m92f6w,normal,0.7498557567596436
m6pkb0,normal,0.7842155694961548
ll6qzw,normal,0.7886154651641846
liqfkp,normal,0.8178770542144775
msxm32,normal,0.7984856963157654
mq11l7,normal,0.7641632556915283
mv12dp,normal,0.7472713589668274
im1esm,normal,0.778699517250061
izm2w0,normal,0.7792063355445862
hboicp,normal,0.749335765838623
i8p18k,normal,0.7921728491783142
h87hyr,normal,0.8200147747993469
l68jkt,normal,0.7625241875648499
gke19m,normal,0.662552535533905
l9fdwz,normal,0.7722697854042053
lkz2s5,normal,0.777971088886261
gvit42,normal,0.7152450680732727
ld62n5,normal,0.7291799187660217
kwqla5,normal,0.7622616291046143
lo7me1,normal,0.7763440012931824
6f0b7a,normal,0.73292475938797
gejdlx,normal,0.8278142809867859
7eq3dd,normal,0.7999382019042969
5nh8xi,normal,0.6557326912879944
78uj0t,normal,0.5814241766929626
4npng3,normal,0.7781113982200623
4m9jh5,normal,0.7393015623092651
7r1f62,normal,0.7640244960784912
6ovelq,normal,0.7868456840515137
5zl410,normal,0.7925846576690674
kgcnc4,normal,0.7956359386444092
c8h5fw,normal,0.7913914918899536
c6bhw9,normal,0.7202446460723877
2rxcj1,normal,0.7943761348724365
a30xxn,normal,0.7873742580413818
964paa,normal,0.6540025472640991
544abx,normal,0.7647219896316528
71ghrz,normal,0.7427955865859985
2x6j0b,normal,0.7464746236801147
3ikofd,normal,0.8070916533470154
4gqgu8,normal,0.8131581544876099
6q18ty,normal,0.7479381561279297
2o9y9m,normal,0.7923761606216431
4is627,normal,0.8045439720153809
6cqg89,normal,0.6410194635391235
8lgqup,normal,0.802145779132843
6e6o9m,normal,0.6457465887069702
4g1ua0,normal,0.750881552696228
3w0v1w,normal,0.7605068683624268
31rm5o,normal,0.7982533574104309
dmykwo,normal,0.7964917421340942
acq0kw,normal,0.638313353061676
5fimz1,normal,0.7774418592453003
4oi25w,normal,0.8113646507263184
2p00go,normal,0.6780778765678406
ghpf51,normal,0.8162122368812561
b3brin,normal,0.8432229161262512
i8kqxg,normal,0.7751527428627014
1y407u,normal,0.6538111567497253
37ox8m,normal,0.7559303641319275
43kse1,normal,0.7701951265335083
2t7no2,normal,0.8059489130973816
2m35dm,normal,0.7495447993278503
4c8x8k,normal,0.7058936357498169
9tl1wl,normal,0.7724401950836182
2jy12i,normal,0.7916180491447449
heqyly,normal,0.8140880465507507
2k3qny,normal,0.8116805553436279
fo0ys3,normal,0.7220625877380371
c5mlxc,normal,0.7066942453384399
32nc89,normal,0.7098760008811951
5x1ub3,normal,0.653724193572998
7xfqkl,normal,0.802798867225647
27q2nw,normal,0.8054109215736389
3gt0yp,normal,0.6723946928977966
1uf3vi,normal,0.7201334834098816
36tmnt,normal,0.7125239968299866
k76x8s,normal,0.6623079180717468
k2551k,normal,0.8083483576774597
innqp0,normal,0.7955840826034546
h0p9oe,normal,0.7514638304710388
ijesk9,normal,0.7445081472396851
dabt7m,normal,0.8203508257865906
dux6g4,normal,0.7486357688903809
e3qd5x,normal,0.751008927822113
dqwj5d,normal,0.7732188105583191
guqgfs,normal,0.7574737668037415
ecgxzs,normal,0.6500830054283142
e3kvvv,normal,0.797238826751709
a47qs6,normal,0.53331059217453
9zv870,normal,0.780454158782959
k5s5bm,normal,0.7485474944114685
9wd0xr,normal,0.7762411832809448
ieejyp,normal,0.7939541935920715
k6bo89,normal,0.7772486209869385
hf7h5a,normal,0.7704820036888123
ed2xxc,normal,0.7137345671653748
e0nafm,normal,0.750147819519043
eb3ikt,normal,0.7283339500427246
dsdidg,normal,0.7696025371551514
e3lcq2,normal,0.7809973955154419
dkuia9,normal,0.760979950428009
e0rgj1,normal,0.7694740891456604
9lcau6,normal,0.7224210500717163
d0zr6a,normal,0.7067140936851501
e3t9z5,normal,0.7929381132125854
di04eu,normal,0.7596526145935059
9srkzf,normal,0.7958152294158936
iaoz7b,normal,0.6657629013061523
idbrrz,normal,0.6483505368232727
a202y9,normal,0.7968454957008362
hcceym,normal,0.7692025303840637
afc5m5,normal,0.6832714676856995
hqhnrx,normal,0.7483330368995667
cfa83e,normal,0.6592525839805603
dyntb8,normal,0.7926466464996338
gfb2a5,normal,0.7545823454856873
etn1h6,normal,0.7668172121047974
9wvug1,normal,0.8094992637634277
dmqcao,normal,0.7940009236335754
e25xkp,normal,0.7743324041366577
kymjcg,normal,0.7838613390922546
lyawqk,normal,0.6257691383361816
lcargp,normal,0.6911349296569824
ihdfl5,normal,0.7773717641830444
lgx8gd,normal,0.7570430040359497
iboq6n,normal,0.7645588517189026
ifftnl,normal,0.7785643339157104
gkuagh,normal,0.7760822176933289
hzjs6o,normal,0.5873752236366272
2ujqcn,normal,0.8470673561096191
ig4nyc,normal,0.7532012462615967
e3rani,normal,0.8230608105659485
d1k587,normal,0.7794221043586731
dycyj0,normal,0.7683348059654236
kqf9bz,normal,0.6958538293838501
jng5nv,normal,0.806987464427948
9pj788,normal,0.8138679265975952
9q12je,normal,0.7824438810348511
jk0iya,normal,0.6191411018371582
ffqqhq,normal,0.76031094789505
eod6da,normal,0.7700374126434326
hc09lk,normal,0.762501060962677
fzxzlv,normal,0.6160398721694946
ab8rcd,normal,0.7338763475418091
dz4hxx,normal,0.6591480374336243
e4ov23,normal,0.7889896035194397
d2xdpv,normal,0.7214266061782837
le5xk9,normal,0.7327420115470886
e425w9,normal,0.7769466042518616
d1wj7q,normal,0.7779228687286377
lj16l4,normal,0.6506562232971191
liq4yo,normal,0.6349012851715088
la81wf,normal,0.7103813290596008
l9n10l,normal,0.6613818407058716
m0mkwe,normal,0.7955611944198608
kypnm4,normal,0.7147218585014343
i1a3gu,normal,0.732501208782196
iej3rr,normal,0.7580186724662781
i5z8e9,normal,0.7875859141349792
j21dcd,normal,0.7635154724121094
josmvt,normal,0.6829979419708252
ivszt9,normal,0.8144847750663757
9lq9l4,normal,0.788765013217926
er2pap,normal,0.7404219508171082
d7kkgj,normal,0.7861689925193787
ebxaix,normal,0.8132159113883972
f92t7z,normal,0.7841994166374207
dqu8b6,normal,0.7487841248512268
fo4im8,normal,0.7415799498558044
kbldp5,normal,0.7316128015518188
dxgq26,normal,0.7731655836105347
h16x2z,normal,0.7997641563415527
e4xwsk,normal,0.6202034950256348
d6a45b,normal,0.7463592290878296
bjsx28,normal,0.8104639649391174
afs22f,normal,0.7046067714691162
9zr5oe,normal,0.7500701546669006
dhh9ig,normal,0.7519363164901733
e4q13d,normal,0.8221368789672852
dabwez,normal,0.7162256240844727
db7psj,normal,0.7098044157028198
egul74,normal,0.7851208448410034
cc0h26,normal,0.765152096748352
d0pduy,normal,0.7086640000343323
d0xoiy,normal,0.7847198247909546
9osdyy,normal,0.6759558916091919
9tvbx0,normal,0.7446306943893433
cdkwqz,normal,0.816254198551178
ct3dgq,normal,0.7983886003494263
cecpi1,normal,0.69191575050354
dggn2e,normal,0.7767365574836731
d4m1yi,normal,0.7923782467842102
cyo48y,normal,0.7378378510475159
d10qsq,normal,0.7903403639793396
9ug2bm,normal,0.7853226661682129
amkcgb,normal,0.7257044315338135
gi8uad,normal,0.7674245834350586
id1rpk,normal,0.7319720983505249
dal0kd,normal,0.7175115346908569
bwzu6k,normal,0.7987012267112732
c54gwv,normal,0.707141637802124
d3qrni,normal,0.832435131072998
dx1mkz,normal,0.8069317936897278
ajqalh,normal,0.7724850177764893
c11bmf,normal,0.7237288951873779
9yvnaw,normal,0.7924556136131287
boc2ce,normal,0.7754403352737427
misvbf,normal,0.7626577615737915
l1gvk6,normal,0.7630780339241028
l568lg,normal,0.7780520915985107
j3v869,normal,0.7791096568107605
iesj94,normal,0.7687663435935974
a3e2l6,normal,0.6539616584777832
cwobdl,normal,0.7932573556900024
k7bb35,normal,0.814774215221405
a7c79d,normal,0.6654307246208191
it4pb4,normal,0.7278524041175842
dczltf,normal,0.747808039188385
czspog,normal,0.8159359693527222
awygdj,normal,0.73285311460495
l83x67,normal,0.7186806201934814
9z30xd,normal,0.7654119729995728
hcurvf,normal,0.7717903256416321
erso40,normal,0.7589507699012756
9zaoeu,normal,0.7485653758049011
9gow5w,normal,0.8169481158256531
9f4ci2,normal,0.6540080904960632
8vdsbn,normal,0.7833124995231628
lz8nda,normal,0.7769196629524231
hikfi9,normal,0.8134956955909729
lrtigi,normal,0.7347453832626343
kqiqlt,normal,0.6993149518966675
jvgg2a,normal,0.7029510140419006
i6mf5k,normal,0.5419925451278687
k5xtgj,normal,0.7628481984138489
mc3aye,normal,0.8333141803741455
knhi68,normal,0.6502372622489929
md1v9e,normal,0.7496670484542847
jw5cs4,normal,0.7106685042381287
jv5umq,normal,0.7275019884109497
hh056a,normal,0.7744600772857666
htulzn,normal,0.7379935383796692
mvnvuw,normal,0.7559034824371338
mk50dm,normal,0.7862556576728821
mge2xf,normal,0.7787735462188721
m6z1xj,normal,0.7318034172058105
m4roih,normal,0.8225308060646057
kzntcp,normal,0.5795901417732239
kwpll4,normal,0.5797016620635986
jv6moh,normal,0.7760105729103088
jn0n92,normal,0.8226644396781921
hxla3j,normal,0.7713256478309631
huabbe,normal,0.7608586549758911
mu96bq,normal,0.7445228099822998
mumnhm,normal,0.7489334940910339
mtcqil,normal,0.8137767314910889
mwfgx0,hate speech,0.42285868525505066
mtcwrz,normal,0.7303813099861145
mqbaw6,normal,0.7022172808647156
mqj5z8,normal,0.7877985835075378
mnp6nn,normal,0.5172215700149536
mkrh5y,normal,0.7580413222312927
mk5otn,normal,0.8008420467376709
mk3tn9,normal,0.744327187538147
mfz13f,normal,0.7986745238304138
mfvvqf,normal,0.8192480802536011
mfbcb6,normal,0.7453205585479736
mi1m8b,normal,0.8173121213912964
mv9y40,normal,0.8167672753334045
mu1cv6,normal,0.7917191386222839
mqlgem,normal,0.7796129584312439
molaht,normal,0.7932685613632202
mjranx,normal,0.7804514765739441
mipz0l,normal,0.8126827478408813
mgqs10,normal,0.7590656280517578
mgdpfa,normal,0.7579571604728699
mgk654,normal,0.7730798721313477
mc1gm2,normal,0.7637923955917358
mbnrxx,normal,0.8029031157493591
m81au8,normal,0.7747313976287842
m7o9tu,normal,0.7748094797134399
m7fvlu,normal,0.6751410961151123
m4dmmj,normal,0.7501294016838074
mtdof0,normal,0.7909068465232849
mrtf0r,normal,0.7176088094711304
mj48gk,normal,0.8395065665245056
lzilwg,normal,0.7211384177207947
liyc6h,normal,0.7994272708892822
lr24j1,normal,0.7437807321548462
mpvrhb,normal,0.7788469195365906
l82rik,normal,0.7887788414955139
lm3nas,normal,0.7944964170455933
m7nvdy,normal,0.7431439161300659
mjh07w,normal,0.784577488899231
kuvesp,normal,0.7842347621917725
lz17na,normal,0.6916489601135254
mkrzoo,normal,0.7956941723823547
mqwpbl,normal,0.7643020749092102
jdkw1w,normal,0.702976644039154
mr16gw,normal,0.7646795511245728
kzxsa5,normal,0.7420282959938049
khg9hi,normal,0.6635820269584656
lzxtqt,normal,0.7444944977760315
jkzmlj,normal,0.734765350818634
mn2b1r,normal,0.7493688464164734
mktso4,normal,0.7870620489120483
mgpi5b,normal,0.7683204412460327
m1hytq,normal,0.6659294366836548
mlotal,normal,0.7721456289291382
mp7vf8,normal,0.7120087742805481
mpid70,normal,0.7864964008331299
mncckj,normal,0.6743346452713013
mo8gj2,normal,0.74151611328125
mlvrko,normal,0.7317392230033875
mlat6n,normal,0.7696641087532043
mkuk16,normal,0.7707875370979309
m0gbvw,normal,0.6081078052520752
jjv85f,normal,0.806449830532074
m5vxzm,normal,0.8022132515907288
meugoi,normal,0.697867214679718
hax40d,normal,0.6506124138832092
lz1cwf,normal,0.7815910577774048
lwit22,normal,0.7428504824638367
m7hzxn,normal,0.817714273929596
lnqabl,normal,0.7909166216850281
mfjdk1,normal,0.6501986980438232
kcrhnl,normal,0.7637657523155212
m5wcon,normal,0.7596245408058167
h15w9i,normal,0.7659419775009155
mp6w3r,normal,0.7460051774978638
la8ots,normal,0.7833472490310669
jy5yyn,normal,0.6770997643470764
errefp,normal,0.7552617788314819
k1kyk4,normal,0.6467076539993286
ft1tzy,normal,0.6839547157287598
j4p31q,normal,0.7810419797897339
hqoinl,normal,0.7660812139511108
iozu5r,normal,0.6781471967697144
eox6fj,normal,0.7426207661628723
e84lvx,normal,0.794667661190033
gj9rrr,normal,0.7054743766784668
dsrepv,normal,0.6387508511543274
df0quj,normal,0.7616556286811829
mwe0n5,normal,0.7943438291549683
kea43o,normal,0.8227498531341553
mp635y,normal,0.6379899978637695
ms4fdc,normal,0.7295889854431152
kplmlm,normal,0.8050695657730103
mbx46l,normal,0.8382090330123901
m59w9m,normal,0.6937559843063354
jgp8t3,normal,0.7794778943061829
mdc1ka,normal,0.7777540683746338
kuz4yt,normal,0.7496023178100586
m0s6zd,normal,0.6557326912879944
k4xbi7,normal,0.606376051902771
lrwaoj,normal,0.677486002445221
l35hog,normal,0.7293553948402405
l36b0v,normal,0.7293553948402405
ibur66,normal,0.7298101782798767
mdhag7,normal,0.7359978556632996
mttsp0,normal,0.7551154494285583
mlkrw1,normal,0.789700448513031
mgoznm,normal,0.7891896367073059
j1u4sb,normal,0.7445061802864075
jv6ao0,normal,0.7930495738983154
icjz4x,normal,0.775518000125885
harnfz,normal,0.7391951084136963
fdgbbz,normal,0.7713795900344849
h8ewl1,normal,0.5834364295005798
jgcb22,normal,0.7634902000427246
hqd4z8,normal,0.7942097783088684
5q1py4,normal,0.7651376128196716
msxlv5,normal,0.7984856963157654
ht585v,normal,0.8119327425956726
irodrn,normal,0.7920100092887878
lvzo3m,normal,0.7718000411987305
epw0ko,normal,0.8109571933746338
e7uxpb,normal,0.7311369776725769
i650lt,normal,0.7715671062469482
a9j92k,normal,0.7831355333328247
fpi3gv,normal,0.7112154364585876
bhr0ef,normal,0.8000025749206543
jlazlw,normal,0.7945353388786316
es2y93,normal,0.8017920255661011
ht8zzg,normal,0.8276606202125549
erqmsd,normal,0.7371867895126343
f3ii7c,normal,0.7809548377990723
e9g4nz,normal,0.771941065788269
gs5u4s,normal,0.7288133502006531
eos0zb,normal,0.7504534125328064
ftfnop,normal,0.7826230525970459
mxci4c,normal,0.7352731823921204
mwasuc,normal,0.8320174813270569
mvn4fx,normal,0.762061357498169
mxin93,normal,0.7025885581970215
mxgzdf,normal,0.7643582224845886
mxqvvb,normal,0.7807446718215942
mx2n25,normal,0.8241589665412903
mw6udo,normal,0.8278265595436096
mxc733,normal,0.6817169189453125
mwibqw,normal,0.7858469486236572
mw4nrj,normal,0.7189069986343384
mx2d29,normal,0.7057744264602661
mwsab1,normal,0.5360288619995117
mwpogn,normal,0.7828873991966248
msux98,normal,0.7938143014907837
mxoutz,normal,0.6389620304107666
mxbobf,normal,0.8206926584243774
mwoelw,normal,0.7873319387435913
mwtw4o,normal,0.7742885947227478
mweq0o,normal,0.7095240950584412
mw8b1i,normal,0.75603848695755
mwjqeu,normal,0.5918112397193909
mw84e6,normal,0.6735916137695312
mvgro4,normal,0.7424020171165466
mxq5ui,normal,0.7740256190299988
mxllum,normal,0.7939534187316895
mvr02d,normal,0.6922880411148071
mxpilt,normal,0.7849021553993225
mn523k,normal,0.8178133368492126
mnfb1k,normal,0.8182229995727539
mrhvr3,normal,0.7469918727874756
lwsgsj,normal,0.6532878279685974
kirch6,normal,0.762466311454773
kl9vvt,normal,0.7258437871932983
lyp5j6,normal,0.7311355471611023
mb79is,normal,0.6498017907142639
kiidcb,normal,0.788372814655304
mfwtzq,normal,0.7849090695381165
lzp8gf,normal,0.7186839580535889
ly5ewj,normal,0.6538053154945374
mw7m8n,normal,0.7463917136192322
ma43kv,normal,0.7253119349479675
mwirzz,normal,0.7077990174293518
mxqwkx,normal,0.7994781732559204
mxmnzu,normal,0.6663303375244141
mxjhxf,normal,0.728823184967041
mxdtsl,normal,0.797322690486908
mu8foo,normal,0.8033941388130188
mwywm6,normal,0.7614324688911438
mwyac9,normal,0.6762645840644836
mwpdum,normal,0.7951905727386475
mwv4nd,normal,0.78572016954422
mhqk3p,normal,0.6991425156593323
mkgwkv,normal,0.6842679977416992
ljt5dt,normal,0.8037714958190918
mhmstq,normal,0.7417504191398621
mna4oq,normal,0.7524446845054626
mgee5k,normal,0.6698710918426514
me7mcd,normal,0.7309579849243164
lfl2ob,normal,0.7377462983131409
m0y1tk,normal,0.8334413170814514
legpds,normal,0.7592260837554932
lt926g,normal,0.7589776515960693
mm0yaa,normal,0.7037530541419983
mff7n2,normal,0.6304097175598145
mm9yay,normal,0.5687514543533325
kzwl9i,normal,0.7591661810874939
l20yqk,normal,0.5130473375320435
mn12ik,normal,0.795867383480072
mpi9ef,normal,0.7194541692733765
l3w6r5,normal,0.7985230684280396
lyoa4p,normal,0.8113676309585571
miudee,normal,0.6482298970222473
l2rb0x,normal,0.7571055293083191
j4i4l2,normal,0.7986413836479187
mowr53,normal,0.7791361212730408
ibz5n2,normal,0.7919366359710693
kvyj1u,normal,0.7397390007972717
iib53e,normal,0.7651705741882324
fvha50,offensive,0.5257588624954224
f5rcbf,normal,0.7411713600158691
mwh70o,normal,0.8318660855293274
mxmgky,normal,0.7779983282089233
muxo6j,normal,0.8145010471343994
mx2rk4,normal,0.776305615901947
mwxpsj,normal,0.8157858848571777
lw3lxu,normal,0.7952548861503601
m98e2e,normal,0.7560344338417053
jrkk6q,normal,0.6755850315093994
m53a68,normal,0.7398142218589783
mict6e,normal,0.6436964273452759
mmld2q,normal,0.7698600888252258
ms84vi,normal,0.7822962999343872
l84qbd,normal,0.7248719930648804
i6rg8v,normal,0.7196809649467468
ja4o2m,normal,0.6670241951942444
mbmahq,normal,0.7662274837493896
gpsjsx,normal,0.6814761161804199
l7b8q7,normal,0.7669113874435425
lpf1w5,normal,0.7864040732383728
mornxt,normal,0.849238932132721
lw203q,normal,0.7439271807670593
mqeuwc,normal,0.7700186371803284
m8hwgn,normal,0.8147836923599243
lcdsqt,normal,0.7798736095428467
mtcrky,normal,0.8025779724121094
mi08yv,normal,0.7512847781181335
l9inku,normal,0.7532870173454285
ln5xe9,normal,0.7787790298461914
kujxs9,normal,0.7507676482200623
ha4t7t,normal,0.696767270565033
mrp41x,normal,0.6751977205276489
mraz1y,normal,0.8060066103935242
lgdwrf,normal,0.7625265121459961
mu60f2,normal,0.6657634377479553
lsvrco,normal,0.7998828887939453
mia7bz,normal,0.7288735508918762
mljuqi,normal,0.6084175109863281
lgcsqb,normal,0.7636760473251343
g3gli8,normal,0.8097940683364868
8k0tqj,normal,0.8093519806861877
cxk1u8,normal,0.7998531460762024
ezduxc,normal,0.7212392091751099
mfofht,normal,0.8098892569541931
ffew0r,normal,0.672579288482666
lsbtv4,normal,0.7046590447425842
mcwkfh,normal,0.723720133304596
dry0r2,normal,0.8164193630218506
g3f6zu,normal,0.7617540955543518
kwbvuj,normal,0.5182541012763977
kb26jl,normal,0.7534868717193604
jkgelj,normal,0.7825048565864563
mqg719,offensive,0.3941384553909302
m3o1k0,normal,0.7772393226623535
mlp7uz,normal,0.7115210890769958
lpalbz,offensive,0.5162919163703918
m70ks8,normal,0.7632826566696167
m3r6nh,normal,0.8155996203422546
ex75j4,normal,0.6956076622009277
jkjrua,normal,0.7244739532470703
ev021b,normal,0.7905556559562683
h7misl,normal,0.814843475818634
k68th9,normal,0.7603583931922913
kp2rqb,normal,0.8046160936355591
mchrwb,normal,0.812533974647522
m47x7b,normal,0.8162552118301392
mdyrq4,normal,0.7863194942474365
lyltau,normal,0.8320122957229614
m5sj3e,normal,0.7883761525154114
jwjs0j,normal,0.7768746614456177
le1m6f,normal,0.7504661083221436
mcimgq,normal,0.765388011932373
jsucul,normal,0.7246344685554504
lkosdr,normal,0.7910891771316528
luez8n,normal,0.6674346923828125
jic73a,normal,0.7635692954063416
mfnl9y,normal,0.7723562717437744
mqel0h,normal,0.5609001517295837
mx7c80,normal,0.786381721496582
mw8h1i,normal,0.7792828679084778
lb7n70,normal,0.7810277938842773
j63gdr,normal,0.7049493193626404
mx2heg,normal,0.8114002346992493
mo7c0p,normal,0.7846207618713379
mpemmy,normal,0.6414511203765869
j6tswx,normal,0.6940460801124573
mo7nwa,normal,0.7598819732666016
mnlnvp,normal,0.5949493050575256
mmb2pz,normal,0.7802513241767883
m6kwjy,normal,0.8013229370117188
iqp65d,normal,0.7157874703407288
j2p6v1,normal,0.7581149935722351
mq1lqe,normal,0.7484733462333679
m9qyk9,normal,0.8039724826812744
k9wogn,normal,0.7357425093650818
la4j96,normal,0.6664534211158752
llda6l,normal,0.767885684967041
mephcr,normal,0.7735294699668884
mnuwel,normal,0.7086383700370789
mdatp0,normal,0.7663577795028687
hbfywh,normal,0.7681796550750732
mx59hs,normal,0.7335395216941833
mxmanm,normal,0.6922211050987244
mvisqk,normal,0.71302330493927
mqv78c,normal,0.8061516284942627
mssn6e,normal,0.689717710018158
msxn4g,normal,0.7896116971969604
mr6kyv,normal,0.7744725942611694
moj5pu,normal,0.7422159314155579
mm6ynt,normal,0.6322255730628967
mkabnr,normal,0.6709094643592834
mjh2za,normal,0.6382679343223572
mj4q6p,normal,0.8258417248725891
mfx4rk,normal,0.7893778681755066
mf4rip,normal,0.7750639915466309
meibzg,normal,0.7145082354545593
msxa7m,normal,0.6904869675636292
mgnp26,normal,0.790045976638794
lz5o3y,normal,0.7744643092155457
l3l8ds,normal,0.8157393932342529
kyp6ru,normal,0.7023369073867798
kgh1jf,normal,0.734978437423706
k40k50,normal,0.8191081881523132
k3z5h7,normal,0.7978407740592957
k190ru,normal,0.817633867263794
jd04i8,normal,0.7250552773475647
jctdfo,normal,0.7210932970046997
iab9ux,normal,0.6960146427154541
i62m5e,normal,0.7161495685577393
i2wxyv,normal,0.7975767254829407
msnrhq,normal,0.7812204360961914
mhax3j,normal,0.8223806023597717
mlhxse,normal,0.6910825371742249
m49x9t,normal,0.7830298542976379
mezg0w,normal,0.774051308631897
lek2kn,normal,0.8076204061508179
mepvsv,normal,0.6609204411506653
mo49jl,normal,0.8347577452659607
lx2sgl,normal,0.8041133284568787
l8yfbn,normal,0.7703432440757751
lx5zzt,normal,0.7910027503967285
k1u6vq,normal,0.808820366859436
m1vnij,normal,0.8019959926605225
ipj3mt,normal,0.7540030479431152
lm6oa7,normal,0.6267682313919067
lsv2no,normal,0.806879997253418
lpz5q8,normal,0.717821478843689
lgl5s8,normal,0.7875178456306458
msp7uv,normal,0.7368379235267639
ma9dsf,normal,0.7889633774757385
m5u0tp,normal,0.8057223558425903
jgxhnl,normal,0.8159768581390381
lzzvnp,normal,0.7494660019874573
lbtbg7,normal,0.706556499004364
murw2a,normal,0.8033143281936646
mrktkw,normal,0.6749497652053833
khil13,normal,0.7758246660232544
ivx8i0,normal,0.7728644609451294
mbz7md,normal,0.7367540597915649
m3hjqj,normal,0.7430880665779114
mc9eua,normal,0.8160512447357178
jrz218,normal,0.7761099338531494
lnezp9,normal,0.7621489763259888
mrob1t,normal,0.728453516960144
j0aflr,normal,0.8278272747993469
jq37hf,normal,0.7673521041870117
e3gkq3,normal,0.7691527605056763
kp2s6y,normal,0.8193545341491699
mpqgc8,normal,0.7965194582939148
id6j76,normal,0.7592305541038513
m75di4,normal,0.7830823659896851
kfmxg0,normal,0.7465000152587891
mc0y2o,normal,0.8043836355209351
lrg4bg,normal,0.4700786769390106
i9o19o,normal,0.7897765636444092
muh5qh,normal,0.7846384048461914
ltl94z,normal,0.7712291479110718
ku588l,normal,0.696190595626831
mej2vf,normal,0.7336944937705994
muikdp,normal,0.6498269438743591
hpaiy2,normal,0.7483714818954468
kiifud,normal,0.7716344594955444
jygke4,normal,0.7597826719284058
ijc6i3,normal,0.7865451574325562
hmwzth,normal,0.7829501628875732
h8bd11,normal,0.744480311870575
k7czta,normal,0.5387617945671082
jnedkw,normal,0.6758142113685608
mbdtxl,normal,0.6359596848487854
hgqxaq,normal,0.7297567129135132
lp8od0,normal,0.7136922478675842
jdxw32,normal,0.7356325387954712
5lh54e,normal,0.7421059608459473
lim0rq,normal,0.6225560903549194
jyyhg2,normal,0.7639164924621582
ih1okx,normal,0.7093095779418945
hk0i1x,normal,0.7924750447273254
56zzwp,normal,0.6455804109573364
8hrr43,normal,0.7837754487991333
jizi2d,normal,0.8347187042236328
2ppcmy,normal,0.6493435502052307
82qulo,normal,0.7853876352310181
134t9e,normal,0.7470940351486206
fiygn9,normal,0.6140832304954529
orna1,normal,0.6674346923828125
8g8hm1,normal,0.7413788437843323
i2qm2,normal,0.8120568990707397
a82dkg,normal,0.5475360155105591
gaowj0,normal,0.6766496300697327
5necnp,normal,0.5724437236785889
ap0i5n,normal,0.613408625125885
a9z5u4,normal,0.4213090240955353
22ys2x,normal,0.7749168872833252
10cn5h,normal,0.6205066442489624
8jbwor,normal,0.7435414791107178
7o25k,normal,0.7433242797851562
4uqb78,normal,0.7462248206138611
a6ajo,normal,0.7776411771774292
1wx84z,normal,0.5371085405349731
4vocdt,normal,0.7137320637702942
1unaq0,normal,0.5612800717353821
lhh3rl,normal,0.7621279358863831
hpwisn,normal,0.5172504782676697
cfnu4z,normal,0.7824057936668396
35stca,normal,0.5627227425575256
2b4yji,normal,0.7137502431869507
246ocx,normal,0.7305317521095276
cjxti,normal,0.6636866331100464
3hjdra,normal,0.7795680165290833
dpg6p,normal,0.8117784857749939
kmi8jm,normal,0.6719566583633423
jh9jav,normal,0.6699069738388062
fvm9gh,normal,0.7508009672164917
3jedbl,normal,0.8073904514312744
eqcq9i,normal,0.7169666886329651
c7df0,normal,0.7263790369033813
77cl8,normal,0.7979373335838318
8zg69w,normal,0.6082602739334106
alyo9p,normal,0.6983652114868164
9d528b,normal,0.7410927414894104
2b851p,normal,0.773581326007843
11cmnr,normal,0.8135318756103516
4bkc0n,normal,0.7925003170967102
4jeeak,normal,0.6872155070304871
hsbavv,normal,0.7158118486404419
m4t2mi,normal,0.7721351981163025
lakdoz,normal,0.8040798902511597
mjk3fe,normal,0.8183102011680603
k0x93q,normal,0.7203606367111206
dbb4v8,normal,0.7934194803237915
j0i7b3,normal,0.566615879535675
iddlbx,normal,0.7620937824249268
8mmc2i,normal,0.779826283454895
j9aocd,normal,0.5529714226722717
ay229h,normal,0.7408806085586548
i8z2ry,normal,0.7133988738059998
k0d4un,normal,0.5053383111953735
6kk7tv,normal,0.7749013900756836
a4iem,normal,0.759392499923706
itl71k,normal,0.6562833786010742
gdwq6m,normal,0.7660067081451416
g03gkw,normal,0.6425045728683472
6j8js1,normal,0.749077320098877
4o6v2g,normal,0.7959066033363342
e383tb,normal,0.779900074005127
bix278,normal,0.5494627356529236
6mey0d,normal,0.7419725060462952
2z9c8q,normal,0.7237028479576111
lglt0f,normal,0.7438713312149048
9nx9cs,normal,0.7444491386413574
imsws7,normal,0.8183283805847168
d780ag,normal,0.7921148538589478
kp6zi1,normal,0.6882283687591553
9lzois,normal,0.7102073431015015
g5bu6,normal,0.7172896265983582
860v8,normal,0.8199272751808167
k38boh,normal,0.7832942008972168
29z31i,normal,0.7642155885696411
7zonvq,normal,0.8051312565803528
hn071i,normal,0.7304769158363342
d6z7o,normal,0.7773484587669373
7slagd,normal,0.7436317801475525
lkcfd5,normal,0.763335645198822
lo4sqa,normal,0.7427968382835388
mwno9q,normal,0.7124839425086975
l9ixzb,normal,0.7644451260566711
mgo2ho,normal,0.7774275541305542
ioqns3,normal,0.7624285817146301
mtr4cq,normal,0.6246238350868225
g9uwwe,normal,0.7774652242660522
i9y81a,normal,0.7960236668586731
lvj0xu,normal,0.8237417936325073
hmhco2,normal,0.7854872941970825
m0zq69,normal,0.6386164426803589
mw4u11,normal,0.7624868750572205
fe75lu,normal,0.7831762433052063
kxd9y9,normal,0.7595235109329224
m3i7yy,normal,0.6892809867858887
llwehv,normal,0.7654502987861633
l2rkd7,normal,0.8101626038551331
kl0p4n,normal,0.745775043964386
i62kbi,normal,0.8095187544822693
jn5jpy,normal,0.7976055145263672
l4pg1h,normal,0.8236382603645325
k7ry2c,normal,0.7493603825569153
gg4yaz,normal,0.6718077659606934
i2cj7a,normal,0.8280210494995117
hz8ixc,normal,0.8003858923912048
k7w2gi,normal,0.7704163193702698
mx35v0,normal,0.6708466410636902
ma1dk3,normal,0.7782785892486572
mve3b5,normal,0.7418707609176636
mt5lhd,normal,0.7536100149154663
m1yu94,offensive,0.5174736976623535
k6q2xq,normal,0.6744478344917297
mmxsjv,normal,0.7193299531936646
lqgw8h,normal,0.7262603640556335
mpau1v,normal,0.7299678921699524
keen6k,normal,0.7623670697212219
jb1zm4,normal,0.772869884967804
lnfur4,offensive,0.5401250123977661
lx52w3,normal,0.8135709762573242
m142ly,normal,0.7675682902336121
miqr2l,normal,0.5655803680419922
iveror,normal,0.8173632025718689
l7484x,normal,0.7873864769935608
mm1jyu,normal,0.6858655214309692
mreuqw,normal,0.800342321395874
mpcnzd,normal,0.8374114632606506
mxjmgg,normal,0.8194602727890015
mvu1kb,normal,0.7506667375564575
k9sbpr,normal,0.6261537671089172
jqzuyg,normal,0.766355574131012
lcp5q3,normal,0.6523807644844055
mxocpe,normal,0.778718888759613
kpre4j,normal,0.7662326097488403
muavk8,normal,0.7683506011962891
ki816d,normal,0.7748733162879944
mnbtca,normal,0.7765989899635315
gut3mf,normal,0.7960856556892395
krjuuu,normal,0.6763728260993958
mckiy4,normal,0.7188569903373718
k9umvy,normal,0.7283697724342346
me1uxv,normal,0.7992748618125916
mq389m,normal,0.7980349063873291
mc5r5x,normal,0.8034296631813049
mq7u17,normal,0.5922264456748962
mkkbd3,normal,0.7734746932983398
mvp1zg,normal,0.793229877948761
mx5o8z,normal,0.6948344111442566
lvd8wb,normal,0.7337242364883423
lp0b3o,normal,0.7505100965499878
l5jljk,normal,0.7246203422546387
lm9hk7,normal,0.6654307246208191
m5j77v,normal,0.7924075126647949
keij0n,normal,0.7783104181289673
mqeaa7,normal,0.7941274642944336
lchhob,normal,0.8030803203582764
mm4tkv,normal,0.7912941575050354
lb4n5v,normal,0.7767569422721863
les682,normal,0.7762646675109863
lwqb2g,normal,0.8046734929084778
l7b778,normal,0.7583391666412354
mpksqp,normal,0.7788354754447937
koqerj,normal,0.703686535358429
llua50,normal,0.7599231600761414
luh61t,normal,0.7778552770614624
kb4jde,normal,0.769308865070343
m28xgn,normal,0.7614487409591675
mh4zt8,normal,0.7633526921272278
m1e3h7,normal,0.8011980056762695
mubx3j,normal,0.7874006032943726
mn8oms,normal,0.6792315244674683
jj3g19,normal,0.7240256667137146
i6fcpn,normal,0.6591970324516296
leq0d6,normal,0.7590070366859436
m37eky,normal,0.7378127574920654
frisgt,normal,0.7572937607765198
g2o0ag,normal,0.703818678855896
lk42sz,normal,0.7710415720939636
csbb4u,normal,0.7069094181060791
j4hjj0,normal,0.7549901604652405
mroq3m,normal,0.7689239382743835
eu9j80,normal,0.731701672077179
kdlks9,normal,0.7701684236526489
mxo5ll,normal,0.6480260491371155
ew5uh1,normal,0.7680978178977966
mmp9xm,normal,0.8189176321029663
e83bvt,normal,0.7542024254798889
iyddm4,normal,0.6440399289131165
kp2i1e,normal,0.7845145463943481
mqzesa,normal,0.7094628810882568
lqmuqk,normal,0.765584409236908
musogk,normal,0.6539425849914551
mktdzb,normal,0.6835143566131592
ltao32,normal,0.770125687122345
jvah6e,normal,0.7006887197494507
mlsnrq,normal,0.8028092384338379
ltrbg6,normal,0.7845026850700378
40cet8,normal,0.8167408108711243
f1x2im,normal,0.7719311714172363
cm1wx5,normal,0.8012929558753967
eh9mqx,normal,0.771981418132782
5vb3ay,normal,0.7668382525444031
fspz78,normal,0.7857476472854614
e3ptn3,normal,0.7799849510192871
gzay1k,normal,0.7860696315765381
eghz1v,normal,0.6542184352874756
69qmvp,normal,0.7575756311416626
8jzqzu,normal,0.7802122831344604
mp22lt,normal,0.8037058711051941
mfkbr1,normal,0.7948905229568481
klro95,normal,0.6580128073692322
mldrfs,normal,0.6289699077606201
mdc2ii,normal,0.759266197681427
mhnk4v,normal,0.7565677165985107
mv3ei1,normal,0.7322854995727539
kjgs45,normal,0.7823514938354492
kzfnd5,normal,0.7501360774040222
m219yh,normal,0.6762894988059998
mmxexk,normal,0.766600489616394
kmkad1,normal,0.746510922908783
leaa1k,normal,0.8287752866744995
liwhvg,normal,0.7454878687858582
mbhqks,normal,0.8231204748153687
mk0mjz,normal,0.6524070501327515
fevp1j,normal,0.760186493396759
ijhhc8,normal,0.7769657969474792
ipf0s7,normal,0.7833588719367981
i9urwh,normal,0.7440201640129089
gapnyb,normal,0.7200326919555664
f99j08,normal,0.7189041376113892
ikkjq9,normal,0.729546844959259
edy0tr,normal,0.8079349398612976
cwms55,normal,0.7720035314559937
fckcwm,normal,0.7626289129257202
m4vqqd,normal,0.7463468909263611
mio107,normal,0.7941495180130005
7cmf5n,normal,0.8160449862480164
m5zily,normal,0.7713165879249573
lps9si,normal,0.8294590711593628
k1s9q7,normal,0.8051422238349915
lxw35h,normal,0.811869204044342
mkjnww,normal,0.7583587169647217
mlzf91,normal,0.6875482201576233
m9sji0,normal,0.7515553832054138
iw937l,normal,0.8400408625602722
lx5rkb,normal,0.7767865657806396
mx4h25,normal,0.7604276537895203
hvg64d,normal,0.7255553007125854
hyq0vc,normal,0.7784402966499329
mtg549,normal,0.7714471220970154
muoy09,normal,0.7358718514442444
kmn6dr,normal,0.5867593288421631
lwftie,normal,0.7812525629997253
m5no3g,normal,0.7136076092720032
l1k3p5,normal,0.758817732334137
meieel,normal,0.7663119435310364
kqt87k,normal,0.6075334548950195
mdf7h2,normal,0.810343861579895
k45gn7,normal,0.6288849115371704
h9ipol,normal,0.669089138507843
lz4jsu,normal,0.7805904746055603
hulty9,normal,0.7858916521072388
lp0xqt,normal,0.7747631669044495
milrcg,normal,0.7934156060218811
lwik2l,normal,0.6226474046707153
mdoizs,normal,0.8169228434562683
hreivt,normal,0.8090260028839111
gpz6ij,normal,0.6639003157615662
hya5xy,normal,0.7862356305122375
in69z5,normal,0.729859471321106
inxg68,normal,0.6931241750717163
hqtagu,normal,0.7051684856414795
dwyclt,normal,0.802324652671814
mjsjx8,normal,0.6874767541885376
