tweet_id,classification,classification_score
mxfsl1,normal,0.7602272033691406
mx7tsv,normal,0.7652709484100342
mv6yaf,normal,0.7499371767044067
mpd14l,normal,0.7993752956390381
ms1cu3,normal,0.7117356061935425
mookug,normal,0.6852892637252808
mrv20z,normal,0.6858627796173096
mo3jxc,normal,0.6834086775779724
mq5y94,normal,0.6704440712928772
mpjwrl,normal,0.7182940244674683
moyjk5,normal,0.5821369290351868
mo3hzg,normal,0.7312675714492798
mo3n6k,normal,0.7678989171981812
ml3g42,normal,0.7582303881645203
mkw9ka,normal,0.7952418327331543
mfysqq,normal,0.7498366236686707
meusn6,normal,0.801923930644989
mfsxp6,normal,0.7178348302841187
mahx1b,normal,0.8052314519882202
mb5zt8,normal,0.7206858992576599
m8zwmr,normal,0.8525211811065674
m5ct7b,normal,0.7804107666015625
m4bsgm,normal,0.7929190397262573
m4mhc8,normal,0.7764747738838196
m4b0xe,normal,0.7964429259300232
m49wsq,normal,0.7825941443443298
lzf58j,normal,0.8011007905006409
m1e15c,normal,0.8087371587753296
m0jnho,normal,0.7705479264259338
lzdbwk,normal,0.742801308631897
lywl0r,normal,0.4845997095108032
lyxnax,normal,0.7937667369842529
lyyi9o,normal,0.8041113615036011
lysxbd,normal,0.7512451410293579
lxchjm,normal,0.777111291885376
lwiqz9,normal,0.7678744196891785
lwg5qh,normal,0.75075364112854
lumd2g,normal,0.7557552456855774
lu2ssg,normal,0.7560021877288818
lszbvb,normal,0.7578264474868774
loktha,normal,0.8014119863510132
lqp3h0,normal,0.689932644367218
lq82zq,normal,0.7413979768753052
lonnc3,normal,0.8004859089851379
lk3tm6,normal,0.797529935836792
lohtk5,normal,0.7930121421813965
lmttl1,normal,0.7836819291114807
lkiaf4,normal,0.7761658430099487
lk2rvk,normal,0.6545909643173218
mmz35z,normal,0.7742006182670593
mldusb,normal,0.8129374980926514
mt11jf,normal,0.6966651678085327
mqy0re,normal,0.8051929473876953
msaeht,normal,0.76682448387146
mwxpfz,normal,0.8004395961761475
llstri,normal,0.7253574728965759
mv75aj,normal,0.7265689969062805
meuvbd,normal,0.7404097318649292
m9175t,normal,0.6075735688209534
mx8qdh,normal,0.6874734163284302
mqq1j0,normal,0.7835483551025391
md4nye,normal,0.7530438899993896
moynzd,normal,0.7722760438919067
mol6y4,normal,0.7629668712615967
m39ol5,normal,0.8102743029594421
m2fce5,normal,0.7211029529571533
mwicz1,normal,0.7690389752388
lqqu7s,normal,0.6996863484382629
mp8vy4,normal,0.7945848107337952
lwnaji,normal,0.7628728151321411
lwgn7q,normal,0.7623485326766968
m9cr26,normal,0.8112651109695435
mstm8s,normal,0.7873609662055969
msdrqx,normal,0.6312022805213928
max342,normal,0.7785090208053589
mwmku3,normal,0.6848093271255493
maqm8g,normal,0.7497652173042297
mfuz6e,normal,0.748979389667511
lrfkrs,normal,0.7912843227386475
mjrydz,normal,0.7452542781829834
mizv3x,normal,0.7029284238815308
mh9uwk,normal,0.7340065240859985
l6psq1,normal,0.7952889204025269
k152bc,normal,0.8009390830993652
mp1w76,normal,0.7664002180099487
l1h025,normal,0.6849097013473511
lw22yp,normal,0.5878432989120483
m5tz7h,normal,0.7742529511451721
mg62nt,normal,0.7572718262672424
m5mpms,normal,0.7378641963005066
mpq0xu,normal,0.8014116287231445
m44cf9,normal,0.7556942105293274
m9231m,normal,0.7672675251960754
mv7vq0,normal,0.7149321436882019
mtdnaj,normal,0.8181887865066528
mlscla,normal,0.7685593962669373
lchnq1,normal,0.7331592440605164
iw3khi,normal,0.7996447086334229
lahoew,normal,0.7159818410873413
mpw7g7,normal,0.7969895601272583
lputfy,normal,0.6651316285133362
mla2o7,normal,0.703731119632721
lway0g,normal,0.7430958151817322
l8dxi9,normal,0.7692749500274658
l2xwe5,normal,0.7029646039009094
mli6ob,normal,0.7651392221450806
lmekjr,normal,0.7838816046714783
ldd7vc,normal,0.7864512205123901
meeudu,normal,0.7857391834259033
kzhho5,normal,0.5980801582336426
mn8cf2,normal,0.7407383322715759
j2vos3,normal,0.8030028343200684
martg6,normal,0.6580475568771362
mv7h91,normal,0.6466395258903503
mgzgwk,normal,0.8120555877685547
mr3qdr,normal,0.6406059265136719
ltwjs0,normal,0.6978657245635986
mbbvhh,normal,0.5301488041877747
lsz6lr,normal,0.6210595369338989
lj1ca2,normal,0.6890023350715637
l2m4m5,normal,0.807567298412323
hulhbk,normal,0.5940697193145752
hh8e20,normal,0.7645444273948669
em0uum,normal,0.5794340968132019
mf7knn,normal,0.7249912023544312
lfg2n9,normal,0.5195633172988892
mron7b,normal,0.7135793566703796
mwfp4c,normal,0.6985243558883667
mf3c5x,normal,0.6532586812973022
mj72j2,normal,0.5539630055427551
ltsm92,normal,0.666580080986023
lbw88m,normal,0.7545633316040039
l75rlr,normal,0.5562382340431213
mhdg1t,normal,0.6814346313476562
ljbb47,normal,0.5399794578552246
l4o9hr,normal,0.699244499206543
fdn976,normal,0.5572078824043274
lgei00,normal,0.6784825325012207
l8jfry,normal,0.5681582093238831
lokusu,normal,0.7758206725120544
lcwgks,normal,0.6849684119224548
lejwf2,normal,0.7524732947349548
lkvmyh,normal,0.5907462239265442
l00aj1,normal,0.65523362159729
lxp806,normal,0.7117671370506287
m4z7m1,normal,0.6364779472351074
lsnk5n,normal,0.741494357585907
ke1ztl,normal,0.6045057773590088
lzzk55,normal,0.738629162311554
m6y4db,normal,0.769942581653595
l4tzwv,normal,0.745460033416748
lebwi7,normal,0.777162492275238
l93q8v,normal,0.7794129848480225
kzc739,normal,0.7359262704849243
ladrpy,normal,0.7162693738937378
7slxhg,normal,0.7819021940231323
j8q56j,normal,0.7394216060638428
l38tua,normal,0.7956361770629883
gwuvqj,normal,0.7918417453765869
jbjcme,normal,0.7377652525901794
iy529x,normal,0.5337702631950378
ia01ze,normal,0.7612753510475159
d8jcwi,normal,0.6875086426734924
jm5ijj,normal,0.7920352816581726
fk74or,normal,0.8181348443031311
gha0u6,normal,0.794093132019043
ipine2,normal,0.7440314292907715
g7sv50,normal,0.7927342057228088
d6u46z,normal,0.7791348695755005
fj0d59,normal,0.7437727451324463
fsybk0,normal,0.5898518562316895
g2858s,normal,0.7892279624938965
8uasoj,normal,0.6076103448867798
d4ypb9,normal,0.7506122589111328
gh863n,normal,0.7724040746688843
fgnosi,normal,0.8102474808692932
fj5pla,normal,0.7302313446998596
a40gja,normal,0.8206225633621216
difatl,normal,0.7718294262886047
cy53uw,normal,0.7972601056098938
foum6i,normal,0.6425091028213501
98c0s1,normal,0.7626165151596069
db26v4,normal,0.7837928533554077
8jex5n,normal,0.7915617227554321
bd5wpc,normal,0.7975765466690063
d31cw2,normal,0.7197799682617188
8i6xrr,normal,0.7387800216674805
dw47oy,normal,0.8133635520935059
9bfjjv,normal,0.7533413171768188
coc1l0,normal,0.7419575452804565
d5heg7,normal,0.7127410769462585
f30nqv,normal,0.8003455996513367
diyten,normal,0.8119767904281616
f2gpew,normal,0.8070765733718872
9ihl6b,normal,0.8030195236206055
cee7bv,normal,0.7645244598388672
dkqy6m,normal,0.7689208388328552
bbi7h0,normal,0.7816839814186096
gkxwr2,normal,0.8004981279373169
lnnpgc,normal,0.7621515393257141
bfgwlf,normal,0.8162655234336853
c3zii0,normal,0.8204624056816101
7jkcfq,normal,0.8081367015838623
6toi0q,normal,0.7447110414505005
c3zczm,normal,0.8135841488838196
37g2mp,normal,0.7645711898803711
4l1mi5,normal,0.7669558525085449
78hdr9,normal,0.7895756363868713
8k4f6t,normal,0.7893866896629333
97o5qe,normal,0.7754518389701843
234ipf,normal,0.7532146573066711
be1def,normal,0.7743933200836182
8014uo,normal,0.6539616584777832
g945rv,normal,0.6971001625061035
cp14mv,normal,0.8057721853256226
e4h59e,normal,0.7654855847358704
7uwplk,normal,0.8045838475227356
8do8sk,normal,0.7893834114074707
8g8l60,normal,0.7224575281143188
lifmcq,normal,0.5989711880683899
msd0au,normal,0.802040696144104
jiicxf,normal,0.5929316878318787
jxv7in,normal,0.606528103351593
mwbmj7,normal,0.8169062733650208
mr2pb8,normal,0.7986317276954651
m6pt05,normal,0.7874541878700256
mldwix,normal,0.7441864013671875
lyyi27,normal,0.7734593749046326
mg6ot5,normal,0.7376514673233032
mg0tlp,normal,0.813412606716156
llbbi6,normal,0.767637312412262
kxchne,normal,0.4990500509738922
m5von1,normal,0.6544517278671265
djegfo,normal,0.7740407586097717
f7sf1g,normal,0.6601138710975647
lz0ul2,normal,0.7736656069755554
ltoftd,normal,0.8039905428886414
ltrc9p,normal,0.759434700012207
9hshu1,normal,0.6189782619476318
lz38rl,normal,0.7603832483291626
ma96em,normal,0.7822372317314148
lxvy3b,normal,0.7799783945083618
eir8hu,normal,0.7874900698661804
lly5js,normal,0.681725263595581
becgdo,normal,0.7043229341506958
lpssce,normal,0.7840458750724792
ezji0v,normal,0.8195131421089172
ltvgp2,normal,0.7039699554443359
m0nwm3,normal,0.7507121562957764
btsjy6,normal,0.7729781270027161
lqqzkn,normal,0.7904602885246277
lkb0m2,normal,0.7191327214241028
7k7htp,normal,0.7841822504997253
7pjkt6,normal,0.7687309980392456
l0kb1w,normal,0.7717496752738953
londs3,normal,0.7774587273597717
ldb79e,normal,0.7500368356704712
l5uofr,normal,0.8015636801719666
ltcuy8,normal,0.7679599523544312
ltmzyj,normal,0.730295717716217
lj91gz,normal,0.7788740396499634
conk0v,normal,0.7625328302383423
ar5tik,normal,0.7956882119178772
lo1awj,normal,0.7414612174034119
mpgmla,normal,0.7907737493515015
m90usi,normal,0.7590847611427307
mk45eo,normal,0.7604680061340332
lmx0r9,normal,0.6061551570892334
mugfx9,normal,0.8313223123550415
jbf0gq,normal,0.7059842348098755
lw5xm2,normal,0.6932699680328369
lob9o7,normal,0.706274151802063
lvc4zn,normal,0.7486640810966492
lo4l6v,normal,0.809039831161499
mogcq1,normal,0.6877772212028503
lp0us2,normal,0.8345921635627747
lpf3hb,normal,0.7878203392028809
m3nkem,normal,0.7988477349281311
azk11m,normal,0.7825587391853333
mmwbnw,normal,0.7341240048408508
elpuel,normal,0.8068727850914001
lqygz6,normal,0.7977341413497925
bavfd8,normal,0.6219825148582458
l779zv,normal,0.6061685085296631
bgc9s9,normal,0.7716498374938965
lpu3w1,normal,0.6732550859451294
l3mi8i,normal,0.8087838888168335
8ezscu,normal,0.7971866726875305
e9qq9p,normal,0.7872909307479858
lwia4w,normal,0.7249920964241028
lq0liz,normal,0.7753863334655762
kinz2j,normal,0.76397705078125
ajvs27,normal,0.8011902570724487
coumuk,normal,0.7891547679901123
bmx3wn,normal,0.7478310465812683
2zk6ju,normal,0.8292696475982666
9qd8g3,normal,0.8081667423248291
birfdv,normal,0.7321860194206238
8c2q1g,normal,0.7384640574455261
lwxdvb,normal,0.8121564388275146
lvu8zj,normal,0.5810047388076782
kwxjsh,normal,0.7140257358551025
lhpeoh,normal,0.7689459919929504
le0bp5,normal,0.689758837223053
mscdm5,normal,0.7984544038772583
kkusfy,normal,0.7248485684394836
mu2f4z,normal,0.7443409562110901
k6fsem,normal,0.7480829358100891
kfz65j,normal,0.8230424523353577
lsoy24,normal,0.7811799049377441
l9374f,normal,0.765409529209137
lo6ck8,normal,0.7768768668174744
mnvobp,normal,0.7426812052726746
dbji2e,normal,0.7650692462921143
lnjh80,normal,0.7696947455406189
lt0iaj,normal,0.7861233353614807
mn819p,normal,0.6303625106811523
milo43,normal,0.6741160154342651
miahh3,normal,0.6510280966758728
lpeun7,normal,0.7990673184394836
mh8no8,normal,0.7641813158988953
gi7wkk,normal,0.7629145979881287
m85adz,normal,0.7963482737541199
mo6t8u,normal,0.7464340925216675
lkm0g5,normal,0.7595735192298889
ky7rko,normal,0.7667924165725708
muu0j9,normal,0.6830395460128784
monj2y,normal,0.7162318825721741
mmqqzs,normal,0.6927784085273743
lzbled,normal,0.7483508586883545
lv70ct,normal,0.784217357635498
meqmj9,normal,0.752593457698822
ljhadn,normal,0.7158219218254089
mgm7s1,normal,0.8003568053245544
lih4bz,normal,0.7246655821800232
lj4oc2,normal,0.727591872215271
m334w1,normal,0.7941594123840332
lwwid1,normal,0.689824104309082
lm1zqi,normal,0.7572937607765198
ldz9ja,normal,0.8092564940452576
m4h9rw,normal,0.7254195213317871
m8y5dr,normal,0.6522288918495178
m5igfp,normal,0.718108594417572
mlq2g5,normal,0.7836483120918274
ltpniy,normal,0.8289711475372314
md7xvh,normal,0.7961030602455139
mhl14d,normal,0.7796594500541687
mubmkr,normal,0.8199183940887451
mee98s,normal,0.7935588955879211
lgym0j,normal,0.6723028421401978
le3psm,normal,0.7593002319335938
ksks6o,normal,0.7795582413673401
ly4wpq,normal,0.7702799439430237
mibb4c,normal,0.6798157691955566
m54rux,normal,0.8095324635505676
lwxkgx,normal,0.816987931728363
lxoj5l,normal,0.6654307246208191
kwos7m,normal,0.7816535234451294
m2q6w8,normal,0.7874761819839478
ko31pa,normal,0.8459093570709229
l690oa,normal,0.7668941617012024
mx38x7,normal,0.7850139737129211
jrlexc,normal,0.8106935620307922
mss8zw,normal,0.7475239634513855
mdev7v,normal,0.7312526702880859
mtcx44,normal,0.7729640007019043
96t8it,normal,0.6565168499946594
kc0b9u,normal,0.7508448958396912
gdqp0z,normal,0.7217797040939331
mp42mq,normal,0.8082187175750732
mprpld,normal,0.7601752281188965
fd6ivm,normal,0.7139736413955688
jluew3,normal,0.7074344158172607
jf78zo,normal,0.8417021036148071
mwmc06,normal,0.773835301399231
j9aisg,normal,0.8162418603897095
igev10,normal,0.733839750289917
me33bp,normal,0.7608447670936584
mal5j3,normal,0.6931138634681702
jd20ee,normal,0.8341752886772156
mw6pc8,normal,0.8184041976928711
kvrpp8,normal,0.7372508645057678
mj5e1f,normal,0.7413119673728943
moqy2z,normal,0.7633890509605408
mvs1d5,normal,0.7922853231430054
lx7xmm,normal,0.7935283780097961
m7usqs,normal,0.8264335989952087
m7uybn,normal,0.8261094093322754
lx5lk9,normal,0.7443380355834961
mrx1p3,normal,0.7990821599960327
mw5dtq,normal,0.8042790293693542
lbud5b,normal,0.7683031558990479
mgl81j,normal,0.7637984156608582
m6njzk,normal,0.784396767616272
mr4gna,normal,0.7574129104614258
kd1i98,normal,0.7701157331466675
mi7u2u,normal,0.7794443368911743
mru8fm,normal,0.8107161521911621
mvkkwm,normal,0.7664363384246826
k56rzw,normal,0.7064430713653564
ksy8yi,normal,0.7305264472961426
ko52cp,normal,0.7879064679145813
mu6fnk,normal,0.7982150316238403
lq3n7f,normal,0.7608707547187805
m5nq1m,normal,0.7136076092720032
ko3oqq,normal,0.8137194514274597
kalnaj,normal,0.8390836715698242
mhiv0s,normal,0.528759777545929
m9b3to,normal,0.7697347402572632
m08ae5,normal,0.8309653401374817
ln0wnq,normal,0.7695761322975159
m1k0dr,normal,0.7809402942657471
kx9s45,normal,0.706386387348175
krtzaz,normal,0.7866025567054749
lrl5qu,normal,0.7597994208335876
lq7zq9,normal,0.7940064668655396
lim1l1,normal,0.759742021560669
lsh747,normal,0.804295539855957
lg4l63,normal,0.7967709302902222
jxet57,normal,0.7774329781532288
jrllhe,normal,0.7080458998680115
lts846,normal,0.7309442162513733
m78m38,normal,0.8355458378791809
m3nfho,normal,0.78130704164505
liyvyi,normal,0.6672887206077576
lscp5o,normal,0.8086439967155457
m98u7j,normal,0.7981637716293335
lrjnni,normal,0.8680523037910461
lij7si,normal,0.7854672074317932
lf0f2h,normal,0.8139660954475403
lorvng,normal,0.696071207523346
lo9ngh,normal,0.7634701728820801
im1oct,normal,0.7693204879760742
lho204,normal,0.7963621020317078
mf8lir,normal,0.7994016408920288
mpa821,normal,0.7582777142524719
mwixu1,normal,0.7840089201927185
m4c1ef,normal,0.7904084920883179
mtmqtd,normal,0.6869019865989685
mej3ad,normal,0.791218638420105
mqeerd,normal,0.8149881958961487
me4mzj,normal,0.7966583967208862
m3nhqv,normal,0.7651164531707764
lyd52f,normal,0.7468163967132568
mdtlwj,normal,0.7815471887588501
mr6qr0,normal,0.8267433643341064
mnau9z,normal,0.788163423538208
m9fpgb,normal,0.7182272672653198
m83s1q,normal,0.736869215965271
m54dd6,normal,0.7011270523071289
l9qoac,normal,0.7678199410438538
mc64ph,normal,0.7500048875808716
lqw07c,normal,0.7224898934364319
mqw9e0,normal,0.7522756457328796
mt1vc9,normal,0.8393489718437195
ln4kej,normal,0.7665505409240723
mtowqz,normal,0.8044200539588928
mqnz5n,normal,0.5674905180931091
l62geg,normal,0.7993758916854858
mfen5d,normal,0.754071056842804
mwcxxt,normal,0.7446362376213074
mdg8ai,normal,0.7868428230285645
mqc6sr,normal,0.7771777510643005
mrgj97,normal,0.5751597285270691
lsqdam,normal,0.8053357005119324
mpgyjh,normal,0.7441285848617554
kxw7kv,normal,0.5833629369735718
msxfmg,normal,0.7690436840057373
mkmbj0,normal,0.819905161857605
lr32ly,normal,0.8018158674240112
l085d6,normal,0.7644297480583191
mu17eu,normal,0.7751327753067017
mw94zb,normal,0.7898739576339722
mob66i,normal,0.8163053393363953
mp6e0b,normal,0.832045316696167
miqeb0,normal,0.7976250648498535
mvkrsy,normal,0.78557288646698
mem6d6,normal,0.775884747505188
mwkjuy,normal,0.8113816976547241
lkix26,normal,0.7997540235519409
mtsm9a,normal,0.832045316696167
ln0p8w,normal,0.7905189990997314
kysurb,normal,0.722316563129425
kyb7nd,normal,0.6883354187011719
jzs5ik,normal,0.8056694269180298
jbo3q1,normal,0.8162729740142822
htma2y,normal,0.7653487324714661
hl6sov,normal,0.7440630197525024
gd5imw,normal,0.5559813976287842
g1cdct,normal,0.7850170135498047
g0wjsx,normal,0.7210136651992798
edl8tn,normal,0.761326014995575
daj0o1,normal,0.7704021334648132
d9uqps,normal,0.8030077219009399
d0r0rp,normal,0.8121460676193237
cfdi3z,normal,0.7743258476257324
ceomo9,normal,0.7649356126785278
bksdr7,normal,0.7510442733764648
bko3g5,normal,0.7735934257507324
b8ycmd,normal,0.8010597229003906
b27ux4,normal,0.7511997818946838
azgp8h,normal,0.8302487134933472
aoasgl,normal,0.7811322212219238
alttqf,normal,0.7982207536697388
8rs67n,normal,0.7786917686462402
4gqlh2,normal,0.7661619186401367
dm4v9c,normal,0.7731801271438599
d9bezz,normal,0.779667317867279
jr21qt,normal,0.834720253944397
lhk4ow,normal,0.7922836542129517
jspvk7,normal,0.8276188373565674
iw4v9y,normal,0.716552197933197
ihu7d3,normal,0.6722246408462524
i3eyhz,normal,0.8116878271102905
aam794,normal,0.7994850873947144
mpgmt8,normal,0.7907737493515015
ku7ze2,normal,0.7849553227424622
kzat9j,normal,0.7031005620956421
l79dcx,normal,0.6061685085296631
jvy1fn,normal,0.7959693670272827
g2q35c,normal,0.770423412322998
jojbrw,normal,0.8184614777565002
kx9uzu,normal,0.8034385442733765
lrjnfx,normal,0.8144505023956299
mv2u18,normal,0.7459637522697449
lhl311,normal,0.6664150357246399
d9xk3k,normal,0.7902799844741821
bdwktl,normal,0.6860511302947998
bdepk9,normal,0.8003764748573303
azyayv,normal,0.8036827445030212
mrol05,normal,0.7554234862327576
mo6pxl,normal,0.7670542001724243
m6gkdd,normal,0.8036486506462097
li1845,normal,0.800510823726654
lrkyoi,normal,0.7838832139968872
l24fvw,normal,0.7926759719848633
lje8lt,normal,0.7443954348564148
l79r7n,normal,0.7745149731636047
jgvcq5,normal,0.7802237868309021
jkp19c,normal,0.7896194458007812
mwe1ow,normal,0.7627968788146973
m861s8,normal,0.7590823769569397
i6ewnv,normal,0.74222731590271
hnqxkf,normal,0.7060515880584717
jab7tr,normal,0.6926838159561157
m2v2mp,normal,0.7711557745933533
mgsth7,normal,0.7631513476371765
lz79dm,normal,0.8029640316963196
fc29dv,normal,0.7916191220283508
hmlya4,normal,0.7432153820991516
m7kxu2,normal,0.7678682804107666
le8lbz,normal,0.7138552069664001
lmr4gz,normal,0.8008274435997009
lfy1h0,normal,0.7634385824203491
fg0r9y,normal,0.7995510697364807
cz9zvj,normal,0.7613368630409241
l56fn4,normal,0.7268234491348267
dhjnuy,normal,0.763757586479187
e1ybzt,normal,0.7882979512214661
l7vjlg,normal,0.8481505513191223
an9a1o,normal,0.7790895104408264
kp8hi0,normal,0.7690685987472534
kjllb5,normal,0.7526979446411133
bv15uu,normal,0.7847067713737488
jhfbyf,normal,0.7539330124855042
jd4scd,normal,0.8300365805625916
jillur,normal,0.7852436900138855
j9perh,normal,0.785345196723938
i5zdfi,normal,0.7879829406738281
hr79ow,normal,0.7277272939682007
j1qt95,normal,0.8104565739631653
l2s95u,normal,0.7977186441421509
iwwadq,normal,0.7644271850585938
i5ppvz,normal,0.6557326912879944
hx97fe,normal,0.7663848996162415
hp3s2m,normal,0.8117468953132629
bn62me,normal,0.7901034951210022
e8fwak,normal,0.7374562621116638
btbc7k,normal,0.7789046764373779
jgwl9o,normal,0.8167791962623596
mqapti,normal,0.8184934854507446
kb45tk,normal,0.7343714833259583
jcqu76,normal,0.8118167519569397
j4gida,normal,0.7856677174568176
lv0jev,normal,0.7948315143585205
lr38h4,normal,0.6908981204032898
luqrqf,normal,0.7702612280845642
lssrdc,normal,0.8029830455780029
frkzik,normal,0.7169420123100281
lpfl9v,normal,0.7948315143585205
lk66ht,normal,0.7948315143585205
lf4ifj,normal,0.7948315143585205
m9dkep,normal,0.7859094142913818
m8xw67,normal,0.7955166101455688
fqbo6a,normal,0.8155474662780762
fg2rum,normal,0.7056484222412109
ktupq1,normal,0.7192074060440063
l4gg33,normal,0.7948315143585205
kznmg1,normal,0.7948315143585205
kfbqfy,normal,0.7518526911735535
kfdsxj,normal,0.7542791962623596
kv35x6,normal,0.8018417358398438
ixrsz5,normal,0.7197102308273315
kcyrqb,normal,0.8231347799301147
krnrvt,normal,0.8018417358398438
f4wo8k,normal,0.6702550053596497
klrn0j,normal,0.8231347799301147
khikvf,normal,0.8231347799301147
k3wwt9,normal,0.8231347799301147
k8hpo0,normal,0.8231347799301147
jzipg7,normal,0.8231347799301147
jv7rqw,normal,0.8231347799301147
b23b9n,normal,0.8117496371269226
je2sb3,normal,0.8231347799301147
k85740,normal,0.812667191028595
jqyoyd,normal,0.8231347799301147
i8r90g,normal,0.7844361662864685
jmoicc,normal,0.8231347799301147
jifocf,normal,0.8231347799301147
j9s0km,normal,0.8231347799301147
j5kipy,normal,0.8231347799301147
haccvz,normal,0.7931573390960693
89fuo1,normal,0.6426148414611816
io8jfi,normal,0.8231347799301147
ijz4y2,normal,0.8231347799301147
8e6923,normal,0.7488555312156677
kt43jb,normal,0.8292872309684753
jrleu4,normal,0.8106935620307922
lqeund,normal,0.7835052013397217
ir5x1v,normal,0.7591536641120911
hj6zf0,normal,0.773004949092865
j8d4bk,normal,0.7997021675109863
l8yczc,normal,0.7478818893432617
euthgv,normal,0.7954038381576538
bjhcjy,normal,0.804119348526001
hrduj1,normal,0.7955811023712158
hyvt6e,normal,0.8000993132591248
gmi85d,normal,0.6939483880996704
fwrh79,normal,0.7369657158851624
dbx7to,normal,0.7858045101165771
ftu8vu,normal,0.7818874716758728
axtrx7,normal,0.7774466872215271
av488y,normal,0.7992638945579529
aaglsc,hate speech,0.3855035603046417
6j3gk2,normal,0.7071956992149353
axjzfs,normal,0.7242764234542847
7vu8nc,normal,0.7009903788566589
ih3ucl,normal,0.7465569972991943
g0nj3i,normal,0.786672055721283
ash4em,normal,0.7780970335006714
ltyli3,normal,0.7865675687789917
m53lpq,normal,0.7808631062507629
ma27o9,normal,0.7953376173973083
mkwoqe,normal,0.772289514541626
mvi8ub,normal,0.620488166809082
j95pkr,normal,0.8164516687393188
mhk37d,normal,0.7182728052139282
mfta7m,normal,0.7980345487594604
gf99jh,normal,0.7234152555465698
gg44k0,normal,0.7478523850440979
jt4je9,normal,0.8092268705368042
hfa95u,normal,0.7997033596038818
hq5ewq,normal,0.8033487796783447
c5pjii,normal,0.7582967281341553
dh9zam,normal,0.8230607509613037
aw3ien,normal,0.7667288184165955
9kooym,normal,0.6823465824127197
8qd5mo,normal,0.7905063033103943
4nn06g,normal,0.7831082940101624
lh396y,normal,0.7760964035987854
lk4lvr,normal,0.7824531197547913
laxhfi,normal,0.7799302935600281
l4ov4s,normal,0.7915513515472412
l49m5x,normal,0.788851261138916
kash9l,normal,0.83772873878479
iw5zni,normal,0.7810497879981995
fh3n8z,normal,0.747678279876709
ea45d0,normal,0.8166055083274841
e7j7s5,normal,0.8356587290763855
awycfy,normal,0.7968023419380188
8eeql9,offensive,0.49229684472084045
4f39qe,normal,0.7339240908622742
i31160,normal,0.7569208741188049
d6gmuz,normal,0.7384276390075684
bht2aq,normal,0.8326199650764465
muen4z,normal,0.7956952452659607
mmhinz,normal,0.8098952770233154
jqfsaz,normal,0.7699180841445923
f7g5on,normal,0.7951002717018127
dvfjmi,normal,0.7697178721427917
cuorzl,normal,0.7889301776885986
9srqe2,normal,0.5326959490776062
ihw6zl,normal,0.7781819701194763
m3e1iu,normal,0.463761568069458
mugb5i,normal,0.6645387411117554
lttjjv,normal,0.7635222673416138
mo7c0p,normal,0.7846207618713379
lu2y6s,normal,0.7775799036026001
luvzlm,normal,0.824163019657135
i9c17s,normal,0.6397269368171692
mt3zq5,normal,0.8366827368736267
maz0ca,normal,0.7084794044494629
jhd6ft,normal,0.7479958534240723
ml67kz,normal,0.6925287246704102
mtmucb,normal,0.6357675790786743
mr9p7x,normal,0.8174301981925964
j7dazw,normal,0.7787879109382629
mjt73d,normal,0.8315457701683044
mit9s1,normal,0.7361061573028564
l4tmyq,normal,0.7679057121276855
l06vgu,normal,0.7347265481948853
kl6s33,normal,0.5703946352005005
lzm52a,normal,0.6221157312393188
jmyqim,normal,0.8033031821250916
jtiz18,normal,0.749321699142456
mfrfmo,normal,0.7344886064529419
lk8gdx,normal,0.8004436492919922
hpijq7,normal,0.7725508213043213
fjs66r,normal,0.742337703704834
lk7mle,normal,0.7099560499191284
i181e3,normal,0.7348999977111816
lgoexu,normal,0.8010808825492859
kuhbof,normal,0.8238164186477661
kopili,normal,0.7280887365341187
lrnoyh,normal,0.813782811164856
komaiz,normal,0.8206079602241516
kyqw8o,normal,0.7949632406234741
lr0lwx,normal,0.7228953838348389
kkj5ji,normal,0.7154922485351562
jzmg12,normal,0.7809844017028809
km5s8s,normal,0.8212217092514038
jttehq,normal,0.6207650899887085
lx5vjj,normal,0.7897963523864746
l81ox9,normal,0.7442315220832825
jzi5to,normal,0.840514063835144
msl44k,normal,0.7966901659965515
k79end,normal,0.7987343072891235
m45njn,normal,0.787760317325592
kqmxne,normal,0.8004394769668579
kmy79c,normal,0.8268210887908936
hq5xkh,normal,0.8106290698051453
k4l448,normal,0.7916534543037415
llthqh,normal,0.7768189311027527
mx91oh,normal,0.8068437576293945
mw2mad,normal,0.8191799521446228
mocctv,normal,0.7909401655197144
lvtdi5,normal,0.7915919423103333
lb5n39,normal,0.7726064324378967
kc4tqp,normal,0.5449414849281311
jctdlx,normal,0.7557036280632019
gppkqv,normal,0.7579212784767151
gbrk9a,normal,0.7514362335205078
eo33mh,normal,0.7919861674308777
lap15s,normal,0.7464998364448547
bton5i,normal,0.7206536531448364
lmxhow,normal,0.7676365375518799
g5fnpx,normal,0.77312171459198
mnd2t3,normal,0.7711412310600281
lkx01w,normal,0.7629521489143372
hk12i1,normal,0.8040180206298828
jztqay,normal,0.7353246212005615
l5w5pm,normal,0.744297981262207
lmseel,normal,0.7802054286003113
m2j56m,normal,0.8073517680168152
l2rpdw,normal,0.7313277125358582
euip1a,normal,0.7980071306228638
ml0voe,normal,0.7667727470397949
mbuior,normal,0.7927832007408142
lpwqup,normal,0.6496744751930237
1qrbu9,normal,0.7862690091133118
9p25f1,normal,0.7721201181411743
ac0riu,normal,0.785422682762146
6pnrid,normal,0.7480469346046448
92r5wz,normal,0.7445790767669678
d2gaaj,normal,0.8026726841926575
9l6yx0,normal,0.7734666466712952
1135n9,normal,0.7867079973220825
694p83,normal,0.7841566801071167
la7n1z,normal,0.8033291697502136
b4lwu4,normal,0.76214200258255
a6ktbl,normal,0.8299024701118469
kacxfz,normal,0.7845929861068726
li4l5w,normal,0.7541083097457886
2a1lyf,normal,0.7863402366638184
cran3n,normal,0.7938114404678345
2dwdkg,normal,0.7561905384063721
25kqqv,normal,0.768220841884613
4tgui9,normal,0.6224124431610107
2yroqs,normal,0.7848387956619263
kin2dt,normal,0.765010416507721
2zz6tk,normal,0.7705001831054688
212kj0,normal,0.7668431997299194
kypca9,normal,0.7091946005821228
mxin93,normal,0.7748034596443176
mv77lb,normal,0.7171242833137512
mvrjvf,normal,0.7921214699745178
msvbz5,normal,0.8575946092605591
msvbx8,normal,0.8617717027664185
msvbhb,normal,0.8634477853775024
mrsvmk,normal,0.5821768641471863
mr2tu5,normal,0.8536415696144104
ms2wsp,normal,0.8212106227874756
mr2svk,normal,0.8548409938812256
mr2sm3,normal,0.8554649949073792
mram3h,normal,0.7721093893051147
mohhwj,normal,0.809004008769989
mm4bmp,normal,0.8309690952301025
mj1rjj,normal,0.49517378211021423
mgxr0r,normal,0.7918857336044312
mgmnrx,normal,0.7710052728652954
mehv42,normal,0.8119741082191467
md4o8w,normal,0.7870948910713196
mcwkfh,normal,0.723720133304596
m9vcvt,normal,0.7288047671318054
m7d2bn,normal,0.6951621770858765
m5o22f,normal,0.7699816823005676
m5vwrz,normal,0.7425387501716614
m32fov,normal,0.8366907238960266
m03tqx,normal,0.6846002340316772
lzk2u3,normal,0.7803871035575867
lz8xlf,normal,0.8068791627883911
lyxkha,normal,0.6871405243873596
lxcd7b,normal,0.7814369797706604
lu612s,normal,0.7840650081634521
log8gt,normal,0.6798720359802246
lopcqy,normal,0.8168459534645081
lja1d8,normal,0.8149672746658325
lj2atd,normal,0.7320047616958618
li4abd,normal,0.7334757447242737
le5ru7,normal,0.7484204173088074
lea3ej,normal,0.8024608492851257
lcsedn,normal,0.8044821619987488
l7mrxf,normal,0.729315996170044
l5rhhm,normal,0.7247771620750427
l4mop1,normal,0.7959022521972656
l0wa3r,normal,0.7385928630828857
kyw6m7,normal,0.8096257448196411
ksgovf,normal,0.559395968914032
krxhhv,normal,0.7857250571250916
kqa0s2,normal,0.7578296661376953
kne9ks,normal,0.8050602674484253
kjk95b,normal,0.67577064037323
kehoaa,normal,0.7538230419158936
lfx5r5,normal,0.7379271984100342
lupggf,normal,0.781090259552002
kzz2f9,normal,0.6742708086967468
jsirdt,normal,0.7543892860412598
mi4ef2,normal,0.7787447571754456
mvc5xw,normal,0.8226660490036011
hgthgi,normal,0.7561472654342651
mpi9ef,normal,0.7194541692733765
m7r06b,normal,0.6737779378890991
lule9a,normal,0.7125188708305359
l6y31w,normal,0.7829609513282776
7gnnz9,normal,0.8225064873695374
j6kasd,normal,0.7736929655075073
jv0q5u,normal,0.8107543587684631
aajgsw,normal,0.7439420223236084
ln7wz9,normal,0.8021261692047119
ffyvir,normal,0.7806527614593506
hturls,normal,0.8207213282585144
lkmga0,normal,0.757381021976471
ktm2c7,normal,0.780672550201416
kuzf8e,normal,0.7980392575263977
c52mlq,normal,0.8347225189208984
2ywfo2,normal,0.7935124635696411
kaio7m,normal,0.6613299250602722
k8ewgy,normal,0.7678035497665405
227dan,normal,0.8043791651725769
hb1t1d,normal,0.7835938334465027
bwey33,normal,0.8109242916107178
4z1exs,normal,0.7580869793891907
koncqx,normal,0.7235993146896362
jln3rq,normal,0.8417338728904724
k4701s,normal,0.8431104421615601
8qw3sq,normal,0.796065628528595
ke51kr,normal,0.8194499611854553
kj1fc2,normal,0.8463512659072876
42xice,normal,0.7988995313644409
4i744t,normal,0.8111843466758728
jpcigp,normal,0.7214863300323486
hxkaj9,normal,0.8148171305656433
hjyqut,normal,0.7865471243858337
j2le98,normal,0.839357316493988
ncz4n,normal,0.621891975402832
dt0h5f,normal,0.7177595496177673
7qo91c,normal,0.7958160042762756
jz7oq9,normal,0.7049595713615417
ifhx8n,normal,0.6969104409217834
jl475k,normal,0.8331753611564636
4xjdpn,normal,0.7711920142173767
kwccb2,normal,0.725761890411377
e0gw9j,normal,0.7797664403915405
5tg9ui,normal,0.5555727481842041
zgrcl,normal,0.626446008682251
2aoiyh,normal,0.7982239723205566
3xwe5h,normal,0.7329342365264893
1lukyh,normal,0.7918128371238708
mi1k02,normal,0.7785148024559021
l8xgqz,normal,0.6015570759773254
maaytr,normal,0.7986533045768738
m2i4fu,normal,0.7907570600509644
mory9v,normal,0.7705097198486328
khnd6h,normal,0.7905364036560059
hzkild,normal,0.7963253259658813
lkv3gs,normal,0.6095224618911743
joo9gq,normal,0.7459862232208252
le5lxk,normal,0.7757468819618225
jmi1oq,normal,0.7356266975402832
m9g7n6,normal,0.7942882776260376
mapujh,normal,0.6940951347351074
mx3539,normal,0.8140831589698792
mffy6t,normal,0.8054192662239075
md49tt,normal,0.6699768900871277
mehs6u,normal,0.6837650537490845
khoqze,normal,0.7940852642059326
ktzhij,normal,0.8074941635131836
mfe5uu,normal,0.7157055139541626
l0zk4t,normal,0.7769113183021545
mg72qq,normal,0.7676982283592224
m0qfyc,normal,0.7954884171485901
jfm3ec,normal,0.7098372578620911
m97o5p,normal,0.7236365079879761
jufmps,normal,0.6579030752182007
mhjtg2,normal,0.8106629848480225
h9ac88,normal,0.8186368942260742
if2r9m,normal,0.7493969798088074
kxda1m,normal,0.7646722793579102
mlv0eo,normal,0.8040677309036255
mjxum5,normal,0.7278069853782654
mpud5r,normal,0.8074787259101868
m90if8,normal,0.7237227559089661
mhyn8g,normal,0.7008913159370422
mc7ocm,normal,0.7314072847366333
lzvnfp,normal,0.8102527856826782
clxdus,normal,0.7744522094726562
j2w7by,normal,0.7472473382949829
koak1y,normal,0.7227779626846313
ibtl0c,normal,0.805820882320404
ltlxwt,normal,0.7948505282402039
m9pdvf,normal,0.5190154314041138
d980ie,normal,0.7769244313240051
ldekef,normal,0.8212844729423523
mkctd0,normal,0.7002384066581726
hz2pep,normal,0.8313392400741577
gtbre9,normal,0.7847275733947754
lpg0oe,normal,0.837031364440918
gzbon7,normal,0.7410339713096619
hf2c6l,normal,0.7740160822868347
lfeaid,normal,0.7544555068016052
gt3sb3,normal,0.7260611653327942
6yt3qx,normal,0.7831895351409912
m71i6f,normal,0.7755210399627686
bbdr8c,normal,0.623334527015686
asmk5w,normal,0.8246737718582153
g3go89,normal,0.7717598676681519
b9jnih,normal,0.8228158950805664
kc7kpr,normal,0.7906773686408997
evrq76,normal,0.7560532689094543
lf0860,normal,0.7952530980110168
2ub6xg,normal,0.7608420252799988
b3yt3j,normal,0.8156368732452393
ju3ru0,normal,0.7731072306632996
dhwwga,normal,0.824787437915802
j5vnkg,normal,0.7910380363464355
k6wag3,normal,0.8173192739486694
3ow9ns,normal,0.7654449343681335
b9k4nj,normal,0.8061121106147766
eyvbhf,normal,0.7855259776115417
9dsd2r,normal,0.7576943635940552
bbbo3z,normal,0.764927089214325
aov2xo,normal,0.7546788454055786
1gt1i7,normal,0.7807710766792297
1q6cjy,normal,0.8132935762405396
dkqdj5,normal,0.7555083632469177
ht9qkl,normal,0.7891631126403809
6j6fn0,normal,0.769412100315094
tjnxf,normal,0.8136962652206421
329lxl,normal,0.7843601107597351
hk42qs,normal,0.7630539536476135
fllamd,normal,0.7590909600257874
f3bpbp,normal,0.7935327291488647
4i3xc4,normal,0.8003390431404114
1qh6w7,normal,0.7168697118759155
3l8imm,normal,0.6246675848960876
4y07nw,offensive,0.49683764576911926
c6cwiw,normal,0.7425402998924255
igukj,normal,0.7147541046142578
4ar28d,normal,0.7647133469581604
dedj16,normal,0.7934721112251282
2u64yl,normal,0.7071791291236877
mdpbzy,normal,0.7052062153816223
lxsgoj,normal,0.8119111657142639
ka6neo,normal,0.8335418105125427
kwzlfk,normal,0.7999840974807739
inmxoz,normal,0.7772303819656372
lbc49w,normal,0.7937516570091248
mbdcpy,normal,0.7979314923286438
j22j6z,normal,0.8095237612724304
lkdiqx,normal,0.7728002071380615
jgs0dn,normal,0.7704287767410278
m471cz,normal,0.7305014729499817
lknk7n,normal,0.8060671091079712
fxa59w,normal,0.7598896026611328
m9a5bg,normal,0.7851907014846802
mcg7bo,normal,0.835807204246521
mc29v8,normal,0.8252748847007751
ilkfyh,normal,0.7721083164215088
grrao1,normal,0.8280422687530518
mpluim,normal,0.8302710652351379
ena50q,normal,0.8038683533668518
meyu6j,normal,0.7031698822975159
litb89,normal,0.818221926689148
mpk86q,normal,0.8048607110977173
m6gw72,normal,0.8231626152992249
mrapca,normal,0.7368889451026917
fcg7hf,normal,0.7998316884040833
h7qrpv,normal,0.8029149174690247
jw1ztc,normal,0.6918854117393494
e2bran,normal,0.7939284443855286
mgu4d3,normal,0.7621843814849854
lwtzwd,normal,0.7919470071792603
g8r1i5,normal,0.7832736372947693
elx6dz,normal,0.6696144938468933
ml0pve,normal,0.7083649635314941
m5d7y1,normal,0.8086458444595337
l9es9b,normal,0.736651599407196
a3wpsr,normal,0.7415503859519958
g0px78,normal,0.7949858903884888
i2fbi0,normal,0.7996469736099243
b8ownq,normal,0.8382999897003174
kbcwe5,normal,0.7288416624069214
fj1lme,normal,0.7339885234832764
juy7z4,normal,0.7776870727539062
hy7jte,normal,0.7990493774414062
dm9xzf,normal,0.8225587606430054
luzhcm,normal,0.7267495393753052
ipmgs1,normal,0.8152029514312744
mi99hr,normal,0.7597411870956421
j2a2qh,normal,0.764701783657074
jtdspd,normal,0.7570855617523193
bodsyp,normal,0.7921546697616577
kdynxy,normal,0.7504754066467285
7viovy,normal,0.7955336570739746
187201,normal,0.7274987101554871
g6fbfv,normal,0.737009584903717
dvvx0h,normal,0.7601763606071472
ghy0ex,normal,0.7528939843177795
ewsqbo,normal,0.7557483911514282
gt9kia,normal,0.6416175365447998
d614g,normal,0.6870442628860474
fcw44l,normal,0.6905980110168457
fsedqb,normal,0.496693879365921
fzjic5,normal,0.8035322427749634
6jpda5,normal,0.741563081741333
d7o3fp,normal,0.801256000995636
88ugj9,normal,0.7398990988731384
1971wr,normal,0.7410827875137329
3hgh3n,normal,0.7341217994689941
bp1cru,normal,0.7337157726287842
akga5v,normal,0.6800525188446045
dqfc06,normal,0.7333903908729553
88jju7,normal,0.8077880144119263
9wky1d,normal,0.7876419425010681
4kyso7,normal,0.5998976826667786
8wpktj,normal,0.750529944896698
19c1pl,normal,0.7031593322753906
aessie,normal,0.7444282174110413
45ta52,normal,0.6897779107093811
8vjvf9,normal,0.7162613272666931
6yphgu,normal,0.722182035446167
3ez5cz,normal,0.6821495294570923
5zaf4a,normal,0.6560733914375305
6lfi2g,normal,0.7851700782775879
6j4k3q,normal,0.47784438729286194
2j27b1,normal,0.6248549818992615
59dqeu,normal,0.6433785557746887
5eciws,normal,0.8216149806976318
1or121,normal,0.7157287001609802
15ryrm,normal,0.5895125865936279
4wswmx,normal,0.7778019905090332
29bu91,normal,0.6640545725822449
49hwot,normal,0.7928150296211243
4y62vr,normal,0.6961758732795715
41092a,normal,0.747062087059021
4vuaug,normal,0.8064473867416382
3c65mn,normal,0.4824830889701843
48ctwg,normal,0.5896999835968018
4vmk1o,normal,0.7115410566329956
5s72xy,normal,0.728499710559845
kv5nhh,normal,0.6214228868484497
jjhl8k,normal,0.7263720035552979
j0yhuz,normal,0.7266412377357483
mvt56h,normal,0.7047814130783081
k38utz,normal,0.7435175776481628
k3v3yd,normal,0.685434877872467
lz5o3y,normal,0.7744643092155457
k25h1m,normal,0.7642194032669067
mo6n6d,normal,0.81393963098526
imiqtg,normal,0.783676028251648
k37b8d,normal,0.798882007598877
gegf68,normal,0.7813474535942078
dykmsr,normal,0.7327035069465637
ln3d7y,normal,0.7776743173599243
k4th8b,normal,0.7340952157974243
hr5elw,normal,0.7204436659812927
jsalf8,normal,0.7479023933410645
khci1u,normal,0.6696698069572449
jhfd5y,normal,0.6998127698898315
ae10x1,normal,0.7865985631942749
8u2cxi,normal,0.7249923944473267
g2iguu,normal,0.7637897729873657
iqou89,normal,0.4827667772769928
aydxd3,normal,0.7502297163009644
khooix,normal,0.7757535576820374
j5lru8,normal,0.7160058617591858
imsws7,normal,0.8183283805847168
k2j0cy,normal,0.7602856159210205
kr9ebq,normal,0.747712254524231
jslmlf,normal,0.7822265028953552
k0ceso,normal,0.7110660672187805
aen2v1,normal,0.7776909470558167
hu3saj,normal,0.6025345921516418
jeps14,normal,0.7588027119636536
l8ok9d,normal,0.7788349986076355
ju2tfz,normal,0.6955889463424683
hnz7ub,normal,0.7215161323547363
kgh1jf,normal,0.734978437423706
j8fg4u,normal,0.6883901357650757
cim6eh,normal,0.7553362250328064
ib396r,normal,0.7784679532051086
4y0ekc,normal,0.7463403940200806
gkv39d,normal,0.7610803246498108
jlt3v9,normal,0.7517347931861877
kkppy6,normal,0.6983537673950195
d4846e,normal,0.6644684672355652
c2d2lf,normal,0.7898936867713928
krqhrk,normal,0.5464473366737366
6aa91v,normal,0.7657334208488464
cmqyxd,normal,0.7498087286949158
mr0ium,normal,0.7991289496421814
jcanam,normal,0.7156686186790466
lykkl3,normal,0.7856387495994568
jcw9gn,normal,0.741347074508667
m15z4n,normal,0.6044687032699585
lnezp9,normal,0.7621489763259888
jhxfte,normal,0.760322093963623
mschfa,normal,0.8048422932624817
lkox1g,normal,0.7821471095085144
ehppk4,normal,0.7046010494232178
mda8i9,normal,0.729884922504425
mb20bi,normal,0.7700392603874207
gg8sgy,normal,0.7561726570129395
jk2jox,normal,0.7593182325363159
kr4aff,normal,0.7501260042190552
hkz3ka,normal,0.7908433675765991
mi259x,normal,0.6764493584632874
mjh2za,normal,0.6382679343223572
mkabnr,normal,0.6709094643592834
grgepw,normal,0.4222530424594879
kyp6ru,normal,0.7023369073867798
lkl7gv,normal,0.6244547963142395
msxa7m,normal,0.6904869675636292
kuwvbj,normal,0.7288796305656433
mjcacl,normal,0.8416553735733032
jrmfhm,normal,0.712555468082428
mbdtxl,normal,0.6359596848487854
9zo8c6,normal,0.6935348510742188
jha916,normal,0.612395167350769
i22dok,normal,0.7741730213165283
imvj5z,normal,0.7574185729026794
meibzg,normal,0.7145082354545593
m9fu68,normal,0.7743299603462219
km0nzh,normal,0.7692963480949402
hgw1cl,normal,0.729971170425415
iddlbx,normal,0.7620937824249268
fhluxg,normal,0.7934665679931641
k9i1h7,normal,0.6442152261734009
er4bkg,normal,0.7533363103866577
dznhgu,normal,0.7875996828079224
lo9bc3,normal,0.7452271580696106
k5eogk,normal,0.6901920437812805
jwwecp,normal,0.7585283517837524
kbvhuq,normal,0.7803059220314026
jgxhnl,normal,0.8159768581390381
fog2v4,normal,0.815000057220459
mq470b,normal,0.7774956226348877
leunaa,normal,0.7189964652061462
mbcqn3,normal,0.7856095433235168
jihgbg,normal,0.7672883868217468
kgrsns,normal,0.7209324240684509
mb2ggz,normal,0.7022300362586975
j9d1v9,normal,0.8068353533744812
mjxczp,normal,0.6835713982582092
lpi0ay,normal,0.7189964652061462
mooq4m,normal,0.5462016463279724
i5f9dn,normal,0.7779819369316101
i5kaem,normal,0.7128114104270935
jv5rt6,normal,0.7265949249267578
kpo0aj,normal,0.7308080792427063
mptkwe,normal,0.8344221115112305
k1nqnr,normal,0.7344402074813843
g6oq6t,normal,0.5811317563056946
j5jgkj,normal,0.7843834757804871
gojf15,normal,0.6928706169128418
k7mg04,normal,0.8050662279129028
kn8q9j,normal,0.7083073854446411
iypfgx,normal,0.8064082860946655
hj3plp,normal,0.8161259889602661
k7fz19,normal,0.7594650983810425
jnrd2n,normal,0.7862857580184937
lhh3rl,normal,0.7621279358863831
k1o8ei,normal,0.7694194316864014
jq87io,normal,0.7609966993331909
le644s,normal,0.8058800101280212
iidg1x,normal,0.7786887288093567
jws1by,normal,0.6468396782875061
g8f0a7,normal,0.7454126477241516
moj5pu,normal,0.7422159314155579
e55l12,normal,0.7368879318237305
m7hqzs,normal,0.7530447244644165
ck9s51,normal,0.76328045129776
k040pb,normal,0.7220459580421448
ki973g,normal,0.7784065008163452
fv3uik,normal,0.7698436975479126
d2aumk,normal,0.6880064010620117
gktltx,normal,0.7692721486091614
le3k02,normal,0.7362645864486694
j7eaie,normal,0.815564751625061
kl27ne,normal,0.793208658695221
lxhz2o,normal,0.7024136185646057
9f2rdf,normal,0.8038541674613953
h9wdac,normal,0.7704852819442749
k3ztaa,normal,0.7280163168907166
gp6bk6,normal,0.7401268482208252
iv37tl,normal,0.6612547636032104
8yxdn9,normal,0.5782803893089294
2uzjpq,normal,0.7688496112823486
hd4qq,normal,0.7479798197746277
3xitl0,normal,0.7448169589042664
l6d23,normal,0.6465691924095154
m34ylg,normal,0.5072759389877319
axe0be,normal,0.6816650629043579
in09j1,normal,0.6819379329681396
3yvb4g,normal,0.7365115284919739
953uc4,normal,0.7431288957595825
40rlsv,normal,0.778188169002533
gnz2q7,normal,0.7903542518615723
jcvp2x,normal,0.7795383930206299
gib4w,normal,0.41883164644241333
holqga,normal,0.8163560032844543
g1a8q9,normal,0.7851446270942688
hl39e8,normal,0.7525832653045654
b82pkn,normal,0.7381591796875
gu9sbh,normal,0.777104914188385
i4lpf,normal,0.752724289894104
hcl6pq,normal,0.8168638944625854
hl37al,normal,0.752475917339325
ddpyn,normal,0.7260890603065491
bsmfum,normal,0.6165849566459656
arhi7,normal,0.7054029703140259
11l52b,normal,0.6241499185562134
e0cqfs,normal,0.7934148907661438
f5lcl,normal,0.7654402256011963
bp5zn3,normal,0.5774586200714111
g3kmab,normal,0.7229713797569275
9k81v1,normal,0.7573922276496887
azq3x7,normal,0.6974164247512817
4bi597,normal,0.6721529960632324
2n35n1,normal,0.68942791223526
96lwqi,normal,0.7365128993988037
b1d36s,normal,0.8227761387825012
cb79n8,normal,0.7418122887611389
1hhpt8,normal,0.6927271485328674
ag178b,normal,0.746186375617981
3cezta,normal,0.6059563755989075
48scdo,normal,0.5951616168022156
aalsxo,normal,0.7695883512496948
jc0ff,normal,0.7299398183822632
a7c36,normal,0.7970724701881409
cg8vtc,normal,0.7225704789161682
d4adcu,normal,0.763755738735199
7wp18r,normal,0.5816968679428101
8erw7a,normal,0.8083004951477051
drqhb,normal,0.7042911052703857
3nhkbv,normal,0.49060532450675964
2x1qbv,normal,0.5766220092773438
diuleg,normal,0.6601042747497559
dfiv7i,normal,0.7327401041984558
hznigg,normal,0.7184613943099976
aec1cs,normal,0.7854454517364502
dk9sat,normal,0.7516958117485046
63nejw,normal,0.6751027703285217
ku588l,normal,0.696190595626831
2usd66,normal,0.6665738821029663
4xnmhg,normal,0.8021098971366882
5y1wr9,normal,0.7433918118476868
g4m8sy,normal,0.7091902494430542
c0ynmf,normal,0.7631012201309204
8lwwe2,normal,0.6743346452713013
4fv4q8,normal,0.7484589219093323
8c3hgb,normal,0.6755850315093994
8lk1if,normal,0.6608171463012695
ee945n,normal,0.6503918170928955
8hqn4o,normal,0.6654307246208191
jbck2s,normal,0.68426913022995
5d04qo,normal,0.7713519334793091
8di3p2,normal,0.7561942338943481
26qn4j,normal,0.6247129440307617
2i64ar,normal,0.762535572052002
f4a5r7,normal,0.7322385907173157
gtq564,normal,0.778329610824585
aaalc0,normal,0.7730721235275269
18me75,normal,0.79654461145401
1kw6rq,normal,0.7621758580207825
fuwub9,normal,0.7690367698669434
ei6zqx,normal,0.7161408066749573
hpkfi2,normal,0.6021738052368164
cxeof,normal,0.7458353042602539
119wuh,normal,0.7179340720176697
effe6,normal,0.6871050596237183
deb3d,normal,0.8116447329521179
ek4fj,normal,0.6837851405143738
1833ej,normal,0.7529399991035461
81ved,normal,0.7157463431358337
829e0,normal,0.7029418349266052
81wc0,normal,0.7354691028594971
81j1w,normal,0.826541006565094
l4k9w,normal,0.8092070817947388
dqvex,normal,0.6880070567131042
dq5f8g,normal,0.7306077480316162
9llpp,normal,0.771371603012085
9l7e8,normal,0.7816734910011292
6vg1x,normal,0.7415191531181335
11sj18,normal,0.7575976252555847
hejqlt,normal,0.7811247110366821
kri7yi,normal,0.7942841649055481
ftqkj5,normal,0.7522878646850586
k5xb0b,normal,0.7221872210502625
aw437m,normal,0.7198699116706848
iqrc02,normal,0.7757434248924255
ser97,normal,0.7437886595726013
iysn46,normal,0.774006724357605
jydmg0,normal,0.8225497007369995
2mlky0,normal,0.7395856380462646
96feqw,normal,0.6894748210906982
gm6ld6,normal,0.6450377702713013
4hupk7,normal,0.7764674425125122
6zzxbc,normal,0.7977917194366455
j02k5x,normal,0.6102099418640137
fkvhv9,normal,0.7709089517593384
10mncu,normal,0.757380485534668
13zs4k,normal,0.7772746682167053
tpybt,normal,0.8030669689178467
ivmdd,normal,0.7685697078704834
9f2re,normal,0.7378729581832886
92q1r,normal,0.751343309879303
8irg1,normal,0.7911126613616943
4i58ic,normal,0.7943362593650818
ek4dq,normal,0.7344462275505066
g1yv3w,normal,0.7410516142845154
1sl7yv,normal,0.7098907232284546
y7g2c,normal,0.7928877472877502
shytb,normal,0.7684698104858398
dhumg,normal,0.6899262070655823
9f53m,normal,0.7903286814689636
89v2k,normal,0.7430640459060669
eam14r,normal,0.6331821084022522
4uj6ig,normal,0.7979853749275208
dqyb5,normal,0.8311373591423035
88bhbs,normal,0.707237184047699
fotiz,normal,0.7756658792495728
4njhnq,normal,0.7412237524986267
fo9we,normal,0.8050664067268372
mo04fd,normal,0.6434569358825684
mlw943,normal,0.7543834447860718
kwxnlr,normal,0.8015825152397156
hzv6t8,normal,0.7584713101387024
mssn6e,normal,0.689717710018158
lh63ox,normal,0.6946882009506226
lhotds,normal,0.662301242351532
m4g7y2,normal,0.7751601338386536
kkd9iv,normal,0.686907947063446
k9wxuw,normal,0.6789303421974182
cn9abw,normal,0.7278452515602112
hyvs8q,normal,0.7754027247428894
hhod0b,normal,0.8003180027008057
ivxh0q,normal,0.7436527609825134
axud1f,normal,0.7130699157714844
bzi0i6,normal,0.7647643685340881
j8pk4o,normal,0.7505523562431335
ay229h,normal,0.7408806085586548
gskal5,normal,0.6709946990013123
jacs6u,normal,0.6317559480667114
jg4uy0,normal,0.8085321187973022
htqntt,normal,0.7280673384666443
j26nev,normal,0.6786182522773743
1nx5rm,normal,0.8036498427391052
a4xpwr,normal,0.6952077150344849
1k7grn,normal,0.709293007850647
k9tz0r,normal,0.7524574995040894
gknhdr,normal,0.7190695405006409
8m1zl,normal,0.7726225852966309
5clb7m,normal,0.6547932028770447
hw6k7i,normal,0.6922968626022339
2vske9,normal,0.8184670209884644
i6ljd7,normal,0.7630182504653931
jjinah,normal,0.6316973567008972
gptbvt,normal,0.6607071757316589
in81r7,normal,0.6761412620544434
9fl3b2,normal,0.6989067792892456
8tr73v,normal,0.7822809815406799
4c16cf,normal,0.7936663627624512
59b1zz,normal,0.5582447052001953
d0g0qb,normal,0.6849616765975952
6ttjdq,normal,0.7037809491157532
e0nwnq,normal,0.7035033106803894
6yxm8e,normal,0.6700415015220642
e70t6d,normal,0.8173103332519531
k52aym,normal,0.5992006659507751
j8mzwl,normal,0.6055430173873901
ipfe6k,normal,0.8003504276275635
ikga5y,normal,0.7080161571502686
hsnwn1,normal,0.8015395402908325
hm95mc,normal,0.7210658192634583
d4pe48,normal,0.818079948425293
d0tspq,normal,0.795866072177887
cl4pey,normal,0.7608829140663147
cjeagw,normal,0.6814014315605164
bng39h,normal,0.8063169121742249
bjjubt,normal,0.6980061531066895
bbx0y0,normal,0.698969304561615
8x1gyj,normal,0.6314607858657837
8kc2uu,normal,0.8511373400688171
8fykw0,normal,0.8136841654777527
8eznpl,normal,0.8419137597084045
79yk5o,normal,0.7410516142845154
77mcyr,normal,0.8072689771652222
5raxrp,normal,0.7355261445045471
5pvlkg,normal,0.6028246283531189
5hkq63,normal,0.7371504306793213
50zo6u,normal,0.5374380946159363
4ojhv8,normal,0.8274227976799011
3fz7t8,normal,0.737423837184906
3exw0o,normal,0.7336329221725464
39mydi,normal,0.7256219983100891
2y4f5e,normal,0.7416584491729736
2xu0z6,normal,0.8073301911354065
2rjxpk,normal,0.5832862257957458
2c3blu,normal,0.7656329870223999
2b71nj,normal,0.7757647633552551
23m5wc,normal,0.7398107051849365
1xnd9o,normal,0.7982012629508972
1u9dyd,normal,0.7493152618408203
1ngfxw,normal,0.6729978322982788
12nsxk,normal,0.7727150917053223
12lb4h,normal,0.8032834529876709
uqt8r,normal,0.7868190407752991
qn6j1,normal,0.6365095376968384
pldue,normal,0.7809730768203735
noc9r,normal,0.78895503282547
ia03e,normal,0.7929227352142334
eqy61,normal,0.6580602526664734
dovhd,normal,0.6954481601715088
cvkhn,normal,0.7659907937049866
cd4gf,normal,0.7087279558181763
bun37,normal,0.7759768962860107
mog72d,normal,0.7546334862709045
hibiwt,normal,0.725865364074707
lk6i3e,normal,0.7480122447013855
k0aq9h,normal,0.7560349702835083
kt0s9n,normal,0.755884051322937
jbfat5,normal,0.7640930414199829
k8sfz0,normal,0.6758182644844055
meshkx,normal,0.8376699686050415
lhs8w4,normal,0.7599117755889893
lnr7mh,normal,0.7756802439689636
eu6abl,normal,0.7770915031433105
irnjtz,normal,0.8071608543395996
l1xvgh,normal,0.7826060652732849
i3ef6z,normal,0.7511109709739685
mg1el5,normal,0.623339056968689
brjrvy,normal,0.7596177458763123
kt6zf5,normal,0.6634352207183838
84330z,normal,0.8040245175361633
mlegqm,normal,0.69041508436203
9ymyk8,normal,0.6981977820396423
kkjpe4,normal,0.7581789493560791
56skb5,normal,0.7946227192878723
fwuw1q,normal,0.6697165966033936
l2kgbr,normal,0.7022634744644165
5h5y04,normal,0.7140181660652161
bwcq4b,normal,0.7618942260742188
bq6mq8,normal,0.748724102973938
ifen9w,normal,0.7537552118301392
bn8459,normal,0.8067678213119507
ct0gej,normal,0.6296773552894592
aob479,normal,0.8171142935752869
l6id6j,normal,0.7466603517532349
dxtydj,normal,0.7053844332695007
j83sob,normal,0.7766258120536804
a9ai72,normal,0.7664992809295654
9ysm6z,normal,0.6593126654624939
k6b07o,normal,0.7767596244812012
aqpd9i,normal,0.6976389288902283
6makof,normal,0.7304544448852539
aglo9v,normal,0.7797004580497742
j7qajb,normal,0.8060446977615356
igil7y,normal,0.7123664617538452
936k8n,normal,0.7628991007804871
ct3ske,normal,0.7483296990394592
ja0pcy,normal,0.714916467666626
8htktb,normal,0.7907679677009583
3fx76s,normal,0.7586145997047424
b3rqvk,normal,0.8141350150108337
7yzati,normal,0.596176028251648
bbo10w,normal,0.8111299872398376
mw4cub,normal,0.7031338810920715
mvlahv,normal,0.732837975025177
mx4h25,normal,0.7604276537895203
mv2z5n,normal,0.6796801686286926
mwk8co,normal,0.8040571808815002
mtr4cq,normal,0.6246238350868225
mw8w6w,normal,0.7093920111656189
msl7b7,normal,0.7288534641265869
mve3b5,normal,0.7418707609176636
mu6jv9,normal,0.7979406118392944
mrw15q,normal,0.7764008641242981
mtvtly,normal,0.7984150648117065
mtztv7,normal,0.7692739367485046
mrm0v0,normal,0.6395317316055298
mud2qi,normal,0.755053699016571
mr6nw8,normal,0.6232598423957825
mts5uk,normal,0.782028317451477
mr86jn,normal,0.6796148419380188
mqtqqx,normal,0.6566687226295471
mrgq7y,normal,0.7777020931243896
mtdlo4,normal,0.8211886286735535
mqxi4p,normal,0.7633169293403625
ms7kf5,normal,0.7703787684440613
mpw4q4,normal,0.7927592992782593
ms3bhf,normal,0.8244165182113647
mo8hrq,normal,0.7504461407661438
mroq3m,normal,0.7689239382743835
mqx1ao,normal,0.7987582087516785
moiv3q,normal,0.7017843723297119
mqgjf3,normal,0.8042216300964355
mocqs7,normal,0.7790144085884094
mpoybt,normal,0.7780158519744873
mpmr69,normal,0.7706215381622314
mpesia,normal,0.7822244167327881
mp3p0u,normal,0.7618237733840942
mo4zpr,normal,0.793266236782074
mov67z,normal,0.7470241189002991
ml9ymh,normal,0.7696823477745056
mnx45e,normal,0.7541124224662781
mnpimf,normal,0.80904221534729
mmvepw,normal,0.7467588186264038
mlzf91,normal,0.6875482201576233
mm3gjy,normal,0.7529206275939941
mm3grh,normal,0.7983148694038391
mlsnrq,normal,0.8028092384338379
mlyodl,normal,0.7790665626525879
mlx3eh,normal,0.7843272686004639
ml2ciu,normal,0.6997933983802795
mlo8fr,normal,0.7721853852272034
mj4cow,normal,0.8032704591751099
mj6rdr,normal,0.7850487232208252
m6y0ea,normal,0.6574394106864929
mezdgg,normal,0.7303568124771118
mmbx3u,normal,0.8145809173583984
mejsgd,normal,0.7805654406547546
ligjh9,normal,0.6043310165405273
miq7ei,normal,0.6763586401939392
mmao6h,normal,0.7866324186325073
mtrda6,normal,0.6206352114677429
m1cxvu,normal,0.7143350839614868
m8q3q0,normal,0.7743743658065796
kvwy1n,normal,0.6925644278526306
lm9zeo,normal,0.765357494354248
jcbonx,normal,0.7531182169914246
mne6cf,normal,0.6876810789108276
k1bjcw,normal,0.7818437218666077
lgbfdj,normal,0.7432467937469482
jrxnug,normal,0.8178765773773193
mb4k5e,normal,0.7954043745994568
l5c5yx,normal,0.7412838339805603
jmsf0m,normal,0.6879599690437317
m0ld4m,normal,0.7957730889320374
mtssw2,normal,0.782920241355896
lyfiqr,normal,0.776560366153717
mfs560,normal,0.7959284782409668
mhg70r,normal,0.7607427835464478
kvzx5w,normal,0.7127878069877625
m2157x,normal,0.7570510506629944
l0t6zr,normal,0.8020028471946716
mic6rp,normal,0.8257215619087219
mvne5s,normal,0.7751825451850891
kal218,normal,0.730294406414032
m5z4gd,normal,0.7934058904647827
lftolr,normal,0.7701886296272278
mhary1,normal,0.7065848112106323
hozbun,normal,0.5971057415008545
knu1iw,normal,0.7740941047668457
lrn79y,normal,0.737325131893158
lszlzp,normal,0.6460132002830505
maihod,normal,0.7444566488265991
lxwchh,normal,0.6274102926254272
khjr7l,normal,0.7387034893035889
mcmfpr,normal,0.6180618405342102
kqz4hj,normal,0.7797017097473145
mpgy32,normal,0.7599945664405823
m9ynm5,normal,0.7609151601791382
mn6ra3,normal,0.8191361427307129
lmvx0j,normal,0.749423623085022
h7zfgs,normal,0.8147872686386108
gqwbxu,normal,0.7806429862976074
movpcf,normal,0.7929010391235352
crn9p0,normal,0.6377105116844177
89sye3,normal,0.8131683468818665
fci1xz,normal,0.7919761538505554
750yux,normal,0.7638404965400696
cblc0d,normal,0.7684697508811951
bbrpnu,normal,0.7791700959205627
8ixc9u,normal,0.8311418890953064
88vopu,normal,0.7217727303504944
bxmh2h,normal,0.7513294219970703
kq1ocn,normal,0.7433123588562012
knh976,normal,0.7899372577667236
6at891,normal,0.8097125887870789
94l49g,normal,0.6162103414535522
7pfzjn,normal,0.7150267362594604
aezvk7,normal,0.7980009317398071
85n0ob,normal,0.663336992263794
896jvw,normal,0.7469939589500427
jpoyru,normal,0.8040080666542053
jcqi5h,normal,0.6647415161132812
fybdxj,normal,0.6892743110656738
4j44ix,normal,0.8402847051620483
4i4vi9,normal,0.815300464630127
4i33rj,normal,0.8402847051620483
g8532p,normal,0.756375789642334
230b25,normal,0.7515956163406372
f5574m,normal,0.7656811475753784
df3w9o,normal,0.7767772078514099
8ampzz,normal,0.6812214851379395
8fa1zl,normal,0.7515713572502136
7dwmhu,normal,0.6476477980613708
58c5p8,normal,0.7207828760147095
7q4s0w,normal,0.8316175937652588
5v12k5,normal,0.7105078101158142
8f8z0o,normal,0.7378062009811401
72hsgq,normal,0.6652222871780396
8ywpnn,normal,0.7839670181274414
2gdso5,normal,0.7091953754425049
511yhv,normal,0.7841616868972778
51onf8,normal,0.5360442399978638
5hjdce,normal,0.8105885982513428
2xfc24,normal,0.7202189564704895
mrwwj,normal,0.7285674810409546
3iy0yt,normal,0.5338700413703918
kcydq,normal,0.7106819748878479
pgv7k,normal,0.7274491190910339
1n23t0,normal,0.8015943765640259
e5i0m2,normal,0.6876475214958191
j5fuzy,normal,0.7032941579818726
i7vzuj,normal,0.6959551572799683
f6elrx,normal,0.6502299904823303
lky8aq,normal,0.7573743462562561
at618o,normal,0.6840372681617737
dl2p1w,normal,0.7593895196914673
8wbltz,normal,0.741956353187561
j7nuql,normal,0.7132869362831116
abbah6,normal,0.7757272720336914
dos81v,normal,0.8130090236663818
kjk0os,normal,0.7520758509635925
j07ia1,normal,0.7796167135238647
89eck3,normal,0.7721925377845764
581cn4,normal,0.8031985759735107
k9j04h,normal,0.721114993095398
9bx335,normal,0.6672831177711487
ie7jiq,normal,0.7865833640098572
ka406r,normal,0.7289780974388123
4pebn6,normal,0.7317519187927246
hlnxsp,normal,0.7866337299346924
2alla4,normal,0.7804078459739685
4rhxea,normal,0.6516724228858948
299ta9,normal,0.7517727613449097
fvo2av,normal,0.7099071145057678
52tfr4,normal,0.7719860076904297
23n8ja,normal,0.7586668133735657
h7ifr1,normal,0.7862754464149475
exhs3k,normal,0.6619329452514648
4uv1x6,normal,0.7710798382759094
ariv7p,normal,0.7848600745201111
8n15u3,normal,0.7798875570297241
8iihf2,normal,0.782974898815155
cb0dfy,normal,0.7902161478996277
5tvs7h,normal,0.7766090035438538
3a1fsw,normal,0.7439255118370056
359uij,normal,0.7828013896942139
5eh0l4,normal,0.7580990791320801
5hialo,normal,0.7422172427177429
6na0o8,normal,0.7756819725036621
25754y,normal,0.7321216464042664
5e7fnj,normal,0.772229790687561
3vz5id,normal,0.7680764198303223
1yeh93,normal,0.6220287680625916
tsl5y,normal,0.7585432529449463
mnautz,normal,0.7690282464027405
mad7p2,normal,0.7679300904273987
ly2cef,normal,0.7387275099754333
lkb9ex,normal,0.7179239392280579
ljhfs6,normal,0.7468100190162659
lhcrwr,normal,0.7631740570068359
lbxw65,normal,0.7932054996490479
la824w,normal,0.7785504460334778
kooe5l,normal,0.8312616348266602
k9wd6w,normal,0.7551776766777039
k4m70i,normal,0.8042478561401367
k3wul5,normal,0.8276435136795044
jueyqf,normal,0.8249947428703308
jti878,normal,0.7818324565887451
jg9bnl,normal,0.769444465637207
iwte1t,normal,0.8201451897621155
i5yn6d,normal,0.8081645369529724
i2h2o8,normal,0.8310055136680603
i07n5m,normal,0.7194419503211975
hzelrq,normal,0.7071528434753418
hs7adi,normal,0.7898647785186768
hpfnsp,normal,0.7564669251441956
gzv9du,normal,0.6794101595878601
grzzzl,normal,0.7906500697135925
gn6kt9,normal,0.7795643210411072
gjb3d0,normal,0.7924358248710632
g2jgy0,normal,0.7673342227935791
fsvfz8,normal,0.8130182027816772
fil723,normal,0.7292572855949402
ekpwcg,normal,0.7085973024368286
eh3513,normal,0.8024200797080994
dtinnj,normal,0.832383394241333
deummj,normal,0.7893698215484619
cyxe4n,normal,0.7121432423591614
cptct0,normal,0.7769963145256042
cot95o,normal,0.7039233446121216
c35ahv,normal,0.791739284992218
bxyk6k,normal,0.7043965458869934
btpyi0,normal,0.6759859919548035
bk11ni,normal,0.7171096801757812
bjx19b,normal,0.7312341332435608
bj1wkp,normal,0.7953964471817017
b654x7,normal,0.7868236303329468
b3i052,normal,0.743627667427063
azg0up,normal,0.8192539811134338
axr2nj,normal,0.7969458699226379
akd7p8,normal,0.6804152131080627
abpre6,normal,0.8208671808242798
a8oij9,normal,0.6688284873962402
mw8txg,normal,0.8316769003868103
l8x2nz,normal,0.7565783858299255
ji40dd,normal,0.8003550171852112
ko8vzr,normal,0.739978551864624
jvm3ks,normal,0.541569173336029
moxfaz,normal,0.7645545601844788
hjama7,normal,0.7862802743911743
hlm2oz,normal,0.711197018623352
i60nh5,normal,0.7590872645378113
jh5wo9,normal,0.7852915525436401
lk8hqb,normal,0.7984408140182495
eoe0kf,normal,0.7306623458862305
6vbxr2,normal,0.6482661962509155
fcepxk,normal,0.7958307862281799
kjpmc5,normal,0.7269075512886047
fps3ni,normal,0.8008432984352112
gzat7e,normal,0.7080094814300537
dawgps,normal,0.7643215656280518
bxd9dn,normal,0.6869802474975586
a3q5vn,normal,0.7539061307907104
cnp25a,normal,0.5478199124336243
70so06,hate speech,0.5536494255065918
khzouj,normal,0.8121539950370789
2dhyko,normal,0.5306591391563416
l77bk4,normal,0.7662997245788574
70nlos,normal,0.8084924221038818
6d35a0,normal,0.7718455791473389
8xitt1,normal,0.7940458655357361
6r0xpf,normal,0.8062185049057007
6a6ul3,normal,0.663624107837677
4ozoh2,normal,0.773639976978302
54s791,normal,0.6080214381217957
4kkfjm,normal,0.7904000282287598
c5u9zq,normal,0.6755850315093994
6nz0lc,normal,0.7509015798568726
6zghlt,normal,0.7352795600891113
2amz8i,normal,0.7740355134010315
26owvg,normal,0.7752838730812073
g7vifj,normal,0.7667068243026733
4zq2yk,normal,0.7848235964775085
3g55mw,normal,0.7425295114517212
1vv1l9,normal,0.7861754298210144
8joz9c,normal,0.7785109281539917
6kccum,normal,0.7866021990776062
34ynpj,normal,0.7558773756027222
50289v,normal,0.8128055930137634
6o82k8,normal,0.7434836030006409
2ejrtz,normal,0.7343709468841553
4t91v6,normal,0.8366470336914062
109zca,normal,0.8035117983818054
8q61xn,normal,0.8413802981376648
jmp8cj,normal,0.80601567029953
msai0r,normal,0.7789412140846252
acfxtn,normal,0.7617356181144714
irqmu4,normal,0.797000527381897
7o4yj9,normal,0.6613852977752686
9ksaqf,normal,0.7381564378738403
15yrhe,normal,0.7350829839706421
7gn3zj,normal,0.7839570045471191
jd8g6m,normal,0.8067821860313416
c1hogc,normal,0.8082548379898071
dbg7ye,normal,0.7925848364830017
fl2dz9,normal,0.762153148651123
eu5nhg,normal,0.7795748710632324
6woszc,normal,0.6222269535064697
9odbhx,normal,0.7543123960494995
70snzi,normal,0.7273986339569092
4u2dio,normal,0.7866345047950745
6lgiaj,normal,0.5534995794296265
257uo8,normal,0.7507117986679077
5fnu1n,normal,0.8087765574455261
5q2d4f,normal,0.7745987176895142
56wet7,normal,0.7653538584709167
b9ob0u,normal,0.7688051462173462
5mguk7,normal,0.7227057218551636
6zjpez,normal,0.8175668120384216
302lo3,normal,0.8065735697746277
2vzbe0,normal,0.7709946036338806
72q3od,normal,0.7159034013748169
9r77n2,normal,0.7145758271217346
8fv9ju,normal,0.7938453555107117
3qan6t,normal,0.7326703071594238
7ch61z,normal,0.8426719903945923
4z4ly2,normal,0.7714070081710815
6vyqvb,normal,0.7998745441436768
85n5b3,normal,0.7186890244483948
5695ep,normal,0.7880253791809082
5e9aia,normal,0.7008388638496399
5dffq3,normal,0.7927619218826294
1ed4gm,normal,0.7537321448326111
1lvvs8,normal,0.5899220108985901
lrp7uc,normal,0.6487100720405579
ldri8w,normal,0.7097098231315613
muaejd,normal,0.7506667375564575
jkcvda,normal,0.8036112785339355
jr8kft,normal,0.7695067524909973
l7uvje,normal,0.6221821308135986
mk8xnq,normal,0.759689211845398
