tweet_id,classification,classification_score
1pzpvv,normal,0.7379451394081116
2rpc6q,normal,0.7842891812324524
47z9nl,normal,0.7054319977760315
6p47u9,normal,0.8193313479423523
2kg6tv,normal,0.7979946732521057
jjj3q6,normal,0.811204731464386
c64il5,normal,0.7394474148750305
7iqpkp,normal,0.6359004378318787
3vlqyl,normal,0.7205184102058411
3pvpm4,normal,0.7612820863723755
3nbax5,normal,0.7907626628875732
3igy5w,normal,0.7043207287788391
3gslzv,normal,0.6811497211456299
2w5i7u,normal,0.7615508437156677
2lir3a,normal,0.825064480304718
1n3hhb,normal,0.8080620765686035
1n2wug,normal,0.7557715773582458
6afv7d,normal,0.7370758652687073
2xbv8j,normal,0.7732401490211487
2itsar,normal,0.6774991154670715
1vqcxe,normal,0.7540697455406189
1mytyy,normal,0.7825877666473389
f0di81,normal,0.7882417440414429
2qb644,normal,0.8308457136154175
1ny5ko,normal,0.7423152923583984
4ebems,normal,0.7586169242858887
2yli2s,normal,0.6447257399559021
4cyito,normal,0.7857856750488281
2zhqcz,normal,0.6168444752693176
4j7vv9,normal,0.79201340675354
1no0ja,normal,0.5865501165390015
1no1on,normal,0.6508404016494751
1v44xe,normal,0.7973069548606873
4j7moc,normal,0.821124792098999
48i2w6,normal,0.8232802152633667
2xgoac,normal,0.7820329666137695
3pg4tj,normal,0.7634407877922058
2im5a8,normal,0.8063209652900696
21ysgj,normal,0.8121122121810913
211hkr,normal,0.718218982219696
1ov4ek,normal,0.7221322655677795
3n1eld,normal,0.7277993559837341
1r82m8,normal,0.74164879322052
1mnqyp,normal,0.7885252833366394
1kutgm,normal,0.7609913945198059
1mjcj1,normal,0.7431034445762634
1px2m6,normal,0.7992264628410339
1si7xa,normal,0.7594892382621765
61dlp9,normal,0.5038416385650635
3r0923,normal,0.7729266285896301
2y0qwq,normal,0.7943540811538696
1v5mln,normal,0.7533853054046631
1nh39e,normal,0.6644347310066223
2iid0m,normal,0.7649356722831726
1q03ec,normal,0.7325111627578735
1nituf,normal,0.7370445132255554
2iipzs,normal,0.8115056157112122
2ukxrx,normal,0.7689707279205322
3optos,normal,0.6521281599998474
2wndjx,normal,0.7742260694503784
2o011l,normal,0.7116138935089111
3n5xwb,normal,0.7671064734458923
2wypxt,normal,0.6209366917610168
1ogs8o,normal,0.7605223655700684
1qf6fc,normal,0.7061229348182678
3pv85u,normal,0.7535189986228943
1n0i7u,normal,0.7406354546546936
1mzqqq,normal,0.5800520777702332
2h5k7y,normal,0.8030905723571777
1oiwjh,normal,0.6654307246208191
2jiyzb,normal,0.7322525382041931
2kn1kl,normal,0.746623158454895
1spd09,normal,0.6861333250999451
