tweet_id,classification,classification_score
mkk9b7,normal,0.7612180709838867
moef4m,normal,0.7375260591506958
mon0tj,normal,0.7128824591636658
kd2uhe,normal,0.6815271973609924
ms7tvm,normal,0.7981181740760803
mtcx44,normal,0.7729640007019043
k1ivw6,normal,0.8042219281196594
m3brg1,normal,0.7620806694030762
mlfo61,normal,0.7689502239227295
lpakyo,normal,0.7594677805900574
lx2t87,normal,0.7464110851287842
lvvv1q,normal,0.7703906893730164
m6y4db,normal,0.769942581653595
lvw7e0,normal,0.7704798579216003
koagto,normal,0.7591574788093567
lj8ccm,normal,0.8159129619598389
ckxu49,normal,0.8222649097442627
jr5o3f,normal,0.7504982352256775
l5vufn,normal,0.4693449139595032
li531r,normal,0.7944167852401733
lp8xqd,normal,0.7239847183227539
kfb379,normal,0.7533192038536072
jnydl9,normal,0.800488293170929
krsdht,normal,0.7139538526535034
jar2z8,normal,0.739630401134491
lse00l,normal,0.7583364248275757
l5nn07,normal,0.7490521669387817
kcvnix,normal,0.6692528128623962
li2rrt,normal,0.8218898177146912
g6puud,normal,0.8175610899925232
j44t4d,normal,0.7667115926742554
k9kxsr,normal,0.7598463892936707
9n8t7p,normal,0.682073712348938
bzvkos,normal,0.7669945359230042
lvx60y,normal,0.6503625512123108
kn9m3z,normal,0.6551063060760498
cx3q3p,normal,0.7991243004798889
k7i6c7,normal,0.8252410888671875
cxd94s,normal,0.8268386125564575
cmjeys,normal,0.6732618808746338
ffj4tl,normal,0.7693290114402771
iu8ubf,normal,0.7912061214447021
hd5m2x,normal,0.7713637948036194
b5wtgv,normal,0.7938421368598938
fo36fi,normal,0.775631844997406
b7aw6e,normal,0.7585648894309998
bcuoxa,normal,0.7450874447822571
f36muz,normal,0.6184079647064209
e5h8sm,normal,0.7945547103881836
ewxz3u,normal,0.7414811253547668
bcef6y,normal,0.7713485360145569
m71mr5,normal,0.7911528944969177
l3ymxn,normal,0.7497151494026184
loocn7,normal,0.619048535823822
lj9uk8,normal,0.7444096207618713
mpkaxu,normal,0.5901304483413696
lgdcj3,normal,0.7001305818557739
lgwf2k,normal,0.7236840128898621
i1n87c,normal,0.8004978895187378
bjh0iv,normal,0.7832669615745544
g6urds,normal,0.7184947729110718
hdmv4v,normal,0.6984430551528931
e9sou0,normal,0.5952036380767822
brv0vf,normal,0.7178183794021606
2ropwl,normal,0.7814556956291199
g4z49q,normal,0.736136257648468
fp20p0,normal,0.7953722476959229
aazi0e,normal,0.7207404375076294
dgxnss,normal,0.7805275917053223
b5xdh9,normal,0.668181300163269
8pglno,normal,0.7477293610572815
bd5tsy,normal,0.7601566314697266
a8ejse,normal,0.7205213904380798
csykgz,normal,0.6896633505821228
emrlvb,normal,0.7637419700622559
9nraxo,normal,0.7083123922348022
bibzwu,normal,0.7439444661140442
bmeroj,normal,0.8055588603019714
8gtlin,normal,0.7856482267379761
c0v2aa,normal,0.7914102673530579
a2xpse,normal,0.7372210621833801
bmurzz,normal,0.6631008982658386
3g59lp,normal,0.761162519454956
8obgzj,normal,0.6286365389823914
azvrku,normal,0.7556278109550476
a8ucdx,normal,0.5809212923049927
bhyiea,normal,0.7699596285820007
8g952y,normal,0.7672510743141174
bmf5nl,normal,0.7681732773780823
71ir5f,normal,0.7252045273780823
bih48n,normal,0.7731556296348572
83gg8s,normal,0.7920587658882141
8gg08y,normal,0.7016273140907288
85u4hc,normal,0.8080418705940247
7glndv,normal,0.7320982813835144
apd1wy,normal,0.7798909544944763
95irrw,normal,0.7725432515144348
5fv323,normal,0.7256490588188171
6nto7s,normal,0.752894937992096
mpw7g7,normal,0.7969895601272583
lputfy,normal,0.6651316285133362
mla2o7,normal,0.703731119632721
lway0g,normal,0.7430958151817322
l8dxi9,normal,0.7692749500274658
l2xwe5,normal,0.7029646039009094
mli6ob,normal,0.7651392221450806
lmekjr,normal,0.7838816046714783
ldd7vc,normal,0.7864512205123901
meeudu,normal,0.7857391834259033
kzhho5,normal,0.5980801582336426
mn8cf2,normal,0.7407383322715759
j2vos3,normal,0.8030028343200684
martg6,normal,0.6580475568771362
mv7h91,normal,0.6466395258903503
mgzgwk,normal,0.8120555877685547
mr3qdr,normal,0.6406059265136719
ltwjs0,normal,0.6978657245635986
mbbvhh,normal,0.5301488041877747
lsz6lr,normal,0.6210595369338989
lj1ca2,normal,0.6890023350715637
l2m4m5,normal,0.807567298412323
hulhbk,normal,0.5940697193145752
hh8e20,normal,0.7645444273948669
em0uum,normal,0.5794340968132019
mf7knn,normal,0.7249912023544312
lfg2n9,normal,0.5195633172988892
mron7b,normal,0.7135793566703796
mwfp4c,normal,0.6985243558883667
mf3c5x,normal,0.6532586812973022
mj72j2,normal,0.5539630055427551
ltsm92,normal,0.666580080986023
lbw88m,normal,0.7545633316040039
l75rlr,normal,0.5562382340431213
mhdg1t,normal,0.6814346313476562
ljbb47,normal,0.5399794578552246
l4o9hr,normal,0.699244499206543
fdn976,normal,0.5572078824043274
lgei00,normal,0.6784825325012207
l8jfry,normal,0.5681582093238831
lokusu,normal,0.7758206725120544
lcwgks,normal,0.6849684119224548
lejwf2,normal,0.7524732947349548
lkvmyh,normal,0.5907462239265442
l00aj1,normal,0.65523362159729
lxp806,normal,0.7117671370506287
m4z7m1,normal,0.6364779472351074
lsnk5n,normal,0.741494357585907
ke1ztl,normal,0.6045057773590088
lzzk55,normal,0.738629162311554
l4tzwv,normal,0.745460033416748
lebwi7,normal,0.777162492275238
lohtk5,normal,0.7930121421813965
l93q8v,normal,0.7794129848480225
kzc739,normal,0.7359262704849243
ladrpy,normal,0.7162693738937378
7slxhg,normal,0.7819021940231323
j8q56j,normal,0.7394216060638428
l38tua,normal,0.7956361770629883
gwuvqj,normal,0.7918417453765869
jbjcme,normal,0.7377652525901794
iy529x,normal,0.5337702631950378
ia01ze,normal,0.7612753510475159
d8jcwi,normal,0.6875086426734924
jm5ijj,normal,0.7920352816581726
fk74or,normal,0.8181348443031311
gha0u6,normal,0.794093132019043
ipine2,normal,0.7440314292907715
g7sv50,normal,0.7927342057228088
d6u46z,normal,0.7791348695755005
fj0d59,normal,0.7437727451324463
fsybk0,normal,0.5898518562316895
g2858s,normal,0.7892279624938965
8uasoj,normal,0.6076103448867798
d4ypb9,normal,0.7506122589111328
gh863n,normal,0.7724040746688843
fgnosi,normal,0.8102474808692932
fj5pla,normal,0.7302313446998596
a40gja,normal,0.8206225633621216
difatl,normal,0.7718294262886047
cy53uw,normal,0.7972601056098938
foum6i,normal,0.6425091028213501
98c0s1,normal,0.7626165151596069
db26v4,normal,0.7837928533554077
8jex5n,normal,0.7915617227554321
bd5wpc,normal,0.7975765466690063
d31cw2,normal,0.7197799682617188
8i6xrr,normal,0.7387800216674805
dw47oy,normal,0.8133635520935059
9bfjjv,normal,0.7533413171768188
coc1l0,normal,0.7419575452804565
d5heg7,normal,0.7127410769462585
f30nqv,normal,0.8003455996513367
diyten,normal,0.8119767904281616
f2gpew,normal,0.8070765733718872
9ihl6b,normal,0.8030195236206055
cee7bv,normal,0.7645244598388672
dkqy6m,normal,0.7689208388328552
bbi7h0,normal,0.7816839814186096
gkxwr2,normal,0.8004981279373169
lnnpgc,normal,0.7621515393257141
bfgwlf,normal,0.8162655234336853
c3zii0,normal,0.8204624056816101
7jkcfq,normal,0.8081367015838623
6toi0q,normal,0.7447110414505005
c3zczm,normal,0.8135841488838196
37g2mp,normal,0.7645711898803711
4l1mi5,normal,0.7669558525085449
78hdr9,normal,0.7895756363868713
8k4f6t,normal,0.7893866896629333
97o5qe,normal,0.7754518389701843
234ipf,normal,0.7532146573066711
be1def,normal,0.7743933200836182
8014uo,normal,0.6539616584777832
g945rv,normal,0.6971001625061035
cp14mv,normal,0.8057721853256226
e4h59e,normal,0.7654855847358704
7uwplk,normal,0.8045838475227356
8do8sk,normal,0.7893834114074707
8g8l60,normal,0.7224575281143188
lifmcq,normal,0.5989711880683899
msd0au,normal,0.802040696144104
jiicxf,normal,0.5929316878318787
jxv7in,normal,0.606528103351593
mwbmj7,normal,0.8169062733650208
mr2pb8,normal,0.7986317276954651
m6pt05,normal,0.7874541878700256
mldwix,normal,0.7441864013671875
lyyi27,normal,0.7734593749046326
mg6ot5,normal,0.7376514673233032
mg0tlp,normal,0.813412606716156
llbbi6,normal,0.767637312412262
kxchne,normal,0.4990500509738922
m5von1,normal,0.6544517278671265
djegfo,normal,0.7740407586097717
f7sf1g,normal,0.6601138710975647
lz0ul2,normal,0.7736656069755554
ltoftd,normal,0.8039905428886414
ltrc9p,normal,0.759434700012207
9hshu1,normal,0.6189782619476318
lz38rl,normal,0.7603832483291626
ma96em,normal,0.7822372317314148
lxvy3b,normal,0.7799783945083618
eir8hu,normal,0.7874900698661804
lly5js,normal,0.681725263595581
becgdo,normal,0.7043229341506958
lpssce,normal,0.7840458750724792
ezji0v,normal,0.8195131421089172
ltvgp2,normal,0.7039699554443359
m0nwm3,normal,0.7507121562957764
kbqa1u,normal,0.8312656879425049
btsjy6,normal,0.7729781270027161
lqqzkn,normal,0.7904602885246277
lkb0m2,normal,0.7191327214241028
7k7htp,normal,0.7841822504997253
7pjkt6,normal,0.7687309980392456
l0kb1w,normal,0.7717496752738953
londs3,normal,0.7774587273597717
ldb79e,normal,0.7500368356704712
kvw3gj,normal,0.819689929485321
l5uofr,normal,0.8015636801719666
ltcuy8,normal,0.7679599523544312
ltmzyj,normal,0.730295717716217
lj91gz,normal,0.7788740396499634
conk0v,normal,0.7625328302383423
ar5tik,normal,0.7956882119178772
k936kf,normal,0.8344915509223938
lo1awj,normal,0.7414612174034119
ipzeul,normal,0.7875475883483887
j8y4gk,normal,0.8146737813949585
mtlbme,normal,0.7636728286743164
dx3pun,normal,0.7263869643211365
lt21ch,normal,0.6206845045089722
cvxzu1,normal,0.780857264995575
cd95hg,normal,0.7969913482666016
7mtlh5,normal,0.8141149878501892
mgp3cw,normal,0.756064772605896
abydyb,normal,0.799881637096405
957slx,normal,0.8075584173202515
b9io7y,normal,0.7908716201782227
m3j7el,normal,0.7399553656578064
6lw719,normal,0.8352749943733215
bj7jte,normal,0.6414581537246704
lvsnbg,normal,0.6363508105278015
bp084n,normal,0.8328248262405396
k70md6,normal,0.7898301482200623
kb3uud,normal,0.8189379572868347
f2qwra,normal,0.7357361912727356
gl6bgb,normal,0.8278212547302246
by6rw3,normal,0.7599974870681763
bjkelb,normal,0.8029083013534546
ic0lyk,normal,0.7985430955886841
8yflkk,normal,0.7891228199005127
getc41,normal,0.8091109395027161
8gfikj,normal,0.7688274383544922
ajvs27,normal,0.8011902570724487
coumuk,normal,0.7891547679901123
bmx3wn,normal,0.7478310465812683
2zk6ju,normal,0.8292696475982666
9qd8g3,normal,0.8081667423248291
birfdv,normal,0.7321860194206238
8c2q1g,normal,0.7384640574455261
lwxdvb,normal,0.8121564388275146
lvu8zj,normal,0.5810047388076782
kwxjsh,normal,0.7140257358551025
lhpeoh,normal,0.7689459919929504
le0bp5,normal,0.689758837223053
mscdm5,normal,0.7984544038772583
kkusfy,normal,0.7248485684394836
mu2f4z,normal,0.7443409562110901
k6fsem,normal,0.7480829358100891
kfz65j,normal,0.8230424523353577
lsoy24,normal,0.7811799049377441
l9374f,normal,0.765409529209137
lo6ck8,normal,0.7768768668174744
mnvobp,normal,0.7426812052726746
dbji2e,normal,0.7650692462921143
mrv20z,normal,0.6858627796173096
lnjh80,normal,0.7696947455406189
lt0iaj,normal,0.7861233353614807
mn819p,normal,0.6303625106811523
lw5xm2,normal,0.6932699680328369
milo43,normal,0.6741160154342651
miahh3,normal,0.6510280966758728
lpeun7,normal,0.7990673184394836
mh8no8,normal,0.7641813158988953
gi7wkk,normal,0.7629145979881287
m85adz,normal,0.7963482737541199
mo6t8u,normal,0.7464340925216675
lkm0g5,normal,0.7595735192298889
ky7rko,normal,0.7667924165725708
muu0j9,normal,0.6830395460128784
monj2y,normal,0.7162318825721741
mmqqzs,normal,0.6927784085273743
lzbled,normal,0.7483508586883545
lv70ct,normal,0.784217357635498
meqmj9,normal,0.752593457698822
ljhadn,normal,0.7158219218254089
mgm7s1,normal,0.8003568053245544
lih4bz,normal,0.7246655821800232
lj4oc2,normal,0.727591872215271
m334w1,normal,0.7941594123840332
lwwid1,normal,0.689824104309082
lm1zqi,normal,0.7572937607765198
ldz9ja,normal,0.8092564940452576
m4h9rw,normal,0.7254195213317871
m8y5dr,normal,0.6522288918495178
m5igfp,normal,0.718108594417572
mlq2g5,normal,0.7836483120918274
lszbvb,normal,0.7578264474868774
ltpniy,normal,0.8289711475372314
birpw1,normal,0.7463285326957703
l9ht05,normal,0.7185548543930054
mmc91a,normal,0.7537339925765991
4tqe1h,normal,0.7740548849105835
lnqv50,normal,0.8159356117248535
l8x1oi,normal,0.6473028659820557
kzpdre,normal,0.7125515937805176
lkpe9v,normal,0.6042962670326233
kj18lo,normal,0.7010147571563721
lj1qyd,normal,0.8204500675201416
bgm7rg,normal,0.7305859327316284
kgt38v,normal,0.7829235196113586
7poe5z,normal,0.7850818634033203
9en581,normal,0.639751672744751
kebpd3,normal,0.6542831063270569
81lp1r,normal,0.8007652759552002
8ld907,normal,0.8236393332481384
52ulx8,normal,0.8347707390785217
itegkv,normal,0.7809807658195496
hpi3wp,normal,0.8006470799446106
f3psk0,normal,0.8061147332191467
g6pee0,normal,0.7551931142807007
dxmdp9,normal,0.6557326912879944
cjnxex,normal,0.8332629203796387
hzx81d,normal,0.7538030743598938
enchh1,normal,0.7865780591964722
9d8bmt,normal,0.7481189370155334
cvbudq,normal,0.7940240502357483
fzxlis,normal,0.7465829849243164
ccitok,normal,0.770451545715332
g47rx4,normal,0.7527952790260315
gjaugd,normal,0.7452036738395691
bmjoef,normal,0.8018760085105896
9f75hw,normal,0.8275092244148254
gjpm2r,normal,0.7907172441482544
9d82rs,normal,0.649152398109436
8yedhs,normal,0.7989695072174072
bln17l,normal,0.726061224937439
bl4bzh,normal,0.8160810470581055
g5fpw7,normal,0.6893845796585083
boqpa2,normal,0.7814697623252869
87ce0e,normal,0.4889586567878723
lifm8w,normal,0.5989711880683899
jiidea,normal,0.5929316878318787
jxv7r9,normal,0.606528103351593
hfuhvn,normal,0.6848093271255493
lib5yh,normal,0.7863377332687378
d9n05e,normal,0.8047842383384705
kf54pk,normal,0.7566499710083008
ej0ipo,normal,0.7874900698661804
d5jdb0,normal,0.7715957760810852
bhmp9s,normal,0.8152090311050415
kdihpr,normal,0.7950360774993896
hmfiyl,normal,0.7447051405906677
ix638q,normal,0.4586794972419739
m5k5g9,normal,0.7301761507987976
kfdsxj,normal,0.7542791962623596
k9j8gm,normal,0.7945041656494141
g0zhsz,normal,0.7853777408599854
elf67f,normal,0.7852652072906494
ftu8vu,normal,0.7818874716758728
dwznnm,normal,0.6778013110160828
dbx7to,normal,0.7858045101165771
jgwl9o,normal,0.8167791962623596
mqapti,normal,0.8184934854507446
mi7u2u,normal,0.7794443368911743
kb45tk,normal,0.7343714833259583
jcqu76,normal,0.8118167519569397
j4gida,normal,0.7856677174568176
lv0jev,normal,0.7948315143585205
lr38h4,normal,0.6908981204032898
luqrqf,normal,0.7702612280845642
lssrdc,normal,0.8029830455780029
frkzik,normal,0.7169420123100281
lpfl9v,normal,0.7948315143585205
lk66ht,normal,0.7948315143585205
lf4ifj,normal,0.7948315143585205
m9dkep,normal,0.7859094142913818
m8xw67,normal,0.7955166101455688
fqbo6a,normal,0.8155474662780762
fg2rum,normal,0.7056484222412109
ktupq1,normal,0.7192074060440063
l4gg33,normal,0.7948315143585205
kznmg1,normal,0.7948315143585205
kfbqfy,normal,0.7518526911735535
kv35x6,normal,0.8018417358398438
d0r0rp,normal,0.8121460676193237
ixrsz5,normal,0.7197102308273315
kcyrqb,normal,0.8231347799301147
krnrvt,normal,0.8018417358398438
f4wo8k,normal,0.6702550053596497
klrn0j,normal,0.8231347799301147
khikvf,normal,0.8231347799301147
k3wwt9,normal,0.8231347799301147
k8hpo0,normal,0.8231347799301147
jzipg7,normal,0.8231347799301147
jv7rqw,normal,0.8231347799301147
jojbrw,normal,0.8184614777565002
b23b9n,normal,0.8117496371269226
je2sb3,normal,0.8231347799301147
k85740,normal,0.812667191028595
jqyoyd,normal,0.8231347799301147
i8r90g,normal,0.7844361662864685
jmoicc,normal,0.8231347799301147
jifocf,normal,0.8231347799301147
j9s0km,normal,0.8231347799301147
j5kipy,normal,0.8231347799301147
haccvz,normal,0.7931573390960693
89fuo1,normal,0.6426148414611816
io8jfi,normal,0.8231347799301147
ijz4y2,normal,0.8231347799301147
8e6923,normal,0.7488555312156677
lrjnfx,normal,0.8144505023956299
mv2u18,normal,0.7459637522697449
lhl311,normal,0.6664150357246399
d9xk3k,normal,0.7902799844741821
azyayv,normal,0.8036827445030212
i31160,normal,0.7569208741188049
gd5imw,normal,0.5559813976287842
d6gmuz,normal,0.7384276390075684
bht2aq,normal,0.8326199650764465
ash4em,normal,0.7780970335006714
kzat9j,normal,0.7031005620956421
ihw6zl,normal,0.7781819701194763
mco8u0,normal,0.8297984600067139
9nqywa,normal,0.7427917122840881
8u6gr3,normal,0.7783644199371338
8wwni0,normal,0.747475266456604
8w1au3,normal,0.7858707904815674
bcmfrr,normal,0.6885485649108887
m2v2mp,normal,0.7711557745933533
m1k0dr,normal,0.7809402942657471
lje8lt,normal,0.7443954348564148
lq7zq9,normal,0.7940064668655396
l2s95u,normal,0.7977186441421509
iwwadq,normal,0.7644271850585938
i5ppvz,normal,0.6557326912879944
hx97fe,normal,0.7663848996162415
hp3s2m,normal,0.8117468953132629
bn62me,normal,0.7901034951210022
e8fwak,normal,0.7374562621116638
btbc7k,normal,0.7789046764373779
mfta7m,normal,0.7980345487594604
lrjnni,normal,0.8680523037910461
gf99jh,normal,0.7234152555465698
gg44k0,normal,0.7478523850440979
jt4je9,normal,0.8092268705368042
hfa95u,normal,0.7997033596038818
hq5ewq,normal,0.8033487796783447
c5pjii,normal,0.7582967281341553
dh9zam,normal,0.8230607509613037
aw3ien,normal,0.7667288184165955
9kooym,normal,0.6823465824127197
8qd5mo,normal,0.7905063033103943
4nn06g,normal,0.7831082940101624
dm4v9c,normal,0.7731801271438599
d9bezz,normal,0.779667317867279
jr21qt,normal,0.834720253944397
7vu8nc,normal,0.7009903788566589
kt43jb,normal,0.8292872309684753
jrleu4,normal,0.8106935620307922
lqeund,normal,0.7835052013397217
ir5x1v,normal,0.7591536641120911
hj6zf0,normal,0.773004949092865
j8d4bk,normal,0.7997021675109863
l8yczc,normal,0.7478818893432617
euthgv,normal,0.7954038381576538
bjhcjy,normal,0.804119348526001
hrduj1,normal,0.7955811023712158
hyvt6e,normal,0.8000993132591248
gmi85d,normal,0.6939483880996704
htma2y,normal,0.7653487324714661
ihu7d3,normal,0.6722246408462524
fwrh79,normal,0.7369657158851624
daj0o1,normal,0.7704021334648132
aaglsc,hate speech,0.3855035603046417
6j3gk2,normal,0.7071956992149353
axjzfs,normal,0.7242764234542847
ih3ucl,normal,0.7465569972991943
g0nj3i,normal,0.786672055721283
l4ov4s,normal,0.7915513515472412
lh396y,normal,0.7760964035987854
l49m5x,normal,0.788851261138916
laxhfi,normal,0.7799302935600281
mn1vj0,normal,0.8170909285545349
mi1uoq,normal,0.7616704106330872
iw5zni,normal,0.7810497879981995
lk4lvr,normal,0.7824531197547913
l8zpc8,normal,0.6849257946014404
l0oi9t,normal,0.8194448947906494
fh3n8z,normal,0.747678279876709
kgeqpn,normal,0.8043475151062012
kash9l,normal,0.83772873878479
gg4f7h,normal,0.791182816028595
ff3mdp,normal,0.7386424541473389
fgyziu,normal,0.8131550550460815
e7j7s5,normal,0.8356587290763855
ea45d0,normal,0.8166055083274841
an2yxu,normal,0.7692483067512512
8eeql9,offensive,0.49229684472084045
4f39qe,normal,0.7339240908622742
kx9uzu,normal,0.8034385442733765
mqnz5n,normal,0.5674905180931091
lyst2u,normal,0.8308708071708679
mr6qr0,normal,0.8267433643341064
m7fx1w,normal,0.8129590749740601
lku8ka,normal,0.7552160024642944
lrgt0m,normal,0.7306587100028992
jpwo0j,normal,0.6844162344932556
krtzaz,normal,0.7866025567054749
mw92zj,normal,0.8309003710746765
l697fu,normal,0.7431314587593079
jgvcq5,normal,0.7802237868309021
l9oyqz,normal,0.7586685419082642
lh4vvj,normal,0.7879589200019836
mtsm9a,normal,0.832045316696167
mp6e0b,normal,0.832045316696167
izs4xw,normal,0.7326996922492981
mtiazl,normal,0.8084770441055298
m0j34i,normal,0.7945263385772705
hsa97a,normal,0.796291708946228
mrzyjw,normal,0.7642976641654968
mkc5i8,normal,0.832045316696167
jgykcb,normal,0.7537557482719421
kbs6xt,normal,0.8100800514221191
kx00jd,normal,0.7747761607170105
mkwx6k,normal,0.6074052453041077
kfswjf,normal,0.8204471468925476
mr299g,normal,0.7878292798995972
m6h5ms,normal,0.8206924200057983
lym77c,normal,0.6581254005432129
mg2dft,normal,0.6632577776908875
jjcp7l,normal,0.8045604825019836
lrmmfw,normal,0.8020955324172974
m6npyo,normal,0.766687273979187
mm78xs,normal,0.7696511745452881
m3nhqv,normal,0.7651164531707764
mwkjuy,normal,0.8113816976547241
lw1hu2,normal,0.6474319100379944
mfh8ej,normal,0.832045316696167
jsj5za,normal,0.8141456246376038
ln1b35,normal,0.6647528409957886
b9izho,normal,0.7870336174964905
8bip2p,normal,0.8053030371665955
m3nfho,normal,0.78130704164505
lyzwyc,normal,0.8060307502746582
lrc45i,normal,0.8108447194099426
ln0p8w,normal,0.7905189990997314
li1845,normal,0.800510823726654
lkh07d,normal,0.7973280549049377
liyvyi,normal,0.6672887206077576
lhk69z,normal,0.7771959900856018
kzq1pk,normal,0.7154844403266907
k9yq16,normal,0.7363113760948181
jzs5ik,normal,0.8056694269180298
jyvbby,normal,0.7777179479598999
jvgr6s,normal,0.8163057565689087
iqsh5c,normal,0.780311107635498
iq7ym3,normal,0.7840908169746399
hjo5v6,normal,0.8063949346542358
gbb29z,normal,0.766680896282196
fw1agv,normal,0.7637237906455994
fhoet3,normal,0.7599270343780518
fas9i0,normal,0.774126410484314
f6fyph,normal,0.6942306756973267
erg11t,normal,0.8086670637130737
e5vw3d,normal,0.7116553783416748
dq60lv,normal,0.5781810879707336
dg5fpo,normal,0.8073099851608276
d4tchx,normal,0.7876657247543335
bxj84w,normal,0.7713724970817566
bibudf,normal,0.7644226551055908
biaj7v,normal,0.7403955459594727
bgk3a2,normal,0.7529815435409546
bazycd,normal,0.7512733936309814
b4ynk7,normal,0.7243622541427612
9ru8b9,normal,0.8249102830886841
8zikhk,normal,0.813021183013916
8uws8d,normal,0.7456443309783936
8j29bg,normal,0.8001378178596497
lzvip3,normal,0.7598523497581482
m3uqgq,normal,0.7816820740699768
lrkyoi,normal,0.7838832139968872
kf9ipb,normal,0.7881871461868286
mgl81j,normal,0.7637984156608582
kf5td2,normal,0.6670292019844055
mr4gna,normal,0.7574129104614258
mtlcd1,normal,0.7478435635566711
kf7p37,normal,0.6842123866081238
mi3nab,normal,0.7900814414024353
jsr6kn,normal,0.6639304757118225
m624ld,normal,0.7526697516441345
jybfym,normal,0.6705735325813293
k9yrvp,normal,0.7503746151924133
jvabds,normal,0.7953901886940002
lvilzz,normal,0.6539616584777832
lvlaqk,normal,0.7800452709197998
m5z19x,normal,0.763196587562561
hpfyvw,normal,0.8083714842796326
lho204,normal,0.7963621020317078
lecsan,normal,0.6622657775878906
iw5cvr,normal,0.7566661834716797
i26iqq,normal,0.6743346452713013
ja9lcr,normal,0.6539616584777832
kcqx57,normal,0.7939146757125854
hbfem5,normal,0.739450991153717
kpx5wv,normal,0.8143772482872009
kat1q4,normal,0.7358925938606262
jnx161,normal,0.7682073712348938
jxylvj,normal,0.7612602710723877
dlh72j,normal,0.7643540501594543
j474vr,normal,0.7325620055198669
jpgk21,normal,0.8315895199775696
jsijzn,normal,0.7462842464447021
jsf9vc,normal,0.7280260920524597
j771bw,normal,0.7869912385940552
jnz8pc,normal,0.7694327235221863
j4ml3c,normal,0.7007315754890442
c46y2n,normal,0.7018359303474426
c2jdgz,normal,0.620388388633728
iwm3uk,normal,0.6976611614227295
h16xwy,normal,0.7484115958213806
eakvjp,normal,0.7808460593223572
mu32g5,normal,0.5201327204704285
m1qub7,normal,0.47149282693862915
dsduq6,normal,0.6930128931999207
gjw8vj,normal,0.6977460384368896
mwcwm1,normal,0.606806755065918
mjtgap,normal,0.7544358372688293
mwn6yl,normal,0.7829572558403015
515do1,normal,0.7806817293167114
g9q6cg,normal,0.6870124936103821
lhot54,normal,0.6935248374938965
kxr8su,normal,0.575688898563385
mvylkd,normal,0.6782405972480774
mauq2f,normal,0.6441624760627747
mmkymw,normal,0.6131787300109863
af128h,normal,0.7562657594680786
k9759g,normal,0.7142408490180969
1mdef9,normal,0.7841428518295288
jqr19v,normal,0.5252814888954163
l4x9vf,normal,0.7638662457466125
m7kcp0,normal,0.7577810287475586
lz5yzj,normal,0.7100906372070312
kokmcd,normal,0.7520197629928589
l11gha,normal,0.7051984667778015
kd70vr,normal,0.6325108408927917
kqrlxx,normal,0.801795482635498
lm3glf,normal,0.7104740142822266
2vj90e,normal,0.7106549739837646
9ognd8,hate speech,0.4049205780029297
ahae87,normal,0.6857168078422546
3cdt1u,normal,0.7211295962333679
ljwtnc,normal,0.6004536151885986
lor1q5,offensive,0.47593003511428833
gdt0ts,normal,0.7672476172447205
5ieh2t,normal,0.7136775255203247
ka9xl5,normal,0.8151293992996216
2z1i7p,normal,0.7190271615982056
9gk8h0,normal,0.7600613832473755
k0joxd,normal,0.7175536155700684
hru45a,normal,0.7589991688728333
k2zayo,normal,0.763818085193634
iwc61w,normal,0.6756833791732788
jw9yv3,normal,0.6939826011657715
5axwwm,normal,0.80797278881073
jdijaz,normal,0.7772049903869629
3nahtv,normal,0.6924874782562256
kucd0j,normal,0.7917575836181641
kfpf9d,normal,0.6809648275375366
gheqrb,normal,0.7764016389846802
47ho2p,normal,0.7050493359565735
k2wz6w,normal,0.6486857533454895
mxbobf,normal,0.8206926584243774
mwrru5,normal,0.8023677468299866
mwpdum,normal,0.7951905727386475
mvg1hj,normal,0.539837121963501
muqxq6,normal,0.7550423741340637
mqzci4,normal,0.7244203090667725
mv16zh,normal,0.7951212525367737
msxbcs,normal,0.7813329696655273
mtaerd,normal,0.7998051047325134
ms7ms9,normal,0.7772025465965271
mr53sr,normal,0.7160063982009888
mndmqt,normal,0.7597440481185913
mpnk5q,normal,0.785716712474823
mpkvll,normal,0.7872899174690247
mpb0dr,normal,0.6575431227684021
mktoe9,normal,0.697135865688324
mobbgp,normal,0.6887518763542175
mn5b8u,normal,0.7845027446746826
mjwxbs,normal,0.7787325978279114
mmkxmk,normal,0.7529478073120117
mhoicc,normal,0.7104654312133789
mk3s7t,normal,0.7642479538917542
miys1h,normal,0.7954919338226318
mhk9hx,normal,0.7836243510246277
mhcmxh,normal,0.802295446395874
mgxr0r,normal,0.7918857336044312
mg7cm7,normal,0.5948465466499329
mg5oum,normal,0.7590841054916382
mg6gtv,normal,0.7523624300956726
md3s76,normal,0.7677720189094543
md34qt,normal,0.7628403902053833
mchuer,normal,0.7873746752738953
mca91j,normal,0.7664368748664856
m7rzg9,normal,0.8158327341079712
mbol0e,normal,0.6808483600616455
mbyf08,normal,0.6832793354988098
mbdmha,normal,0.7982292771339417
magmv5,normal,0.7524991035461426
mam8mq,normal,0.7133873701095581
mahz3i,normal,0.7908188700675964
m9pdvf,normal,0.5190154314041138
m9rufk,normal,0.7348542809486389
m88dki,normal,0.7924124598503113
m86tdf,normal,0.7840301394462585
m807l0,normal,0.7172370553016663
m7dl02,normal,0.7689874172210693
m6ljkr,normal,0.7885912656784058
m5cdbx,normal,0.7286359667778015
m4x81x,normal,0.6650176644325256
m4kc0c,normal,0.7786120772361755
k8xl7j,normal,0.7377248406410217
lv9z2n,normal,0.7245954275131226
ebn2h3,normal,0.6820436716079712
k9hk35,normal,0.7407174110412598
gmxf1k,normal,0.6601698398590088
iwz9cb,normal,0.6964246034622192
iqq2km,normal,0.7543354630470276
gpjgip,normal,0.7591974139213562
j2t46c,normal,0.7036186456680298
m1sdn1,normal,0.7573454976081848
mwg511,normal,0.6897380948066711
mwajbr,normal,0.7337138652801514
axyml1,normal,0.7541696429252625
mrynmb,normal,0.7448630928993225
mee48k,normal,0.7769669890403748
m3ibyf,normal,0.6336926817893982
acqe4u,normal,0.7568009495735168
bvamn6,normal,0.6709819436073303
d0isys,normal,0.6844707727432251
l40w2y,normal,0.6925125122070312
m025mj,normal,0.7987992763519287
kh5nfd,normal,0.6422443389892578
febmkc,normal,0.7541696429252625
fdza9f,normal,0.7541696429252625
bvrxzg,normal,0.7291678190231323
ebeyo5,normal,0.79816734790802
lkpcim,normal,0.6959913969039917
l06ags,normal,0.7801947593688965
4d6egf,normal,0.7599189281463623
d017qo,normal,0.7076935768127441
aeo59a,normal,0.7743543386459351
5t7gji,normal,0.7586814761161804
j9znvq,normal,0.7141019701957703
7dr093,normal,0.7015624046325684
9sjjj4,normal,0.6847655177116394
j5yc1z,normal,0.6627985239028931
7xjtmo,normal,0.7838817238807678
9h5v87,normal,0.7774426341056824
jkay3n,normal,0.7493208646774292
ades1k,normal,0.7697721719741821
97ogbr,normal,0.7909207940101624
jkmcd6,normal,0.7298530340194702
iotsje,normal,0.7905643582344055
ikhn45,normal,0.8063176870346069
64vrc3,normal,0.7705000638961792
672qvd,normal,0.7637244462966919
iz3utu,normal,0.48413509130477905
j52ctg,normal,0.7535368204116821
i6zlp6,normal,0.7581468820571899
mvii6d,normal,0.7767783403396606
kwj7vc,normal,0.693839967250824
mcic03,normal,0.7219305634498596
lvzyiu,normal,0.8121446967124939
jkc420,normal,0.7074283957481384
ljp99a,normal,0.5676062107086182
iqm7kn,normal,0.7926352024078369
ipfttw,normal,0.8169628381729126
kpdxsl,normal,0.7714046835899353
mhwhqo,normal,0.7163469195365906
ml8c2v,normal,0.7199839353561401
m3tz4m,normal,0.7345353960990906
mt8n5c,normal,0.6718060970306396
me0p9m,normal,0.7885897755622864
fcw44l,normal,0.6905980110168457
m8500s,normal,0.7706613540649414
mqluej,normal,0.7914232611656189
mtjgwa,normal,0.7407913208007812
l06vgu,normal,0.7347265481948853
8murd9,normal,0.8097530603408813
ftk9r2,normal,0.8121528029441833
l9f8h1,normal,0.6971632838249207
m9di3j,normal,0.81174236536026
ml59q0,normal,0.8052076697349548
looe7j,normal,0.8188243508338928
47sici,normal,0.7824239134788513
mpnpx4,normal,0.7587268352508545
1l3o25,normal,0.7083057165145874
k5am7u,normal,0.7513017654418945
ec9vvj,normal,0.7046014070510864
huywoe,normal,0.759994387626648
l5jz0j,normal,0.7986841201782227
le2lye,normal,0.7494510412216187
lbmq8s,normal,0.7676385045051575
5cw7b6,normal,0.7474716901779175
kgi8cz,normal,0.8169921636581421
kucryf,normal,0.7837730050086975
hz46c2,normal,0.7479923367500305
e210yv,normal,0.5933796167373657
cek3y9,normal,0.6292411088943481
kz7790,normal,0.7782074809074402
lx2j44,normal,0.7445392608642578
joffez,normal,0.6488174796104431
kozlx9,normal,0.823427677154541
i4hsij,normal,0.7849017977714539
kp0lyv,normal,0.7953154444694519
kiukov,normal,0.599568784236908
kwxi93,normal,0.8097888231277466
k8ewgy,normal,0.7678035497665405
77bqig,normal,0.7653344869613647
mx84eg,normal,0.7878530621528625
kxda1m,normal,0.7646722793579102
mi7ue3,normal,0.8307545781135559
eqztlr,normal,0.801690936088562
d0hq32,normal,0.6331263780593872
jl0k41,normal,0.790197491645813
jtdspd,normal,0.7570855617523193
juya6q,normal,0.7674126029014587
km2y0y,normal,0.7905324697494507
ip6ifr,normal,0.5425668954849243
d543a8,normal,0.6508748531341553
mrvp60,normal,0.7166523933410645
g5abby,normal,0.7777174115180969
aht4mv,normal,0.7999894618988037
llogum,normal,0.5698539018630981
hekp09,normal,0.8041689395904541
di91w2,normal,0.8320310711860657
b67eeu,normal,0.7893713116645813
3fqr3m,normal,0.7691643238067627
kihw5c,normal,0.7701737284660339
ec6wb9,normal,0.7414447069168091
a0gdma,normal,0.7635107040405273
6byf4p,normal,0.7481653094291687
7q7q9x,normal,0.7055844068527222
jlth6l,normal,0.6495144963264465
knz0ug,normal,0.8066616654396057
fh85ck,normal,0.6397294402122498
dx6r19,normal,0.7210591435432434
hdwjk9,normal,0.8202221989631653
1rggjb,normal,0.7614056468009949
acn1vd,normal,0.7944262623786926
se3g8,normal,0.7448623776435852
jkxk6l,normal,0.7921861410140991
1wzlr8,normal,0.8057881593704224
booxpq,normal,0.7932555675506592
f385ul,normal,0.7266765236854553
e6diig,normal,0.8120977878570557
jds97p,normal,0.8071208000183105
kbrom9,normal,0.5297104120254517
3nz6kt,normal,0.7640019059181213
k4v4pm,normal,0.7833083271980286
48bsp2,normal,0.7676641941070557
3xqyji,normal,0.763432502746582
4fe0la,normal,0.7690430879592896
2fr0cx,normal,0.7061307430267334
jxznf9,normal,0.7721601724624634
4564me,normal,0.7365339994430542
1yogq5,normal,0.7957671284675598
2mri11,normal,0.7897317409515381
mi1k02,normal,0.7785148024559021
l8xgqz,normal,0.6015570759773254
maaytr,normal,0.7986533045768738
m2i4fu,normal,0.7907570600509644
mory9v,normal,0.7705097198486328
khnd6h,normal,0.7905364036560059
hzkild,normal,0.7963253259658813
lkv3gs,normal,0.6095224618911743
joo9gq,normal,0.7459862232208252
le5lxk,normal,0.7757468819618225
mugb5i,normal,0.6645387411117554
jmi1oq,normal,0.7356266975402832
m9g7n6,normal,0.7942882776260376
mapujh,normal,0.6940951347351074
mx3539,normal,0.8140831589698792
mffy6t,normal,0.8054192662239075
md49tt,normal,0.6699768900871277
mehs6u,normal,0.6837650537490845
khoqze,normal,0.7940852642059326
ktzhij,normal,0.8074941635131836
mfe5uu,normal,0.7157055139541626
l0zk4t,normal,0.7769113183021545
mg72qq,normal,0.7676982283592224
jfm3ec,normal,0.7098372578620911
m0qfyc,normal,0.7954884171485901
m97o5p,normal,0.7236365079879761
jufmps,normal,0.6579030752182007
mhjtg2,normal,0.8106629848480225
h9ac88,normal,0.8186368942260742
if2r9m,normal,0.7493969798088074
mlv0eo,normal,0.8040677309036255
mjxum5,normal,0.7278069853782654
mpud5r,normal,0.8074787259101868
m90if8,normal,0.7237227559089661
mhyn8g,normal,0.7008913159370422
mc7ocm,normal,0.7314072847366333
lzvnfp,normal,0.8102527856826782
clxdus,normal,0.7744522094726562
j2w7by,normal,0.7472473382949829
koak1y,normal,0.7227779626846313
ibtl0c,normal,0.805820882320404
ltlxwt,normal,0.7948505282402039
d980ie,normal,0.7769244313240051
ldekef,normal,0.8212844729423523
mkctd0,normal,0.7002384066581726
hz2pep,normal,0.8313392400741577
gtbre9,normal,0.7847275733947754
lpg0oe,normal,0.837031364440918
mqeuwc,normal,0.7700186371803284
kwmzz4,normal,0.7879776954650879
mcn7jr,normal,0.7975021600723267
meccr5,normal,0.5234688520431519
m4xvv5,normal,0.8072755932807922
jd5gta,normal,0.755304217338562
ljbkie,normal,0.7690047025680542
lnr0r0,normal,0.5693816542625427
l94xdd,normal,0.7451128959655762
i847cr,normal,0.811503529548645
kk7gla,normal,0.8245880603790283
meyu6j,normal,0.7031698822975159
klg56o,normal,0.7682867050170898
l66b9p,normal,0.7993462085723877
jqj9at,normal,0.7762691378593445
kvpppm,normal,0.7338286638259888
m5o22f,normal,0.7699816823005676
msgnws,normal,0.786041259765625
jfpd13,normal,0.778187096118927
ljpn9e,normal,0.7827685475349426
gvxtqc,normal,0.7508479356765747
ge3dqj,normal,0.7265525460243225
g060bq,normal,0.7909040451049805
i8zygr,normal,0.7580304741859436
mokot6,normal,0.7627201080322266
iee6s0,normal,0.7737624049186707
k3v4zh,normal,0.6086288690567017
mwvrg7,normal,0.7811694145202637
hgex3m,normal,0.8026594519615173
mp4sez,normal,0.7778513431549072
mkxjc6,normal,0.7974475622177124
iuloem,normal,0.5153071880340576
jq901q,normal,0.8043082356452942
j02pgz,normal,0.8057901263237
ix4xr6,normal,0.724454939365387
igqlbd,normal,0.7169073224067688
lwfkkb,normal,0.8240110278129578
m5virs,normal,0.7632040977478027
mrs1e0,normal,0.8098016977310181
mvopdk,normal,0.7559254765510559
mswopm,normal,0.7235409021377563
incgk5,normal,0.7873990535736084
mx833n,normal,0.7694349884986877
mmwspq,normal,0.7695016264915466
97ko0j,normal,0.6758182644844055
k8a899,normal,0.7386668920516968
mbwuiv,normal,0.7062151432037354
lndz0d,normal,0.5880865454673767
mjuhel,normal,0.8004446625709534
lo7h9m,normal,0.7260286808013916
ckgcj5,normal,0.692966639995575
kdnc5h,normal,0.7451218962669373
mfe79u,normal,0.7060157656669617
iozhqn,normal,0.7188795804977417
2dcw4x,normal,0.7206314206123352
htgu34,normal,0.652046799659729
k3go6k,normal,0.7129613757133484
k3h38e,normal,0.7360286116600037
7zibqs,normal,0.6128392815589905
k3h833,normal,0.7389612793922424
k3gk12,normal,0.7227074503898621
873u4,normal,0.6990681886672974
idbp6z,normal,0.672463595867157
ibg0zl,normal,0.7682787179946899
caw5fx,normal,0.6612610816955566
5ai7a6,normal,0.5536137819290161
jcyvmn,normal,0.7533169984817505
efz1m,normal,0.7764275670051575
hi8ogx,normal,0.7572396397590637
d4c5xx,normal,0.7479590773582458
i1t13m,normal,0.7476041913032532
sporq,normal,0.7989251613616943
c1kecg,normal,0.7006143927574158
ff3rm5,normal,0.5032750368118286
euwsq0,normal,0.6055575013160706
ce3gz4,normal,0.695209264755249
bnjua6,normal,0.707911491394043
8ib4k9,normal,0.6292585134506226
ddy6wc,normal,0.6759392023086548
6vet30,normal,0.703154981136322
azq3x7,normal,0.6974164247512817
8dkuzz,normal,0.8206815123558044
7tnjxy,normal,0.7539010643959045
fwdzy,normal,0.6845595836639404
cibxum,normal,0.5842494368553162
8gxfq5,normal,0.7391183972358704
3zwgr8,normal,0.7366235852241516
d4adcu,normal,0.763755738735199
a3v06x,normal,0.7550574541091919
44r75q,normal,0.7886856198310852
6iufs9,normal,0.7374492883682251
bou168,normal,0.7536042928695679
1titxc,normal,0.7315208911895752
9rtgmc,normal,0.5876075029373169
1hi1nt,normal,0.7338017821311951
a6d3q4,normal,0.7269030213356018
atlfco,normal,0.7286149859428406
7dnf6,normal,0.763910174369812
3nkhwi,normal,0.7763585448265076
fsdw7x,normal,0.7971724271774292
hh0854,normal,0.7464494109153748
ep9vx2,normal,0.8286693692207336
ifcvh0,normal,0.6663350462913513
few2d2,normal,0.6807172298431396
btf10e,normal,0.8025026321411133
gr8qxo,normal,0.762016236782074
edrqvb,normal,0.6478962302207947
91z8ul,normal,0.7829116582870483
egbfle,normal,0.7679488062858582
ek4rix,normal,0.7165300250053406
4xw0yw,normal,0.768957257270813
elnpn,normal,0.816862165927887
ehxf8,normal,0.7413213849067688
e0m7ww,normal,0.6856378316879272
8gf8t,normal,0.6489824652671814
crl9p,normal,0.7045767903327942
b1ukrn,normal,0.7183494567871094
2xu0z6,normal,0.8073301911354065
d6nki,normal,0.6254193186759949
c7n0kl,normal,0.6777551770210266
b7k12,normal,0.5391419529914856
7cwdpy,normal,0.7457016706466675
4xubxw,normal,0.7139654755592346
m7cze,normal,0.6433301568031311
68g8o0,normal,0.6656345129013062
77p3fu,normal,0.6768808960914612
2s3c08,normal,0.7633177638053894
3n93dp,normal,0.6119408011436462
3nqhiz,normal,0.5968841314315796
a7u1y,normal,0.7626599073410034
3tyqc6,normal,0.6811476349830627
dktfv,normal,0.5999612808227539
3owbjo,offensive,0.40526553988456726
fx8z1,normal,0.810396134853363
6m5ly5,normal,0.7419261336326599
2hn094,normal,0.45395150780677795
gpg3q,normal,0.8291520476341248
492hoo,normal,0.7867565751075745
3o4ybd,normal,0.6820690035820007
3tlehr,normal,0.6728003621101379
4a3322,normal,0.6710011959075928
1ntrs2,normal,0.7269840836524963
1v5v1k,normal,0.7532362937927246
ed61t,normal,0.7519029974937439
elf11,normal,0.612007737159729
4cyvtd,normal,0.7141175866127014
2nyqv6,normal,0.5949410796165466
4c6fbk,normal,0.726231575012207
2npqpp,normal,0.597353458404541
m9fu68,normal,0.7743299603462219
av0vts,normal,0.8222872018814087
av2hs0,normal,0.633585512638092
iujw7,normal,0.7714048027992249
1rtghy,normal,0.7840778231620789
2aof25,offensive,0.4693946838378906
iu9px3,normal,0.6986543536186218
5vu2jq,normal,0.6630086898803711
hqu0ne,normal,0.6978662610054016
flp8yc,normal,0.710175096988678
ej2f3y,normal,0.6794082522392273
h16mcl,normal,0.7568027377128601
7fgcwi,normal,0.7564613223075867
3g5s16,normal,0.6543046832084656
coyf2,normal,0.6616613268852234
1r08qc,normal,0.7889450788497925
ggmc7q,normal,0.7218217253684998
dwrjtw,normal,0.6839674115180969
f12riq,normal,0.6843793988227844
6kk4t,normal,0.8050393462181091
4ww5by,normal,0.7999457120895386
1ryfo8,normal,0.7822718024253845
jd0cc,normal,0.6725232005119324
1gqud4,normal,0.8151165843009949
1r07m7,normal,0.7579387426376343
1gv42m,normal,0.7818775177001953
egmi7f,normal,0.7337643504142761
zgvfm,normal,0.6816785335540771
ftpwo9,normal,0.7053614854812622
eldvd,normal,0.7420048117637634
dx7gq5,normal,0.7646023631095886
fuwtjp,normal,0.7174003720283508
g49aja,normal,0.6740431785583496
b5otsb,normal,0.678562343120575
cvk2z8,normal,0.7635489106178284
7q0d2b,normal,0.791956901550293
clg4fb,normal,0.7722368240356445
6s26um,normal,0.7869405150413513
daaez,normal,0.7073143124580383
ddiuy6,normal,0.4585586488246918
tc0tj,normal,0.6656851172447205
3xio3h,normal,0.7791154980659485
bfcrjl,normal,0.8327752947807312
ai5l2d,normal,0.7555446028709412
9092ty,normal,0.7685725688934326
34cli3,normal,0.7662752866744995
2atz2z,normal,0.7831769585609436
8s28w7,normal,0.729600191116333
5gczjm,normal,0.731084406375885
2l5h2i,normal,0.8338039517402649
mq470b,normal,0.7774956226348877
lkl7gv,normal,0.6244547963142395
leunaa,normal,0.7189964652061462
mbcqn3,normal,0.7856095433235168
jihgbg,normal,0.7672883868217468
kgrsns,normal,0.7209324240684509
mb2ggz,normal,0.7022300362586975
j9d1v9,normal,0.8068353533744812
mjxczp,normal,0.6835713982582092
lpi0ay,normal,0.7189964652061462
mooq4m,normal,0.5462016463279724
i5f9dn,normal,0.7779819369316101
i5kaem,normal,0.7128114104270935
jv5rt6,normal,0.7265949249267578
kpo0aj,normal,0.7308080792427063
mptkwe,normal,0.8344221115112305
k1nqnr,normal,0.7344402074813843
g6oq6t,normal,0.5811317563056946
j5jgkj,normal,0.7843834757804871
gojf15,normal,0.6928706169128418
k7mg04,normal,0.8050662279129028
kn8q9j,normal,0.7083073854446411
iypfgx,normal,0.8064082860946655
hj3plp,normal,0.8161259889602661
k7fz19,normal,0.7594650983810425
jnrd2n,normal,0.7862857580184937
lhh3rl,normal,0.7621279358863831
k1o8ei,normal,0.7694194316864014
jq87io,normal,0.7609966993331909
le644s,normal,0.8058800101280212
iidg1x,normal,0.7786887288093567
jws1by,normal,0.6468396782875061
g8f0a7,normal,0.7454126477241516
moj5pu,normal,0.7422159314155579
e55l12,normal,0.7368879318237305
m7hqzs,normal,0.7530447244644165
ck9s51,normal,0.76328045129776
k040pb,normal,0.7220459580421448
ki973g,normal,0.7784065008163452
fv3uik,normal,0.7698436975479126
d2aumk,normal,0.6880064010620117
gktltx,normal,0.7692721486091614
le3k02,normal,0.7362645864486694
j7eaie,normal,0.815564751625061
kl27ne,normal,0.793208658695221
lxhz2o,normal,0.7024136185646057
9f2rdf,normal,0.8038541674613953
h9wdac,normal,0.7704852819442749
kbvhuq,normal,0.7803059220314026
mt9gb3,normal,0.7327187657356262
mvisqk,normal,0.71302330493927
mschfa,normal,0.8048422932624817
mkpuec,normal,0.7001914381980896
ltruhm,normal,0.788608193397522
lo9bc3,normal,0.7452271580696106
ldquum,normal,0.748354434967041
l8ok9d,normal,0.7788349986076355
kp6zi1,normal,0.6882283687591553
kjxewg,normal,0.7737070918083191
k6yjf0,normal,0.7844803929328918
k7czta,normal,0.5387617945671082
k3op9d,normal,0.7681165337562561
jwjw8q,normal,0.6904441118240356
jzgili,normal,0.8027198314666748
ju46zv,normal,0.7939292192459106
jqzwj1,normal,0.6556767821311951
jnu4yi,normal,0.7970185875892639
jjxdqt,normal,0.6841937303543091
jld6jy,normal,0.6365221738815308
jgudn4,normal,0.7060790061950684
jfjtp2,normal,0.739821195602417
jf0aq0,normal,0.810767650604248
jai26b,normal,0.7486913204193115
ja7ik3,normal,0.7883442044258118
j8k8r8,normal,0.7791938781738281
j4cox7,normal,0.7946291565895081
j0t32q,normal,0.7648468613624573
j10fio,normal,0.6947215795516968
j0qem3,normal,0.7616077065467834
iqou89,normal,0.4827667772769928
imsws7,normal,0.8183283805847168
imzlef,normal,0.7496320009231567
ijc6i3,normal,0.7865451574325562
iiovff,normal,0.7321849465370178
iddlbx,normal,0.7620937824249268
ia3dek,normal,0.7988056540489197
i82b8e,normal,0.8132688999176025
hxs09m,normal,0.7293571829795837
htr0sz,normal,0.5968406796455383
hw3ap4,normal,0.8088589310646057
hspt4a,normal,0.5892832279205322
hqnuos,normal,0.7110778093338013
hn071i,normal,0.7304769158363342
hm05bh,normal,0.6792840957641602
hgng7r,normal,0.7136425375938416
hgj1yy,normal,0.7432708144187927
a7c36,normal,0.7970724701881409
cg8vtc,normal,0.7225704789161682
7wp18r,normal,0.5816968679428101
8yxdn9,normal,0.5782803893089294
8erw7a,normal,0.8083004951477051
drqhb,normal,0.7042911052703857
3nhkbv,normal,0.49060532450675964
2x1qbv,normal,0.5766220092773438
mtirhl,normal,0.5201430320739746
msxa7m,normal,0.6904869675636292
m4g7y2,normal,0.7751601338386536
lrnfie,normal,0.8157638311386108
lomqkd,normal,0.6862137913703918
lie2ht,normal,0.7053431272506714
lh63ox,normal,0.6946882009506226
kycj3k,normal,0.7106372117996216
krqhrk,normal,0.5464473366737366
kgh1jf,normal,0.734978437423706
kgjtxy,normal,0.8058905601501465
kb78qo,normal,0.747149646282196
k7egnq,normal,0.768379271030426
k4wqj4,normal,0.6124925017356873
k3ztaa,normal,0.7280163168907166
k2wcu1,normal,0.7988895773887634
k38boh,normal,0.7832942008972168
jlqz1r,normal,0.7345225811004639
jlmnq3,normal,0.7473469972610474
jk2jox,normal,0.7593182325363159
jhaveo,normal,0.7882223725318909
je1lvf,normal,0.7777666449546814
jd04i8,normal,0.7250552773475647
jajakw,normal,0.6437525153160095
j7ktej,normal,0.7422164082527161
j0djzf,normal,0.7837438583374023
ixv3rl,normal,0.7279658317565918
iv3su6,normal,0.7278758883476257
iuauy2,normal,0.7173345685005188
diuleg,normal,0.6601042747497559
dfiv7i,normal,0.7327401041984558
hznigg,normal,0.7184613943099976
aec1cs,normal,0.7854454517364502
dk9sat,normal,0.7516958117485046
63nejw,normal,0.6751027703285217
ku588l,normal,0.696190595626831
2usd66,normal,0.6665738821029663
4xnmhg,normal,0.8021098971366882
5y1wr9,normal,0.7433918118476868
g4m8sy,normal,0.7091902494430542
c0ynmf,normal,0.7631012201309204
8lwwe2,normal,0.6743346452713013
4fv4q8,normal,0.7484589219093323
8c3hgb,normal,0.6755850315093994
8lk1if,normal,0.6608171463012695
ee945n,normal,0.6503918170928955
8hqn4o,normal,0.6654307246208191
jbck2s,normal,0.68426913022995
5d04qo,normal,0.7713519334793091
8di3p2,normal,0.7561942338943481
26qn4j,normal,0.6247129440307617
2i64ar,normal,0.762535572052002
f4a5r7,normal,0.7322385907173157
gtq564,normal,0.778329610824585
aaalc0,normal,0.7730721235275269
18me75,normal,0.79654461145401
1kw6rq,normal,0.7621758580207825
fuwub9,normal,0.7690367698669434
ei6zqx,normal,0.7161408066749573
hpkfi2,normal,0.6021738052368164
cxeof,normal,0.7458353042602539
119wuh,normal,0.7179340720176697
effe6,normal,0.6871050596237183
deb3d,normal,0.8116447329521179
ek4fj,normal,0.6837851405143738
1833ej,normal,0.7529399991035461
829e0,normal,0.7029418349266052
81ved,normal,0.7157463431358337
81j1w,normal,0.826541006565094
81wc0,normal,0.7354691028594971
l4k9w,normal,0.8092070817947388
dqvex,normal,0.6880070567131042
dq5f8g,normal,0.7306077480316162
9llpp,normal,0.771371603012085
9l7e8,normal,0.7816734910011292
6vg1x,normal,0.7415191531181335
11sj18,normal,0.7575976252555847
m34ylg,normal,0.5072759389877319
kyp6ru,normal,0.7023369073867798
axe0be,normal,0.6816650629043579
in09j1,normal,0.6819379329681396
3yvb4g,normal,0.7365115284919739
953uc4,normal,0.7431288957595825
40rlsv,normal,0.778188169002533
gnz2q7,normal,0.7903542518615723
jcvp2x,normal,0.7795383930206299
gib4w,normal,0.41883164644241333
holqga,normal,0.8163560032844543
g1a8q9,normal,0.7851446270942688
hl39e8,normal,0.7525832653045654
b82pkn,normal,0.7381591796875
gu9sbh,normal,0.777104914188385
i4lpf,normal,0.752724289894104
hcl6pq,normal,0.8168638944625854
hl37al,normal,0.752475917339325
ddpyn,normal,0.7260890603065491
bsmfum,normal,0.6165849566459656
arhi7,normal,0.7054029703140259
11l52b,normal,0.6241499185562134
e0cqfs,normal,0.7934148907661438
f5lcl,normal,0.7654402256011963
bp5zn3,normal,0.5774586200714111
g3kmab,normal,0.7229713797569275
9k81v1,normal,0.7573922276496887
c7qzvk,normal,0.7056792378425598
4bi597,normal,0.6721529960632324
2n35n1,normal,0.68942791223526
96lwqi,normal,0.7365128993988037
b1d36s,normal,0.8227761387825012
cb79n8,normal,0.7418122887611389
1hhpt8,normal,0.6927271485328674
ag178b,normal,0.746186375617981
48scdo,normal,0.5951616168022156
3cezta,normal,0.6059563755989075
aalsxo,normal,0.7695883512496948
jc0ff,normal,0.7299398183822632
4drqoc,normal,0.7880750298500061
afaa77,normal,0.7724758982658386
zgamb,normal,0.6924751996994019
agm4ci,normal,0.6899356842041016
9wvphp,normal,0.7201746702194214
erres,normal,0.7466907501220703
ahqb06,normal,0.504605770111084
7hqbcr,normal,0.8082444667816162
b85ax,normal,0.6369407773017883
mx8hcc,normal,0.7868192791938782
mx1toj,normal,0.7666881680488586
mwfqj5,normal,0.7403702735900879
mwbqfd,normal,0.7075225710868835
mvx8nz,normal,0.7930701375007629
mxax45,normal,0.7848425507545471
mx4h25,normal,0.7604276537895203
mxb49v,normal,0.7877485752105713
mx35v0,normal,0.6708466410636902
mx84dv,normal,0.8069983124732971
mxf2tm,normal,0.7480167150497437
mxekmv,normal,0.7389599680900574
murgmw,normal,0.6945115923881531
mw3c94,normal,0.7503068447113037
mwybvy,normal,0.7685937881469727
mw4xnn,normal,0.7048406004905701
mwn7dz,normal,0.7791617512702942
mwlkor,normal,0.816711962223053
mu0ymg,normal,0.7754442095756531
mwapq0,normal,0.5911601185798645
mw941a,normal,0.7981734275817871
mvyvf2,normal,0.785653829574585
mvwzoz,normal,0.8232864737510681
mvfzyd,normal,0.7730476260185242
muavk8,normal,0.7683506011962891
muoy09,normal,0.7358718514442444
muzlpq,normal,0.7758376002311707
mv5e4y,normal,0.7335253953933716
mu6jv9,normal,0.7979406118392944
mu4qv0,normal,0.7789337635040283
musogk,normal,0.6539425849914551
mugk3o,normal,0.790973961353302
ms7kf5,normal,0.7703787684440613
muevyc,normal,0.7284586429595947
mtvtly,normal,0.7984150648117065
mui84a,normal,0.7005929350852966
mt97t1,normal,0.6885549426078796
mu4qtd,normal,0.7426795959472656
mud2qi,normal,0.755053699016571
mub51x,normal,0.7728617191314697
mtrh5h,normal,0.7884661555290222
mts5uk,normal,0.782028317451477
mu60hb,normal,0.6437714695930481
mtg549,normal,0.7714471220970154
mtwce0,normal,0.7025752663612366
mtsqxe,normal,0.8024787306785583
mtgq16,normal,0.6863405108451843
mtdthh,normal,0.7621569633483887
mtdlo4,normal,0.8211886286735535
mt21ip,normal,0.7992318868637085
md4w7c,normal,0.7267177700996399
mek7ra,normal,0.7179409265518188
mrmtkk,normal,0.6307373642921448
hxbtrg,normal,0.747753381729126
klpw5b,normal,0.8366191983222961
kk48uk,normal,0.7641699314117432
kbxaqw,normal,0.7595345377922058
lpbt8l,normal,0.706632673740387
l3bmpq,normal,0.8093236088752747
le8e9g,normal,0.7699230313301086
jmlypf,normal,0.8008609414100647
ksw4xe,normal,0.790428638458252
ld6dlw,normal,0.7540478110313416
k12fnp,normal,0.7731736302375793
i2vmnv,normal,0.7151417136192322
m9ynm5,normal,0.7609151601791382
khm8fk,normal,0.7795968055725098
jqfg66,normal,0.7551482319831848
jg72ph,normal,0.8021618127822876
mjjhmw,normal,0.6892167925834656
jfddop,normal,0.6799390912055969
mmynvz,normal,0.7863188982009888
kpzc6p,normal,0.7853826880455017
m8pt59,normal,0.7620734572410583
kbbghe,normal,0.8114725947380066
mhbp24,normal,0.768791139125824
lyya7j,normal,0.7605857253074646
mhvbgz,normal,0.7615882158279419
hd8vjd,normal,0.7755808234214783
miiref,normal,0.7113847136497498
meeqkx,normal,0.813926637172699
irz8f1,normal,0.8063541650772095
k7eevx,normal,0.8000357151031494
gszl8r,normal,0.7712042927742004
m05bmg,normal,0.7307291030883789
m3lsw2,normal,0.7218839526176453
m3eup5,normal,0.6195375919342041
isuebv,normal,0.7789594531059265
mje92p,normal,0.7929168939590454
hbdodo,normal,0.7801638245582581
jiy9m2,normal,0.7937073707580566
msewtw,normal,0.7379891872406006
ma8dra,normal,0.7388105988502502
ih347w,normal,0.7789344191551208
esb4q2,normal,0.7672784328460693
ma9dkb,normal,0.7110291719436646
hxsakf,normal,0.8048407435417175
f9dxrb,normal,0.8263331651687622
mn6bku,normal,0.6132689118385315
mu5csk,normal,0.7579416036605835
mtffbx,normal,0.8124974370002747
mwx6wj,normal,0.8729926347732544
mrhu6n,normal,0.7996371388435364
ms4yvm,normal,0.8729926347732544
mlzf91,normal,0.6875482201576233
mnj2kr,normal,0.8729926347732544
minbl4,normal,0.7691255211830139
mn1q5a,normal,0.7748645544052124
mma28n,normal,0.6797212958335876
mimt7a,normal,0.8180492520332336
mlyodl,normal,0.7790665626525879
mkpwx3,normal,0.7853148579597473
mlegqm,normal,0.69041508436203
mk8xnq,normal,0.759689211845398
mim3ad,normal,0.8729926347732544
mh4zt8,normal,0.7633526921272278
mg3f7v,normal,0.7646820545196533
mf3yxp,normal,0.760823130607605
meshkx,normal,0.8376699686050415
mdqiu6,normal,0.8729926347732544
m8npkp,normal,0.7844579815864563
m8j49c,normal,0.8729926347732544
m6wgp8,normal,0.7423418164253235
m17m71,normal,0.6981855034828186
m0nh9a,normal,0.7754401564598083
m4gbkt,normal,0.7964238524436951
m3kk6i,normal,0.8729926347732544
m3fmj0,normal,0.7450882792472839
m44zsf,normal,0.5945777297019958
m35q6x,normal,0.6964894533157349
m2mgws,normal,0.6409766674041748
m2hh6h,normal,0.7938773036003113
m01sjs,normal,0.7799022197723389
lzv47j,normal,0.8187655210494995
lz4jsu,normal,0.7805904746055603
lw4mqq,normal,0.767828643321991
lz8iky,normal,0.7401669025421143
lyeyui,normal,0.8729926347732544
lygf3a,normal,0.8274442553520203
lxfr11,normal,0.6641188263893127
lxejsu,normal,0.7845798134803772
lvpa4a,normal,0.663145124912262
lvj0xu,normal,0.8237417936325073
lud8kc,normal,0.649552047252655
lt0oa3,normal,0.8729926347732544
lkzrq9,normal,0.5399914979934692
lok22l,normal,0.769741415977478
mgo2ho,normal,0.7774275541305542
mjh7du,normal,0.7118770480155945
l1jc62,normal,0.7284026741981506
l1k7j6,normal,0.6708011627197266
leta2e,normal,0.8001681566238403
m86194,normal,0.6377843618392944
hm94hj,normal,0.755156397819519
mpqqdh,normal,0.7963817715644836
m9ycyu,normal,0.8183313608169556
ieu6b8,normal,0.7322249412536621
mk32wo,normal,0.7796745300292969
mnbtca,normal,0.7765989899635315
jh1fr7,normal,0.7724061012268066
jh9sel,normal,0.8206883072853088
mejiaf,normal,0.7553945183753967
i4xqos,normal,0.780457615852356
khjhnm,normal,0.8276302814483643
legefo,normal,0.6782836318016052
ms4650,normal,0.7418729066848755
jwehhk,normal,0.7293491363525391
jhncpm,normal,0.7474352121353149
luookl,normal,0.816863477230072
jnlklo,normal,0.7793219089508057
lw5j76,normal,0.6178964376449585
iighrn,normal,0.7346240878105164
l7c4on,normal,0.6620326638221741
hu8ccf,normal,0.7724498510360718
mktdzb,normal,0.6835143566131592
ev1om5,normal,0.8326017260551453
mp3p0u,normal,0.7618237733840942
m7vpop,normal,0.8186694383621216
j7e8jn,normal,0.7972197532653809
lx9rig,normal,0.7104763388633728
leaa1k,normal,0.8287752866744995
m0zq69,normal,0.6386164426803589
i6mnpi,normal,0.8236546516418457
mt2vp4,normal,0.7341680526733398
jhfw2z,normal,0.7833142876625061
lx5puk,normal,0.8089762926101685
7jiw7l,normal,0.76314777135849
l72gt5,normal,0.7409564852714539
lqr87p,normal,0.7450954914093018
mpw4bi,normal,0.8087857961654663
fbuac0,normal,0.771629273891449
m6onbi,normal,0.7685340046882629
ety8ex,normal,0.7621577382087708
fkc1s2,normal,0.6260271668434143
ilrdqy,normal,0.7307436466217041
i9n6cd,normal,0.6502317786216736
ewtj5v,normal,0.7604893445968628
7h90t2,normal,0.720969557762146
8kd0u1,normal,0.7358431220054626
kx9tca,normal,0.8012782335281372
lv53wi,normal,0.7360877990722656
24badm,normal,0.7583062648773193
lam56w,normal,0.7635811567306519
knekw1,normal,0.7024183869361877
k2hc98,normal,0.6814135313034058
jcr8wf,normal,0.7694830298423767
l7uqu0,normal,0.8177574872970581
kcrepz,normal,0.7887457013130188
fc60q1,normal,0.6582239270210266
fpzmv8,normal,0.6759282946586609
hz5dqe,normal,0.7711524963378906
f3s8yy,normal,0.7617518305778503
dam7wz,normal,0.7360537052154541
gecgyr,normal,0.7002946734428406
gmczg8,normal,0.7577878832817078
f4vg55,normal,0.789821982383728
faduqy,normal,0.62064129114151
dch3vr,normal,0.8012813925743103
fbzuml,normal,0.7574049234390259
eu5nhg,normal,0.7795748710632324
bpm8h3,normal,0.7679868936538696
ighskz,normal,0.5732453465461731
gnzzt0,normal,0.8016896843910217
fnuibr,normal,0.7796840667724609
f7jssx,normal,0.7288557291030884
f6c9y5,normal,0.7172877192497253
fo9zph,normal,0.7476873397827148
bsfn4l,normal,0.7374396324157715
fm5s38,normal,0.7467142939567566
8rjgf2,normal,0.7103803753852844
b3h2eq,normal,0.7768505811691284
65zlof,offensive,0.4500669538974762
bviiyq,normal,0.7434550523757935
6lmr1m,normal,0.772605299949646
1n1lb6,normal,0.7689648866653442
cyr859,normal,0.5951656699180603
8q1l1f,normal,0.7400733828544617
7cl3h2,normal,0.7017432451248169
b7jefx,normal,0.676494300365448
8pnhe1,normal,0.635452389717102
4iuzvd,normal,0.7176942229270935
90mtoq,normal,0.7870646119117737
2tzr7f,normal,0.7528813481330872
mj6rdr,normal,0.7850487232208252
m6y0ea,normal,0.6574394106864929
mezdgg,normal,0.7303568124771118
mmbx3u,normal,0.8145809173583984
mejsgd,normal,0.7805654406547546
mrw15q,normal,0.7764008641242981
ligjh9,normal,0.6043310165405273
miq7ei,normal,0.6763586401939392
mmao6h,normal,0.7866324186325073
mtrda6,normal,0.6206352114677429
m1cxvu,normal,0.7143350839614868
m8q3q0,normal,0.7743743658065796
kvwy1n,normal,0.6925644278526306
lm9zeo,normal,0.765357494354248
jcbonx,normal,0.7531182169914246
mne6cf,normal,0.6876810789108276
k1bjcw,normal,0.7818437218666077
lgbfdj,normal,0.7432467937469482
jrxnug,normal,0.8178765773773193
mb4k5e,normal,0.7954043745994568
l5c5yx,normal,0.7412838339805603
jmsf0m,normal,0.6879599690437317
m0ld4m,normal,0.7957730889320374
mtssw2,normal,0.782920241355896
lyfiqr,normal,0.776560366153717
mfs560,normal,0.7959284782409668
mhg70r,normal,0.7607427835464478
kvzx5w,normal,0.7127878069877625
m2157x,normal,0.7570510506629944
mic6rp,normal,0.8257215619087219
l0t6zr,normal,0.8020028471946716
mvne5s,normal,0.7751825451850891
kal218,normal,0.730294406414032
m5z4gd,normal,0.7934058904647827
mj4cow,normal,0.8032704591751099
lftolr,normal,0.7701886296272278
mhary1,normal,0.7065848112106323
hozbun,normal,0.5971057415008545
knu1iw,normal,0.7740941047668457
lrn79y,normal,0.737325131893158
lszlzp,normal,0.6460132002830505
maihod,normal,0.7444566488265991
lxwchh,normal,0.6274102926254272
khjr7l,normal,0.7387034893035889
mcmfpr,normal,0.6180618405342102
kqz4hj,normal,0.7797017097473145
mpgy32,normal,0.7599945664405823
mn6ra3,normal,0.8191361427307129
lmvx0j,normal,0.749423623085022
msj8z8,normal,0.7832391858100891
mra1u9,normal,0.7758828401565552
mqh6ik,normal,0.8108255863189697
mo4zpr,normal,0.793266236782074
mmt0zc,normal,0.7897456288337708
mkjnww,normal,0.7583587169647217
mf7gh5,normal,0.7260673642158508
mahnz4,normal,0.7635241150856018
m4xxsy,normal,0.704993724822998
m4ecli,normal,0.7803435325622559
m35lkw,normal,0.7531353235244751
lzs7jm,normal,0.7774155735969543
lzkh5t,normal,0.7877465486526489
lyoald,normal,0.7760137915611267
lnj99h,normal,0.8729926347732544
ljmr70,normal,0.7065804600715637
lidyil,normal,0.8729926347732544
leawb0,normal,0.8083477020263672
l2b8un,normal,0.8030027151107788
l22205,normal,0.611000657081604
kzr4lz,normal,0.7953205704689026
kxxdrd,normal,0.8729926347732544
kt5azj,normal,0.8729926347732544
ktrk3b,normal,0.5138991475105286
kp95zc,normal,0.7406650185585022
kodjre,normal,0.8729926347732544
kovh3j,normal,0.788818359375
klxu80,normal,0.6996762156486511
kk1b00,normal,0.8603804111480713
khmrxd,normal,0.6622790694236755
kfnw3c,normal,0.8603804111480713
kb5kk3,normal,0.8603804111480713
k916gp,normal,0.7758918404579163
k6np6u,normal,0.8603804111480713
k0ito5,normal,0.7198546528816223
k23vd6,normal,0.8603804111480713
k1xkpz,normal,0.7558912038803101
k0ufyq,normal,0.7801699638366699
jxrroj,normal,0.8603804111480713
jvezvh,normal,0.6334459781646729
86o7lz,normal,0.7525125741958618
4afhq2,normal,0.7572618722915649
3mh2ro,normal,0.8153690695762634
amaxi3,normal,0.7647441625595093
bkyiwx,normal,0.7432765960693359
