tweet_id,classification,classification_score
mu1uyf,normal,0.6066076159477234
muduez,normal,0.7873857617378235
lwlcou,normal,0.8120157122612
m9bqdy,normal,0.7210150957107544
i36az1,normal,0.7542479634284973
kdq8q6,normal,0.7785437703132629
iloo6g,normal,0.8025940656661987
jw1hws,normal,0.7741698622703552
fr7gwp,normal,0.7730797529220581
jt7a0f,normal,0.796232283115387
e9bzow,normal,0.8015483021736145
epinhr,normal,0.7612432837486267
gz4d26,normal,0.782417356967926
hns1ps,normal,0.6539616584777832
k1r1t5,normal,0.7699567675590515
drt2wd,normal,0.7533426880836487
dtypde,normal,0.7920911908149719
gne9b9,normal,0.6900252103805542
jw9zr1,normal,0.7671053409576416
e5h6ki,normal,0.7284281849861145
dyczd8,normal,0.7313516139984131
f9l7wm,normal,0.8082225322723389
epfjoz,normal,0.7373546957969666
c9i6dh,normal,0.7616339921951294
9ggh4y,normal,0.7491834759712219
7uwtew,normal,0.7641617059707642
7wacni,normal,0.7490384578704834
7jhdee,normal,0.7361123561859131
7ng2ia,normal,0.7954050898551941
8bnb9d,normal,0.6572843194007874
d37c8h,normal,0.7819881439208984
ab300t,normal,0.7587953805923462
ezjwxs,normal,0.7326892018318176
jauag1,normal,0.7825956344604492
ehdulz,normal,0.7537999153137207
8appfd,normal,0.7695784568786621
8cgvqz,normal,0.767622172832489
kxqbfh,normal,0.8084263801574707
i2ncwf,normal,0.7933847904205322
a19ov0,normal,0.8081693053245544
7drlc7,normal,0.7517732381820679
er55my,normal,0.7870548367500305
es37um,normal,0.7587378025054932
etgs5t,normal,0.7298967838287354
eqs0km,normal,0.7794215083122253
eqxt7k,normal,0.7073308229446411
epa8ni,normal,0.7099536061286926
epscwx,normal,0.7683922648429871
e9e003,normal,0.7671852707862854
eqwpuj,normal,0.7848591208457947
eq4wg8,normal,0.7385361194610596
k1pmw3,normal,0.7618665099143982
e2peaq,normal,0.7732500433921814
ds815u,normal,0.7894984483718872
d25jz5,normal,0.8185456991195679
dyoa6f,normal,0.8176047205924988
8k7ap8,normal,0.8130262494087219
7djbm4,normal,0.7090867757797241
jwa23b,normal,0.7946328520774841
jw9xzy,normal,0.7275019884109497
is60ck,normal,0.639699399471283
hlr3kz,hate speech,0.373634934425354
gw012b,normal,0.737488329410553
f40ow3,normal,0.7558133006095886
e95454,normal,0.8186891078948975
e95pyo,normal,0.700795590877533
e11ae7,normal,0.7098863124847412
ds38j7,normal,0.7089442610740662
dio0ew,normal,0.5744810700416565
lzdab6,normal,0.7686660885810852
kcf7uc,normal,0.7245063185691833
k01o82,normal,0.7918710112571716
jwsg9b,normal,0.8146679401397705
jtz22l,normal,0.8160817623138428
jtaczu,normal,0.8071573972702026
87096o,normal,0.730774462223053
8e3teg,normal,0.8392000198364258
7ghnvm,normal,0.6564121842384338
meu6sw,normal,0.7609729766845703
a6fv8g,normal,0.7539527416229248
dig401,normal,0.800039529800415
dp1wg1,normal,0.790839672088623
8zhuy7,normal,0.7312447428703308
633ywh,normal,0.7004960179328918
1nwf2e,normal,0.8090792298316956
mu4t0d,normal,0.7789002656936646
j06awv,normal,0.7405040264129639
mrbn89,normal,0.7762542366981506
icvaqh,normal,0.7928928136825562
hsyns4,normal,0.7571207284927368
g5li93,normal,0.750697135925293
jdxp3k,normal,0.8101904988288879
d2tgls,normal,0.779116690158844
ixg71w,normal,0.7324575781822205
atx5p3,normal,0.7321907877922058
60dpbu,normal,0.7886461615562439
bdoo3o,normal,0.7244372963905334
iox1pp,normal,0.7793986201286316
gj017m,normal,0.7918061017990112
e2bl60,normal,0.7792081832885742
mvszmo,normal,0.7778735160827637
mu8imz,normal,0.7602194547653198
muc9qs,normal,0.7831604480743408
mu8zq7,normal,0.7479594349861145
mr0uqx,normal,0.7651212811470032
mofvaz,normal,0.7922228574752808
mo4zb3,normal,0.8235951066017151
mmptiq,normal,0.7614349126815796
mjha7q,normal,0.7867999076843262
mj3c9z,normal,0.7879074215888977
mj3v9o,normal,0.7720597982406616
mf9jpt,normal,0.6996573805809021
mgu84s,normal,0.6855580806732178
md2fzy,normal,0.799677848815918
ll6qzw,normal,0.7886154651641846
hfjroa,normal,0.73695969581604
lf2yqx,normal,0.7415764927864075
l68jkt,normal,0.7625241875648499
dko8us,normal,0.7259135842323303
d5jplb,normal,0.7050918936729431
fc9i8h,normal,0.7267281413078308
fj1sfo,normal,0.7982097268104553
g180yl,normal,0.8025943636894226
ehz2br,normal,0.7965338230133057
a3rg51,normal,0.7869064211845398
b5cl1x,normal,0.7575685381889343
5ia8jb,normal,0.7922994494438171
3olpmv,normal,0.7769589424133301
a65cc3,normal,0.8006377220153809
mvg4bn,normal,0.8026190400123596
mu69v2,normal,0.8199683427810669
mnwbs6,normal,0.6926848292350769
mjnf93,normal,0.7457802891731262
mk8m8q,normal,0.7903309464454651
mgrtlf,normal,0.7173125743865967
md01q0,normal,0.753747820854187
md264m,normal,0.8171831965446472
ma4z38,normal,0.761215090751648
lmwhpv,normal,0.7347819209098816
l8s6ct,normal,0.7851276397705078
jh5qpi,normal,0.8012338876724243
iqustk,normal,0.6808499693870544
inroux,normal,0.8117190599441528
88tw79,normal,0.7717683911323547
ce6ex1,normal,0.697625994682312
hb5hr4,normal,0.7360166907310486
gonifb,normal,0.765448272228241
clv69e,normal,0.7735146880149841
90aqp6,normal,0.8180469274520874
b3f2av,normal,0.793969452381134
aijmq1,normal,0.8518549203872681
2u6dh1,normal,0.8031840920448303
ltzgdw,normal,0.7899012565612793
j3cg1j,normal,0.7361980080604553
gev95z,normal,0.7762401700019836
e6yva6,normal,0.822507381439209
c8owpq,normal,0.7527123093605042
8u9xlu,normal,0.7770283222198486
8scufw,normal,0.7014605402946472
80t11v,normal,0.8054360747337341
7mfo41,normal,0.5448294281959534
750ul9,normal,0.6441512107849121
70ypny,normal,0.7099543213844299
6v6ryz,normal,0.7338497638702393
6nwai7,normal,0.741877555847168
mtvqny,normal,0.7795482277870178
mricsg,normal,0.5907381772994995
h8aahg,normal,0.7673981785774231
6qqj0b,normal,0.7395484447479248
4ncp0l,normal,0.7763997912406921
4fp2jw,normal,0.8158294558525085
6q18ty,normal,0.7479381561279297
36sce6,normal,0.5649643540382385
24aaf6,normal,0.769399881362915
4isdlq,normal,0.7475199103355408
4kxqg3,normal,0.6959121823310852
lrki59,normal,0.8021618723869324
elgfg2,normal,0.6880372166633606
i66b7l,normal,0.7477337718009949
dksjqc,normal,0.6996854543685913
67aty5,normal,0.7211961150169373
2kqthf,normal,0.8097809553146362
4l1ufk,normal,0.8152970671653748
im4l9p,normal,0.7036928534507751
5xxr83,normal,0.7286019921302795
2ng1oe,normal,0.7720874547958374
2m35dm,normal,0.7495447993278503
2omphg,normal,0.814836323261261
9tl1wl,normal,0.7724401950836182
ghpf51,normal,0.8162122368812561
b3brin,normal,0.8432229161262512
i8kqxg,normal,0.7751527428627014
1y407u,normal,0.6538111567497253
37ox8m,normal,0.7559303641319275
43kse1,normal,0.7701951265335083
2t7no2,normal,0.8059489130973816
4c8x8k,normal,0.7058936357498169
mcga7g,normal,0.7952234148979187
m6zkkq,normal,0.8267876505851746
hakr92,normal,0.7467518448829651
hea33d,normal,0.7992655038833618
7f1ipq,normal,0.7733440399169922
7xo21v,normal,0.7519794702529907
4y9i3t,normal,0.769957959651947
hbo4gn,normal,0.790562629699707
4d3wnp,normal,0.7742013335227966
4g9ad8,normal,0.7655174732208252
37imab,normal,0.8210895657539368
g4s1y7,normal,0.6490192413330078
fjbxv6,normal,0.736486554145813
3cylav,normal,0.8059515357017517
1tmra3,normal,0.8058115839958191
7ek16o,normal,0.7895060777664185
3ikofd,normal,0.8070916533470154
3s87ft,normal,0.6277180314064026
10lhyj,normal,0.7488749027252197
jwaw4n,normal,0.6496744751930237
78okxj,normal,0.7389347553253174
ezdi4c,normal,0.7257065773010254
fqgs22,normal,0.745137095451355
36yule,normal,0.8111323714256287
12f4gi,normal,0.713104248046875
wvkip,normal,0.7696556448936462
7dgfca,normal,0.7277884483337402
4hjwrv,normal,0.7678149342536926
3dcq19,normal,0.771721363067627
30nl57,normal,0.7942123413085938
31e9i7,normal,0.5743370056152344
3l4ba9,normal,0.6814261674880981
3qi76a,normal,0.7503049373626709
lfc9e0,normal,0.7588964700698853
ke46k8,normal,0.7788944244384766
kbldp5,normal,0.7316128015518188
dhin95,normal,0.7616780996322632
k3blqu,normal,0.8007764220237732
kt7mub,normal,0.7943230867385864
gw61wq,normal,0.8454776406288147
at6wxj,normal,0.7119118571281433
a0zjjj,normal,0.7964749336242676
d3eqt6,normal,0.6547091007232666
josmvt,normal,0.6829979419708252
e0mz5c,normal,0.6759243011474609
h0p9oe,normal,0.7514638304710388
hqee9r,normal,0.7745999097824097
gi8uad,normal,0.7674245834350586
mwnlmc,normal,0.7588469386100769
mwkdm6,normal,0.7760950326919556
mu43r1,normal,0.7540715336799622
mrxsr8,normal,0.7340967059135437
mqj6l3,normal,0.7117472290992737
mnljkw,normal,0.7201911211013794
mp0jdm,normal,0.7440342307090759
mo70rx,normal,0.7225562930107117
mntbu4,normal,0.6816258430480957
mifgad,normal,0.807591438293457
mj9gmt,normal,0.7734681367874146
mixf9g,normal,0.7877975106239319
midk4d,normal,0.6747226715087891
mift4h,normal,0.7440322637557983
mi8og4,normal,0.6236651539802551
m6mdrf,normal,0.7195196151733398
mh28he,normal,0.7426177263259888
kpttrv,normal,0.6319488883018494
mrt0to,normal,0.6896458864212036
lfukev,normal,0.6665195822715759
lkyi3o,normal,0.7958270907402039
loyqcd,normal,0.6388640403747559
ltu0tt,normal,0.7930614352226257
h856l1,normal,0.8080301284790039
mpnktn,normal,0.788364052772522
k9xneo,normal,0.7211295962333679
mt85jh,normal,0.7450299859046936
mt60bz,normal,0.7912232279777527
mrwtpw,normal,0.7562392950057983
mq769z,normal,0.7912477850914001
mqhx5o,normal,0.721910834312439
mpsvue,normal,0.749326229095459
mppw0g,normal,0.760695219039917
mmfb7e,normal,0.7877233624458313
mmy4gh,normal,0.783881425857544
ms161i,normal,0.799003005027771
mhxyaf,normal,0.7872954607009888
mhh3md,normal,0.7564279437065125
mcr6qa,normal,0.7843348383903503
m7b3bf,normal,0.8264678716659546
m1ju6x,normal,0.5515235662460327
m0wttv,normal,0.6739094257354736
l1gvk6,normal,0.7630780339241028
ji3vba,normal,0.5725202560424805
mpgej7,normal,0.7170239090919495
mcvaar,normal,0.736119270324707
gr160j,normal,0.7720583081245422
lyawqk,normal,0.6257691383361816
layv4r,normal,0.669873833656311
l9ewbr,normal,0.7737685441970825
emvn3m,normal,0.7956486940383911
cjl90k,normal,0.8170189261436462
a7s6je,normal,0.6574574112892151
d3mw0p,normal,0.7910260558128357
b752gu,normal,0.7529106736183167
eivlmr,normal,0.7294442653656006
kacwtb,normal,0.8118370771408081
mw885y,normal,0.8131314516067505
mw515u,normal,0.7924469113349915
mryzjs,normal,0.7522749900817871
mqppbs,normal,0.8220909237861633
e3t9z5,normal,0.7929381132125854
di04eu,normal,0.7596526145935059
9srkzf,normal,0.7958152294158936
iaoz7b,normal,0.6657629013061523
idbrrz,normal,0.6483505368232727
a202y9,normal,0.7968454957008362
ieejyp,normal,0.7939541935920715
k6bo89,normal,0.7772486209869385
hcceym,normal,0.7692025303840637
afc5m5,normal,0.6832714676856995
hqhnrx,normal,0.7483330368995667
cfa83e,normal,0.6592525839805603
dyntb8,normal,0.7926466464996338
gfb2a5,normal,0.7545823454856873
d2xdpv,normal,0.7214266061782837
le5xk9,normal,0.7327420115470886
e425w9,normal,0.7769466042518616
d1wj7q,normal,0.7779228687286377
migywu,normal,0.7886631488800049
e11pvl,normal,0.8015503287315369
ebxaix,normal,0.8132159113883972
eb3ikt,normal,0.7283339500427246
9tit57,normal,0.5932613611221313
a2oqgv,normal,0.7872954607009888
9sgnem,normal,0.522565484046936
l8ei74,normal,0.7898181080818176
e4gozp,normal,0.7733304500579834
ahu8z3,normal,0.7430352568626404
b75to6,normal,0.7717236280441284
ixwsvd,normal,0.7340861558914185
i2cyci,normal,0.7839693427085876
gfa3ze,normal,0.7423107624053955
e0cez0,normal,0.7715196013450623
e4ov23,normal,0.7889896035194397
d4n0qe,normal,0.738792896270752
e3lcq2,normal,0.7809973955154419
a0kj1l,normal,0.6407438516616821
dqu8b6,normal,0.7487841248512268
e0a92f,normal,0.7226325273513794
jj7plc,normal,0.7900729775428772
ji18df,normal,0.7181481719017029
jmuk93,normal,0.7665221095085144
j57d60,normal,0.6891844868659973
ir5yx5,normal,0.6450852155685425
7v0ltl,normal,0.6540457010269165
hiwi2r,normal,0.7506394982337952
b5i7f8,normal,0.6835941672325134
bcejjp,normal,0.8233314156532288
a525nc,normal,0.7660407423973083
9lcau6,normal,0.7224210500717163
mago2g,normal,0.7803847193717957
mazw40,normal,0.6775475740432739
kzekq0,normal,0.7156997323036194
j4j2ce,normal,0.5707082748413086
jlxlxl,normal,0.7710193395614624
imx2cn,normal,0.7671054005622864
fw9p9o,normal,0.809506356716156
igoeqz,normal,0.7570185661315918
mv9h66,normal,0.698189914226532
ije68r,normal,0.6744320392608643
gorfhd,normal,0.7697765827178955
hzjs6o,normal,0.5873752236366272
fdehxg,normal,0.7718838453292847
hmol7g,normal,0.7822074294090271
kvirqf,normal,0.6520473957061768
k18pt7,normal,0.8136897087097168
hf7h5a,normal,0.7704820036888123
lhg28i,normal,0.7529187202453613
ap9u1z,normal,0.7591097354888916
dxgq26,normal,0.7731655836105347
d9pnzq,normal,0.7764535546302795
moqhq0,normal,0.632398784160614
m48a5w,normal,0.8023294806480408
k7sh9o,normal,0.7398166060447693
dr7q7w,normal,0.7152843475341797
lstkkt,normal,0.680216908454895
kooxsr,normal,0.7608069777488708
l4snn5,normal,0.7826517820358276
l1efuy,normal,0.7370659112930298
j92g8f,normal,0.6377243995666504
kk7drv,normal,0.7689738273620605
iouptr,normal,0.7309314608573914
jv6ao0,normal,0.7930495738983154
f2o83d,normal,0.7987038493156433
hh056a,normal,0.7744600772857666
jkoj5c,normal,0.7361383438110352
g4a5d4,normal,0.8298237323760986
mxhnon,normal,0.6895409822463989
mge2xf,normal,0.7787735462188721
iugcfa,normal,0.7837123870849609
ltjm3c,normal,0.7338024973869324
deofdj,normal,0.7652896642684937
jw5cs4,normal,0.7106685042381287
e8nlkx,normal,0.7164149880409241
e8ifp3,normal,0.7497106194496155
hfkvsg,normal,0.7012396454811096
jhpen1,normal,0.74127596616745
ifxutx,normal,0.789183497428894
htgp2s,normal,0.8040720820426941
ipafy0,normal,0.7682092189788818
mqwpbl,normal,0.7643020749092102
jdkw1w,normal,0.702976644039154
mr16gw,normal,0.7646795511245728
kzxsa5,normal,0.7420282959938049
khg9hi,normal,0.6635820269584656
lzxtqt,normal,0.7444944977760315
jkzmlj,normal,0.734765350818634
mc1gm2,normal,0.7637923955917358
mn2b1r,normal,0.7493688464164734
mktso4,normal,0.7870620489120483
mgpi5b,normal,0.7683204412460327
m6z1xj,normal,0.7318034172058105
m1hytq,normal,0.6659294366836548
m7fvlu,normal,0.6751410961151123
g2me72,normal,0.7723610997200012
jv6moh,normal,0.7760105729103088
ee9snh,normal,0.7954895496368408
hfndzl,normal,0.7613264322280884
hsb9f1,normal,0.7357119917869568
gi39x1,normal,0.7826572060585022
gwjf5s,normal,0.7263177633285522
ed2b17,normal,0.8337405920028687
mldjxw,normal,0.7865949273109436
mgk654,normal,0.7730798721313477
fqv7bk,normal,0.7592831254005432
mbnrxx,normal,0.8029031157493591
c976f2,normal,0.7868127822875977
kqiv2t,normal,0.7624311447143555
ho73jy,normal,0.7830280065536499
jv6e5p,normal,0.7747894525527954
jbm7cr,normal,0.7875460982322693
ei1wss,normal,0.8092210292816162
fc0hcj,normal,0.7617675065994263
da6lef,normal,0.7731703519821167
mm9rek,normal,0.7745236754417419
mk4kx0,normal,0.8188074231147766
moe45c,normal,0.6458616852760315
mn1dke,normal,0.709112823009491
lwj4q8,normal,0.7581509947776794
lyb2df,normal,0.8399999141693115
lj5ubu,normal,0.7874277830123901
mdsnr8,normal,0.6647133231163025
lhzk7u,normal,0.7129612565040588
l2aje2,normal,0.8337163925170898
l6rdle,normal,0.8372570872306824
mhhf6v,normal,0.7531724572181702
jsn1gi,normal,0.8028825521469116
j7xrw4,normal,0.8192716240882874
ltgfqm,normal,0.82950359582901
m1wdvo,normal,0.7880601286888123
ja3h4o,normal,0.751261830329895
m917pv,normal,0.7946825623512268
mxhsum,normal,0.702982485294342
m70t60,normal,0.7981513142585754
mwmaw5,normal,0.7795941233634949
ly8k07,normal,0.7549094557762146
kh5par,normal,0.6461144685745239
lxcl99,normal,0.8319442868232727
gm4sjd,normal,0.7935498356819153
m70w7q,normal,0.6338909864425659
lnqabl,normal,0.7909166216850281
krfnzb,normal,0.7711061835289001
318uvf,normal,0.7340595722198486
6twby7,normal,0.7142137289047241
jx89vj,normal,0.7807120680809021
i6reit,normal,0.7746936082839966
hl7l8h,normal,0.7226877808570862
mttsp0,normal,0.7551154494285583
m7o9tu,normal,0.7748094797134399
eu42ii,normal,0.7664200067520142
lxpei5,normal,0.775631308555603
knhi68,normal,0.6502372622489929
lqr3zx,normal,0.827979564666748
kidz1m,normal,0.769355833530426
l4czur,normal,0.6862844228744507
l40ksa,normal,0.7979637384414673
ljhfi5,normal,0.6597082614898682
i5slum,normal,0.7468956708908081
igdzvj,normal,0.7591413855552673
d7d5sk,normal,0.8233203291893005
gwo899,normal,0.6714583039283752
eepl8t,normal,0.7517860531806946
gm86a3,normal,0.7535611391067505
ds556g,normal,0.7525029182434082
ejrmut,normal,0.7971238493919373
ej6562,normal,0.7471191883087158
mp6w3r,normal,0.7460051774978638
la8ots,normal,0.7833472490310669
jy5yyn,normal,0.6770997643470764
errefp,normal,0.7552617788314819
k1kyk4,normal,0.6467076539993286
ft1tzy,normal,0.6839547157287598
j4p31q,normal,0.7810419797897339
hqoinl,normal,0.7660812139511108
iozu5r,normal,0.6781471967697144
eox6fj,normal,0.7426207661628723
e84lvx,normal,0.794667661190033
gj9rrr,normal,0.7054743766784668
dsrepv,normal,0.6387508511543274
df0quj,normal,0.7616556286811829
h8ewl1,normal,0.5834364295005798
jgcb22,normal,0.7634902000427246
hqd4z8,normal,0.7942097783088684
5q1py4,normal,0.7651376128196716
mp15hi,normal,0.7973860502243042
mkhfd6,normal,0.7904386520385742
luxpww,normal,0.8168142437934875
mst7tm,normal,0.8266538977622986
lhjd0f,normal,0.7684811353683472
jncooq,normal,0.7682225108146667
jae790,normal,0.7732670903205872
gvv8vj,normal,0.7672876119613647
gzq657,normal,0.8208954334259033
kplmlm,normal,0.8050695657730103
ilaue7,normal,0.6452581286430359
lr9wj4,normal,0.8272992372512817
m2vq7w,normal,0.8090527057647705
k6szya,normal,0.7852014303207397
jg10o0,normal,0.7800969481468201
mre16s,normal,0.8073076605796814
mf2gwr,normal,0.8102025389671326
mxmscw,normal,0.6670811176300049
m73knr,normal,0.674148678779602
msr4e2,normal,0.8002169132232666
ltsvpg,normal,0.7720023989677429
lr24j1,normal,0.7437807321548462
lv6wkw,normal,0.7795767784118652
luhc21,normal,0.7544851303100586
mxo8t7,normal,0.8017357587814331
mu4u04,normal,0.7649866938591003
l5vpl1,normal,0.7821611166000366
lrtigi,normal,0.7347453832626343
lygr1b,normal,0.7463175058364868
mpk3g3,normal,0.7774463295936584
es2y93,normal,0.8017920255661011
ht8zzg,normal,0.8276606202125549
erqmsd,normal,0.7371867895126343
f3ii7c,normal,0.7809548377990723
e9g4nz,normal,0.771941065788269
k83m6u,normal,0.704463541507721
gpwk4t,normal,0.7720322608947754
fmiwki,normal,0.6967737078666687
dquf6w,normal,0.8301675319671631
g4js0a,normal,0.770641028881073
e37sql,normal,0.8185787796974182
mp635y,normal,0.6379899978637695
jlazlw,normal,0.7945353388786316
gs5u4s,normal,0.7288133502006531
eos0zb,normal,0.7504534125328064
ftfnop,normal,0.7826230525970459
md7cq0,normal,0.6588248014450073
m5o22f,normal,0.7699816823005676
mgee5k,normal,0.6698710918426514
knt1az,normal,0.760464608669281
lpue1m,normal,0.7783258557319641
jijr20,normal,0.7578943371772766
kkbd5s,normal,0.7918841242790222
kwvtyw,normal,0.8051202893257141
meyu6j,normal,0.7031698822975159
koo4ir,normal,0.8172687292098999
k3x76c,normal,0.7700812220573425
ji45g3,normal,0.7991453409194946
cno5z4,normal,0.6493016481399536
mtnwc3,normal,0.7602777481079102
jzxz3n,normal,0.7019514441490173
mx7c80,normal,0.786381721496582
mod4jf,normal,0.8029749393463135
ma3fqf,normal,0.795647382736206
mc82dc,normal,0.7761462926864624
ly0do9,normal,0.7779725193977356
mbjxg2,normal,0.8200286030769348
muxu15,normal,0.7722209095954895
mj775l,normal,0.6947438716888428
ly3g3x,normal,0.6542766094207764
mm41ri,normal,0.7132247686386108
m8zs18,normal,0.7985938787460327
mw0om4,normal,0.7600791454315186
l2c5g4,normal,0.6406265497207642
mephcr,normal,0.7735294699668884
lya9mo,normal,0.7466123104095459
mchrwb,normal,0.812533974647522
m47x7b,normal,0.8162552118301392
mdyrq4,normal,0.7863194942474365
lyltau,normal,0.8320122957229614
m5sj3e,normal,0.7883761525154114
jwjs0j,normal,0.7768746614456177
le1m6f,normal,0.7504661083221436
mcimgq,normal,0.765388011932373
jsucul,normal,0.7246344685554504
lkosdr,normal,0.7910891771316528
luez8n,normal,0.6674346923828125
mxoutz,normal,0.6389620304107666
jic73a,normal,0.7635692954063416
mfnl9y,normal,0.7723562717437744
mqel0h,normal,0.5609001517295837
ml4kn4,normal,0.780086874961853
ms4rkp,normal,0.7305209636688232
miwtg8,normal,0.7084242701530457
lrhn9o,normal,0.73581862449646
mlp7uz,normal,0.7115210890769958
lrdjci,normal,0.7722952365875244
l6oz4h,normal,0.8061443567276001
m6tqlt,normal,0.7629050612449646
i3rhm0,normal,0.7149406671524048
lz6jiu,normal,0.7449226379394531
ltoyn6,normal,0.7841280698776245
jt92ru,normal,0.6114799380302429
mjenuj,normal,0.7960480451583862
lkmtk2,normal,0.6915119886398315
ifwyf7,normal,0.6883478760719299
mjbnks,normal,0.8476095795631409
ltufqv,normal,0.6033679246902466
lv1vb7,normal,0.7893946170806885
l4s669,normal,0.6307287812232971
lea3ej,normal,0.8024608492851257
kn0md3,normal,0.728946328163147
iqp65d,normal,0.7157874703407288
mc2dmm,normal,0.792514443397522
m57m5e,normal,0.7426207661628723
m8d03n,normal,0.7074112296104431
mwid0l,normal,0.7343693971633911
lfcohd,normal,0.617392361164093
mj7wb1,normal,0.830322802066803
lijt0r,normal,0.7452462315559387
mn9yeu,normal,0.7792052030563354
lwy378,normal,0.7205944657325745
lskpfx,normal,0.8081633448600769
m6nb09,normal,0.781964123249054
i4gnri,normal,0.5968618392944336
mqsd4h,normal,0.6145296692848206
mv2qml,normal,0.7316709160804749
hi152y,normal,0.5315302014350891
kk7snz,normal,0.7556555867195129
mn5b8u,normal,0.7845027446746826
le3qmw,normal,0.7399713397026062
mti29v,normal,0.799106240272522
mkx99k,normal,0.6801612973213196
kh6sru,normal,0.7306240797042847
l5trof,normal,0.7588158249855042
l5juh6,normal,0.7953276038169861
mi3829,normal,0.8050265908241272
mblg1i,normal,0.7960717678070068
mk3fzg,normal,0.740082323551178
mki1rx,normal,0.6354635953903198
jnaslb,normal,0.8279944062232971
jlegzz,normal,0.8006370663642883
kqajs1,normal,0.8109664916992188
f0egrh,normal,0.7962954640388489
hnotlb,normal,0.7507505416870117
mmk50p,normal,0.6593274474143982
l2cxus,normal,0.6743346452713013
j69330,normal,0.7135782837867737
j8okv3,normal,0.8274334073066711
j5rbhg,normal,0.7311461567878723
lqyjav,normal,0.8069068193435669
mcz3ki,normal,0.7872828245162964
ibw0i4,normal,0.7892428636550903
ky4odw,normal,0.7864679098129272
ijwrmd,normal,0.5214515328407288
m8mt4a,normal,0.7463578581809998
ffyvir,normal,0.7806527614593506
gbq5ru,normal,0.677487313747406
9x5s97,normal,0.8019643425941467
c84ute,normal,0.7477020025253296
lw3lxu,normal,0.7952548861503601
m98e2e,normal,0.7560344338417053
jrkk6q,normal,0.6755850315093994
m53a68,normal,0.7398142218589783
mict6e,normal,0.6436964273452759
mmld2q,normal,0.7698600888252258
ms84vi,normal,0.7822962999343872
l84qbd,normal,0.7248719930648804
i6rg8v,normal,0.7196809649467468
ja4o2m,normal,0.6670241951942444
mbmahq,normal,0.7662274837493896
gpsjsx,normal,0.6814761161804199
l7b8q7,normal,0.7669113874435425
lpf1w5,normal,0.7864040732383728
mornxt,normal,0.849238932132721
mip9sm,normal,0.8116414546966553
ktqkhe,normal,0.7894084453582764
ixic04,normal,0.7631222605705261
lty9rk,normal,0.7587032914161682
lkwam7,normal,0.7753660082817078
kzhonj,normal,0.816846489906311
kdnkke,normal,0.7369700074195862
k6h2ip,normal,0.7701078653335571
mm9yay,normal,0.5687514543533325
g88h8n,normal,0.7835732698440552
miudee,normal,0.6482298970222473
mtfhbr,normal,0.7875924110412598
gz5sfx,normal,0.7584956884384155
lomo45,normal,0.7851411700248718
mwcwm1,normal,0.606806755065918
mia7bz,normal,0.7288735508918762
mljuqi,normal,0.6084175109863281
lgcsqb,normal,0.7636760473251343
g3gli8,normal,0.8097940683364868
8k0tqj,normal,0.8093519806861877
cxk1u8,normal,0.7998531460762024
ezduxc,normal,0.7212392091751099
mfofht,normal,0.8098892569541931
ffew0r,normal,0.672579288482666
lsbtv4,normal,0.7046590447425842
mcwkfh,normal,0.723720133304596
dry0r2,normal,0.8164193630218506
g3f6zu,normal,0.7617540955543518
kwbvuj,normal,0.5182541012763977
mpi9ef,normal,0.7194541692733765
kuinj7,normal,0.8197309374809265
mm6kla,normal,0.763209342956543
m9100p,normal,0.7158780694007874
lhot54,normal,0.6935248374938965
m7aydq,normal,0.7887881994247437
hgk8dn,normal,0.6172803044319153
lnu1p0,normal,0.7782957553863525
aq46zd,normal,0.7207561731338501
jid1fn,normal,0.8074927926063538
lj2h18,normal,0.7367371320724487
lu9z9a,normal,0.7069986462593079
66xhst,normal,0.7371889352798462
k32wq3,normal,0.7994642853736877
kuu1zk,normal,0.7680291533470154
mw8h1i,normal,0.7792828679084778
lb7n70,normal,0.7810277938842773
j63gdr,normal,0.7049493193626404
mx2heg,normal,0.8114002346992493
mo7c0p,normal,0.7846207618713379
mw7m8n,normal,0.7463917136192322
mpemmy,normal,0.6414511203765869
j6tswx,normal,0.6940460801124573
mo7nwa,normal,0.7598819732666016
mnlnvp,normal,0.5949493050575256
mmb2pz,normal,0.7802513241767883
m6kwjy,normal,0.8013229370117188
j2p6v1,normal,0.7581149935722351
lt3rwg,normal,0.7712100148200989
mkwkjq,normal,0.8023392558097839
kqj07w,normal,0.7508769631385803
kr1mjr,normal,0.7254154682159424
bc1uoe,normal,0.6447262167930603
j7aymk,normal,0.6931827664375305
l679vb,normal,0.8261775374412537
mpluim,normal,0.8302710652351379
mx2rk4,normal,0.776305615901947
x118m,normal,0.6295361518859863
950d9,normal,0.6967083811759949
41vjl4,normal,0.6530598998069763
4uej32,normal,0.6921014189720154
cyic5d,normal,0.7769789099693298
gtq564,normal,0.778329610824585
907uhf,normal,0.7589516043663025
a6d3q4,normal,0.7269030213356018
3n93dp,normal,0.6119408011436462
1sd0sk,normal,0.8365674614906311
1n1uki,normal,0.711701512336731
1wvqm5,normal,0.8412662744522095
1v9ki0,normal,0.8381868600845337
lim0rq,normal,0.6225560903549194
jyyhg2,normal,0.7639164924621582
ih1okx,normal,0.7093095779418945
hk0i1x,normal,0.7924750447273254
56zzwp,normal,0.6455804109573364
msxa7m,normal,0.6904869675636292
8hrr43,normal,0.7837754487991333
jizi2d,normal,0.8347187042236328
2ppcmy,normal,0.6493435502052307
82qulo,normal,0.7853876352310181
134t9e,normal,0.7470940351486206
fiygn9,normal,0.6140832304954529
orna1,normal,0.6674346923828125
8g8hm1,normal,0.7413788437843323
i2qm2,normal,0.8120568990707397
3pdjtk,normal,0.5230778455734253
jq7eqo,normal,0.7376959919929504
bmyv66,normal,0.6694530248641968
fcngpe,normal,0.7558863759040833
lh63ox,normal,0.6946882009506226
9ofed9,normal,0.7683073878288269
k670xz,normal,0.6557326912879944
iqou89,normal,0.4827667772769928
h8zd6f,normal,0.8143476247787476
gll6z6,normal,0.7472385764122009
cmk9q,normal,0.7667946219444275
bqisbx,normal,0.6541557908058167
jk19dn,normal,0.79457688331604
fcb989,normal,0.7733985185623169
b3fb4b,normal,0.7916484475135803
h9m8m5,normal,0.6596463322639465
muh5qh,normal,0.7846384048461914
ljfpdh,normal,0.7492671608924866
5boq2w,normal,0.7552093267440796
moj5pu,normal,0.7422159314155579
ku588l,normal,0.696190595626831
jsqne1,normal,0.783119797706604
jcyvmn,normal,0.7533169984817505
au6r7o,normal,0.7021231055259705
j4j6h3,normal,0.7864981293678284
d0g0qb,normal,0.6849616765975952
hlkv3d,normal,0.7931205034255981
chjavk,normal,0.6996533274650574
e0hp16,normal,0.6643209457397461
d1abep,normal,0.7937200665473938
gtua8,hate speech,0.7586714625358582
8va6c3,normal,0.581703782081604
as178c,normal,0.7403161525726318
1jrzxo,normal,0.7860946655273438
2l0y2s,normal,0.7976195812225342
5bdru1,normal,0.7083157300949097
4mgyq9,normal,0.6418782472610474
is458u,normal,0.6821044087409973
wvjug,normal,0.6617123484611511
dqfrgc,normal,0.6267971992492676
ogv3l,normal,0.6894631385803223
2in5y2,normal,0.7905845642089844
eqib8c,normal,0.6672961711883545
ei5nbn,normal,0.7082322835922241
7wses,normal,0.6496744751930237
g3kmab,normal,0.7229713797569275
fbmdas,normal,0.7646422386169434
co1loi,normal,0.6725462675094604
b9tkq8,normal,0.6700036525726318
76u14y,normal,0.7890716195106506
d53xdo,normal,0.7762926816940308
azq3x7,normal,0.6974164247512817
lkcfd5,normal,0.763335645198822
m0e66g,normal,0.6796618103981018
j5tpfz,normal,0.75030916929245
kbl5f5,normal,0.7771229147911072
mgnp26,normal,0.790045976638794
hga25l,normal,0.6357957124710083
j6wnen,normal,0.6743346452713013
epa48x,normal,0.76713627576828
lkl7gv,normal,0.6244547963142395
c5pb1o,normal,0.7193300724029541
gr0quu,normal,0.7091913223266602
flx8t6,normal,0.7551413774490356
arad3c,normal,0.624856173992157
dmx2hp,normal,0.7252262234687805
kmi8jm,normal,0.6719566583633423
mesplw,normal,0.7530769109725952
k5eogk,normal,0.6901920437812805
in5qpd,normal,0.7637178301811218
av8msq,normal,0.7824908494949341
9esjit,normal,0.7850572466850281
46ap7s,normal,0.8041092753410339
go11u7,normal,0.5961259603500366
6omlh,normal,0.7591768503189087
5ksniw,normal,0.7695770859718323
dehpwf,normal,0.7768020033836365
hgu3mg,normal,0.7812541127204895
e0m7ww,normal,0.6856378316879272
inj1d,normal,0.7659043073654175
41pp6f,normal,0.5245713591575623
gagxh,normal,0.779704213142395
l8e06n,normal,0.6835813522338867
mvisqk,normal,0.71302330493927
mschfa,normal,0.8048422932624817
hq83py,normal,0.74103844165802
mjohtq,normal,0.6563119292259216
kyp6ru,normal,0.7023369073867798
lg5crn,normal,0.6753795146942139
i780oi,normal,0.6823059916496277
meibzg,normal,0.7145082354545593
le3k02,normal,0.7362645864486694
k7jw96,normal,0.6153507232666016
flz5i7,normal,0.7553521990776062
khooix,normal,0.7757535576820374
ld6rd0,normal,0.5536229610443115
l5oxvd,normal,0.6892237663269043
fcg4zo,normal,0.6153020858764648
3bjt8t,normal,0.7855483293533325
94jx1h,normal,0.6391044855117798
8vucie,normal,0.7240453958511353
1q7bn4,normal,0.7758466005325317
153siz,normal,0.7634326219558716
246ocx,normal,0.7305317521095276
f9pb1,normal,0.6036534309387207
a8bo77,normal,0.7170159220695496
35stca,normal,0.5627227425575256
f4p8y,normal,0.7571355700492859
a6ano,normal,0.7676182389259338
1dkbto,normal,0.7699156403541565
1m5kc3,normal,0.7847081422805786
dj4zm,normal,0.785737931728363
216gnm,normal,0.5293870568275452
k2nc5y,normal,0.7660016417503357
1nc7pf,normal,0.74864262342453
60qi2l,normal,0.8117764592170715
bx5vw,offensive,0.4857993423938751
isxif5,normal,0.7119264602661133
3521c6,normal,0.7184966802597046
26x6vi,normal,0.778197705745697
ay5z0,normal,0.7792708277702332
l0cgd,normal,0.7652419805526733
zse4d,normal,0.8056811690330505
zaewv,normal,0.7745283246040344
58dfup,normal,0.7975096106529236
f0b0ii,normal,0.8056170344352722
9b4laj,normal,0.799108624458313
7ikyy2,normal,0.7675334811210632
khnph6,normal,0.6808648705482483
beb6sc,normal,0.7881184816360474
lo9bc3,normal,0.7452271580696106
kcnekd,normal,0.7785050272941589
jlmnq3,normal,0.7473469972610474
k2wcu1,normal,0.7988895773887634
6ba9ja,normal,0.7888778448104858
kbp5dt,normal,0.6810847520828247
5wl1id,normal,0.7935400605201721
9estxo,normal,0.706246018409729
2koxgz,normal,0.7614104151725769
2pp5b4,normal,0.7798795104026794
8ne7pl,normal,0.7948783040046692
ja8abb,normal,0.6019626259803772
5119r6,normal,0.7829644680023193
4dtlc8,normal,0.7780597805976868
ej1ta,normal,0.8049158453941345
7dlrl,normal,0.6758299469947815
aj5sy5,normal,0.7987809181213379
6ni4j7,normal,0.5855322480201721
3gap1w,normal,0.7847332954406738
1cvkv8,normal,0.596171498298645
4vs086,normal,0.6625247597694397
7t5hzo,normal,0.7100760340690613
adcv6,normal,0.7207764387130737
hor7dq,normal,0.7853452563285828
hdvwc,normal,0.782781183719635
fvm9gh,normal,0.7508009672164917
gdug73,normal,0.6583201289176941
hpa645,normal,0.5802710056304932
cjjcwe,normal,0.7778376340866089
7ya32v,normal,0.7962628602981567
72kfo6,normal,0.7632619142532349
bllxbg,normal,0.6525771617889404
bvnign,normal,0.802016019821167
gio06c,normal,0.7286585569381714
ijzukh,normal,0.6765702962875366
g1j54q,normal,0.7099323868751526
aokj5t,normal,0.8019205927848816
ffxeaf,normal,0.730258047580719
cv3mq,normal,0.7457486987113953
gkllhk,normal,0.7860173583030701
dhjsdh,normal,0.7962337732315063
dzwg3a,normal,0.7394331693649292
c3i1sw,normal,0.7158135175704956
mcegtt,normal,0.7961011528968811
mx3khy,normal,0.7870071530342102
jkge42,normal,0.7825048565864563
kase7c,normal,0.7534868717193604
melc3l,normal,0.7246784567832947
jim42o,normal,0.6227415204048157
f9crnu,normal,0.8026403784751892
mol1hg,normal,0.7703826427459717
j3p0l9,normal,0.7705442309379578
ha6jwc,normal,0.8180985450744629
m5zily,normal,0.7713165879249573
j5j5g9,normal,0.7803536057472229
iz7vze,normal,0.7920717597007751
j85q5i,normal,0.7836792469024658
ib0wwx,normal,0.7889044284820557
m1yu94,offensive,0.5174736976623535
k6q2xq,normal,0.6744478344917297
mmxsjv,normal,0.7193299531936646
lqgw8h,normal,0.7262603640556335
mpau1v,normal,0.7299678921699524
keen6k,normal,0.7623670697212219
jb1zm4,normal,0.772869884967804
lnfur4,offensive,0.5401250123977661
lx52w3,normal,0.8135709762573242
m142ly,normal,0.7675682902336121
miqr2l,normal,0.5655803680419922
iveror,normal,0.8173632025718689
l7484x,normal,0.7873864769935608
mm1jyu,normal,0.6858655214309692
mreuqw,normal,0.800342321395874
mk0mjz,normal,0.6524070501327515
fevp1j,normal,0.760186493396759
ijhhc8,normal,0.7769657969474792
ipf0s7,normal,0.7833588719367981
i9urwh,normal,0.7440201640129089
gapnyb,normal,0.7200326919555664
f99j08,normal,0.7189041376113892
ikkjq9,normal,0.729546844959259
edy0tr,normal,0.8079349398612976
cwms55,normal,0.7720035314559937
fckcwm,normal,0.7626289129257202
kxd9y9,normal,0.7595235109329224
m4vqqd,normal,0.7463468909263611
mio107,normal,0.7941495180130005
7cmf5n,normal,0.8160449862480164
mubt6i,normal,0.7042706608772278
m8bi1m,normal,0.7443491816520691
kknezv,normal,0.76882004737854
kos7t5,normal,0.7700177431106567
82hc5v,normal,0.6496744751930237
k04h0u,normal,0.7330734133720398
g5ykrx,normal,0.8129390478134155
63layy,normal,0.814285159111023
c15qpb,normal,0.7783229351043701
caf26o,normal,0.7480965256690979
irqeak,normal,0.7537238001823425
dch3vr,normal,0.8012813925743103
brt5yc,normal,0.7723161578178406
byu9my,normal,0.7436909079551697
bs4hvw,normal,0.7617495656013489
laap8i,normal,0.7838398814201355
msroke,normal,0.7578418254852295
mrhlpp,normal,0.7503825426101685
jqfg66,normal,0.7551482319831848
kci92w,normal,0.8085896968841553
l0o5zf,normal,0.6238371133804321
l2vd2f,normal,0.8133987188339233
mdvryr,normal,0.783510684967041
lwmcu0,normal,0.7532122731208801
gz15v4,normal,0.7738654017448425
lkm180,normal,0.7937331199645996
kr3aus,normal,0.8069964051246643
fpyame,normal,0.7758482098579407
mjj4y0,normal,0.7716476321220398
khcjv7,normal,0.8161238431930542
l2rkd7,normal,0.8101626038551331
iz2n9z,normal,0.7466267943382263
isoj2x,normal,0.8326554298400879
jrz33n,normal,0.8059803247451782
icqb3p,normal,0.7429521679878235
jtdtli,normal,0.7691527009010315
i8ewbc,normal,0.7506667375564575
fsvfz8,normal,0.8130182027816772
cip1ay,normal,0.7414844036102295
lygx63,normal,0.7515203952789307
mroq3m,normal,0.7689239382743835
eu9j80,normal,0.731701672077179
mxo5ll,normal,0.6480260491371155
kdlks9,normal,0.7701684236526489
ew5uh1,normal,0.7680978178977966
mmp9xm,normal,0.8189176321029663
e83bvt,normal,0.7542024254798889
iyddm4,normal,0.6440399289131165
kp2i1e,normal,0.7845145463943481
mqzesa,normal,0.7094628810882568
lqmuqk,normal,0.765584409236908
musogk,normal,0.6539425849914551
mktdzb,normal,0.6835143566131592
ltao32,normal,0.770125687122345
m8t2kq,normal,0.7383100986480713
lv7gum,normal,0.7041837573051453
k4q86m,normal,0.6190701127052307
kpywn3,normal,0.7981574535369873
k5d76c,normal,0.8258040547370911
kv5lly,normal,0.7318296432495117
jwzz6t,normal,0.6060181260108948
d532ie,normal,0.7316213250160217
b3ovid,normal,0.6743346452713013
iq2res,normal,0.7743029594421387
iuh9f5,normal,0.640502393245697
ghwu7q,normal,0.6333144307136536
mtg549,normal,0.7714471220970154
k6bj9y,normal,0.6075733304023743
hadhj5,normal,0.809657871723175
mx8lqm,normal,0.7869442105293274
lxshxq,normal,0.8104792237281799
jsv1zx,normal,0.8164026737213135
lvpa4a,normal,0.663145124912262
lp568o,normal,0.800640344619751
mc0adm,normal,0.8014476895332336
kalkof,normal,0.770558774471283
luh61t,normal,0.7778552770614624
kp7fp9,normal,0.713751494884491
mqx7qf,normal,0.8053600192070007
mo4zpr,normal,0.793266236782074
kwmhtz,normal,0.6594763994216919
mnbtca,normal,0.7765989899635315
l9rrsh,normal,0.7740744948387146
lzimi7,normal,0.7359092235565186
mswv9u,normal,0.8128349184989929
mhbp24,normal,0.768791139125824
mh67h1,normal,0.7976747155189514
mujr0f,normal,0.755214273929596
mctrxl,normal,0.7863922119140625
mf3ppa,normal,0.7599045634269714
lifco9,normal,0.7092645764350891
lh92xl,normal,0.6762808561325073
lrfese,normal,0.621070146560669
mf5hmd,normal,0.7531111836433411
meragl,normal,0.776298463344574
ltau8w,normal,0.8073091506958008
mpksqp,normal,0.7788354754447937
kzmlkr,normal,0.7659958004951477
mw4omx,normal,0.7566075921058655
kd3y54,normal,0.6656784415245056
k0pvr8,normal,0.6910080313682556
mjhonq,normal,0.7676429748535156
crdlxj,normal,0.6463085412979126
k34w4m,normal,0.7240179181098938
asutgm,normal,0.638505756855011
eghz1v,normal,0.6542184352874756
2ose16,normal,0.8017876744270325
8vjcoo,normal,0.8102316856384277
mwpdoc,normal,0.7836253643035889
agddax,normal,0.810186505317688
81jje9,normal,0.7766281962394714
kf0tu0,normal,0.7634174227714539
3fzux4,normal,0.7055234313011169
5alj8w,normal,0.7795954346656799
dmxjlz,normal,0.7254095077514648
64otbf,normal,0.8150379657745361
dp87wb,normal,0.78313809633255
dhl6l3,normal,0.7688528895378113
ckrijh,normal,0.7746294736862183
6lmr1m,normal,0.772605299949646
4tsifw,normal,0.7640179395675659
