tweet_id,classification,classification_score
mvevhy,normal,0.7718349695205688
muwdhh,normal,0.6554306149482727
mb3p69,normal,0.8113551735877991
kvav6j,normal,0.8408406972885132
m5jq4e,normal,0.5260272026062012
maphp6,normal,0.7370598912239075
mu3zrw,normal,0.8158730864524841
kas0tu,normal,0.8015367388725281
kw9lfd,normal,0.8162721395492554
mvhuut,normal,0.7427518367767334
j8ehs1,normal,0.7122741341590881
mqat5s,normal,0.7999839186668396
me1yyo,normal,0.7479291558265686
mn3tbp,normal,0.7220199704170227
lgw937,normal,0.7672674059867859
m1tjs3,normal,0.7672404646873474
kztkbe,normal,0.7925106287002563
legze3,normal,0.732045590877533
mp2km9,normal,0.7309636473655701
lp6a8j,normal,0.7418647408485413
m9btf2,normal,0.7912978529930115
kas2vy,normal,0.7879260182380676
m0wke1,normal,0.757460355758667
id1ux4,normal,0.8298516273498535
jka42e,normal,0.7461433410644531
kqh4l2,normal,0.7289248108863831
h831a4,normal,0.7614407539367676
kas3f2,normal,0.8033326268196106
mo3337,normal,0.8273496627807617
lfdww8,normal,0.744777262210846
j7hsh9,normal,0.6936692595481873
lwzomk,normal,0.7651064395904541
mal2g8,normal,0.8011902570724487
mko2j9,normal,0.733104944229126
md1fm6,normal,0.7076268792152405
mjf346,normal,0.7768473625183105
lr5mfg,normal,0.7883897423744202
m51myd,normal,0.7034489512443542
m2pl3o,normal,0.774564266204834
kpma7e,normal,0.796574056148529
mfzlzw,normal,0.796588122844696
ksytcb,normal,0.7777121663093567
mu48zr,normal,0.6777060031890869
kc2jp6,normal,0.8297634124755859
l4qky1,normal,0.785340428352356
jcciks,normal,0.6362309455871582
jagsce,normal,0.6378188133239746
m1fg3j,normal,0.730025053024292
m5guhw,normal,0.8311508893966675
m8u3df,normal,0.7557045817375183
mxgig4,normal,0.7287372350692749
mwvgo8,normal,0.8222863078117371
mx8nvp,normal,0.622096836566925
mx8hxf,normal,0.688378632068634
mxgf06,normal,0.7941019535064697
mwicz1,normal,0.7690389752388
mxbl9x,normal,0.6733457446098328
mxhmnw,normal,0.8161246180534363
mudqz8,normal,0.8000516891479492
mwyonr,normal,0.6999123692512512
mxdhrt,normal,0.7651160955429077
mxa1iq,normal,0.7639663815498352
mwny4v,normal,0.7662801146507263
mu6z8f,normal,0.7729607224464417
mx8scu,normal,0.7678907513618469
mxbcsl,normal,0.7419782876968384
mx6zsr,normal,0.6358034014701843
mx5mh1,normal,0.7939317226409912
mwjj1q,normal,0.7180407643318176
mwuxql,normal,0.730282187461853
mwuu1y,normal,0.7544731497764587
mwjktl,normal,0.7418627142906189
mwb3mo,normal,0.7566218972206116
mwr86i,normal,0.5879335999488831
mw4ig8,normal,0.7943722009658813
mwarqw,normal,0.7206757664680481
mwjwa0,normal,0.7386447787284851
mweogm,normal,0.7124038338661194
mvzkvd,normal,0.8154090046882629
mvwnfu,normal,0.6393460631370544
mw5bz2,normal,0.7424561977386475
mw2mkn,normal,0.7683457136154175
mw0sqc,normal,0.7962257266044617
mvv1vs,normal,0.7938844561576843
mv9bvl,normal,0.8345147371292114
mvdib2,normal,0.7535541653633118
muv3ir,normal,0.8193036913871765
mvgd3d,normal,0.4245375692844391
mvr577,normal,0.823307454586029
mvqv99,normal,0.7328463792800903
mrnbmc,normal,0.7713971138000488
mupvsm,normal,0.7128499746322632
muzadl,normal,0.4449964761734009
mv74b3,normal,0.7478010058403015
mv23ko,normal,0.8061363697052002
mv0lgp,normal,0.8052026629447937
mv6407,normal,0.7576147317886353
mv0rwt,normal,0.7428776621818542
mv06li,normal,0.7245156764984131
mtka40,normal,0.639487624168396
mpw7g7,normal,0.7969895601272583
lputfy,normal,0.6651316285133362
mla2o7,normal,0.703731119632721
lway0g,normal,0.7430958151817322
l8dxi9,normal,0.7692749500274658
l2xwe5,normal,0.7029646039009094
mli6ob,normal,0.7651392221450806
lmekjr,normal,0.7838816046714783
ldd7vc,normal,0.7864512205123901
meeudu,normal,0.7857391834259033
kzhho5,normal,0.5980801582336426
mn8cf2,normal,0.7407383322715759
j2vos3,normal,0.8030028343200684
martg6,normal,0.6580475568771362
mv7h91,normal,0.6466395258903503
mgzgwk,normal,0.8120555877685547
mr3qdr,normal,0.6406059265136719
ltwjs0,normal,0.6978657245635986
mbbvhh,normal,0.5301488041877747
lsz6lr,normal,0.6210595369338989
lj1ca2,normal,0.6890023350715637
l2m4m5,normal,0.807567298412323
hulhbk,normal,0.5940697193145752
hh8e20,normal,0.7645444273948669
em0uum,normal,0.5794340968132019
mf7knn,normal,0.7249912023544312
lfg2n9,normal,0.5195633172988892
mron7b,normal,0.7135793566703796
mwfp4c,normal,0.6985243558883667
mf3c5x,normal,0.6532586812973022
mj72j2,normal,0.5539630055427551
ltsm92,normal,0.666580080986023
lbw88m,normal,0.7545633316040039
l75rlr,normal,0.5562382340431213
mhdg1t,normal,0.6814346313476562
ljbb47,normal,0.5399794578552246
l4o9hr,normal,0.699244499206543
fdn976,normal,0.5572078824043274
lgei00,normal,0.6784825325012207
l8jfry,normal,0.5681582093238831
lokusu,normal,0.7758206725120544
lcwgks,normal,0.6849684119224548
lejwf2,normal,0.7524732947349548
lkvmyh,normal,0.5907462239265442
l00aj1,normal,0.65523362159729
lxp806,normal,0.7117671370506287
m4z7m1,normal,0.6364779472351074
lsnk5n,normal,0.741494357585907
ke1ztl,normal,0.6045057773590088
lzzk55,normal,0.738629162311554
mov6xj,normal,0.5095123648643494
mr88hn,normal,0.760159432888031
jrp584,normal,0.724753737449646
mtcx44,normal,0.7729640007019043
lszbvb,normal,0.7578264474868774
mdewcu,normal,0.6605077981948853
996tgi,normal,0.6042637228965759
le0an2,normal,0.8132132291793823
9xqs5l,normal,0.7946957945823669
980vzb,normal,0.7410080432891846
cg6lip,normal,0.6763944625854492
afwwzn,normal,0.7040681838989258
kozsve,normal,0.805043637752533
ldoefo,normal,0.7599177956581116
8k7iah,normal,0.6151618361473083
luq31p,normal,0.8090861439704895
bvsdz0,normal,0.7119280695915222
3o3esc,normal,0.5640711188316345
l4i9o7,normal,0.8079795241355896
a1lcv5,normal,0.6292738914489746
j4b2df,normal,0.7638807892799377
bqw0x0,normal,0.7134028077125549
i82742,normal,0.7494416832923889
inpx5n,normal,0.8062448501586914
79kebq,normal,0.6953558325767517
jjxg5w,normal,0.8098391890525818
97anbf,normal,0.7596084475517273
2ho8y8,normal,0.7766467332839966
elvc08,normal,0.69688880443573
5hcmfp,normal,0.7945169806480408
b7np44,normal,0.6931580901145935
j4xcy6,normal,0.5827019810676575
gffjav,normal,0.6698631048202515
igpb6f,normal,0.7369365096092224
i1ujc4,normal,0.7532575726509094
hvzhae,normal,0.738968014717102
9as1wp,normal,0.719234049320221
ct80kj,normal,0.7644955515861511
25muc9,normal,0.7800837755203247
aklviv,normal,0.8027765154838562
e9sou0,normal,0.5952036380767822
clslqt,normal,0.7497362494468689
345snh,normal,0.7650531530380249
biir9d,normal,0.8063843250274658
b16rfc,normal,0.7155647873878479
f35lyi,normal,0.7702349424362183
f737x9,normal,0.5032092332839966
bkvvjx,normal,0.8545910716056824
3ljbpo,normal,0.7288629412651062
ewxz3u,normal,0.7414811253547668
bcef6y,normal,0.7713485360145569
m71mr5,normal,0.7911528944969177
l3ymxn,normal,0.7497151494026184
loocn7,normal,0.619048535823822
lj9uk8,normal,0.7444096207618713
mpkaxu,normal,0.5901304483413696
lgdcj3,normal,0.7001305818557739
lgwf2k,normal,0.7236840128898621
i1n87c,normal,0.8004978895187378
bjh0iv,normal,0.7832669615745544
g6urds,normal,0.7184947729110718
hdmv4v,normal,0.6984430551528931
brv0vf,normal,0.7178183794021606
2ropwl,normal,0.7814556956291199
g4z49q,normal,0.736136257648468
fp20p0,normal,0.7953722476959229
aazi0e,normal,0.7207404375076294
dgxnss,normal,0.7805275917053223
b5xdh9,normal,0.668181300163269
8pglno,normal,0.7477293610572815
bd5tsy,normal,0.7601566314697266
a8ejse,normal,0.7205213904380798
csykgz,normal,0.6896633505821228
emrlvb,normal,0.7637419700622559
9nraxo,normal,0.7083123922348022
bibzwu,normal,0.7439444661140442
bmeroj,normal,0.8055588603019714
8gtlin,normal,0.7856482267379761
c0v2aa,normal,0.7914102673530579
a2xpse,normal,0.7372210621833801
bmurzz,normal,0.6631008982658386
3g59lp,normal,0.761162519454956
8obgzj,normal,0.6286365389823914
azvrku,normal,0.7556278109550476
a8ucdx,normal,0.5809212923049927
bhyiea,normal,0.7699596285820007
8g952y,normal,0.7672510743141174
bmf5nl,normal,0.7681732773780823
bih48n,normal,0.7731556296348572
71ir5f,normal,0.7252045273780823
83gg8s,normal,0.7920587658882141
8gg08y,normal,0.7016273140907288
85u4hc,normal,0.8080418705940247
7glndv,normal,0.7320982813835144
apd1wy,normal,0.7798909544944763
95irrw,normal,0.7725432515144348
5fv323,normal,0.7256490588188171
6nto7s,normal,0.752894937992096
ligkuc,normal,0.7966957092285156
mdoi6n,normal,0.802585780620575
m7tc6q,normal,0.8004915714263916
mw8s27,normal,0.8312847018241882
mrrnx5,normal,0.8048179149627686
moqvzn,normal,0.8151902556419373
mtl5b8,normal,0.8191972970962524
mis59y,normal,0.7217763662338257
lwr9ou,normal,0.7231435775756836
mk2jg0,normal,0.7873516082763672
lhxkvw,normal,0.8233270645141602
m2bk3j,normal,0.718562662601471
m580yj,normal,0.7660419940948486
mpxdxe,normal,0.814688503742218
lr4vvt,normal,0.7599741816520691
lr27mm,normal,0.7631285786628723
m14vu9,normal,0.7908244729042053
mnde2r,normal,0.7782378792762756
mi6b8i,normal,0.7523180842399597
lj2de9,normal,0.6654307246208191
med2y7,normal,0.8081483244895935
m4lpxt,normal,0.7651024460792542
mak47n,normal,0.7905676960945129
m2pg5z,normal,0.797798752784729
l9gv91,normal,0.7463741898536682
mfhfgl,normal,0.7539137601852417
miyy2r,normal,0.711982786655426
m3vc3v,normal,0.8179449439048767
lzb6l0,normal,0.7748557329177856
m1msn3,normal,0.8053483366966248
mu1ur2,normal,0.7969748973846436
leinzr,normal,0.7592889666557312
msovc7,normal,0.7846587896347046
mk5jen,normal,0.7888391017913818
lwi0kh,normal,0.7816253900527954
lcwdyf,normal,0.8047387003898621
ltzgik,normal,0.8142982125282288
ltkyek,normal,0.8120259642601013
mrgra3,normal,0.7569103837013245
l4b3nd,normal,0.7353603839874268
m9lthc,normal,0.7920337915420532
l9r07q,normal,0.6433301568031311
kiey1t,normal,0.7746102809906006
kb352q,normal,0.7962207794189453
mmxuth,normal,0.7641041278839111
md9srj,normal,0.7726578712463379
lcnexa,normal,0.7815537452697754
m2ccd3,normal,0.6557326912879944
hbfkpx,normal,0.7648155093193054
mx7tsv,normal,0.7652709484100342
mxfsl1,normal,0.7602272033691406
mv6yaf,normal,0.7499371767044067
mpd14l,normal,0.7993752956390381
ms1cu3,normal,0.7117356061935425
mookug,normal,0.6852892637252808
mrv20z,normal,0.6858627796173096
mo3jxc,normal,0.6834086775779724
mq5y94,normal,0.6704440712928772
mpjwrl,normal,0.7182940244674683
moyjk5,normal,0.5821369290351868
mo3hzg,normal,0.7312675714492798
mo3n6k,normal,0.7678989171981812
ml3g42,normal,0.7582303881645203
mkw9ka,normal,0.7952418327331543
mfysqq,normal,0.7498366236686707
meusn6,normal,0.801923930644989
mfsxp6,normal,0.7178348302841187
mahx1b,normal,0.8052314519882202
mb5zt8,normal,0.7206858992576599
m8zwmr,normal,0.8525211811065674
m5ct7b,normal,0.7804107666015625
m4bsgm,normal,0.7929190397262573
m4mhc8,normal,0.7764747738838196
m4b0xe,normal,0.7964429259300232
m49wsq,normal,0.7825941443443298
lzf58j,normal,0.8011007905006409
m1e15c,normal,0.8087371587753296
m0jnho,normal,0.7705479264259338
lzdbwk,normal,0.742801308631897
lywl0r,normal,0.4845997095108032
lyxnax,normal,0.7937667369842529
lyyi9o,normal,0.8041113615036011
lysxbd,normal,0.7512451410293579
lxchjm,normal,0.777111291885376
lwiqz9,normal,0.7678744196891785
lwg5qh,normal,0.75075364112854
lumd2g,normal,0.7557552456855774
lu2ssg,normal,0.7560021877288818
loktha,normal,0.8014119863510132
lqp3h0,normal,0.689932644367218
lq82zq,normal,0.7413979768753052
lonnc3,normal,0.8004859089851379
lk3tm6,normal,0.797529935836792
lohtk5,normal,0.7930121421813965
lmttl1,normal,0.7836819291114807
lkiaf4,normal,0.7761658430099487
lk2rvk,normal,0.6545909643173218
hd6nn0,normal,0.6557326912879944
hz211w,normal,0.6557326912879944
cylan9,normal,0.6648597121238708
lvz8ro,normal,0.7711103558540344
lm8jlv,normal,0.7592159509658813
81nwvy,normal,0.6670811176300049
iyuh9y,normal,0.7187468409538269
7ktzfq,normal,0.666691243648529
drm19s,normal,0.5734118223190308
cic0ap,normal,0.8146408200263977
56goue,normal,0.6132871508598328
cik5vw,normal,0.8122277855873108
bqkvck,normal,0.70611572265625
4i6r5w,normal,0.7550721764564514
c5mkg8,normal,0.7752562761306763
3jkwcc,normal,0.6772351264953613
mrgj97,normal,0.5751597285270691
mj6lhu,normal,0.7341281175613403
mik3m3,normal,0.7018546462059021
mpksiz,normal,0.7760671973228455
mbleaw,normal,0.7867957353591919
mjbnwd,normal,0.7911363244056702
ms9zgc,normal,0.7258639335632324
mbli12,normal,0.7955112457275391
m2g37z,normal,0.7638841867446899
mbj38p,normal,0.8150880932807922
mkwx6k,normal,0.6074052453041077
m1ctcy,normal,0.8057234883308411
m7875v,normal,0.8044402599334717
mmk5qf,normal,0.7569314241409302
m7bbo4,normal,0.7108451128005981
m6n7gh,normal,0.721407413482666
mr11ti,normal,0.7848417162895203
lzu6kl,normal,0.8354957699775696
mblcwm,normal,0.7347281575202942
mirn7y,normal,0.778052031993866
mioqh9,normal,0.8083207607269287
licc4v,normal,0.8343568444252014
mrderj,normal,0.7978651523590088
mbk9hr,normal,0.829295814037323
mjaizn,normal,0.8524550795555115
lw2q71,normal,0.7634917497634888
mfv437,normal,0.7956551909446716
m55z7p,normal,0.8159968256950378
luj8od,normal,0.7614781856536865
m6oeq4,normal,0.800896942615509
lfbzbe,normal,0.7655887007713318
m5430w,normal,0.6716423034667969
lacjlf,normal,0.7670657634735107
lgr8qf,normal,0.6992881298065186
le1hii,normal,0.7450581192970276
lnufkg,normal,0.6814867854118347
lxuse7,normal,0.7831694483757019
ll8pw4,normal,0.7626206278800964
m54dd6,normal,0.7011270523071289
lrmmfw,normal,0.8020955324172974
l5f61m,normal,0.8273323178291321
lvi4zf,normal,0.7640389800071716
mu05i8,normal,0.7888166308403015
lj446j,normal,0.7419975996017456
lb6e7q,normal,0.79969322681427
lc357f,normal,0.8036026358604431
l6bxbe,normal,0.8079184889793396
lhw97d,normal,0.8015964031219482
mfen5d,normal,0.754071056842804
lpgq3c,normal,0.7852544784545898
lvct9p,normal,0.7372738718986511
lvilzz,normal,0.6539616584777832
lsqdam,normal,0.8053357005119324
mujuby,normal,0.7582067251205444
mq7cc8,normal,0.7653957605361938
mwhl3e,normal,0.7687479853630066
ltqjxb,normal,0.7148189544677734
mk39f3,normal,0.7605105638504028
mtiazl,normal,0.8084770441055298
mco8u0,normal,0.8297984600067139
mjdvpt,normal,0.8394346833229065
m8hycf,normal,0.6936152577400208
me2icy,normal,0.69010990858078
lw0m1u,normal,0.740467369556427
lqeund,normal,0.7835052013397217
m2uzr6,normal,0.7917368412017822
m7s8rw,normal,0.6233657598495483
lvi9p7,normal,0.7730726003646851
m513e4,normal,0.8205256462097168
m6mh5h,normal,0.8123266100883484
m1k0dr,normal,0.7809402942657471
m223g0,normal,0.810401201248169
krkuqw,normal,0.7853312492370605
ldibsn,normal,0.7472365498542786
lq7zq9,normal,0.7940064668655396
lr38h4,normal,0.6908981204032898
lymg4v,normal,0.7997597455978394
lu1buf,normal,0.7963622808456421
mjcf9t,normal,0.7836183309555054
lsg59j,normal,0.7019473910331726
lzgur1,normal,0.7807334661483765
lvlm33,normal,0.7654775977134705
lx5lk9,normal,0.7443380355834961
lrsz2i,normal,0.7471532225608826
l6csuk,normal,0.8069647550582886
kxw7kv,normal,0.5833629369735718
ks1qti,normal,0.7685884237289429
kt4542,normal,0.7582684755325317
lh53jp,normal,0.7750973701477051
l0xa9p,normal,0.7832874655723572
isspv3,normal,0.7968716025352478
kys07y,normal,0.7514413595199585
kdsfd7,normal,0.8040722012519836
kned61,normal,0.8135778903961182
kx9uzu,normal,0.8034385442733765
kbbk8t,normal,0.7576028108596802
k3n40h,normal,0.7810841202735901
ln0p8w,normal,0.7905189990997314
lbud5b,normal,0.7683031558990479
kysurb,normal,0.722316563129425
kyb7nd,normal,0.6883354187011719
jzs5ik,normal,0.8056694269180298
jbo3q1,normal,0.8162729740142822
htma2y,normal,0.7653487324714661
hl6sov,normal,0.7440630197525024
gd5imw,normal,0.5559813976287842
g1cdct,normal,0.7850170135498047
g0wjsx,normal,0.7210136651992798
edl8tn,normal,0.761326014995575
daj0o1,normal,0.7704021334648132
d9uqps,normal,0.8030077219009399
d0r0rp,normal,0.8121460676193237
cfdi3z,normal,0.7743258476257324
ceomo9,normal,0.7649356126785278
bksdr7,normal,0.7510442733764648
bko3g5,normal,0.7735934257507324
b8ycmd,normal,0.8010597229003906
b27ux4,normal,0.7511997818946838
azgp8h,normal,0.8302487134933472
aoasgl,normal,0.7811322212219238
alttqf,normal,0.7982207536697388
8rs67n,normal,0.7786917686462402
4gqlh2,normal,0.7661619186401367
4f39qe,normal,0.7339240908622742
kdihpr,normal,0.7950360774993896
hmfiyl,normal,0.7447051405906677
ix638q,normal,0.4586794972419739
m5k5g9,normal,0.7301761507987976
kfdsxj,normal,0.7542791962623596
k9j8gm,normal,0.7945041656494141
g0zhsz,normal,0.7853777408599854
elf67f,normal,0.7852652072906494
ftu8vu,normal,0.7818874716758728
dwznnm,normal,0.6778013110160828
dbx7to,normal,0.7858045101165771
biu6y4,normal,0.7910298705101013
jojbrw,normal,0.8184614777565002
ltyli3,normal,0.7865675687789917
m53lpq,normal,0.7808631062507629
mr4gna,normal,0.7574129104614258
ma27o9,normal,0.7953376173973083
mu6fnk,normal,0.7982150316238403
mkwoqe,normal,0.772289514541626
mvi8ub,normal,0.620488166809082
j95pkr,normal,0.8164516687393188
mhk37d,normal,0.7182728052139282
m8tjkr,normal,0.7309205532073975
ly6glx,normal,0.7385082840919495
mdtlwj,normal,0.7815471887588501
lu18qy,normal,0.7563536763191223
jbxlpr,normal,0.80121910572052
kqyxd1,normal,0.7908221483230591
f11mvs,normal,0.8173049092292786
jb6hhy,normal,0.7854850888252258
jt4je9,normal,0.8092268705368042
ipml9m,normal,0.7907088994979858
epnd0l,normal,0.7866735458374023
j65xda,normal,0.7975196242332458
9d7cnc,normal,0.8063487410545349
fw1agv,normal,0.7637237906455994
eh6kc5,normal,0.76638263463974
esezb4,normal,0.7860221266746521
c5pjii,normal,0.7582967281341553
8ei6tq,normal,0.7223441004753113
axtrx7,normal,0.7774466872215271
c84urv,normal,0.7719327211380005
c2e71v,normal,0.7686462998390198
bld0vr,normal,0.8190265893936157
e51ksh,normal,0.7740235924720764
aaglsc,hate speech,0.3855035603046417
9kyekh,normal,0.7823731303215027
b2wlfd,normal,0.7513712644577026
axpvd3,normal,0.7185442447662354
8esim9,normal,0.8029830455780029
9f2h11,normal,0.7526443600654602
bgk3a2,normal,0.7529815435409546
i31160,normal,0.7569208741188049
d6gmuz,normal,0.7384276390075684
bdwktl,normal,0.6860511302947998
bht2aq,normal,0.8326199650764465
ash4em,normal,0.7780970335006714
klv21r,normal,0.7830062508583069
mnphy8,normal,0.7754667401313782
m6lhfv,normal,0.7112221121788025
ldh9vs,normal,0.7946450114250183
m2v2mp,normal,0.7711557745933533
k8nbtf,normal,0.7257740497589111
mob66i,normal,0.8163053393363953
lje8lt,normal,0.7443954348564148
l2s95u,normal,0.7977186441421509
iwwadq,normal,0.7644271850585938
i5ppvz,normal,0.6557326912879944
hx97fe,normal,0.7663848996162415
hp3s2m,normal,0.8117468953132629
bn62me,normal,0.7901034951210022
e8fwak,normal,0.7374562621116638
btbc7k,normal,0.7789046764373779
lrjnfx,normal,0.8144505023956299
mv2u18,normal,0.7459637522697449
lhl311,normal,0.6664150357246399
d9xk3k,normal,0.7902799844741821
bdepk9,normal,0.8003764748573303
azyayv,normal,0.8036827445030212
ih3ucl,normal,0.7465569972991943
g0nj3i,normal,0.786672055721283
lh396y,normal,0.7760964035987854
lk4lvr,normal,0.7824531197547913
laxhfi,normal,0.7799302935600281
l4ov4s,normal,0.7915513515472412
l49m5x,normal,0.788851261138916
kash9l,normal,0.83772873878479
iw5zni,normal,0.7810497879981995
fh3n8z,normal,0.747678279876709
ea45d0,normal,0.8166055083274841
e7j7s5,normal,0.8356587290763855
awycfy,normal,0.7968023419380188
8eeql9,offensive,0.49229684472084045
mi7u2u,normal,0.7794443368911743
lyd52f,normal,0.7468163967132568
lv0jev,normal,0.7948315143585205
lpfl9v,normal,0.7948315143585205
lk66ht,normal,0.7948315143585205
lf4ifj,normal,0.7948315143585205
l4gg33,normal,0.7948315143585205
kznmg1,normal,0.7948315143585205
kv35x6,normal,0.8018417358398438
kcyrqb,normal,0.8231347799301147
krnrvt,normal,0.8018417358398438
klrn0j,normal,0.8231347799301147
khikvf,normal,0.8231347799301147
k3wwt9,normal,0.8231347799301147
k8hpo0,normal,0.8231347799301147
jzipg7,normal,0.8231347799301147
jv7rqw,normal,0.8231347799301147
je2sb3,normal,0.8231347799301147
jqyoyd,normal,0.8231347799301147
jmoicc,normal,0.8231347799301147
jifocf,normal,0.8231347799301147
j9s0km,normal,0.8231347799301147
j5kipy,normal,0.8231347799301147
io8jfi,normal,0.8231347799301147
ijz4y2,normal,0.8231347799301147
ix1mlh,normal,0.8231347799301147
ism2do,normal,0.8231347799301147
j1d5gi,normal,0.8231347799301147
hm8sa7,normal,0.8231347799301147
i75z6e,normal,0.8231347799301147
ibfaou,normal,0.8231347799301147
hytf5i,normal,0.8231347799301147
i2y4xr,normal,0.8231347799301147
hdthdh,normal,0.8231347799301147
ifq6h9,normal,0.8231347799301147
hi104j,normal,0.8231347799301147
humcmy,normal,0.8231347799301147
hqgdj7,normal,0.8231347799301147
fwrh79,normal,0.7369657158851624
gz0hyd,normal,0.8231347799301147
gqxk33,normal,0.8030649423599243
h9hkwq,normal,0.8231347799301147
g4t42n,normal,0.8030649423599243
ghrcnx,normal,0.8030649423599243
g14u8d,normal,0.8030649423599243
g8z6o5,normal,0.8221624493598938
7vu8nc,normal,0.7009903788566589
f3v8ow,normal,0.7857520580291748
b3rlim,normal,0.7975307106971741
dm4v9c,normal,0.7731801271438599
d9bezz,normal,0.779667317867279
jr21qt,normal,0.834720253944397
jgwl9o,normal,0.8167791962623596
mqapti,normal,0.8184934854507446
kb45tk,normal,0.7343714833259583
jcqu76,normal,0.8118167519569397
j4gida,normal,0.7856677174568176
luqrqf,normal,0.7702612280845642
lssrdc,normal,0.8029830455780029
frkzik,normal,0.7169420123100281
m9dkep,normal,0.7859094142913818
m8xw67,normal,0.7955166101455688
fqbo6a,normal,0.8155474662780762
fg2rum,normal,0.7056484222412109
ktupq1,normal,0.7192074060440063
kfbqfy,normal,0.7518526911735535
ixrsz5,normal,0.7197102308273315
f4wo8k,normal,0.6702550053596497
b23b9n,normal,0.8117496371269226
k85740,normal,0.812667191028595
i8r90g,normal,0.7844361662864685
haccvz,normal,0.7931573390960693
89fuo1,normal,0.6426148414611816
8e6923,normal,0.7488555312156677
ihw6zl,normal,0.7781819701194763
avatcx,normal,0.7588320970535278
mcdss3,normal,0.808290421962738
mqnz5n,normal,0.5674905180931091
lyst2u,normal,0.8308708071708679
mr6qr0,normal,0.8267433643341064
m7fx1w,normal,0.8129590749740601
lku8ka,normal,0.7552160024642944
lrgt0m,normal,0.7306587100028992
jpwo0j,normal,0.6844162344932556
krtzaz,normal,0.7866025567054749
mw92zj,normal,0.8309003710746765
l697fu,normal,0.7431314587593079
jgvcq5,normal,0.7802237868309021
l9oyqz,normal,0.7586685419082642
lh4vvj,normal,0.7879589200019836
mtsm9a,normal,0.832045316696167
mp6e0b,normal,0.832045316696167
izs4xw,normal,0.7326996922492981
m0j34i,normal,0.7945263385772705
hsa97a,normal,0.796291708946228
mrzyjw,normal,0.7642976641654968
mkc5i8,normal,0.832045316696167
jgykcb,normal,0.7537557482719421
kbs6xt,normal,0.8100800514221191
kx00jd,normal,0.7747761607170105
kfswjf,normal,0.8204471468925476
mr299g,normal,0.7878292798995972
mu32g5,normal,0.5201327204704285
m1qub7,normal,0.47149282693862915
dsduq6,normal,0.6930128931999207
gjw8vj,normal,0.6977460384368896
mwcwm1,normal,0.606806755065918
mjtgap,normal,0.7544358372688293
mwn6yl,normal,0.7829572558403015
515do1,normal,0.7806817293167114
g9q6cg,normal,0.6870124936103821
lhot54,normal,0.6935248374938965
kxr8su,normal,0.575688898563385
mvylkd,normal,0.6782405972480774
mauq2f,normal,0.6441624760627747
mmkymw,normal,0.6131787300109863
af128h,normal,0.7562657594680786
k9759g,normal,0.7142408490180969
1mdef9,normal,0.7841428518295288
jqr19v,normal,0.5252814888954163
l4x9vf,normal,0.7638662457466125
m7kcp0,normal,0.7577810287475586
lz5yzj,normal,0.7100906372070312
kokmcd,normal,0.7520197629928589
kd70vr,normal,0.6325108408927917
l11gha,normal,0.7051984667778015
kqrlxx,normal,0.801795482635498
lm3glf,normal,0.7104740142822266
2vj90e,normal,0.7106549739837646
9ognd8,hate speech,0.4049205780029297
ahae87,normal,0.6857168078422546
3cdt1u,normal,0.7211295962333679
ljwtnc,normal,0.6004536151885986
lor1q5,offensive,0.47593003511428833
gdt0ts,normal,0.7672476172447205
5ieh2t,normal,0.7136775255203247
ka9xl5,normal,0.8151293992996216
2z1i7p,normal,0.7190271615982056
9gk8h0,normal,0.7600613832473755
k0joxd,normal,0.7175536155700684
k2zayo,normal,0.763818085193634
hru45a,normal,0.7589991688728333
iwc61w,normal,0.6756833791732788
jw9yv3,normal,0.6939826011657715
5axwwm,normal,0.80797278881073
jdijaz,normal,0.7772049903869629
3nahtv,normal,0.6924874782562256
kucd0j,normal,0.7917575836181641
kfpf9d,normal,0.6809648275375366
gheqrb,normal,0.7764016389846802
47ho2p,normal,0.7050493359565735
k2wz6w,normal,0.6486857533454895
mnbggz,normal,0.7562981843948364
mpi9p3,normal,0.7886942625045776
mi2i5k,normal,0.7961735129356384
lcgakt,normal,0.6626893877983093
mjs6v9,normal,0.7624236345291138
loa4o6,normal,0.7525414228439331
mti29v,normal,0.799106240272522
m0lr8f,normal,0.5712149739265442
kt4c22,normal,0.7270053029060364
mwepef,normal,0.7487468719482422
mkvn4m,normal,0.7036305665969849
m00tk3,normal,0.7865622043609619
luwmg7,normal,0.8546090126037598
mphopz,normal,0.7919999957084656
mwsy8b,normal,0.7631174921989441
mgee5k,normal,0.6698710918426514
kmztvc,normal,0.7370288968086243
mwfxsd,normal,0.7954025864601135
m44sxp,normal,0.7085736393928528
m2v1lk,normal,0.7849140167236328
ms5lpc,normal,0.781512975692749
mhgdyd,normal,0.7021227478981018
mapuxy,normal,0.8132736086845398
lz7cch,normal,0.7875674962997437
ly9064,normal,0.8160605430603027
lqv32g,normal,0.7688747644424438
ldqu0v,normal,0.708410382270813
mfgbjo,normal,0.6999635100364685
msls1q,normal,0.7666494250297546
lrpo1l,normal,0.7391260862350464
lq550t,normal,0.7954995036125183
m87yln,normal,0.7426992058753967
mji2uq,normal,0.774335503578186
mvpez8,normal,0.7250881791114807
m4ecnr,normal,0.7310487627983093
mj775l,normal,0.6947438716888428
mhc665,normal,0.6460782289505005
ixic04,normal,0.7631222605705261
kzjgr7,normal,0.7704897522926331
lb7rtj,normal,0.7825915217399597
lpwsc9,normal,0.7482736110687256
m5o22f,normal,0.7699816823005676
l5enrl,normal,0.7883355617523193
mo8z4l,normal,0.7404923439025879
lltjgj,normal,0.7427346706390381
mtdvbf,normal,0.8500048518180847
lciqbb,normal,0.7543192505836487
mpjwt8,normal,0.8097900748252869
m78mqn,normal,0.8042756915092468
mqft7b,normal,0.7977054715156555
m3e1iu,normal,0.463761568069458
mugb5i,normal,0.6645387411117554
lttjjv,normal,0.7635222673416138
mo7c0p,normal,0.7846207618713379
lu2y6s,normal,0.7775799036026001
luvzlm,normal,0.824163019657135
i9c17s,normal,0.6397269368171692
mt3zq5,normal,0.8366827368736267
maz0ca,normal,0.7084794044494629
jhd6ft,normal,0.7479958534240723
ml67kz,normal,0.6925287246704102
mtmucb,normal,0.6357675790786743
mr9p7x,normal,0.8174301981925964
j7dazw,normal,0.7787879109382629
mjt73d,normal,0.8315457701683044
mit9s1,normal,0.7361061573028564
l4tmyq,normal,0.7679057121276855
l06vgu,normal,0.7347265481948853
kl6s33,normal,0.5703946352005005
lzm52a,normal,0.6221157312393188
jmyqim,normal,0.8033031821250916
jtiz18,normal,0.749321699142456
mfrfmo,normal,0.7344886064529419
lk8gdx,normal,0.8004436492919922
hpijq7,normal,0.7725508213043213
fjs66r,normal,0.742337703704834
lk7mle,normal,0.7099560499191284
i181e3,normal,0.7348999977111816
lgoexu,normal,0.8010808825492859
kuhbof,normal,0.8238164186477661
kopili,normal,0.7280887365341187
lrnoyh,normal,0.813782811164856
komaiz,normal,0.8206079602241516
kyqw8o,normal,0.7949632406234741
lr0lwx,normal,0.7228953838348389
kkj5ji,normal,0.7154922485351562
jzmg12,normal,0.7809844017028809
km5s8s,normal,0.8212217092514038
jttehq,normal,0.6207650899887085
lx5vjj,normal,0.7897963523864746
l81ox9,normal,0.7442315220832825
jzi5to,normal,0.840514063835144
msl44k,normal,0.7966901659965515
k79end,normal,0.7987343072891235
m45njn,normal,0.787760317325592
kqmxne,normal,0.8004394769668579
kmy79c,normal,0.8268210887908936
hq5xkh,normal,0.8106290698051453
k4l448,normal,0.7916534543037415
llthqh,normal,0.7768189311027527
mv77lb,normal,0.7171242833137512
mvrjvf,normal,0.7921214699745178
msvbz5,normal,0.8575946092605591
msvbx8,normal,0.8617717027664185
msvbhb,normal,0.8634477853775024
mrsvmk,normal,0.5821768641471863
mr2tu5,normal,0.8536415696144104
ms2wsp,normal,0.8212106227874756
mr2svk,normal,0.8548409938812256
mr2sm3,normal,0.8554649949073792
mram3h,normal,0.7721093893051147
mohhwj,normal,0.809004008769989
mm4bmp,normal,0.8309690952301025
mj1rjj,normal,0.49517378211021423
mgxr0r,normal,0.7918857336044312
mgmnrx,normal,0.7710052728652954
mehv42,normal,0.8119741082191467
md4o8w,normal,0.7870948910713196
mcwkfh,normal,0.723720133304596
m9vcvt,normal,0.7288047671318054
m7d2bn,normal,0.6951621770858765
m5vwrz,normal,0.7425387501716614
m32fov,normal,0.8366907238960266
m03tqx,normal,0.6846002340316772
lzk2u3,normal,0.7803871035575867
lz8xlf,normal,0.8068791627883911
lyxkha,normal,0.6871405243873596
lxcd7b,normal,0.7814369797706604
lu612s,normal,0.7840650081634521
log8gt,normal,0.6798720359802246
lopcqy,normal,0.8168459534645081
lja1d8,normal,0.8149672746658325
lj2atd,normal,0.7320047616958618
li4abd,normal,0.7334757447242737
le5ru7,normal,0.7484204173088074
lea3ej,normal,0.8024608492851257
lcsedn,normal,0.8044821619987488
l7mrxf,normal,0.729315996170044
l5rhhm,normal,0.7247771620750427
l4mop1,normal,0.7959022521972656
l0wa3r,normal,0.7385928630828857
kyw6m7,normal,0.8096257448196411
ksgovf,normal,0.559395968914032
krxhhv,normal,0.7857250571250916
kqa0s2,normal,0.7578296661376953
kne9ks,normal,0.8050602674484253
kjk95b,normal,0.67577064037323
kehoaa,normal,0.7538230419158936
kdz5gm,normal,0.8407056927680969
mi1k02,normal,0.7785148024559021
l8xgqz,normal,0.6015570759773254
maaytr,normal,0.7986533045768738
m2i4fu,normal,0.7907570600509644
mory9v,normal,0.7705097198486328
khnd6h,normal,0.7905364036560059
hzkild,normal,0.7963253259658813
lkv3gs,normal,0.6095224618911743
joo9gq,normal,0.7459862232208252
le5lxk,normal,0.7757468819618225
jmi1oq,normal,0.7356266975402832
m9g7n6,normal,0.7942882776260376
mapujh,normal,0.6940951347351074
mx3539,normal,0.8140831589698792
mffy6t,normal,0.8054192662239075
md49tt,normal,0.6699768900871277
mehs6u,normal,0.6837650537490845
khoqze,normal,0.7940852642059326
ktzhij,normal,0.8074941635131836
mfe5uu,normal,0.7157055139541626
l0zk4t,normal,0.7769113183021545
mg72qq,normal,0.7676982283592224
m0qfyc,normal,0.7954884171485901
jfm3ec,normal,0.7098372578620911
m97o5p,normal,0.7236365079879761
jufmps,normal,0.6579030752182007
mhjtg2,normal,0.8106629848480225
h9ac88,normal,0.8186368942260742
if2r9m,normal,0.7493969798088074
kxda1m,normal,0.7646722793579102
mlv0eo,normal,0.8040677309036255
mpud5r,normal,0.8074787259101868
mjxum5,normal,0.7278069853782654
m90if8,normal,0.7237227559089661
mhyn8g,normal,0.7008913159370422
mc7ocm,normal,0.7314072847366333
lzvnfp,normal,0.8102527856826782
clxdus,normal,0.7744522094726562
j2w7by,normal,0.7472473382949829
koak1y,normal,0.7227779626846313
ibtl0c,normal,0.805820882320404
ltlxwt,normal,0.7948505282402039
m9pdvf,normal,0.5190154314041138
d980ie,normal,0.7769244313240051
ldekef,normal,0.8212844729423523
mkctd0,normal,0.7002384066581726
hz2pep,normal,0.8313392400741577
gtbre9,normal,0.7847275733947754
lpg0oe,normal,0.837031364440918
mhen6o,normal,0.7568246722221375
egby1u,normal,0.7890198230743408
i6h9a3,normal,0.7370563745498657
a65tao,normal,0.7798396944999695
m4zufh,normal,0.7651538848876953
mr2n0d,normal,0.8202642798423767
mfsxze,normal,0.7930787205696106
ksp21h,normal,0.7959456443786621
m2j56m,normal,0.8073517680168152
kuqd1l,normal,0.7777743339538574
cmedpb,normal,0.779754638671875
20uzhd,normal,0.8002565503120422
j3fubp,normal,0.7513267993927002
lcbgcq,normal,0.7847865223884583
es1ndj,normal,0.6758182644844055
bzarcs,normal,0.7397441267967224
3zr0l3,normal,0.8005180358886719
l8cquf,normal,0.8169906735420227
kgbjmf,normal,0.8152675628662109
8kj0e3,normal,0.7937957048416138
kpe1bw,normal,0.6879416108131409
kswmj1,normal,0.7666648030281067
kbbixy,normal,0.6822155714035034
k54dn0,normal,0.6917629241943359
b7fg1u,normal,0.7636375427246094
6nlvfy,normal,0.7922203540802002
11y5wu,normal,0.7814362645149231
a4jond,normal,0.7727097868919373
a68vzl,normal,0.6931940913200378
izy7e3,normal,0.8082450032234192
j8ficm,normal,0.7900160551071167
gzo4zi,normal,0.8094033002853394
hzpdbu,normal,0.7895320057868958
41g4nq,normal,0.785034716129303
gngfb1,normal,0.7190268635749817
53qlfc,normal,0.8058325052261353
ev1wav,normal,0.8088391423225403
3q4sxl,normal,0.7889151573181152
iyftj2,normal,0.7760975360870361
8r1n0v,normal,0.8065398931503296
53r8wf,normal,0.7640790939331055
d9al2d,normal,0.7505705952644348
dzkvc,normal,0.7712292075157166
hr11eb,normal,0.746070146560669
gnreo3,normal,0.7017218470573425
iig0xp,normal,0.7639829516410828
6axjma,normal,0.774115800857544
24grc9,normal,0.7537275552749634
a9ezjq,normal,0.8500930666923523
13zcr7,offensive,0.6433703899383545
mdpbzy,normal,0.7052062153816223
lxsgoj,normal,0.8119111657142639
ka6neo,normal,0.8335418105125427
kwzlfk,normal,0.7999840974807739
inmxoz,normal,0.7772303819656372
lbc49w,normal,0.7937516570091248
mbdcpy,normal,0.7979314923286438
j22j6z,normal,0.8095237612724304
lkdiqx,normal,0.7728002071380615
jgs0dn,normal,0.7704287767410278
m471cz,normal,0.7305014729499817
lknk7n,normal,0.8060671091079712
fxa59w,normal,0.7598896026611328
m9a5bg,normal,0.7851907014846802
mcg7bo,normal,0.835807204246521
mc29v8,normal,0.8252748847007751
ilkfyh,normal,0.7721083164215088
grrao1,normal,0.8280422687530518
mpluim,normal,0.8302710652351379
ena50q,normal,0.8038683533668518
meyu6j,normal,0.7031698822975159
litb89,normal,0.818221926689148
mpk86q,normal,0.8048607110977173
m6gw72,normal,0.8231626152992249
mrapca,normal,0.7368889451026917
fcg7hf,normal,0.7998316884040833
h7qrpv,normal,0.8029149174690247
jw1ztc,normal,0.6918854117393494
e2bran,normal,0.7939284443855286
mgu4d3,normal,0.7621843814849854
lwtzwd,normal,0.7919470071792603
g8r1i5,normal,0.7832736372947693
elx6dz,normal,0.6696144938468933
ml0pve,normal,0.7083649635314941
l9es9b,normal,0.736651599407196
m5d7y1,normal,0.8086458444595337
a3wpsr,normal,0.7415503859519958
g0px78,normal,0.7949858903884888
i2fbi0,normal,0.7996469736099243
b8ownq,normal,0.8382999897003174
kbcwe5,normal,0.7288416624069214
fj1lme,normal,0.7339885234832764
juy7z4,normal,0.7776870727539062
hy7jte,normal,0.7990493774414062
dm9xzf,normal,0.8225587606430054
luzhcm,normal,0.7267495393753052
ipmgs1,normal,0.8152029514312744
mi99hr,normal,0.7597411870956421
j2a2qh,normal,0.764701783657074
jtdspd,normal,0.7570855617523193
bodsyp,normal,0.7921546697616577
kdynxy,normal,0.7504754066467285
7viovy,normal,0.7955336570739746
187201,normal,0.7274987101554871
g6fbfv,normal,0.737009584903717
dvvx0h,normal,0.7601763606071472
ghy0ex,normal,0.7528939843177795
ewsqbo,normal,0.7557483911514282
gt9kia,normal,0.6416175365447998
d614g,normal,0.6870442628860474
fcw44l,normal,0.6905980110168457
fsedqb,normal,0.496693879365921
fzjic5,normal,0.8035322427749634
6jpda5,normal,0.741563081741333
d7o3fp,normal,0.801256000995636
88ugj9,normal,0.7398990988731384
1971wr,normal,0.7410827875137329
3hgh3n,normal,0.7341217994689941
bp1cru,normal,0.7337157726287842
akga5v,normal,0.6800525188446045
dqfc06,normal,0.7333903908729553
88jju7,normal,0.8077880144119263
9wky1d,normal,0.7876419425010681
4kyso7,normal,0.5998976826667786
8wpktj,normal,0.750529944896698
19c1pl,normal,0.7031593322753906
aessie,normal,0.7444282174110413
45ta52,normal,0.6897779107093811
8vjvf9,normal,0.7162613272666931
6yphgu,normal,0.722182035446167
3ez5cz,normal,0.6821495294570923
5zaf4a,normal,0.6560733914375305
6lfi2g,normal,0.7851700782775879
6j4k3q,normal,0.47784438729286194
2j27b1,normal,0.6248549818992615
59dqeu,normal,0.6433785557746887
5eciws,normal,0.8216149806976318
1or121,normal,0.7157287001609802
15ryrm,normal,0.5895125865936279
4wswmx,normal,0.7778019905090332
29bu91,normal,0.6640545725822449
49hwot,normal,0.7928150296211243
4y62vr,normal,0.6961758732795715
41092a,normal,0.747062087059021
4vuaug,normal,0.8064473867416382
3c65mn,normal,0.4824830889701843
48ctwg,normal,0.5896999835968018
4vmk1o,normal,0.7115410566329956
5s72xy,normal,0.728499710559845
llsf51,normal,0.7839747071266174
mqmyiw,normal,0.740813672542572
mvtazw,normal,0.7041345238685608
leygeu,normal,0.5266958475112915
kiifud,normal,0.7716344594955444
lgbc70,normal,0.7865854501724243
k85n4o,normal,0.7311918139457703
lglt0f,normal,0.7438713312149048
llcwou,offensive,0.40695035457611084
leqryv,normal,0.8023421764373779
lf1j1b,normal,0.6596508622169495
lwxx6j,normal,0.8054593205451965
iil209,normal,0.7643172144889832
i5ozhj,normal,0.7617366909980774
lwjy7k,normal,0.7488526105880737
mrktkw,normal,0.6749497652053833
mooq4m,normal,0.5462016463279724
ltyi7k,normal,0.813909649848938
lru41y,normal,0.798689067363739
imc561,normal,0.7689682245254517
ghdkl5,normal,0.7644226551055908
lzgbuo,normal,0.7453945279121399
gud2gu,normal,0.7303850650787354
l68a3h,normal,0.7334389686584473
fuauh2,normal,0.7248630523681641
k2kl32,normal,0.7712434530258179
mjh2za,normal,0.6382679343223572
iabtcq,normal,0.7482325434684753
jiq4yb,normal,0.7744455933570862
i4fd4x,normal,0.6627926826477051
kyp6ru,normal,0.7023369073867798
feeucz,normal,0.6399030089378357
jd72xl,normal,0.7693060040473938
ksglqw,normal,0.7725061178207397
k7czta,normal,0.5387617945671082
kw5ihf,normal,0.7697598934173584
k7fz19,normal,0.7594650983810425
ir7tlv,normal,0.7764973044395447
ineai6,normal,0.6646672487258911
ijnpl2,normal,0.7450685501098633
mce5h2,normal,0.6614886522293091
jz60xv,normal,0.7524088025093079
jcvsrc,normal,0.7424287796020508
meibzg,normal,0.7145082354545593
i19w8i,normal,0.7742745876312256
jq24oa,normal,0.7678290009498596
m9fu68,normal,0.7743299603462219
ea9mbz,normal,0.7855285406112671
l6l7nx,normal,0.7778465747833252
fdoyzd,normal,0.7105650305747986
mtspy8,offensive,0.48640745878219604
jut0ej,normal,0.6880120038986206
mrob1t,normal,0.728453516960144
l2d6cj,normal,0.7401614785194397
kbj1k2,normal,0.7305747866630554
kr4aff,normal,0.7501260042190552
jhxbqk,normal,0.7745058536529541
mo6n6d,normal,0.81393963098526
jcazfe,normal,0.7703714966773987
fymre6,normal,0.8093807697296143
ltruhm,normal,0.788608193397522
kbvhuq,normal,0.7803059220314026
lo9bc3,normal,0.7452271580696106
jhhrw4,normal,0.777516782283783
krheal,normal,0.7654749751091003
gtprd1,normal,0.7661682963371277
knu657,normal,0.3868044316768646
itfqfs,normal,0.7469004392623901
hr19hi,normal,0.7725973129272461
kgh1jf,normal,0.734978437423706
es33p8,normal,0.49432167410850525
ebe1vf,normal,0.7540571093559265
er4bkg,normal,0.7533363103866577
k2wcu1,normal,0.7988895773887634
jh6gfr,normal,0.8215328454971313
kkppy6,normal,0.6983537673950195
g3ihpq,normal,0.6633305549621582
jfsteh,normal,0.5788988471031189
jsgtyk,normal,0.7748095393180847
k3ztaa,normal,0.7280163168907166
ehp6gu,normal,0.6813985705375671
eq5xft,normal,0.7529655694961548
jk19dn,normal,0.79457688331604
c59b1d,normal,0.7059593200683594
jbnt8c,normal,0.6544285416603088
k6k1gb,normal,0.7839350700378418
gog5rn,normal,0.7096261382102966
jlqjqc,normal,0.7393152713775635
jq87io,normal,0.7609966993331909
iqci1l,normal,0.679534912109375
dvbm0x,normal,0.7058345079421997
elno13,normal,0.6678124666213989
gwcre2,normal,0.6912888288497925
iv37tl,normal,0.6612547636032104
i9802v,normal,0.7868391275405884
a7c36,normal,0.7970724701881409
cg8vtc,normal,0.7225704789161682
d4adcu,normal,0.763755738735199
7wp18r,normal,0.5816968679428101
8yxdn9,normal,0.5782803893089294
8erw7a,normal,0.8083004951477051
drqhb,normal,0.7042911052703857
3nhkbv,normal,0.49060532450675964
2x1qbv,normal,0.5766220092773438
mq470b,normal,0.7774956226348877
lkl7gv,normal,0.6244547963142395
leunaa,normal,0.7189964652061462
mbcqn3,normal,0.7856095433235168
jihgbg,normal,0.7672883868217468
kgrsns,normal,0.7209324240684509
mb2ggz,normal,0.7022300362586975
j9d1v9,normal,0.8068353533744812
mjxczp,normal,0.6835713982582092
lpi0ay,normal,0.7189964652061462
i5f9dn,normal,0.7779819369316101
i5kaem,normal,0.7128114104270935
jv5rt6,normal,0.7265949249267578
kpo0aj,normal,0.7308080792427063
mptkwe,normal,0.8344221115112305
k1nqnr,normal,0.7344402074813843
g6oq6t,normal,0.5811317563056946
j5jgkj,normal,0.7843834757804871
gojf15,normal,0.6928706169128418
k7mg04,normal,0.8050662279129028
kn8q9j,normal,0.7083073854446411
iypfgx,normal,0.8064082860946655
hj3plp,normal,0.8161259889602661
jnrd2n,normal,0.7862857580184937
lhh3rl,normal,0.7621279358863831
k1o8ei,normal,0.7694194316864014
le644s,normal,0.8058800101280212
iidg1x,normal,0.7786887288093567
jws1by,normal,0.6468396782875061
g8f0a7,normal,0.7454126477241516
moj5pu,normal,0.7422159314155579
e55l12,normal,0.7368879318237305
m7hqzs,normal,0.7530447244644165
ck9s51,normal,0.76328045129776
k040pb,normal,0.7220459580421448
ki973g,normal,0.7784065008163452
fv3uik,normal,0.7698436975479126
d2aumk,normal,0.6880064010620117
gktltx,normal,0.7692721486091614
le3k02,normal,0.7362645864486694
j7eaie,normal,0.815564751625061
kl27ne,normal,0.793208658695221
lxhz2o,normal,0.7024136185646057
9f2rdf,normal,0.8038541674613953
h9wdac,normal,0.7704852819442749
iuum1m,normal,0.7779200077056885
gxu5ki,normal,0.6938015222549438
fl3scm,normal,0.6760023236274719
g2mxjf,normal,0.7144713997840881
ajz9pu,normal,0.8051052689552307
2s4278,normal,0.7895171046257019
2qfpdb,normal,0.7443327903747559
4byaoi,normal,0.6696625351905823
4h68ct,normal,0.704054594039917
dtm8t,normal,0.4851864278316498
lvyc6,normal,0.7204533815383911
khil13,normal,0.7758246660232544
kvy2h4,normal,0.7209327816963196
ltiyr9,normal,0.8053909540176392
j68hqv,normal,0.7929455041885376
lnycnx,normal,0.7434602379798889
hnjuu2,normal,0.7478954195976257
mcyxs9,normal,0.7935634255409241
jbkjja,normal,0.7045539021492004
k9wxuw,normal,0.6789303421974182
k93o2a,normal,0.7948243021965027
kmi8jm,normal,0.6719566583633423
im74g6,normal,0.767811119556427
ku588l,normal,0.696190595626831
hgt3j9,normal,0.8254716396331787
fsib45,normal,0.690295398235321
ftz68k,normal,0.6560198664665222
1xcpi3,normal,0.7428925633430481
66xhfw,normal,0.673337459564209
fkqsg4,normal,0.6596917510032654
hf45o,normal,0.8181777000427246
imf65v,normal,0.6975017189979553
k38boh,normal,0.7832942008972168
dygmnl,normal,0.7439530491828918
jpukto,normal,0.7500396370887756
jwsql,normal,0.7710967659950256
d0htr,normal,0.7523250579833984
diuleg,normal,0.6601042747497559
dfiv7i,normal,0.7327401041984558
hznigg,normal,0.7184613943099976
aec1cs,normal,0.7854454517364502
dk9sat,normal,0.7516958117485046
63nejw,normal,0.6751027703285217
2usd66,normal,0.6665738821029663
4xnmhg,normal,0.8021098971366882
5y1wr9,normal,0.7433918118476868
g4m8sy,normal,0.7091902494430542
krqhrk,normal,0.5464473366737366
c0ynmf,normal,0.7631012201309204
8lwwe2,normal,0.6743346452713013
4fv4q8,normal,0.7484589219093323
8c3hgb,normal,0.6755850315093994
8lk1if,normal,0.6608171463012695
ee945n,normal,0.6503918170928955
8hqn4o,normal,0.6654307246208191
jbck2s,normal,0.68426913022995
5d04qo,normal,0.7713519334793091
8di3p2,normal,0.7561942338943481
26qn4j,normal,0.6247129440307617
2i64ar,normal,0.762535572052002
f4a5r7,normal,0.7322385907173157
gtq564,normal,0.778329610824585
aaalc0,normal,0.7730721235275269
18me75,normal,0.79654461145401
1kw6rq,normal,0.7621758580207825
fuwub9,normal,0.7690367698669434
ei6zqx,normal,0.7161408066749573
hpkfi2,normal,0.6021738052368164
cxeof,normal,0.7458353042602539
119wuh,normal,0.7179340720176697
effe6,normal,0.6871050596237183
deb3d,normal,0.8116447329521179
ek4fj,normal,0.6837851405143738
1833ej,normal,0.7529399991035461
829e0,normal,0.7029418349266052
81ved,normal,0.7157463431358337
81wc0,normal,0.7354691028594971
81j1w,normal,0.826541006565094
l4k9w,normal,0.8092070817947388
dqvex,normal,0.6880070567131042
dq5f8g,normal,0.7306077480316162
9llpp,normal,0.771371603012085
9l7e8,normal,0.7816734910011292
6vg1x,normal,0.7415191531181335
11sj18,normal,0.7575976252555847
iqou89,normal,0.4827667772769928
gp6bk6,normal,0.7401268482208252
2uzjpq,normal,0.7688496112823486
hd4qq,normal,0.7479798197746277
3xitl0,normal,0.7448169589042664
l6d23,normal,0.6465691924095154
8czuw,normal,0.6762894988059998
1mnp36,normal,0.6803981065750122
496ouj,normal,0.7174989581108093
1aj2lc,normal,0.7851300239562988
22zwr1,normal,0.5632500648498535
1alqf0,normal,0.7812100648880005
m34ylg,normal,0.5072759389877319
axe0be,normal,0.6816650629043579
in09j1,normal,0.6819379329681396
3yvb4g,normal,0.7365115284919739
953uc4,normal,0.7431288957595825
40rlsv,normal,0.778188169002533
gnz2q7,normal,0.7903542518615723
jcvp2x,normal,0.7795383930206299
gib4w,normal,0.41883164644241333
holqga,normal,0.8163560032844543
g1a8q9,normal,0.7851446270942688
hl39e8,normal,0.7525832653045654
b82pkn,normal,0.7381591796875
gu9sbh,normal,0.777104914188385
i4lpf,normal,0.752724289894104
hcl6pq,normal,0.8168638944625854
hl37al,normal,0.752475917339325
ddpyn,normal,0.7260890603065491
bsmfum,normal,0.6165849566459656
arhi7,normal,0.7054029703140259
11l52b,normal,0.6241499185562134
e0cqfs,normal,0.7934148907661438
f5lcl,normal,0.7654402256011963
bp5zn3,normal,0.5774586200714111
g3kmab,normal,0.7229713797569275
9k81v1,normal,0.7573922276496887
azq3x7,normal,0.6974164247512817
c7qzvk,normal,0.7056792378425598
4bi597,normal,0.6721529960632324
2n35n1,normal,0.68942791223526
96lwqi,normal,0.7365128993988037
b1d36s,normal,0.8227761387825012
hejqlt,normal,0.7811247110366821
kri7yi,normal,0.7942841649055481
ftqkj5,normal,0.7522878646850586
k5xb0b,normal,0.7221872210502625
aw437m,normal,0.7198699116706848
iqrc02,normal,0.7757434248924255
ser97,normal,0.7437886595726013
iysn46,normal,0.774006724357605
jydmg0,normal,0.8225497007369995
2mlky0,normal,0.7395856380462646
96feqw,normal,0.6894748210906982
gm6ld6,normal,0.6450377702713013
4hupk7,normal,0.7764674425125122
6zzxbc,normal,0.7977917194366455
j02k5x,normal,0.6102099418640137
fkvhv9,normal,0.7709089517593384
10mncu,normal,0.757380485534668
13zs4k,normal,0.7772746682167053
tpybt,normal,0.8030669689178467
ivmdd,normal,0.7685697078704834
9f2re,normal,0.7378729581832886
92q1r,normal,0.751343309879303
8irg1,normal,0.7911126613616943
4i58ic,normal,0.7943362593650818
ek4dq,normal,0.7344462275505066
g1yv3w,normal,0.7410516142845154
1sl7yv,normal,0.7098907232284546
y7g2c,normal,0.7928877472877502
shytb,normal,0.7684698104858398
dhumg,normal,0.6899262070655823
89v2k,normal,0.7430640459060669
9f53m,normal,0.7903286814689636
eam14r,normal,0.6331821084022522
4uj6ig,normal,0.7979853749275208
dqyb5,normal,0.8311373591423035
88bhbs,normal,0.707237184047699
fotiz,normal,0.7756658792495728
4njhnq,normal,0.7412237524986267
fo9we,normal,0.8050664067268372
baa2t,normal,0.7860130071640015
8h2wpg,normal,0.7124431133270264
92ttw0,normal,0.789578378200531
a2u3v,normal,0.8275507092475891
375d5r,normal,0.8235201835632324
9qubkt,normal,0.8383457660675049
itjjn,normal,0.7772044539451599
35dqis,normal,0.6964906454086304
70ft3s,normal,0.7510379552841187
2zwxjz,normal,0.7030910849571228
lz6ugf,normal,0.7087224125862122
kganmf,normal,0.7087686061859131
7uggkh,normal,0.8079501390457153
7hqbcr,normal,0.8082444667816162
ihexm,normal,0.6990736126899719
8wsqvj,normal,0.6008821129798889
90qigf,normal,0.6082038283348083
4d12ew,normal,0.780339777469635
stmjy,normal,0.8017150163650513
7dxeuj,normal,0.6966562271118164
jfqtw,normal,0.7617599368095398
1unaq0,normal,0.5612800717353821
1gimie,normal,0.7956499457359314
m4t2mi,normal,0.7721351981163025
mi61he,normal,0.7560665607452393
mssn6e,normal,0.689717710018158
jmn07u,normal,0.7706730961799622
hqwuo0,normal,0.5934829115867615
iy33pm,normal,0.724810004234314
l8ok9d,normal,0.7788349986076355
c02b14,normal,0.7508221864700317
d9qts,normal,0.7730584740638733
hit4te,normal,0.7879370450973511
2aquny,normal,0.7801538109779358
16coqa,normal,0.6235834956169128
emdc6,normal,0.8410994410514832
4veg1x,normal,0.6437305808067322
5o8ggw,normal,0.7759884595870972
bswr7j,normal,0.5858739018440247
1lto9m,normal,0.7524739503860474
9qwam1,normal,0.7658646702766418
ecjbg3,normal,0.7842099070549011
r21jl,normal,0.7487205266952515
5ez8kr,normal,0.5357612371444702
9bn3we,normal,0.6831802129745483
87590,normal,0.6480852365493774
3844mu,normal,0.6276461482048035
mxax45,normal,0.7848425507545471
mwtfto,normal,0.779388427734375
mx581g,normal,0.7926710844039917
mw4xnn,normal,0.7048406004905701
mus2ah,normal,0.8348751068115234
mx4h25,normal,0.7604276537895203
mxi1ex,normal,0.8224928975105286
mx35v0,normal,0.6708466410636902
mw5tn8,normal,0.8048020601272583
mw3c94,normal,0.7503068447113037
mx1toj,normal,0.7666881680488586
mwz9bo,normal,0.6805175542831421
mt97t1,normal,0.6885549426078796
mwn7dz,normal,0.7791617512702942
mwlkor,normal,0.816711962223053
mwhy0w,normal,0.7213340997695923
mvs6zi,normal,0.7844326496124268
mw941a,normal,0.7981734275817871
mw39c0,normal,0.7933834791183472
mvyvf2,normal,0.785653829574585
mv3o0m,normal,0.7670872807502747
mvfzyd,normal,0.7730476260185242
muavk8,normal,0.7683506011962891
msz113,normal,0.7923180460929871
mswvcx,normal,0.7822490930557251
mudn44,normal,0.7023150324821472
muzlpq,normal,0.7758376002311707
mv5e4y,normal,0.7335253953933716
mula5e,normal,0.7345482707023621
msagoj,normal,0.7503035068511963
musogk,normal,0.6539425849914551
mugk3o,normal,0.790973961353302
mucrdr,normal,0.8224374651908875
mui84a,normal,0.7005929350852966
mtrda6,normal,0.6206352114677429
mu4qtd,normal,0.7426795959472656
mrw15q,normal,0.7764008641242981
mud2qi,normal,0.755053699016571
mub51x,normal,0.7728617191314697
mub748,normal,0.803754985332489
mts5uk,normal,0.782028317451477
mu60hb,normal,0.6437714695930481
mtkmc6,normal,0.7461468577384949
mr15bj,normal,0.7526705861091614
mqx1ao,normal,0.7987582087516785
mtgq16,normal,0.6863405108451843
mra1u9,normal,0.7758828401565552
mrgq7y,normal,0.7777020931243896
msunpf,normal,0.6682091951370239
mqe22r,normal,0.7132179141044617
mma28n,normal,0.6797212958335876
m6rzs6,normal,0.7530272603034973
ltulz1,normal,0.7879060506820679
mwvsh0,normal,0.7405523061752319
m735m6,normal,0.7930142283439636
m9o213,normal,0.8066223859786987
k3hhu9,normal,0.790320634841919
jvoq54,normal,0.7066938281059265
mjztuf,normal,0.7201966047286987
jsl7e7,normal,0.6861216425895691
mpqehg,normal,0.7768663167953491
kqn5za,normal,0.6666815876960754
hcnycw,normal,0.6436327695846558
guiuoa,normal,0.7038180232048035
mmybws,normal,0.8233000636100769
k90wr0,normal,0.7630102634429932
j66ffv,normal,0.8129993677139282
jx5lj9,normal,0.7668089866638184
ji3rwl,normal,0.7400128841400146
ituw1b,normal,0.7997129559516907
mmhjn2,normal,0.7611143589019775
kzfqqf,normal,0.7932569980621338
j2nr4v,normal,0.7005747556686401
jgy9xu,normal,0.6950159072875977
mlsnrq,normal,0.8028092384338379
htidoo,normal,0.819674551486969
mve3b5,normal,0.7418707609176636
j77geu,normal,0.8257302045822144
k0bx92,normal,0.6968693733215332
ku2g8q,normal,0.7525275349617004
mg1el5,normal,0.623339056968689
md3t4m,normal,0.7691283226013184
kiz45k,normal,0.7764852643013
movpcf,normal,0.7929010391235352
m7ta8j,normal,0.7949756979942322
lc26dz,normal,0.8059123158454895
i2d7oa,normal,0.8157773017883301
mtdthh,normal,0.7621569633483887
mlx3eh,normal,0.7843272686004639
fsvfz8,normal,0.8130182027816772
gfy3jd,normal,0.6878716349601746
gb8azo,normal,0.7778242826461792
ktxy0i,normal,0.7739551067352295
f58cm8,normal,0.7794542908668518
mio107,normal,0.7941495180130005
ff1o1x,normal,0.8129953145980835
ezkspb,normal,0.7293258905410767
mwx6wj,normal,0.8729926347732544
ms4yvm,normal,0.8729926347732544
msj8z8,normal,0.7832391858100891
mqh6ik,normal,0.8108255863189697
mo4zpr,normal,0.793266236782074
mnj2kr,normal,0.8729926347732544
mmt0zc,normal,0.7897456288337708
mkjnww,normal,0.7583587169647217
mim3ad,normal,0.8729926347732544
mf7gh5,normal,0.7260673642158508
mdqiu6,normal,0.8729926347732544
mahnz4,normal,0.7635241150856018
m8j49c,normal,0.8729926347732544
m8npkp,normal,0.7844579815864563
m4xxsy,normal,0.704993724822998
m4ecli,normal,0.7803435325622559
m3kk6i,normal,0.8729926347732544
m35lkw,normal,0.7531353235244751
lzs7jm,normal,0.7774155735969543
lzkh5t,normal,0.7877465486526489
lyeyui,normal,0.8729926347732544
lyoald,normal,0.7760137915611267
lt0oa3,normal,0.8729926347732544
lnj99h,normal,0.8729926347732544
ljmr70,normal,0.7065804600715637
lidyil,normal,0.8729926347732544
leawb0,normal,0.8083477020263672
l2b8un,normal,0.8030027151107788
l22205,normal,0.611000657081604
kzr4lz,normal,0.7953205704689026
kxxdrd,normal,0.8729926347732544
kt5azj,normal,0.8729926347732544
ktrk3b,normal,0.5138991475105286
kp95zc,normal,0.7406650185585022
kodjre,normal,0.8729926347732544
kovh3j,normal,0.788818359375
klxu80,normal,0.6996762156486511
kk1b00,normal,0.8603804111480713
khmrxd,normal,0.6622790694236755
kfnw3c,normal,0.8603804111480713
kb5kk3,normal,0.8603804111480713
k916gp,normal,0.7758918404579163
k6np6u,normal,0.8603804111480713
k0ito5,normal,0.7198546528816223
k23vd6,normal,0.8603804111480713
k1xkpz,normal,0.7558912038803101
k0ufyq,normal,0.7801699638366699
jxrroj,normal,0.8603804111480713
jvezvh,normal,0.6334459781646729
mw8txg,normal,0.8316769003868103
l8x2nz,normal,0.7565783858299255
ji40dd,normal,0.8003550171852112
lrp7uc,normal,0.6487100720405579
ldri8w,normal,0.7097098231315613
muaejd,normal,0.7506667375564575
jkcvda,normal,0.8036112785339355
jr8kft,normal,0.7695067524909973
l7uvje,normal,0.6221821308135986
mk8xnq,normal,0.759689211845398
mi5ya7,normal,0.6096482276916504
lv4ohk,normal,0.7506667375564575
jovwep,normal,0.7630747556686401
c8v86h,normal,0.6563562154769897
gwa71s,normal,0.71031653881073
gof6xu,normal,0.750290036201477
mq5j6f,normal,0.8199495077133179
k4df5h,normal,0.6956682205200195
jsfmhv,normal,0.7002890706062317
m3mjh2,normal,0.759844183921814
ikzvqk,normal,0.7726046442985535
l44wga,normal,0.6928121447563171
al63ar,normal,0.7430636286735535
mdjfph,normal,0.7952154874801636
jxo61q,normal,0.6362427473068237
lcvaq6,normal,0.7529454827308655
kjy4ap,normal,0.7913751602172852
les682,normal,0.7762646675109863
hegv4g,normal,0.7223926186561584
8f1b3q,normal,0.7892012000083923
lb5mff,normal,0.7166145443916321
ba3ygm,normal,0.7579729557037354
m4jd9q,normal,0.7379443645477295
hcjg32,normal,0.8250282406806946
ix45j2,normal,0.6274346709251404
go3cwp,normal,0.7846749424934387
edf97a,normal,0.7717501521110535
c99bjd,normal,0.7956843972206116
lj8i50,normal,0.7464007139205933
khjr7l,normal,0.7387034893035889
lg13ed,normal,0.6619614958763123
jdl3vv,normal,0.7642303109169006
a9djzz,normal,0.7226325869560242
lk46bj,normal,0.7496671676635742
d4kzh6,normal,0.7618610858917236
fi1l5z,normal,0.7666817903518677
eh93ev,normal,0.6944268345832825
kvv1h6,normal,0.7844815254211426
lvrgrm,normal,0.826695442199707
lt8gb8,normal,0.6170474290847778
e5i0m2,normal,0.6876475214958191
j5fuzy,normal,0.7032941579818726
i7vzuj,normal,0.6959551572799683
f6elrx,normal,0.6502299904823303
lky8aq,normal,0.7573743462562561
at618o,normal,0.6840372681617737
dl2p1w,normal,0.7593895196914673
8wbltz,normal,0.741956353187561
j7nuql,normal,0.7132869362831116
abbah6,normal,0.7757272720336914
dos81v,normal,0.8130090236663818
kjk0os,normal,0.7520758509635925
j07ia1,normal,0.7796167135238647
89eck3,normal,0.7721925377845764
581cn4,normal,0.8031985759735107
k9j04h,normal,0.721114993095398
9bx335,normal,0.6672831177711487
kq1ocn,normal,0.7433123588562012
ie7jiq,normal,0.7865833640098572
ka406r,normal,0.7289780974388123
4pebn6,normal,0.7317519187927246
hlnxsp,normal,0.7866337299346924
2alla4,normal,0.7804078459739685
4rhxea,normal,0.6516724228858948
299ta9,normal,0.7517727613449097
fvo2av,normal,0.7099071145057678
52tfr4,normal,0.7719860076904297
23n8ja,normal,0.7586668133735657
h7ifr1,normal,0.7862754464149475
exhs3k,normal,0.6619329452514648
4uv1x6,normal,0.7710798382759094
ariv7p,normal,0.7848600745201111
8n15u3,normal,0.7798875570297241
8iihf2,normal,0.782974898815155
cb0dfy,normal,0.7902161478996277
5tvs7h,normal,0.7766090035438538
3a1fsw,normal,0.7439255118370056
359uij,normal,0.7828013896942139
5eh0l4,normal,0.7580990791320801
5hialo,normal,0.7422172427177429
6na0o8,normal,0.7756819725036621
25754y,normal,0.7321216464042664
5e7fnj,normal,0.772229790687561
3vz5id,normal,0.7680764198303223
1yeh93,normal,0.6220287680625916
tsl5y,normal,0.7585432529449463
mgo2ho,normal,0.7774275541305542
mjh7du,normal,0.7118770480155945
l1jc62,normal,0.7284026741981506
l1k7j6,normal,0.6708011627197266
leta2e,normal,0.8001681566238403
m86194,normal,0.6377843618392944
hm94hj,normal,0.755156397819519
mpqqdh,normal,0.7963817715644836
m9ycyu,normal,0.8183313608169556
ieu6b8,normal,0.7322249412536621
mu4qv0,normal,0.7789337635040283
mk32wo,normal,0.7796745300292969
mnbtca,normal,0.7765989899635315
jh1fr7,normal,0.7724061012268066
jh9sel,normal,0.8206883072853088
mejiaf,normal,0.7553945183753967
i4xqos,normal,0.780457615852356
khjhnm,normal,0.8276302814483643
kpzc6p,normal,0.7853826880455017
legefo,normal,0.6782836318016052
ms4650,normal,0.7418729066848755
jwehhk,normal,0.7293491363525391
jhncpm,normal,0.7474352121353149
luookl,normal,0.816863477230072
jnlklo,normal,0.7793219089508057
lw5j76,normal,0.6178964376449585
iighrn,normal,0.7346240878105164
l7c4on,normal,0.6620326638221741
hu8ccf,normal,0.7724498510360718
mktdzb,normal,0.6835143566131592
ev1om5,normal,0.8326017260551453
mp3p0u,normal,0.7618237733840942
m7vpop,normal,0.8186694383621216
j7e8jn,normal,0.7972197532653809
lx9rig,normal,0.7104763388633728
leaa1k,normal,0.8287752866744995
m0zq69,normal,0.6386164426803589
i6mnpi,normal,0.8236546516418457
mt2vp4,normal,0.7341680526733398
jhfw2z,normal,0.7833142876625061
lx5puk,normal,0.8089762926101685
7jiw7l,normal,0.76314777135849
l72gt5,normal,0.7409564852714539
lqr87p,normal,0.7450954914093018
mpw4bi,normal,0.8087857961654663
fbuac0,normal,0.771629273891449
m6onbi,normal,0.7685340046882629
ety8ex,normal,0.7621577382087708
fkc1s2,normal,0.6260271668434143
m9c9df,normal,0.8257495164871216
ilgc3s,normal,0.7803441286087036
mhgy10,normal,0.7398342490196228
ilrdqy,normal,0.7307436466217041
i9n6cd,normal,0.6502317786216736
ewtj5v,normal,0.7604893445968628
7h90t2,normal,0.720969557762146
8kd0u1,normal,0.7358431220054626
kx9tca,normal,0.8012782335281372
lv53wi,normal,0.7360877990722656
24badm,normal,0.7583062648773193
lam56w,normal,0.7635811567306519
knekw1,normal,0.7024183869361877
k2hc98,normal,0.6814135313034058
jcr8wf,normal,0.7694830298423767
l7uqu0,normal,0.8177574872970581
kcrepz,normal,0.7887457013130188
fc60q1,normal,0.6582239270210266
fpzmv8,normal,0.6759282946586609
hz5dqe,normal,0.7711524963378906
f3s8yy,normal,0.7617518305778503
dam7wz,normal,0.7360537052154541
gecgyr,normal,0.7002946734428406
gmczg8,normal,0.7577878832817078
f4vg55,normal,0.789821982383728
faduqy,normal,0.62064129114151
dch3vr,normal,0.8012813925743103
fbzuml,normal,0.7574049234390259
eu5nhg,normal,0.7795748710632324
bpm8h3,normal,0.7679868936538696
ighskz,normal,0.5732453465461731
gnzzt0,normal,0.8016896843910217
fnuibr,normal,0.7796840667724609
f7jssx,normal,0.7288557291030884
f6c9y5,normal,0.7172877192497253
fo9zph,normal,0.7476873397827148
bsfn4l,normal,0.7374396324157715
fm5s38,normal,0.7467142939567566
8rjgf2,normal,0.7103803753852844
b3h2eq,normal,0.7768505811691284
65zlof,offensive,0.4500669538974762
bviiyq,normal,0.7434550523757935
6lmr1m,normal,0.772605299949646
1n1lb6,normal,0.7689648866653442
cyr859,normal,0.5951656699180603
8q1l1f,normal,0.7400733828544617
7cl3h2,normal,0.7017432451248169
b7jefx,normal,0.676494300365448
8pnhe1,normal,0.635452389717102
4iuzvd,normal,0.7176942229270935
90mtoq,normal,0.7870646119117737
2tzr7f,normal,0.7528813481330872
ko8vzr,normal,0.739978551864624
jvm3ks,normal,0.541569173336029
moxfaz,normal,0.7645545601844788
hjama7,normal,0.7862802743911743
hlm2oz,normal,0.711197018623352
i60nh5,normal,0.7590872645378113
jh5wo9,normal,0.7852915525436401
lk8hqb,normal,0.7984408140182495
eoe0kf,normal,0.7306623458862305
6vbxr2,normal,0.6482661962509155
fcepxk,normal,0.7958307862281799
kjpmc5,normal,0.7269075512886047
fps3ni,normal,0.8008432984352112
gzat7e,normal,0.7080094814300537
dawgps,normal,0.7643215656280518
kkjpe4,normal,0.7581789493560791
bxd9dn,normal,0.6869802474975586
grzzzl,normal,0.7906500697135925
a3q5vn,normal,0.7539061307907104
cnp25a,normal,0.5478199124336243
70so06,hate speech,0.5536494255065918
khzouj,normal,0.8121539950370789
2dhyko,normal,0.5306591391563416
l77bk4,normal,0.7662997245788574
70nlos,normal,0.8084924221038818
6d35a0,normal,0.7718455791473389
8xitt1,normal,0.7940458655357361
6r0xpf,normal,0.8062185049057007
6a6ul3,normal,0.663624107837677
4ozoh2,normal,0.773639976978302
54s791,normal,0.6080214381217957
4kkfjm,normal,0.7904000282287598
c5u9zq,normal,0.6755850315093994
6nz0lc,normal,0.7509015798568726
6zghlt,normal,0.7352795600891113
2amz8i,normal,0.7740355134010315
26owvg,normal,0.7752838730812073
g7vifj,normal,0.7667068243026733
4zq2yk,normal,0.7848235964775085
3g55mw,normal,0.7425295114517212
1vv1l9,normal,0.7861754298210144
8joz9c,normal,0.7785109281539917
6kccum,normal,0.7866021990776062
34ynpj,normal,0.7558773756027222
50289v,normal,0.8128055930137634
6o82k8,normal,0.7434836030006409
2ejrtz,normal,0.7343709468841553
4t91v6,normal,0.8366470336914062
109zca,normal,0.8035117983818054
8q61xn,normal,0.8413802981376648
