tweet_id,classification,classification_score
m7wzd7,normal,0.6916321516036987
k6i6gs,normal,0.7381350994110107
m5guhw,normal,0.8311508893966675
hoaa5r,normal,0.7739484906196594
k77lqo,normal,0.819689929485321
mrka92,normal,0.7589412331581116
lizcrg,normal,0.6608375310897827
6m5pav,normal,0.7577919363975525
lpu3w1,normal,0.6732550859451294
kbqa1u,normal,0.8312656879425049
lth27g,normal,0.6032653450965881
lr1hn4,normal,0.8224520087242126
lr572l,normal,0.7489860653877258
kvw3gj,normal,0.819689929485321
bxgw6n,normal,0.7112435102462769
k936kf,normal,0.8344915509223938
bm68fp,normal,0.7779728770256042
l2gmia,normal,0.7583054304122925
4yj6yc,normal,0.7282001972198486
4yjhph,normal,0.683063268661499
5hbzi2,normal,0.7596977353096008
muokzl,normal,0.73673415184021
muokwx,normal,0.73673415184021
mxpzkn,normal,0.7583865523338318
mx8nvp,normal,0.6379159092903137
mxmq2e,normal,0.7263579964637756
mxigod,normal,0.8256664276123047
mx6bcb,normal,0.7657135128974915
mx36lg,normal,0.6708466410636902
mwbtpb,normal,0.7662685513496399
mw7rww,normal,0.787469208240509
mvyhjr,normal,0.8136225938796997
muh2ey,normal,0.7935754656791687
mubb3m,normal,0.7007417678833008
mtrhr2,normal,0.7558484077453613
mt5t88,normal,0.738823413848877
mtka40,normal,0.639487624168396
mb6pda,normal,0.8165068030357361
m06v2v,normal,0.8114378452301025
h00ml5,normal,0.6763167977333069
mitfn3,normal,0.6440863609313965
lnh9ay,normal,0.7856374979019165
lwyvli,normal,0.8489682078361511
mvo8tx,normal,0.7095983028411865
8ycqnr,normal,0.7784419655799866
cuv6g7,normal,0.8142770528793335
mb6cn1,normal,0.7521686553955078
isxh8t,normal,0.6958110928535461
mbeg5r,normal,0.8488090634346008
m8tx2d,normal,0.7621251344680786
mf24nw,normal,0.7531801462173462
mpoi74,normal,0.7827237248420715
llstri,normal,0.7253574728965759
mvaua6,normal,0.729486346244812
kxdgfb,normal,0.7653583884239197
mlh869,normal,0.7933784127235413
ls8onj,normal,0.6645238399505615
lrqnrx,normal,0.7651957273483276
m1w80r,normal,0.7055012583732605
m0tl9y,normal,0.6854439377784729
mi6qmi,normal,0.7757745385169983
ln5ug9,normal,0.7334275245666504
lr5yzv,normal,0.7711982727050781
ic41bo,normal,0.8060898780822754
mwkx52,normal,0.7694633603096008
lzxekf,normal,0.76100754737854
lprlf4,normal,0.7336312532424927
lq1dm1,normal,0.7058671712875366
l0m2dg,normal,0.6867305040359497
lyvq1i,normal,0.5999305844306946
mqds2a,normal,0.7478550672531128
mmt467,normal,0.612576961517334
lfg2n9,normal,0.5195633172988892
mtakil,normal,0.7566514015197754
mx15hj,normal,0.7753043174743652
mqwz6g,normal,0.6991154551506042
bcymvx,normal,0.7626292109489441
l1w1q8,normal,0.7566055655479431
mgsmid,normal,0.7311919927597046
mldehb,normal,0.6559684872627258
mvw81g,normal,0.7440841794013977
mxe9ll,normal,0.7296705842018127
mxuq9a,normal,0.7699832916259766
mxwz3x,normal,0.8064219951629639
mxqcgb,normal,0.6681023240089417
mxjc3v,normal,0.6260189414024353
mxfsl1,normal,0.7602272033691406
mxbmst,normal,0.773995578289032
mxl8f8,normal,0.7658021450042725
mxrosz,normal,0.577488124370575
mx8t2v,normal,0.8203712701797485
mxd7o4,normal,0.7387813925743103
mwjj1q,normal,0.7180407643318176
mtbo4y,normal,0.7834779620170593
mwjktl,normal,0.7418627142906189
mumyka,normal,0.809518575668335
mbsf9b,normal,0.7962700128555298
mm8uec,normal,0.7555498480796814
mwpp9d,normal,0.843165397644043
mssr7s,normal,0.8189445734024048
mfzvrn,normal,0.7673613429069519
m1t191,normal,0.7948265671730042
lgxqxs,normal,0.7536376118659973
lb4484,normal,0.6889239549636841
m82h6p,normal,0.794191837310791
lu3zo5,normal,0.7799460887908936
lrdnfw,normal,0.7938337326049805
lz4c3e,normal,0.7353172898292542
js6hwm,normal,0.7595690488815308
mjz0xf,normal,0.749538242816925
mxrhll,normal,0.7749239802360535
mm5iom,normal,0.7291205525398254
l4w9mj,normal,0.7853786945343018
lgmp55,normal,0.7832790613174438
mvppbj,normal,0.6176006197929382
mbbmmu,normal,0.7430520057678223
k6pz2v,normal,0.7965654134750366
mvq9sz,normal,0.7663869261741638
ms86e5,normal,0.7070090770721436
mue7fd,normal,0.7744632959365845
moyv9a,normal,0.8300425410270691
i2pm4o,normal,0.7484328746795654
monj2y,normal,0.7162318825721741
ange46,normal,0.8050541281700134
b079bt,normal,0.7895469665527344
dx47qb,normal,0.8042936325073242
mp9m53,normal,0.810366153717041
msyz48,normal,0.6316719055175781
flphzr,normal,0.7290335893630981
a449y3,normal,0.810187578201294
mron7b,normal,0.7135793566703796
mc2iz0,normal,0.7728350758552551
lxty8d,normal,0.782694935798645
mv6ll1,normal,0.7017956972122192
mxpcuk,normal,0.7995014786720276
mxjp3s,normal,0.6917550563812256
mx39ab,normal,0.7534571886062622
mumbeh,normal,0.8043962717056274
mvp3h6,normal,0.7816359400749207
mxj3fy,normal,0.5838464498519897
mxknp0,normal,0.7497046589851379
mx8hxf,normal,0.688378632068634
mxuzfp,normal,0.740740954875946
muqh5s,normal,0.8019487261772156
mxw93n,normal,0.7075663208961487
mtxjsj,normal,0.8143081068992615
mxcxiu,normal,0.611748993396759
mxnqhp,normal,0.706112265586853
mptkg3,normal,0.757969081401825
lj5rzf,normal,0.8236628770828247
j1ae39,normal,0.7721035480499268
jlxja1,normal,0.7307008504867554
hyvueu,normal,0.7813605070114136
colsq1,normal,0.7348546385765076
mq8gtt,normal,0.7655196785926819
mvhrxw,normal,0.6357484459877014
hdyry1,normal,0.803620457649231
m6jaqu,normal,0.7169508337974548
m4xnwu,normal,0.7884482741355896
mr3a54,normal,0.681324303150177
loimkr,normal,0.8145356774330139
82n0qu,normal,0.6231172680854797
m3gqso,normal,0.742111325263977
lqxz1s,normal,0.8083215951919556
lm2c6j,normal,0.8165026903152466
l9k7hi,normal,0.7089199423789978
mwaikv,normal,0.7599421739578247
mn6r5v,normal,0.7950109839439392
mwyonr,normal,0.6999123692512512
mtcx44,normal,0.7729640007019043
mrktxh,normal,0.703025758266449
jd77di,normal,0.7885647416114807
ldhv50,normal,0.7804151773452759
mshcx8,normal,0.7460199594497681
lszx86,normal,0.7738777995109558
ldhoon,normal,0.7564829587936401
mu8xnk,normal,0.701596200466156
lzsxgi,normal,0.6681804060935974
mu1vhj,normal,0.6607229709625244
mxufa2,normal,0.7291264533996582
mxkfif,normal,0.6152343153953552
mxk012,normal,0.779278039932251
mwny4v,normal,0.7662801146507263
mx6zsr,normal,0.6358034014701843
mwarqw,normal,0.7206757664680481
mweogm,normal,0.7124038338661194
mvf218,normal,0.8143799304962158
mvr577,normal,0.823307454586029
mrf9jp,normal,0.8068558573722839
mvi8wu,normal,0.7543224692344666
mqu1h4,normal,0.7556994557380676
moyxpc,normal,0.7815825343132019
m2g3dk,normal,0.5645566582679749
kas0s2,normal,0.7441163659095764
mjnkzn,normal,0.8020696640014648
jbxtob,normal,0.792616605758667
m4cjap,normal,0.7801406979560852
mjba0p,normal,0.8056551814079285
mqf1dd,normal,0.7845102548599243
mqat5s,normal,0.7999839186668396
mxoy4r,normal,0.7755764722824097
ltsf91,normal,0.8066675662994385
mp51ps,normal,0.7518422603607178
k2n68o,normal,0.8089699149131775
m400m5,normal,0.7606199383735657
mmor0q,normal,0.7883535623550415
ky73rg,normal,0.7772372961044312
jl1wm6,normal,0.4465576708316803
kv3ns6,normal,0.756094753742218
muozju,normal,0.7796840667724609
lh3c8k,normal,0.763187825679779
jsg51g,normal,0.6578444838523865
mrgu80,normal,0.5630344748497009
mf97am,normal,0.6868947148323059
mu7cnx,normal,0.6764163374900818
mk9s8c,normal,0.7188469171524048
mi7u2u,normal,0.7794443368911743
liyvyi,normal,0.6672887206077576
lsujul,normal,0.7722587585449219
jffcfu,normal,0.8195730447769165
lr38h4,normal,0.6908981204032898
m7u88o,normal,0.7587782740592957
mu6fnk,normal,0.7982150316238403
mr4gna,normal,0.7574129104614258
mob66i,normal,0.8163053393363953
mjj5ch,normal,0.7392668724060059
mfv437,normal,0.7956551909446716
m6km3p,normal,0.7737154960632324
m95lda,normal,0.7461689710617065
m2sz6s,normal,0.7921335697174072
lunwkd,normal,0.7811089754104614
lxnkfm,normal,0.7196252942085266
luqrqf,normal,0.7702612280845642
lv0jev,normal,0.7948315143585205
lpfl9v,normal,0.7948315143585205
losyqg,normal,0.8055028915405273
mwkjuy,normal,0.8113816976547241
mu9loz,normal,0.7795727849006653
mskfnr,normal,0.7995263338088989
mrzyjw,normal,0.7642976641654968
mhiv0s,normal,0.528759777545929
mgl81j,normal,0.7637984156608582
m83s1q,normal,0.736869215965271
m7fx1w,normal,0.8129590749740601
m6cdcs,normal,0.7829683423042297
m5j4u7,normal,0.6922882199287415
kiak4b,normal,0.8037493824958801
fh9nev,normal,0.7948601841926575
ln1b35,normal,0.6647528409957886
ln0p8w,normal,0.7905189990997314
js6tn1,normal,0.7211861610412598
fwrh79,normal,0.7369657158851624
bee0jt,normal,0.8278595209121704
mf8lir,normal,0.7994016408920288
mixteo,normal,0.7778415679931641
m3v887,normal,0.7546230554580688
l47dwp,normal,0.7787059545516968
kd7r35,normal,0.7984840273857117
kz6cqz,normal,0.8011043071746826
jqnlap,normal,0.7871496081352234
miqd73,normal,0.7822525501251221
lt117z,normal,0.8006621599197388
jgmkbf,normal,0.7157269716262817
l8883d,normal,0.7999104261398315
lhpyit,normal,0.7897070646286011
mqapti,normal,0.8184934854507446
mk75at,normal,0.8124816417694092
m7s8rw,normal,0.6233657598495483
m5k5g9,normal,0.7301761507987976
lrriyj,normal,0.7813851237297058
lr2r71,normal,0.7845370769500732
lo2qil,normal,0.6594167351722717
mw5dtq,normal,0.8042790293693542
mw5kls,normal,0.6281015276908875
mujuby,normal,0.7582067251205444
mrokq1,normal,0.7980691194534302
mqe22j,normal,0.7268983721733093
mru8fm,normal,0.8107161521911621
mot712,normal,0.8096314668655396
mn4yxp,normal,0.800950825214386
m68qyp,normal,0.7436957955360413
kak022,normal,0.7661612033843994
lxhfah,normal,0.732133686542511
m6j5pj,normal,0.6848093271255493
mg7gsk,normal,0.8096665740013123
lkizlc,normal,0.7662292718887329
ljpm44,normal,0.7581896185874939
iqzpag,normal,0.7466274499893188
lyd52f,normal,0.7468163967132568
lo9ngh,normal,0.7634701728820801
m9dkep,normal,0.7859094142913818
lcvkhk,normal,0.8063170313835144
mmqza9,normal,0.7823023796081543
mcnd0k,normal,0.7675111889839172
m8x7ao,normal,0.7686933279037476
m6h5ms,normal,0.8206924200057983
lib5yh,normal,0.7863377332687378
lhk4ow,normal,0.7922836542129517
kyofrr,normal,0.843008279800415
kv5pgn,normal,0.7712764143943787
kbs6xt,normal,0.8100800514221191
jcgs5c,normal,0.774529218673706
hcqfyh,normal,0.7863908410072327
mfuxgo,normal,0.6899207234382629
kg63sh,normal,0.6758182644844055
kxw7kv,normal,0.5833629369735718
kf90ie,normal,0.8115963339805603
fy3fne,normal,0.7360358238220215
kat5xl,normal,0.7892066240310669
fy40iy,normal,0.7615036964416504
jqke6o,normal,0.7232410311698914
jqqkj2,normal,0.7270110249519348
j4kavw,normal,0.8153801560401917
hl6sov,normal,0.7440630197525024
fkqm15,normal,0.8065465092658997
g6v4n0,normal,0.8160440921783447
bmp3xb,normal,0.7435333728790283
mheg3j,normal,0.7998045086860657
klv21r,normal,0.7830062508583069
lhzrlo,normal,0.7759274840354919
laxfud,normal,0.7979328632354736
iq7ym3,normal,0.7840908169746399
h9pn3l,normal,0.8255111575126648
av488y,normal,0.7992638945579529
d6nhjn,normal,0.5881997346878052
8yeznm,normal,0.7610282897949219
lp690a,normal,0.7418647408485413
l2sw9s,normal,0.7775682806968689
ihu7d3,normal,0.6722246408462524
bgfu90,normal,0.794795036315918
gd5imw,normal,0.5559813976287842
c5pjii,normal,0.7582967281341553
c84urv,normal,0.7719327211380005
d9hhvv,normal,0.6349152326583862
bko3g5,normal,0.7735934257507324
bct8ra,normal,0.8032457232475281
c2e71v,normal,0.7686462998390198
b8ycmd,normal,0.8010597229003906
8m8181,normal,0.7346249222755432
behqg6,normal,0.7727065682411194
mtsm9a,normal,0.832045316696167
mt1vc9,normal,0.8393489718437195
mp6e0b,normal,0.832045316696167
mkc5i8,normal,0.832045316696167
mfh8ej,normal,0.832045316696167
maedq6,normal,0.8440289497375488
m2uzr6,normal,0.7917368412017822
m5c801,normal,0.8440289497375488
m3nfho,normal,0.78130704164505
m1k0dr,normal,0.7809402942657471
lc0iuh,normal,0.7657614946365356
l1rylu,normal,0.7333544492721558
k6dc8r,normal,0.8366187810897827
mxqitb,normal,0.7411958575248718
d4se4h,normal,0.7346333265304565
ay5qbw,normal,0.7152197360992432
9kooym,normal,0.6823465824127197
bdepk9,normal,0.8003764748573303
4f39qe,normal,0.7339240908622742
jt4je9,normal,0.8092268705368042
jdto03,normal,0.8204125761985779
i8dald,normal,0.78389573097229
mpluim,normal,0.8302710652351379
k1fltc,normal,0.7701429724693298
ld47ro,normal,0.7993874549865723
lpta40,normal,0.711812436580658
l9bvn3,normal,0.6330137848854065
kvsl6p,normal,0.7743059396743774
ld6p4z,normal,0.611236035823822
ld8xoq,normal,0.7236009836196899
fkyqxj,normal,0.8043771386146545
czw1ji,normal,0.7353333830833435
hhd6il,normal,0.7775355577468872
f9upb7,normal,0.786944568157196
c6cwiw,normal,0.7425402998924255
e8jwib,normal,0.7823218107223511
fnxxrm,normal,0.7758607864379883
cx3in6,normal,0.749214768409729
9a9eoq,normal,0.5512123107910156
ejb0jg,normal,0.7678660154342651
f9nu3d,normal,0.7985430955886841
anpyke,normal,0.7267451882362366
gvfflf,normal,0.7996152639389038
buuk7o,normal,0.778562605381012
chj0fr,normal,0.7001442909240723
bm41ah,normal,0.7211576700210571
d6tgmc,normal,0.7621459364891052
ax9fll,normal,0.7038044929504395
9g653w,normal,0.757513165473938
7p5hho,normal,0.8019571304321289
9m6f54,normal,0.6151570677757263
7redw4,normal,0.7500561475753784
5zmlv4,normal,0.8034180998802185
mu9jp1,normal,0.7832589149475098
mkieif,normal,0.7303673028945923
mgqous,normal,0.8288078308105469
mtdvbf,normal,0.8500048518180847
mjxahg,normal,0.8479114174842834
kvs7aa,normal,0.6717633605003357
mplvja,normal,0.7809184789657593
mf1t1m,normal,0.8506065011024475
mornxt,normal,0.849238932132721
m9xuec,normal,0.8510584235191345
ksyzli,normal,0.7754685878753662
mkvn4m,normal,0.7036305665969849
mje1qv,normal,0.8316067457199097
lozcg7,normal,0.8516805768013
mt2pwf,normal,0.8244916796684265
mw6udo,normal,0.8278265595436096
kju1t7,normal,0.7450125813484192
mfln8u,normal,0.7827186584472656
hojuu6,normal,0.7624431848526001
lnhurw,normal,0.8166125416755676
mhy8k5,normal,0.695740282535553
lydzwl,normal,0.7602826952934265
htcgda,normal,0.7834601402282715
ml3nud,normal,0.7913172841072083
ha4t7t,normal,0.696767270565033
kcz36z,normal,0.7497925758361816
jsa8hc,normal,0.7066749930381775
lekjn8,normal,0.7914069294929504
ixo81z,normal,0.823520839214325
ijwrmd,normal,0.5214515328407288
llwzrx,normal,0.5614041090011597
kyy52g,normal,0.771641194820404
lvanc4,normal,0.7436162829399109
kkqq5c,normal,0.7686439752578735
kn8e1j,normal,0.6644032001495361
jg8nz6,normal,0.7815608978271484
mw4nrj,normal,0.7189069986343384
jbeedo,normal,0.8112038373947144
ic30uh,normal,0.7715315818786621
mmk50p,normal,0.6593274474143982
ii68fj,normal,0.7504974007606506
k0m67b,normal,0.7525587677955627
cop3mq,normal,0.8272272944450378
i21ddb,normal,0.7084159851074219
koa5ky,normal,0.77790766954422
mhfrk5,normal,0.734255850315094
mmwrji,normal,0.7842526435852051
mbjxg2,normal,0.8200286030769348
lijt0r,normal,0.7452462315559387
lnjacn,normal,0.7021216750144958
mm4kcb,normal,0.7747743129730225
mbengg,normal,0.7858618497848511
m3gun2,normal,0.6004121899604797
mc5w3s,normal,0.7896559834480286
mar3q0,normal,0.5427348017692566
mmwa25,normal,0.7538829445838928
mb93j9,normal,0.7992866039276123
mvu4it,normal,0.596176028251648
m7ato1,normal,0.7706010341644287
m493p7,normal,0.7528306841850281
kn0u0l,normal,0.7061303853988647
mr81qw,normal,0.6871058940887451
b9stqo,normal,0.5637689232826233
meyu6j,normal,0.7031698822975159
b7b05r,normal,0.722778856754303
kxb3f6,normal,0.6501200795173645
je36sm,normal,0.5706890821456909
llxtpm,normal,0.6726863384246826
ettqpu,normal,0.6827808618545532
l00qp8,normal,0.7449213266372681
go7b7d,normal,0.8087549805641174
m8e3qi,normal,0.6785133481025696
mqrdxw,normal,0.807117223739624
mvsbk8,normal,0.7121925950050354
kday0f,normal,0.7837274074554443
knt2a2,normal,0.8076591491699219
ihkujf,normal,0.7289810180664062
lk623r,normal,0.7712033987045288
hbmym3,normal,0.8038550019264221
k5qav2,normal,0.6158714294433594
l5v402,normal,0.8076868057250977
ehr12q,normal,0.7630360126495361
mkx99k,normal,0.6801612973213196
lqkavr,normal,0.7886051535606384
j4psrd,normal,0.7948399782180786
m2d2sb,normal,0.793064296245575
d1tr2h,normal,0.7949219942092896
lw4sqy,normal,0.8097988367080688
i84feg,normal,0.7636333703994751
mm5pv1,normal,0.7704706788063049
gypino,normal,0.7665422558784485
ltdb2j,normal,0.8004245162010193
lkv3gs,normal,0.6095224618911743
j7sf6s,normal,0.6882197856903076
ekp4vv,normal,0.8249666690826416
mu50bw,normal,0.7809327244758606
ey1ulc,normal,0.8399087190628052
lg0thg,normal,0.8047658801078796
lhrb4a,normal,0.7814546823501587
lrhzd2,normal,0.6648597121238708
kr3qs6,normal,0.7572192549705505
mefecs,normal,0.7955135107040405
m5a2w0,normal,0.7507837414741516
jbpa4l,normal,0.6576327681541443
g2j8g7,normal,0.817171037197113
mfi383,normal,0.6176530122756958
l4ifs4,normal,0.8043922781944275
lxd5a9,normal,0.7826058268547058
muo0ot,normal,0.6928576231002808
hnkrei,normal,0.8204752802848816
gj0y89,normal,0.7098615169525146
lfunap,normal,0.7588655352592468
mweq0o,normal,0.7095240950584412
muxu15,normal,0.7722209095954895
mxvyl3,normal,0.7564489245414734
mu6luj,normal,0.7443315386772156
mxsujz,normal,0.7090617418289185
mxc5nw,normal,0.7812885046005249
mwn6yl,normal,0.7829572558403015
mwrru5,normal,0.8023677468299866
mw54a0,normal,0.6713283061981201
mwbx2s,normal,0.7308079600334167
mw4x2b,normal,0.7983593344688416
mve8yz,normal,0.7152584195137024
msr98q,normal,0.7920165061950684
mu1aup,offensive,0.47481122612953186
mujrs8,normal,0.8197594285011292
mpmejp,normal,0.7754552960395813
mjh1x7,normal,0.6090224981307983
mljxhc,normal,0.7137929797172546
kz3f9z,normal,0.7641656994819641
m7309v,normal,0.7681974172592163
jma0bg,normal,0.769322395324707
l5tclq,normal,0.7744215130805969
m06y9k,normal,0.7142686247825623
mpdtcf,normal,0.8153152465820312
eomh1f,normal,0.6968340873718262
mswdnc,normal,0.7207886576652527
mp5dur,normal,0.7444894909858704
lywqwv,normal,0.6410025358200073
me0n9u,normal,0.7714636921882629
j43kfu,normal,0.8310439586639404
m39q2a,normal,0.7053091526031494
kfohzp,normal,0.7182199954986572
lgxdh8,normal,0.7652243375778198
lgix9q,normal,0.7626326084136963
mket3u,normal,0.7574493885040283
jrqynn,normal,0.5721129775047302
kehoaa,normal,0.7538230419158936
fj3jpu,normal,0.7672950625419617
lsbtv4,normal,0.7046590447425842
lzp8gf,normal,0.7186839580535889
jqlj54,normal,0.7000855207443237
lu2y6s,normal,0.7775799036026001
mw2sfr,normal,0.780669629573822
lel2bq,normal,0.6529466509819031
hi152y,normal,0.5315302014350891
jkc420,normal,0.7074283957481384
f7f67c,normal,0.5609120726585388
j1fxnh,normal,0.81534743309021
hfxqiz,normal,0.5568968653678894
moyxf4,normal,0.8194488883018494
kef182,normal,0.7640921473503113
jj73ro,normal,0.8219035267829895
fkghle,normal,0.8028380870819092
j83son,normal,0.7209593653678894
ikj15q,normal,0.7778884172439575
mdzl2x,normal,0.7564127445220947
mn402x,normal,0.7720763087272644
mu0njz,normal,0.7935062646865845
msyzkt,normal,0.8042452931404114
k5am7u,normal,0.7513017654418945
k8xl7j,normal,0.7377248406410217
lytz7t,normal,0.7801734209060669
k5lfua,normal,0.7261353731155396
ktiexx,normal,0.8229473233222961
ly71rk,normal,0.8212792873382568
llsf51,normal,0.7839747071266174
mqmyiw,normal,0.740813672542572
mvtazw,normal,0.7041345238685608
leygeu,normal,0.5266958475112915
kiifud,normal,0.7716344594955444
lgbc70,normal,0.7865854501724243
k85n4o,normal,0.7311918139457703
lglt0f,normal,0.7438713312149048
llcwou,offensive,0.40695035457611084
leqryv,normal,0.8023421764373779
lf1j1b,normal,0.6596508622169495
lwxx6j,normal,0.8054593205451965
iil209,normal,0.7643172144889832
i5ozhj,normal,0.7617366909980774
lwjy7k,normal,0.7488526105880737
mxmanm,normal,0.6922211050987244
mtspy8,offensive,0.48640745878219604
mrob1t,normal,0.728453516960144
mo6n6d,normal,0.81393963098526
mjh2za,normal,0.6382679343223572
m9fu68,normal,0.7743299603462219
ltruhm,normal,0.788608193397522
lo9bc3,normal,0.7452271580696106
l2d6cj,normal,0.7401614785194397
kyp6ru,normal,0.7023369073867798
kw5ihf,normal,0.7697598934173584
knu657,normal,0.3868044316768646
kkppy6,normal,0.6983537673950195
kgh1jf,normal,0.734978437423706
m1fw8v,normal,0.7893360257148743
m34ylg,normal,0.5072759389877319
lru41y,normal,0.798689067363739
k1s6nc,normal,0.8100885152816772
met5nd,normal,0.7050412893295288
etbgfc,normal,0.7557958960533142
efcru0,normal,0.7912850975990295
ipj3mt,normal,0.7540030479431152
d2aumk,normal,0.6880064010620117
aj1osh,normal,0.7189258933067322
mbdtxl,normal,0.6359596848487854
f61eqy,normal,0.7206452488899231
meibzg,normal,0.7145082354545593
ccv3be,normal,0.7472675442695618
haksqi,normal,0.7652263045310974
jb07nu,normal,0.7716437578201294
1ax3b9,normal,0.6042380928993225
4o4huf,normal,0.6632843613624573
620vlf,normal,0.8039320707321167
2b851p,normal,0.773581326007843
10e573,normal,0.8106536269187927
6ffy94,normal,0.7733702659606934
19geic,normal,0.7597917914390564
mou0ad,normal,0.7627427577972412
ktyhsp,normal,0.6949930191040039
lz6ugf,normal,0.7087224125862122
k0d4un,normal,0.5053383111953735
lpsa3n,normal,0.7615718245506287
hgwtzj,normal,0.7380955815315247
jmvfrl,normal,0.7228778600692749
khil13,normal,0.7758246660232544
llizzf,normal,0.6660284399986267
j9sjhi,normal,0.740351140499115
k21m47,normal,0.7274235486984253
kvovp6,normal,0.7334252595901489
3joyi1,normal,0.78209388256073
gg7bdr,normal,0.6694106459617615
g7msx2,normal,0.7851925492286682
lbilg3,normal,0.6824473738670349
b68kv9,normal,0.7531934380531311
kkvddl,normal,0.7788305878639221
m4hyrf,normal,0.7724945545196533
it6pm8,normal,0.7158533334732056
1co179,normal,0.6735024452209473
hibg2c,normal,0.7206088304519653
1jshwz,normal,0.7396749258041382
1darjv,normal,0.6537193655967712
l8ok9d,normal,0.7788349986076355
evnm3b,normal,0.829653799533844
lnezp9,normal,0.7621489763259888
kwf0tk,normal,0.7836300730705261
m3lgq5,normal,0.5099626779556274
mm6ynt,normal,0.6322255730628967
iqou89,normal,0.4827667772769928
kqln8b,normal,0.7315848469734192
kmi8jm,normal,0.6719566583633423
5h9ol6,normal,0.8030647039413452
jj1bsw,normal,0.7086281180381775
ka76tc,normal,0.8143836855888367
as43yt,normal,0.5771756768226624
i8z2ry,normal,0.7133988738059998
jpr912,normal,0.7581112384796143
mx59hs,normal,0.7335395216941833
khz0ys,normal,0.7591212391853333
kdb5gn,normal,0.6681269407272339
k2tadi,normal,0.7195851802825928
mgshqs,normal,0.798501193523407
ltsh8u,normal,0.7836914658546448
kdtj2p,normal,0.7646933197975159
k2ug3f,normal,0.6901130080223083
muh5qh,normal,0.7846384048461914
kwxnlr,normal,0.8015825152397156
jtac2t,normal,0.7582588195800781
lg8gh3,normal,0.7638559937477112
fg669v,normal,0.6786056160926819
la05kb,normal,0.7880151867866516
jz67st,normal,0.7627999782562256
mt9gb3,normal,0.7327187657356262
mssn6e,normal,0.689717710018158
moj5pu,normal,0.7422159314155579
mjcacl,normal,0.8416553735733032
mjk3fe,normal,0.8183102011680603
mcyxs9,normal,0.7935634255409241
m6fz2s,normal,0.7434670329093933
m5q6bv,normal,0.8175405859947205
m4t2mi,normal,0.7721351981163025
m4g7y2,normal,0.7751601338386536
luz3kj,normal,0.7907068133354187
jhxjf4,normal,0.7496424317359924
lzhwil,normal,0.7977595329284668
kp6zi1,normal,0.6882283687591553
2csld7,normal,0.7920770645141602
gtq564,normal,0.778329610824585
cgdjdh,normal,0.7662510275840759
bpn1g,normal,0.6966742873191833
46en6u,normal,0.8093050122261047
1bmpz2,normal,0.7346699833869934
1bb5gs,normal,0.8083903789520264
esf22j,normal,0.8017969131469727
10wypk,normal,0.744629979133606
41wlgn,normal,0.7549245357513428
gpttn,normal,0.7320297956466675
9240o,normal,0.7915279865264893
ia6b0v,normal,0.7603326439857483
jghz34,normal,0.7642602324485779
cowf5h,normal,0.8236831426620483
hgj1yy,normal,0.7432708144187927
ci7utq,normal,0.7603508234024048
a1bm85,normal,0.7333146929740906
cpynzl,normal,0.688356876373291
8jbwor,normal,0.7435414791107178
j43sl,normal,0.6433301568031311
65rpbk,normal,0.700949490070343
1hhr5n,normal,0.7715474963188171
7ab7cv,normal,0.7498036623001099
5thtl0,normal,0.6987589597702026
mepvsv,normal,0.6609204411506653
jha916,normal,0.612395167350769
jzrzwq,normal,0.7489356994628906
e15lt5,normal,0.6831766366958618
is458u,normal,0.6821044087409973
gyanus,normal,0.6100555658340454
fu2eir,normal,0.6878143548965454
krqhrk,normal,0.5464473366737366
1xtigf,normal,0.7705649137496948
gdjauc,normal,0.7159273028373718
ilq6k1,normal,0.6487446427345276
g5igm7,normal,0.5882356762886047
6kcfur,normal,0.7269527316093445
flp8yc,normal,0.710175096988678
holqga,normal,0.8163560032844543
jhfd5y,normal,0.6998127698898315
kdnc5h,normal,0.7451218962669373
ko3jff,normal,0.7225316762924194
j8r5ti,normal,0.7159138917922974
jm3equ,normal,0.780600368976593
j0r097,normal,0.5601201057434082
jjv0ou,normal,0.7137318253517151
k0k4ga,normal,0.7987884879112244
jibxxr,normal,0.7999804615974426
l54mw8,normal,0.6713323593139648
k7czta,normal,0.5387617945671082
32yam6,normal,0.8059335350990295
ki7ksy,normal,0.8077297806739807
i59oe3,normal,0.7796011567115784
6out58,hate speech,0.7092242240905762
5s0m86,normal,0.6828179359436035
inyrxr,normal,0.8057762384414673
gzo4sj,normal,0.808999240398407
hqr1nc,normal,0.6724025011062622
fe07zv,normal,0.795793354511261
epv8j0,normal,0.8065645694732666
g7pg7a,normal,0.7089153528213501
c59mtz,normal,0.7614727020263672
c0ecv1,normal,0.7163320779800415
6uy7is,normal,0.7264907956123352
ma9h8p,normal,0.7950628995895386
mukfe0,normal,0.8089725971221924
kxiefe,normal,0.7496209740638733
jlejnz,normal,0.8102028369903564
k64wnt,normal,0.7720579504966736
glh2f9,normal,0.7119013071060181
mh9u31,normal,0.8014736175537109
mhuhun,normal,0.714003324508667
l6ijzi,normal,0.7898852229118347
mqek0k,normal,0.7121432423591614
lg4eld,normal,0.7891567945480347
djtuwh,normal,0.7797732949256897
jlmpjd,normal,0.8010158538818359
fo285t,normal,0.7258473038673401
kmapc6,normal,0.8169793486595154
mag9f5,normal,0.7960700392723083
mujr0f,normal,0.755214273929596
ivknz3,normal,0.7879970669746399
hhycwy,normal,0.8080045580863953
mlsnrq,normal,0.8028092384338379
l2kgbr,normal,0.7022634744644165
lxejsu,normal,0.7845798134803772
kl9l3u,normal,0.7756654024124146
kkjpe4,normal,0.7581789493560791
dmncih,normal,0.7812805771827698
mlo8fr,normal,0.7721853852272034
eror0a,normal,0.7828185558319092
lj8i50,normal,0.7464007139205933
gnzzt0,normal,0.8016896843910217
8o3d24,normal,0.7554346919059753
lqchpj,normal,0.7025625705718994
lrtwno,normal,0.7869371771812439
m0ld4m,normal,0.7957730889320374
m24kyh,normal,0.7476220726966858
lez1k7,normal,0.7958529591560364
ky1v0v,normal,0.8116457462310791
m83cvw,normal,0.8049375414848328
gjv4bt,normal,0.7919807434082031
mw3c94,normal,0.7503068447113037
i9ykio,normal,0.7335493564605713
lexol9,normal,0.8400763869285583
gpzkgp,normal,0.6967107057571411
jfms1c,normal,0.716308057308197
klu0h7,normal,0.7754168510437012
kcdubv,normal,0.7799625992774963
mxo8ef,normal,0.7570651173591614
lbbr2l,normal,0.6732159852981567
lax92s,normal,0.7806005477905273
mv343w,normal,0.7011630535125732
knsyim,normal,0.7511869668960571
m6v6xi,normal,0.7560226917266846
mtoy1d,normal,0.7848643064498901
l1ir3r,normal,0.7935289144515991
k339a4,normal,0.6771581768989563
mhfbkb,normal,0.7919143438339233
mo2c54,normal,0.8054301142692566
j5r6iy,normal,0.747373104095459
mkppv9,normal,0.8083232045173645
ky47uh,normal,0.7735005617141724
lb60gn,normal,0.6486011147499084
mt97t1,normal,0.6885549426078796
mo7f8o,normal,0.722682535648346
mxax45,normal,0.7848425507545471
mqx1ao,normal,0.7987582087516785
mus2ah,normal,0.8348751068115234
mrkdw6,normal,0.7788690328598022
mg3f7v,normal,0.7646820545196533
kt7byh,normal,0.7792578935623169
m3lsw2,normal,0.7218839526176453
lywrfs,normal,0.7440571784973145
mw4xnn,normal,0.7048406004905701
me1uxv,normal,0.7992748618125916
m8h3u6,normal,0.6736955642700195
mop2ui,normal,0.7937378883361816
mbh0tf,normal,0.7559200525283813
mx4h25,normal,0.7604276537895203
mx35v0,normal,0.6708466410636902
mwx6wj,normal,0.8729926347732544
mwoqp0,normal,0.8055486083030701
mw4u11,normal,0.7624868750572205
mv2z5n,normal,0.6796801686286926
ms4yvm,normal,0.8729926347732544
ms9xwy,normal,0.7989398837089539
mqpdkm,normal,0.7581857442855835
mp3p0u,normal,0.7618237733840942
mnj2kr,normal,0.8729926347732544
mkr4qm,normal,0.8017241358757019
mkjnww,normal,0.7583587169647217
mk8f6e,normal,0.749714732170105
mim3ad,normal,0.8729926347732544
k4ziy1,normal,0.7989858388900757
k4myhs,normal,0.7771595120429993
j0b2v0,normal,0.7659580111503601
gt49ql,normal,0.7328058481216431
mqgjf3,normal,0.8042216300964355
bsg01s,normal,0.7217516303062439
lvakrm,normal,0.8113135099411011
limzr1,normal,0.5649716258049011
he3ier,normal,0.7118653655052185
6ftz1n,normal,0.8091256022453308
m5zily,normal,0.7713165879249573
kagawo,normal,0.7521461844444275
b5d5n6,normal,0.6936149597167969
9smzub,normal,0.6874734163284302
l63135,normal,0.7368744015693665
97k0cx,normal,0.7698174715042114
knantd,normal,0.5979731678962708
9bz4w9,normal,0.7645540237426758
iq4aw0,normal,0.7846475839614868
lkyxhx,normal,0.7635633945465088
lanjh6,normal,0.6496270895004272
jf0gbi,normal,0.7430948615074158
l9tm3q,normal,0.7676417231559753
8s7ss5,normal,0.7627556920051575
muvj6h,normal,0.7645453214645386
jr211y,normal,0.7885617017745972
jxqtkr,normal,0.7009556889533997
jr5trn,normal,0.7714239358901978
gfusvk,normal,0.7646276354789734
golo9g,normal,0.8231063485145569
dm27pg,normal,0.5976569652557373
fvnyd5,normal,0.7692956924438477
gbkt1h,normal,0.6670811176300049
h11bm7,normal,0.8124392032623291
fwak5i,normal,0.6090335249900818
m14xj6,normal,0.6666521430015564
md3t4m,normal,0.7691283226013184
5zm2kp,normal,0.7829483151435852
m8ss6u,normal,0.7588441371917725
i2xplh,normal,0.6580270528793335
m7nw0z,normal,0.7755664587020874
muviiq,normal,0.7248586416244507
jt84fr,normal,0.783592164516449
ljmr70,normal,0.7065804600715637
mbimmn,normal,0.7632839679718018
luzjoc,normal,0.7621375322341919
mlzf91,normal,0.6875482201576233
mdh4p1,normal,0.7734453082084656
mxo5ll,normal,0.6480260491371155
mwyltu,normal,0.6740137338638306
mpqqdh,normal,0.7963817715644836
hpms4k,normal,0.6594163775444031
ml2kqn,normal,0.7202866077423096
mwx3ja,normal,0.8122394680976868
mlk1sw,normal,0.7703056335449219
mvemfy,normal,0.7386379241943359
kvzx5w,normal,0.7127878069877625
m142ly,normal,0.7675682902336121
l64h5z,normal,0.8215422034263611
m6pdh0,normal,0.7891486883163452
jeeq71,normal,0.6800735592842102
limjnq,normal,0.7435343265533447
mm75c8,normal,0.6346742510795593
eslept,normal,0.8170031905174255
ip1vvj,normal,0.773618757724762
iwty0p,normal,0.7951940298080444
hmyiil,normal,0.6754676103591919
mmuxx6,normal,0.7304811477661133
mfahjg,normal,0.7568398118019104
mp8dlv,normal,0.7262923717498779
mdvlk5,normal,0.8168426156044006
lhm8fn,normal,0.4777514636516571
l0yygl,normal,0.6728901267051697
mg1el5,normal,0.623339056968689
kxho49,normal,0.7703275680541992
mc5r5x,normal,0.8034296631813049
lukpk6,normal,0.7044338583946228
ldndi8,normal,0.7810115814208984
hi6m62,normal,0.7614295482635498
luookl,normal,0.816863477230072
j0iaap,normal,0.7324010133743286
mxpkog,normal,0.7029181122779846
jybtp3,normal,0.699399471282959
mwhpiw,normal,0.7592406868934631
kdcans,normal,0.7211489677429199
mo90bg,normal,0.7194740176200867
kbw7ri,normal,0.8021210432052612
eljod4,normal,0.774354100227356
dx75xj,normal,0.6583545804023743
7di2dv,normal,0.8046514391899109
ehahuw,normal,0.6337665915489197
dqp0fr,normal,0.700993001461029
hm2ras,normal,0.7833719253540039
f9no77,normal,0.8111042976379395
l634de,normal,0.8051549196243286
mtssw2,normal,0.782920241355896
mmsja1,normal,0.7943246364593506
lhlr0r,normal,0.7969107031822205
k95vrj,normal,0.8139922618865967
l96etq,normal,0.7894805073738098
ksw4xe,normal,0.790428638458252
likgr6,normal,0.8150972723960876
jl3tt8,normal,0.7412769794464111
